orgao_cnpj,valor_total_raiz,n_instrumentos_raiz,n_fornecedores_raiz,portfolio_hhi_raiz,count_hhi_raiz,portfolio_cr1_raiz,portfolio_cr4_raiz,portfolio_neff_raiz,portfolio_hhi_norm_raiz,count_hhi_norm_raiz,exposicao_degree_global_raiz,exposicao_strength_global_raiz,exposicao_strength_loo_raiz,exposicao_degree_loo_raiz
00057011000108,109046.4,6,4,0.4829648133554434,0.2777777777777778,0.6602693899110837,1.0,2.0705442142925614,0.3106197511405912,0.037037037037037056,0.8651905806754903,0.6411692005576181,0.48604766958337275,0.489214981058081
00091238000170,463764.85,11,9,0.3303067153054515,0.12396694214876033,0.43125288602618334,0.9731237932327127,3.027489159810901,0.246595054718633,0.014462809917355383,0.5731124718311517,0.8027929891036494,0.3171246281278388,0.1774546993308612
00118735000114,111063.09999999999,8,8,0.48240566804923307,0.125,0.67974016572561,0.8988048235642621,2.072944134433227,0.4084636206276949,0.0,0.5020387072692295,0.6154959522149477,0.1441817634200654,0.149085383687881
00202770000117,3232560.62,6,6,0.5160285226261689,0.16666666666666669,0.6929491085614969,0.9699696273599966,1.9378773772248221,0.41923422715140274,3.3306690738754695e-17,0.49020092021302464,0.933848362873938,0.1497217011946986,0.15076013692258736
00204125000133,610239.2,24,22,0.44517031283195974,0.04861111111111112,0.6440097587962229,0.9138506998567121,2.24633128305093,0.4187498515382435,0.0033068783068783136,0.5040769012245819,0.7729299808654949,0.12692310363733475,0.16516569166170153
00324208000166,20395.239999999998,5,3,0.4662282745721222,0.44000000000000006,0.5740074644868116,1.0,2.144872060618252,0.19934241185818327,0.1600000000000001,0.4327630934029587,0.29076964420521223,0.02624545121940077,0.058892941436113566
00421772000105,6611636.220000001,20,16,0.1812125737566933,0.07500000000000001,0.25938511178402374,0.8006036363567505,5.518380867669034,0.12662674534047286,0.013333333333333345,0.4345004644613416,0.9315039057678596,0.07132479523593577,0.03388470853753413
00426641000102,62633.64,5,5,0.28075083867594613,0.20000000000000004,0.335283084297831,0.9817989182809749,3.561877160246848,0.10093854834493265,3.469446951953614e-17,0.45429673260543924,0.4169303464713304,0.07523437997334946,0.09452977319529027
00444435000125,319910.04000000004,10,8,0.2852700824257914,0.14,0.40511388764166323,0.923778572251124,3.505449963404889,0.18316580848661873,0.017142857142857158,0.628305467504828,0.7175821360676198,0.33064730774982415,0.2617718605413801
00460408000146,578732.03,33,27,0.12682021197333274,0.04132231404958677,0.24314880239132436,0.6425280798783506,7.88517843047192,0.09323637397230707,0.004450095359186264,0.7117503391058586,0.6583649943980653,0.393138467351901,0.433087445099433
00536717000152,548712.75,15,15,0.08631237716955865,0.06666666666666667,0.12028151341480584,0.4476101202313961,11.585823873620388,0.021048975538812846,0.0,0.5112952618450741,0.6333026995592052,0.19347134366128313,0.16007111965395346
00569168000112,123197.82,11,11,0.9442896818766181,0.09090909090909091,0.9716081015069911,0.9930149738039197,1.0589970632874723,0.9387186500642799,0.0,0.989002297034878,0.9705456905720508,0.9696268654448051,0.9885913735739196
00634997000131,10571405.96,8,8,0.14924688226456945,0.125,0.19755714972088725,0.7023498915937951,6.700307469252881,0.027710722588079367,0.0,0.4337341431416403,0.9538983271801759,0.07647115334159997,0.03181762578091912
00675468000186,6357767.28,61,52,0.15098758685921349,0.02338081160978232,0.3388899506872167,0.6067207889370874,6.6230610131708225,0.13434028464076672,0.0042314157589937364,0.7258374231457263,0.8806351482458286,0.580141139715642,0.3792954871872414
00879976000186,12443340.0,141,131,0.015701846351659266,0.008399979880287711,0.05625499263059597,0.1418429457042884,63.686777822426386,0.008130322092825878,0.0007722874178283859,0.400817355668284,0.7360695193455195,0.00938723998968725,0.00581828540759145
00955107000193,12650330.57,328,95,0.22407463942209996,0.026583878643664485,0.36995080674796943,0.781367313312825,4.462798657532381,0.2158201143095691,0.01622838799093751,0.4818357521340074,0.9268392796270857,0.11616805049943014,0.12970745567859118
00956081000106,106151.38,6,6,0.23207393264667553,0.16666666666666669,0.31015046624923764,0.8874422546367273,4.308971665173896,0.07848871917601065,3.3306690738754695e-17,0.5654425904034628,0.5320829699242065,0.2514229245548798,0.2827174739316943
00999472000108,26941823.0,80,80,0.027245707315073357,0.012500000000000004,0.053448499012112134,0.21379399604844854,36.70302952446245,0.014932361838048969,3.513364001978343e-18,0.5253272906086947,0.8862941009171086,0.1474933754313174,0.1646183921967159
01071994000108,2374612.26,27,27,0.17378282243872525,0.03703703703703703,0.2736810598291108,0.7285865693290069,5.754308659318696,0.14200523868636852,0.0,0.587972840016114,0.882228254724407,0.2998531931634364,0.3156649236683775
01210830000106,467884.51999999996,15,15,0.2115697380398444,0.06666666666666667,0.4167695054326653,0.6934959079218949,4.726573891260727,0.15525329075697616,0.0,0.7338472453538956,0.7178457489607518,0.5425354891866716,0.5373748204734119
01280363000190,18009370.59,55,42,0.5072547203884036,0.033388429752066115,0.653089009481036,0.9647295452761296,1.9713961443952708,0.4952365428369012,0.009812537794799436,0.40359998551003345,0.9731377178086011,0.007609066154959884,0.009351945373325673
01282378000198,304468.75000000006,99,37,0.2729473842149322,0.06091215182124274,0.3946858257210305,0.8436317356050498,3.663709776432775,0.25275147822090255,0.0348263782607217,0.9890573774546559,0.9491246309125208,0.9477963959059393,0.985242081105351
01294821000140,108830.32,5,5,0.29080902865346125,0.20000000000000004,0.411833761032771,0.9356796892630656,3.438682783097621,0.11351128581682655,3.469446951953614e-17,0.7195807822738801,0.7409412664998306,0.5119647469812058,0.48071744649610443
01335616000186,298078.42000000004,11,8,0.5983323750215647,0.14049586776859505,0.762685202102185,0.9608621784830985,1.6713118690325903,0.540951285738931,0.017709563164108624,0.8605692354237509,0.7754703406408374,0.5956901644575853,0.7704013660181663
01349236000109,945408.037,185,27,0.0797985653991157,0.07325054784514246,0.14082017794397064,0.4616215093589267,12.531553606239163,0.04440620252985092,0.03760633814687871,0.9989236979594316,0.9690162971064475,0.9678992498632059,0.9988829928600201
01393989000103,384377.68,9,8,0.15817546346799166,0.13580246913580246,0.2320431040636907,0.7093863514655689,6.322093060927618,0.03791481539199047,0.01234567901234567,0.45325718932061265,0.6193981432837518,0.06436777539373778,0.08655820160188064
01397083000167,186926.62000000002,82,43,0.21117271376429195,0.04342653182629388,0.4092515020065093,0.7198870337461833,4.735460288284149,0.1923911117110608,0.020650973060253257,0.9106779377528548,0.8117477163270466,0.7672741667618656,0.6506058861304307
01404511000131,2791763.5699999994,64,38,0.34282848438802466,0.05224609375,0.5625662061347122,0.8006283820087243,2.916910483051247,0.32506709207418744,0.02663112331081081,0.7094482094963227,0.8706680466628884,0.662398162787245,0.27829139188881563
01420402000108,686508.5800000001,24,20,0.5164917492658109,0.05555555555555556,0.7059876221794635,0.8959779643249325,1.9361393505733488,0.4910439465955904,0.00584795321637427,0.5224220413330033,0.8255029413196215,0.17134553790490778,0.17504414965021575
01465988000127,5503768.37,204,117,0.06425353148909367,0.017637447135717046,0.15224609279841475,0.43590852098305144,15.56334689821273,0.05618675158813758,0.009168804438611157,0.6414092450882748,0.8059648477819843,0.31256627774585344,0.3359619397229182
01494665000161,636626.3300000001,19,16,0.16886670754876493,0.06925207756232686,0.2931075753652853,0.7045877760035466,5.921830386319472,0.11345782138534925,0.007202216066481985,0.5540135376624138,0.7026579422456825,0.2759689872795526,0.14314597756087988
01600293000100,106022.36000000002,68,31,0.38598217895801773,0.05233564013840833,0.5961006715941807,0.8576470095553428,2.5907931881714346,0.3655149182566183,0.02074682814302194,0.6395778260158311,0.6971517010265015,0.3230248723307543,0.40236235007851023
01610999000153,21492.719999999998,16,15,0.26543545740125546,0.0703125,0.36805020490659157,0.8228925887463289,3.7673941898738588,0.21296656150134516,0.003906250000000001,0.9926963541256054,0.829166112737941,0.8265077161922264,0.992334785373089
01648573000199,7256005.920000001,52,42,0.2690944537846748,0.03032544378698225,0.5012133865513716,0.6931273479446114,3.7161672637080234,0.2512674892428376,0.006674844854957429,0.773744048436335,0.901961966747947,0.6971921896582502,0.3861454612062293
01650166000116,579048.92,18,15,0.21380006151089428,0.07407407407407407,0.41447275301022923,0.6717912538374133,4.6772671295468475,0.15764292304738672,0.007936507936507933,0.4803129513987531,0.670476011374389,0.09286460367384432,0.13868629207500077
01743462000161,13438.5,11,9,0.21005002089439573,0.12396694214876033,0.2547903411839119,0.8675149756297206,4.760770771371443,0.11130627350619521,0.014462809917355383,0.9893229224593547,0.8197672612445525,0.8149965444145011,0.9881420766775915
01746653000187,1974258.3714,795,175,0.05466834603143979,0.02025394565088406,0.18291552171254985,0.3489672481476909,18.292120991275272,0.04923540549139059,0.014623221200601786,0.9579918796304574,0.9183878560218051,0.874757856971728,0.928309850974572
01815216000178,46022370.87,148,129,0.1342201712306583,0.009222059897735575,0.33618433182644947,0.5439633957736607,7.4504449728460935,0.12745626631839782,0.0014816072406866338,0.4414980395036987,0.928441768450561,0.04898608329146561,0.06371978735868822
01823752000115,169659.65000000002,19,9,0.2052672825314581,0.1412742382271468,0.32610558845311777,0.8343702229728753,4.871696978044934,0.10592569284789037,0.033933518005540154,0.8707278485744359,0.8235281627725788,0.7166060986013338,0.7884293469326297
01824828000127,232749.24000000005,126,45,0.4208958445744556,0.040438397581254705,0.6367367730180343,0.8186374314261992,2.37588470613447,0.4077343864966024,0.01863017934446504,0.6124712376829851,0.7600794046380639,0.27895207176650555,0.35873884804197365
01834835000100,6830000.0,24,24,0.058214663153900746,0.041666666666666664,0.08784773060029283,0.3206442166910688,17.17780273599322,0.017267474595374692,0.0,0.6467147898583063,0.8856942180173253,0.4683601844400094,0.2598641782208867
01842685000186,43549.99,5,5,0.3669854646107463,0.20000000000000004,0.5510908268865274,0.9425947055326535,2.7249035627628433,0.20873183076343288,3.469446951953614e-17,0.5147336636206947,0.3932541326689654,0.091908105500206,0.1298606846183889
01850671000104,496470.25,188,61,0.1585469434940581,0.043062471706654594,0.32159026648625977,0.6663128556041373,6.307280215953688,0.14452272588562573,0.027113512901765502,0.9362771833117229,0.8235803980537856,0.6897305691804838,0.7792131134338725
01877528000106,13863172.3536,69,52,0.16917567276924278,0.023734509556815796,0.28567876954740135,0.7393603540778532,5.911015358360711,0.15288499968628677,0.0045920489598906145,0.6924618560373216,0.9423421422549623,0.48790965002490283,0.49174015068874993
01896727000161,88328.01,46,31,0.2741536516897199,0.047258979206049136,0.4755003537382989,0.7620730954993779,3.6475895682461106,0.24995877341271056,0.015500945179584107,0.5922098882192394,0.5994078524658404,0.27164640370242255,0.324091906054524
01906118000146,670362.69,10,10,0.5859091727998346,0.10000000000000003,0.7605486516560162,0.8774639441822156,1.7067491796064305,0.5398990808887051,3.0839528461809905e-17,0.39791956997810074,0.7751862687422543,0.00027374079235516625,0.00027374079235516625
01933030000113,434715.92,6,5,0.7532521916163409,0.22222222222222227,0.8642239741300479,0.9960801987652074,1.3275766219201879,0.691565239520426,0.027777777777777818,0.4219740339855952,0.8211777217076202,0.03784499337608972,0.02136067318720827
01935036000120,50402.63,72,37,0.1272404701384932,0.045524691358024706,0.24040412176904263,0.6092150350090859,7.859134746292302,0.10299714986456246,0.019011488340192055,0.9898913518161527,0.7953387130247883,0.7920583719189283,0.985131155206785
01941360000150,1381958.9664,397,138,0.07962929888930362,0.020195547208598494,0.23082450908869473,0.4465150786694153,12.558191695121495,0.072911264574627,0.013043689888953228,0.9934833697699649,0.9435026277875902,0.9409692461010991,0.9931133729939096
01977854000195,335345.55,18,16,0.2665972648875124,0.06790123456790123,0.32205586148377396,0.9142688787729553,3.7509762165862366,0.21770374921334656,0.0057613168724279795,0.5813352164481883,0.6862523259264591,0.24737355723257448,0.18172219969040596
02061040000179,8829.67,13,10,0.3172775189270758,0.1124260355029586,0.5039825950460209,0.8852448619257571,3.15181486347239,0.24141946547452864,0.013806706114398437,0.9923822435005769,0.772233805627384,0.7682499923568984,0.9916759276997611
02073207000111,1634712.0308,402,116,0.24415314170150562,0.02371228434939729,0.42820997632068075,0.791690894552631,4.095790015360811,0.23758056032499697,0.015222825952435525,0.5351937641259976,0.8916120564342803,0.21327857526628016,0.22839787711135906
02179215000147,118231.70000000001,10,9,0.2701814206853613,0.12000000000000002,0.44471321988942053,0.8513872337114327,3.7012167508162825,0.17895409827103145,0.010000000000000033,0.6028876762710589,0.4950986342689182,0.26383463172459426,0.18451845287113447
02180700000130,50217.01,7,6,0.3571860279696148,0.18367346938775508,0.503016806456617,0.9978491351834767,2.7996615816256627,0.22862323356353775,0.02040816326530611,0.557263138480379,0.518809724427034,0.23541791478837368,0.2684605296349602
02246138000109,2780138.56,40,16,0.19454243733903845,0.14625000000000002,0.34608613176459807,0.7829089245105827,5.140266636308519,0.14084526649497434,0.08933333333333335,0.39791956997810074,0.8443509792029584,0.0004230539518216205,0.0004230539518216205
02247113000111,344345.53,43,34,0.19381319473937428,0.04056246619794484,0.28241792480942035,0.799708798310813,5.159607432015794,0.16938329154965834,0.011488601537276502,0.8553341319214323,0.8353729465888877,0.730688873573574,0.7315866752088742
02299772000100,17680.64,9,9,0.19826365334839863,0.1111111111111111,0.343878954607978,0.7806844096141317,5.043788829225047,0.09804661001694846,0.0,0.9932122620637026,0.7122666127755153,0.7077591692743173,0.9928128625391585
02307876000100,2058497.0799999998,6,6,0.9919611659947236,0.16666666666666669,0.9959693506099121,0.9997974347381636,1.0081039805597785,0.9903533991936684,3.3306690738754695e-17,0.9198398764765048,0.9676970381329479,0.8530406023395612,0.8492762173356619
02316487000141,17266220.209999997,60,34,0.5193077292705575,0.04333333333333334,0.6885120110488849,0.9299000478808326,1.9256405087685564,0.5047412968242108,0.014343434343434353,0.5693839944231435,0.9774926755334805,0.2703359359679708,0.2792188783184474
02318396000145,1123067.01,9,9,0.37390882512843615,0.1111111111111111,0.5573020972274842,0.9097106235895933,2.6744487768014142,0.2956474282694907,0.0,0.4343279798427751,0.8206551384415386,0.035131610779712656,0.03234389881873987
02362976000130,2758056.5,165,146,0.07744867358982266,0.007529843893480257,0.2679410302145732,0.3338570112686234,12.911776969817693,0.07108625064906282,0.0006852221272283974,0.5409392521078689,0.5286852694977909,0.05444251226300576,0.1297948634816928
02396675000127,641837.71,32,23,0.41273526892111795,0.052734375,0.6181504978883213,0.8752646833418374,2.4228605483945698,0.38604141750844145,0.009676846590909092,0.8421104383184062,0.8448254739740986,0.685591963994516,0.742027429709664
02406542000194,865711.9715,64,49,0.3327860509614472,0.02880859375,0.42739820365300335,0.9237110815441691,3.0049336416322587,0.3188857603564773,0.008575439453125002,0.7221849501816457,0.8747510126720204,0.45498645064540383,0.5442339219253589
02458148000108,133264.0,7,7,0.14986510959044846,0.14285714285714285,0.207107696001921,0.653319726257654,6.672667192068928,0.008175961188856551,0.0,0.5584527227102549,0.5005620053624381,0.2445059515758069,0.14188328209386777
02482295000105,12507602.76,453,124,0.3536419015694142,0.01886369506210741,0.5806268898485547,0.7693626376410437,2.8277192141602487,0.34838695767973465,0.01088697713578308,0.8610488330070706,0.9430240691581425,0.7766656418724041,0.7674647029680361
02524947000127,44230.0,6,6,0.21922223405298868,0.16666666666666669,0.2780917929007461,0.8659281030974452,4.561581102025846,0.06306668086358642,3.3306690738754695e-17,0.7039131413089659,0.528650307837846,0.4069235507171195,0.40021374208597493
02533645000115,32158.059999999998,9,9,0.19354593579664256,0.1111111111111111,0.3097015180642116,0.7695899566080789,5.1667321035906095,0.0927391777712229,0.0,0.566262512965911,0.24561188532433625,0.06528504738265191,0.20655078527092027
02555079000142,37452244.56,9,9,0.4247397468133206,0.1111111111111111,0.5781018396724898,0.9592291458645756,2.3543829074219293,0.3528322151649857,0.0,0.39791956997810074,0.9873089304035126,0.00024885526577742386,0.00024885526577742386
02571926000162,18870.0,6,6,0.3373189892408073,0.16666666666666669,0.4239533651298357,0.9666136724960255,2.964552936230086,0.20478278708896874,3.3306690738754695e-17,0.9665659323761466,0.6018049616174711,0.5743010081552785,0.9460888234207436
02581343000112,79666.7,23,21,0.1450792305131761,0.05103969754253306,0.26416306938783707,0.6511980538920277,6.892785386735147,0.1023331920388349,0.003591682419659718,0.5983868748528924,0.4004871938228771,0.22379666644684193,0.32569848234139887
02701029000126,114177.13000000002,7,7,0.23501226668920178,0.14285714285714285,0.32629721906655035,0.8705518346800274,4.25509703849832,0.10751431113740208,0.0,0.6406176004065545,0.5725976186246647,0.301037912462118,0.2582381947218613
02762633000162,7673811.4,54,44,0.07899280067362191,0.028120713305898486,0.19338550723308107,0.4609034201700605,12.659381506572286,0.05757402859626428,0.005518869429291473,0.5529605734914202,0.8521683419187366,0.24601960348133325,0.2197415067855407
02920909000193,2238600.3500000006,72,62,0.04624141599798783,0.01929012345679013,0.09315347422330207,0.334834621105996,21.62563534048167,0.030606029375004028,0.003212912365917837,0.7917699122768318,0.7626008028480105,0.5285993062399418,0.6258989738706293
02983473000181,5348957.1,7,6,0.8353422475700001,0.18367346938775508,0.9125203303649603,0.989635923608361,1.1971141204805422,0.8024106970840001,0.02040816326530611,0.3979195699781007,0.9624624259608658,0.00017419868604419674,0.00017419868604419674
02994421000100,369674.69,18,17,0.13830714894545404,0.06172839506172839,0.256982700113984,0.6374956316322331,7.2302842450637375,0.08445134575454492,0.003086419753086417,0.44276866306024587,0.5505461364350916,0.06470385688593902,0.05941723056040124
03061303000102,4014083.369999999,36,33,0.2851221979146543,0.037037037037037035,0.5171541616486156,0.6976360558251185,3.507268137359583,0.2627822665994873,0.0069444444444444415,0.40541085902167123,0.8350470761259638,0.008681452852856214,0.012661095612004247
03130778000103,219634.8,7,7,0.2837917295305102,0.14285714285714285,0.4370892044430118,0.9242615468951186,3.5237108623790636,0.16442368445226188,0.0,0.6311147728511323,0.6371375690929806,0.25824873488858535,0.3250856349054679
03133862000180,27087.739999999998,14,13,0.16442778265002284,0.0816326530612245,0.27646270969818815,0.7045866506397358,6.081697289128171,0.09479676453752472,0.005102040816326534,0.4260728816938688,0.17950989538372433,0.01279297847572482,0.03918847400718717
03183869000107,446354.55,8,7,0.2187594090025405,0.15625,0.31385005484989453,0.8939897666552297,4.571231950934676,0.08855264383629727,0.015625000000000007,0.5211194810176105,0.6717188666481243,0.11209706042176552,0.19132646751705867
03230443000167,9826066.919999998,220,98,0.5952469725362778,0.020578512396694212,0.739804841467536,0.9653950718259509,1.679974945087275,0.5910742609129405,0.010481383658515803,0.5212157102453431,0.9832798063243368,0.24778903967285493,0.12822282022934506
03264792000108,4616658.5945,333,124,0.10928345672036753,0.021111201291381478,0.2859210775456877,0.5146080701593019,9.150515823806538,0.10204185880752498,0.013152755773425229,0.6599436695615281,0.8907059448602547,0.3905752009695443,0.4110008540171272
03331692000149,589992.7699999999,15,12,0.10077743009094985,0.10222222222222224,0.14034070281912098,0.47673829969136733,9.922856725930773,0.019029923735581655,0.020606060606060635,0.4176006544400742,0.6054371482261434,0.024685716517541315,0.0241005268276003
03347877000141,81453.46999999999,65,35,0.294414961078418,0.059881656804733736,0.4952750324817347,0.8010561121582667,3.396566520726669,0.2736624599336656,0.03223111729899061,0.9947344736944814,0.8686211077701372,0.8650004425661263,0.9944781046366261
03347885000198,539737.5401,610,140,0.038390675928699054,0.030959419510884177,0.08991995070605614,0.3046412020359671,26.047991492966844,0.03147262323753862,0.02398790454333658,0.9965977912104491,0.9289710758597934,0.9279811986830309,0.9963189834810825
03383321000100,8765.250000000002,13,11,0.2632191712114213,0.10059171597633138,0.42782578933858134,0.8356635577992642,3.799115373692846,0.18954108833256345,0.01065088757396451,0.9888462264706391,0.8341533526934652,0.8326070265875969,0.9881831825222585
03387174000147,68519.87999999999,10,10,0.14477385252480285,0.10000000000000003,0.2682433185814102,0.6413251161560702,6.907324648480143,0.04974872502755871,3.0839528461809905e-17,0.5709254109467747,0.326499028158603,0.10282176979138798,0.21516350180864563
03532661000156,1714218.28,9,7,0.7092110910972237,0.18518518518518517,0.838632989026345,0.9605826161181761,1.4100174300050714,0.6607462729467609,0.049382716049382706,0.48465041424785127,0.9444359498140936,0.1420598432245725,0.1454937280653286
03587269000104,4114042.8699999996,23,21,0.21286077184475077,0.05103969754253306,0.40611007050590114,0.7517195585275951,4.697906482878613,0.17350381043698831,0.003591682419659718,0.4337610802167561,0.8816326163082062,0.044472533996906614,0.05760062688018605
03608586000160,1392509.1500000001,5,5,0.30666683189932575,0.20000000000000004,0.3590640679093563,0.9928505317182296,3.260867808254808,0.13333353987415716,3.469446951953614e-17,0.9677023344450705,0.9656483511205355,0.9549252527448306,0.9592186494903295
03838193000142,21950.27,10,9,0.6808700447162989,0.12000000000000002,0.8200354710898773,0.960523947996995,1.4687090550689073,0.6409788003058363,0.010000000000000033,0.5054594671532913,0.45424400250638736,0.14695727367164235,0.17917606721723245
03842931000125,186200.66,10,9,0.4157977723946621,0.12000000000000002,0.6186873881112989,0.9237376494798677,2.405015289622167,0.3427724939439949,0.010000000000000033,0.5072776976345144,0.6322585413586534,0.1109876040793603,0.1832245958841576
03852808000195,173912.72,7,6,0.197300961544354,0.18367346938775508,0.23460043635681163,0.8237621721976404,5.068399019308359,0.036761153853224815,0.02040816326530611,0.84843609888549,0.7475859045661233,0.6410321274252715,0.7511883322162705
03918310000188,372767.48,19,17,0.15189886653675463,0.06371191135734071,0.24618161434039257,0.7102510658923359,6.583327596839126,0.0988925456953018,0.005193905817174504,0.6226824268179404,0.6254814867221692,0.3196110554613494,0.3163019131348024
03937163000193,224834.1,8,8,0.37698480055969463,0.125,0.4936973528481667,0.9669181409759462,2.6526268393721417,0.2879826292110796,0.0,0.47973661092286307,0.6882857860522522,0.1089948099310585,0.13794708129813074
04073373000143,44707.93,11,7,0.44928454901687953,0.256198347107438,0.6441810211298085,0.9326788334865872,2.2257609396721767,0.35749864051969277,0.13223140495867766,0.820774519383061,0.6822580175268274,0.6270538568166936,0.7114735106525598
04124168000160,104136.43,6,6,0.4710999804413578,0.16666666666666669,0.6620923148604192,0.9699432753744295,2.122691661042171,0.3653199765296294,3.3306690738754695e-17,0.4457823726262343,0.5386037532836762,0.04425761293734156,0.07804834240353276
04200511000108,47420.07000000001,18,14,0.5748533477776676,0.08641975308641975,0.7437357220265597,0.9663638202136776,1.7395741085372676,0.5421497591451805,0.01614434947768281,0.9488258490733567,0.8208765468032936,0.8102952277477841,0.8880174100884076
04244520000109,27423.9,6,6,0.28960971967071353,0.16666666666666669,0.39928675352520976,0.9450515790970649,3.45292278566134,0.14753166360485623,3.3306690738754695e-17,0.7334829259478286,0.44534431631596527,0.31738947294263964,0.40681831773115107
04244525000123,2732888.1,252,139,0.04212254657185543,0.016219450743260262,0.10718087213303755,0.329459127872817,23.74025507442039,0.03518140560498481,0.009090606183428815,0.719879328294664,0.7166468687802758,0.3635612784207055,0.4544624846454757
04249257000132,3017206.09,14,8,0.3577284809718642,0.173469387755102,0.4172734518111754,0.9899796271457215,2.7954162254099395,0.26597540682498766,0.05539358600583087,0.41898643297461574,0.9208716899247781,0.005924124843735939,0.03446791502684804
04326257000199,866964.76,50,49,0.22715780166678137,0.020800000000000003,0.45358639490721625,0.6563852606881045,4.402226085401653,0.21105692253483932,0.00040000000000000425,0.7447089369769723,0.7403492922000996,0.5620305710544962,0.4108635588538287
04394880000189,188215.54,6,6,0.23832810546890568,0.16666666666666669,0.32834695796106955,0.9081295837740073,4.1958962331887815,0.08599372656268682,3.3306690738754695e-17,0.6287021578598269,0.6545380971652013,0.34423334144972284,0.3864864424687204
04402872000137,677287.04,21,21,0.9451010017116588,0.0476190476190476,0.9717534237773101,0.9999748998592974,1.0580879696338428,0.9423560517972417,0.0,0.41339669898839837,0.9050472009459545,0.015592382356722065,0.026246532814222998
04407139000105,210908.63000000003,17,15,0.2123312266093559,0.07266435986159168,0.3176731080183869,0.8228233240147641,4.709622865975273,0.15606917136716703,0.0064260998517053775,0.6653066607270571,0.6616219904378821,0.37903334169999375,0.44082603509350204
04413256000181,189243.56,8,7,0.21246968749586934,0.15625,0.33026222926687704,0.7930550450435409,4.706553729079313,0.08121463541184756,0.015625000000000007,0.5809196050422685,0.5520644480746706,0.24085146898872428,0.18882179630253057
04515660000166,37103.159999999996,15,13,0.33526933501544937,0.08444444444444445,0.5248865595275443,0.9051776182945064,2.9826765992598743,0.27987511293340345,0.008148148148148146,0.9911921215623007,0.7754705020108157,0.7629352693384504,0.9908136069507609
04529388000173,1595000.0,6,6,0.3366802606106465,0.16666666666666669,0.5184952978056426,0.9623824451410659,2.970177099739295,0.2040163127327758,3.3306690738754695e-17,0.5559737121466958,0.885920986034773,0.27630712203487784,0.20048880166906216
04539825000130,7940.43,7,7,0.2959863154581219,0.14285714285714285,0.47453349503742237,0.9107101252702938,3.3785345733035643,0.17865070136780886,0.0,0.8465536120700903,0.29280905021186016,0.24362115822873606,0.4265096899911712
04587036000174,206436.0,6,6,0.2538140653871196,0.16666666666666669,0.31971167819566354,0.9190257513224438,3.93989197751823,0.10457687846454351,3.3306690738754695e-17,0.421205583421649,0.5630610165163749,0.012347806843157299,0.03803019104041423
04603063000193,3784794.0,8,7,0.4202710641850375,0.15625,0.6045243149296897,0.9688506164404191,2.3794167270095916,0.32364957488254376,0.015625000000000007,0.399787353177563,0.9281642790508327,0.003005588796000201,0.0033063026541315884
04621712000189,309370.58999999997,17,15,0.31433484373701104,0.07266435986159168,0.4848553962417695,0.9075412436586168,3.1813208746169175,0.2653587611467976,0.0064260998517053775,0.5472524200853374,0.7293890325191613,0.21885998824105474,0.24999946307710605
04691691000178,27851312.029999997,213,157,0.11936788395678738,0.011042782516696421,0.2189757079821133,0.6336053307288303,8.37746273831923,0.11372280628984371,0.004703313173854731,0.5802045202533571,0.9275034519805508,0.28577995368994713,0.2809781161287304
04704773000100,63203.5,15,11,0.19871521320837385,0.1288888888888889,0.3651854723235264,0.7746960215810833,5.032327338478079,0.11858673452921123,0.041777777777777775,0.8732113655982704,0.567869385706335,0.4581786916718257,0.657748675946351
04729502000109,395777.65,44,28,0.31309265670677927,0.04958677685950413,0.5053342451247562,0.9085680305595831,3.193942683033062,0.28765164399221554,0.014386287113559836,0.838099402800559,0.7208539878349048,0.41213868381182095,0.720784610925971
04739716000166,105018.9,6,6,0.2553823000123483,0.16666666666666669,0.35707858299791756,0.9181204526042456,3.915698151170413,0.10645876001481797,3.3306690738754695e-17,0.7362139394272531,0.5488489612326538,0.2722029525503835,0.5199614946702159
04755519000130,7845185.88,6,6,0.9892777891772816,0.16666666666666669,0.9946198852843497,0.9993690398066133,1.0108384226756322,0.9871333470127379,3.3306690738754695e-17,0.3989685403194348,0.988079710458702,0.001323811383254341,0.0010505586359956032
04755973000191,26564827.8,202,101,0.055315865069753486,0.01999803940790119,0.13118729608328197,0.3984202890259277,18.077996226561705,0.04586902372045102,0.010198019801980202,0.5661032447116102,0.9038009537964458,0.2798599010861571,0.1973693656786721
04776218000193,50937.8,15,13,0.1351338560976386,0.08444444444444445,0.2824081526881805,0.5936233995186286,7.400070040756238,0.06306167743910847,0.008148148148148146,0.8118582183730574,0.6402031711319252,0.5798633178186385,0.6562656772544492
04794805000105,122604.52000000002,21,17,0.44951943982938314,0.06575963718820861,0.6361918793858498,0.8940486859701421,2.2245978958764363,0.4151144048187196,0.00736961451247165,0.7763564612674968,0.602252316310714,0.432390262766429,0.6140116895915169
04816835000175,885222.7699999999,7,7,0.6740506124123735,0.14285714285714285,0.8110952568470421,0.9903450517884894,1.4835681202351847,0.6197257144811025,0.0,0.48410990341217547,0.8948566329299983,0.13907280576839628,0.10280678966025453
04828495000100,66126.01000000001,9,6,0.7115571485618221,0.20987654320987653,0.8393066510439688,0.9723558097638129,1.4053684964323245,0.6538685782741865,0.05185185185185184,0.41336747108253163,0.5238730892979694,0.008932849727845556,0.02618759498912179
04841899000126,109549.45999999999,12,10,0.12935929973927765,0.125,0.1912378207980213,0.6306738527054355,7.730406720007682,0.03262144415475294,0.02777777777777777,0.4933471505100781,0.4176032880979548,0.1610395420670115,0.09922485236460717
04846427000166,308099.79000000004,38,21,0.13579965838235547,0.08864265927977835,0.1999352222862599,0.7061673102730774,7.363788774669927,0.09258964130147325,0.04307479224376728,0.6445265690076286,0.6064913909035727,0.32646051722307656,0.3982756321396002
04862101000122,18754.0,7,7,0.26086110623370595,0.14285714285714285,0.3999146848672283,0.8958088941025915,3.8334576374298517,0.1376712906059903,0.0,0.9722105524781165,0.9203727745194967,0.9182636007457303,0.9571815043781435
04870834000109,160451.85,17,17,0.25742065757419363,0.058823529411764705,0.4112972832659767,0.8037413716326736,3.884692119985672,0.21100944867258073,0.0,0.6064256592677609,0.6285042989470336,0.3210766110817478,0.3212114753918257
04894677000171,162663.4,5,4,0.3367403638048037,0.28,0.4610748330601721,1.0000000000000002,2.9696469668829604,0.11565381840640494,0.040000000000000036,0.596527948048344,0.708969657777091,0.3096258067415247,0.33143718227215146
04902949000138,401451.14,14,13,0.2729159356703943,0.0816326530612245,0.47029384447631656,0.8065738709821574,3.6641319516340696,0.21232559697626047,0.005102040816326534,0.924144690418193,0.819822920798525,0.7553050725261319,0.8713684857922824
04927953000150,124875.65000000001,16,12,0.48312775944046116,0.1015625,0.673461959957766,0.9401832943412107,2.0698458750500266,0.4361393739350486,0.019886363636363643,0.9836332509899781,0.952525117641021,0.9512125797722671,0.9792948646555879
04939180000122,47182.560000000005,6,6,0.2646671026115848,0.16666666666666669,0.3984523094974075,0.9152693283280942,3.7783313080188936,0.11760052313390179,3.3306690738754695e-17,0.751531374443941,0.4757559649779605,0.3413767381680097,0.5957206943980843
04973965000111,1790456.2699999998,25,23,0.1609002414219306,0.049599999999999984,0.27566157759329135,0.7493261591918131,6.2150310724375375,0.12275934330474562,0.006399999999999985,0.5248091760848071,0.7960343317330622,0.11073480932830715,0.1375057921868161
05002371000126,99289.24999999999,18,14,0.743620498535489,0.08641975308641975,0.8559138073859959,0.9767123832640491,1.3447719663046318,0.7238989984228342,0.01614434947768281,0.928809850070194,0.8552977766481036,0.825418242885778,0.8680307692508817
05002963000148,267330.56,19,17,0.33082717759090513,0.06371191135734071,0.5543698408442342,0.7853011642215542,3.0227262683859117,0.2890038761903367,0.005193905817174504,0.8985546584194526,0.7792967035040517,0.6898939916333535,0.7916506245897913
05009757000160,32438.75,7,6,0.44277643753938445,0.18367346938775508,0.5733883087356942,0.9753997919155332,2.2584760958763783,0.3313317250472614,0.02040816326530611,0.6969992771028307,0.43384536292777326,0.2761416650300069,0.4866817928270199
05029092000156,27425316.5922,589,185,0.03388684220661519,0.01730941626479804,0.07292532041613031,0.2098693763716471,29.50997894412203,0.028636227218607663,0.011968706570584983,0.49715053395210623,0.9334173765078119,0.15619982100654767,0.16460035311448928
05054133000164,3604940.6100000003,12,12,0.44918917041580525,0.08333333333333334,0.6454066909024613,0.9262171145726587,2.226233546713338,0.39911545863542397,1.5139404881252137e-17,0.4021395912726422,0.9057918491308409,0.0046659010067025795,0.004024230365957932
05054229000122,19607.489999999998,5,5,0.3132753377133666,0.20000000000000004,0.4827236938537264,0.942180768675644,3.1920801914990093,0.1415941721417082,3.469446951953614e-17,0.835257846394172,0.6296685918065525,0.5846746753353185,0.635440496139547
05055033000152,133753006.60000001,44,42,0.5670685499108263,0.024793388429752067,0.7476467448620329,0.8786269350299599,1.7634552298082018,0.5565092462501148,0.0010078613182826063,0.4126319262078761,0.9900208887962805,0.025950436643617354,0.018108777368475507
05085153000100,227280.97999999998,5,4,0.42060009993330555,0.28,0.5228488543124022,1.0,2.377555307662955,0.22746679991107407,0.040000000000000036,0.6691070478594949,0.8208676287040393,0.4453448508798612,0.4560882002845784
05106805000138,7803072.080000001,256,80,0.022996450048935715,0.07244873046875,0.051261861469309916,0.17893593519130993,43.484972588031276,0.010629316505251356,0.06070757515822785,0.5814617131701182,0.7742655609981831,0.2659793240385959,0.22841299686516298
05121894000191,8962.09,8,8,0.36882239018942853,0.125,0.5547143579232076,0.9027693317072244,2.7113321387196594,0.27865416021648975,0.0,0.3979195699781007,0.13930363077017416,0.00022396973919968142,0.00022396973919968142
05140677000149,209100.0,5,4,0.33532809990940654,0.28,0.480726924916308,1.0,2.982153897243218,0.11377079987920873,0.040000000000000036,0.49846709440733317,0.6690062608224072,0.1510579312208318,0.1689069591214702
05152243000169,1817358.8,5,5,0.875272568524281,0.20000000000000004,0.9343229306177734,0.9980197636262029,1.1425012458530612,0.8440907106553514,3.469446951953614e-17,0.4007962107127611,0.9331030894010479,0.0008071102957800135,0.002639314742571715
05156411000194,110188.0,6,6,0.21615384225973033,0.16666666666666669,0.2658184194286129,0.8790703161868806,4.626334602918604,0.05938461071167641,3.3306690738754695e-17,0.5421505955441576,0.46376028276245745,0.12955404842772794,0.1466481510170289
05160388000101,214728.64,5,5,0.3478042703821789,0.20000000000000004,0.42764039300952117,0.9861127048539029,2.8751803389336383,0.18475533797772364,3.469446951953614e-17,0.9451219381230481,0.8389102768358976,0.8093847101577819,0.9086689989725921
05211356000198,2392213.85,130,106,0.06298455962184796,0.011834319526627224,0.13794753341136287,0.4346601370943488,15.876907070619923,0.05406060304681794,0.002423217807833198,0.6006523968737991,0.6943415159339467,0.23750607306054639,0.25486658676936397
05234481000113,252256.28,6,5,0.8693149183181724,0.22222222222222227,0.9304030012652212,0.9994285969808165,1.1503311158339014,0.8366436478977154,0.027777777777777818,0.9248929981378533,0.9195248781572279,0.8917498130968414,0.8589745440776456
05298824000103,632194.23,9,8,0.6731136309042477,0.13580246913580246,0.8067141011394552,0.9956896316500706,1.4856332632227631,0.6264155781762831,0.01234567901234567,0.96968365842229,0.9558135559854304,0.9345984158397638,0.9523296048561816
05322181000196,895367.08,11,9,0.35788135006777416,0.12396694214876033,0.5210153583042164,0.9141479715783161,2.794222162766023,0.27761651882624594,0.014462809917355383,0.6347894067396068,0.8304586937903606,0.2921454061072608,0.380196091876407
05380490000112,82155.63000000002,20,17,0.26011261948936915,0.07,0.47657476426143897,0.7461363268713294,3.844488598681273,0.2138696582074547,0.011875000000000009,0.47501367784381143,0.3961429725545366,0.08438498550767791,0.11827293990935321
05419083000171,178581.36000000002,11,11,0.1665271342240044,0.09090909090909091,0.26878505125058966,0.7104257689604335,6.005027376828856,0.08317984764640483,0.0,0.587645927619865,0.5916012904319565,0.26042841102683095,0.3193220102267368
05446297000137,3694077.5700000003,113,53,0.07606255407676941,0.05646487587125069,0.1956022813023929,0.4409956664770307,13.147073644026031,0.05829452627055345,0.038319969638005505,0.6203439135777449,0.7835524327903615,0.28629686295829415,0.3024527586828824
05448443000163,135961.19,10,7,0.28273414458891577,0.18000000000000005,0.4501284520972492,0.8969853088223191,3.5368915256201556,0.16318983535373507,0.0433333333333334,0.39791956997810074,0.48136449639147444,0.00019908421262193905,0.00019908421262193905
05469074000195,116315.59999999999,14,14,0.1449076390758942,0.07142857142857142,0.28886924883678544,0.6267431023869541,6.9009474336702015,0.07913130362019377,0.0,0.8392016879923648,0.7285583149108487,0.6650041166616767,0.7356900529452384
05472936000139,74107496.3,37,36,0.3306684513652204,0.028487947406866325,0.519461618891583,0.9289317195566894,3.0241772260744306,0.3115446928327981,0.00073046018991965,0.6652785231626597,0.991325728546766,0.5734508239936247,0.2626417269901341
05478139000169,142813.44999999998,11,9,0.6548735314717223,0.12396694214876033,0.7894914659648653,0.9906257428834608,1.5270123954355916,0.6117327229056877,0.014462809917355383,0.9435584783891341,0.8020402784796548,0.7478936950783975,0.852788061120391
05491593000150,61955.56,6,6,0.20023326559085194,0.16666666666666669,0.2750358482757641,0.8315702416377158,4.994175153909526,0.040279918709022346,3.3306690738754695e-17,0.5497306383812797,0.3406602970648264,0.08391285642321467,0.1894051220245811
05499749000149,79977.9,7,7,0.8138493718588629,0.14285714285714285,0.9002486937016352,0.9863724853990916,1.228728600866229,0.7828242671686734,0.0,0.9136378026186653,0.7005685380933886,0.6013755191719214,0.8300542118304877
05509957000181,142603.35,9,6,0.45453685859661086,0.25925925925925924,0.5259343486671245,0.9846472751166083,2.2000416051792024,0.3454442303159331,0.1111111111111111,0.6135099223538218,0.6956571327016972,0.3255058891562039,0.1973633103138734
05522917000170,94005612.06000002,26,26,0.17612217526665022,0.038461538461538464,0.2827784505358392,0.7573822089957467,5.677876726686988,0.14316706227731624,0.0,0.43453420373896046,0.9902729364936483,0.058584386178063795,0.061590874714554024
05532421000187,2997870.04,143,75,0.45882019380979844,0.021076825272629475,0.6664875973075871,0.84911726193441,2.1795030242599673,0.4515069531856065,0.007848133722259601,0.5770803397529519,0.9374449420327442,0.2776153796720071,0.26926758177788995
05568854000192,554310.06,20,17,0.13771271838222737,0.06500000000000002,0.22730960358179317,0.666746044623473,7.261493431742872,0.08381976328111658,0.006562500000000018,0.7215761898206561,0.695373291052746,0.40272869475167555,0.5441257709669559
05587823000189,1971386.07,21,21,0.9487233634281279,0.0476190476190476,0.9739340402258193,0.9922943403977689,1.0540480381832156,0.9461595315995344,0.0,0.3998823578700435,0.9455802221192595,0.0016350749480341928,0.00284600155931685
05593119000139,33421849.72,182,128,0.04339353184124325,0.010083323270136453,0.18613440165992107,0.2632037446669484,23.044909173526943,0.03586119744629241,0.002288703768326504,0.5156505373652268,0.8591306167337796,0.19316901390742292,0.10749467659256855
05604369000127,23344.45,7,7,0.23417187859593944,0.14285714285714285,0.4026653016027364,0.8023320318105588,4.270367586389343,0.10653385836192934,0.0,0.5239879060727483,0.28570456326438504,0.12126023061811249,0.16710574011867482
05606204000194,94963.0,8,7,0.2176977691178562,0.15625,0.3392900392784558,0.8164758906100269,4.5935243344575785,0.08731406397083225,0.015625000000000007,0.6074008556564531,0.4735401283703338,0.24479595717266148,0.3521216172022982
05613121000122,136820.26,25,19,0.10368084354342023,0.0656,0.24236198644849818,0.4969046981784715,9.644983256537767,0.05388533485138802,0.013688888888888896,0.659455636152893,0.45380548841155594,0.30985683779357964,0.4121052745897645
05628919000148,1259480.0,17,17,0.1105553264081412,0.058823529411764705,0.18102709054530441,0.5835741734684156,9.045244878643503,0.054965034308650025,0.0,0.47100520095571297,0.7140842982793015,0.09299116511722895,0.11653327475396136
05629151000127,4792767.3,5,5,0.9719175969608855,0.20000000000000004,0.9858170164030288,0.9988733022777885,1.0288938106758496,0.9648969962011069,3.469446951953614e-17,0.8422535785658883,0.984917629686658,0.9716880176341117,0.3924003108770762
05649898000147,7301.2,7,7,0.21498279586866495,0.14285714285714285,0.3489837287021312,0.8093190160521558,4.65153500287953,0.08414659518010911,0.0,0.6096711141459525,0.19586393577327127,0.12363756888694954,0.28065956998835323
05658440000154,112465.61999999998,31,28,0.18317306712930537,0.040582726326742966,0.3530412227309999,0.7084814008049749,5.459317877196875,0.1529202177637241,0.005048753227733448,0.688730384227598,0.5366698557338861,0.3246604618960135,0.4398497011155341
05722202000160,328778.61,6,6,0.5027058207246798,0.16666666666666669,0.6934757708234122,0.9207673516230269,1.9892349735645423,0.40324698486961585,3.3306690738754695e-17,0.8188344103254284,0.8014400946840458,0.6851078687492103,0.6920306733612345
05774805000106,64423.45,21,19,0.5687162297195874,0.05668934240362811,0.7450703121301328,0.9078526530323973,1.758346162361258,0.5447560202595645,0.004283194759385226,0.985089756674019,0.8661114260677156,0.8585354594989558,0.9840156447517346
05806495000164,281938.55000000005,20,16,0.1179485499260187,0.07500000000000001,0.19564546955356052,0.6298858385985173,8.478272947206504,0.05914511992108662,0.013333333333333345,0.5850885585823218,0.5287487364074109,0.16848723554949144,0.236757726963516
05921795000194,224569.17,13,12,0.13454867675178014,0.08875739644970415,0.20390154178331782,0.6523602505188046,7.432254438628432,0.05587128372921471,0.005917159763313625,0.6114467515213846,0.5141015811310905,0.1702181472793176,0.277487168127542
06068089000104,2832436.2399999998,14,14,0.9089208337060836,0.07142857142857142,0.9532076598483291,0.9805586444551353,1.1002058297228652,0.9019147439911669,0.0,0.4000434007549778,0.9439680106833906,0.002396736592391112,0.0038862581969881607
06068796000109,419833.96,7,6,0.3335861153270222,0.18367346938775508,0.5259222002908006,0.9044050652786639,2.997726686015324,0.20030333839242664,0.02040816326530611,0.7966152534974248,0.7661786507403171,0.5710253550619158,0.6508061087274395
06069513000135,51426.16,16,15,0.11873150346000741,0.0703125,0.18589954995667574,0.6193365400022091,8.422364501910247,0.055783753707150795,0.003906250000000001,0.5268803232189132,0.22501308344577295,0.03435530280745223,0.14958238897875137
06073250000138,367459.13,109,55,0.05102090997158307,0.028532951771736384,0.10365778637749455,0.36751080317421964,19.599807227212654,0.03344722311920498,0.010542821248990763,0.9315653050881846,0.7903041021583899,0.7312116127266487,0.8898958963644589
06079623000188,35071269.89,52,52,0.3511754550471265,0.01923076923076923,0.570267345970916,0.7996010292172513,2.8475794239828165,0.3384534051460898,0.0,0.7401592265313984,0.9669658455901018,0.6748281273188513,0.3592680088756474
06085215000139,177970.0,7,7,0.17466823000552492,0.14285714285714285,0.26970837781648593,0.7343934370961398,5.725139597328999,0.037112935006445746,0.0,0.5407339350746974,0.5111676992134994,0.1330104730019178,0.1660161020165809
06088862000102,121364.42,7,4,0.9120383978196711,0.30612244897959184,0.9545633720327589,1.0,1.096445064583477,0.8827178637595615,0.07482993197278913,0.39791956997810074,0.6833434454740894,0.00012442763288871193,0.00012442763288871193
06089125000116,273870.3501999999,331,124,0.030111818675115597,0.018701910351311135,0.07950842427483777,0.2714323509124428,33.20955173080927,0.02222654890824662,0.010723877102134804,0.9952152672964386,0.8988595296210112,0.8974923112905605,0.9937598182826414
06089695000106,1300969.75,5,5,0.2420530621127568,0.20000000000000004,0.30699983608381365,0.9481156268237598,4.1313255501562915,0.05256632764094597,3.469446951953614e-17,0.6580506935401026,0.883903054146543,0.42781400218211024,0.3746344497890334
06091010000166,3369796.1,10,10,0.19944090161175365,0.10000000000000003,0.2957226403104924,0.8444793143418974,5.014016643119041,0.11048989067972627,3.0839528461809905e-17,0.39791956997810074,0.8928369888526287,0.0002737407923551662,0.0002737407923551662
06113056000139,11117649.95,8,8,0.2056860752966994,0.125,0.36698403154886167,0.775372432912407,4.861777826026937,0.09221265748194218,0.0,0.532089118297621,0.963338269386965,0.225988469335118,0.1804843636987164
06129491000151,441088.74,102,72,0.05139402842149367,0.01864667435601692,0.13091696695771468,0.3706079642840124,19.45751346438114,0.03803338093447245,0.004824796530045327,0.6588927320128145,0.5001838251871656,0.24649866199156228,0.35139653971231843
06216559000130,379367.91000000003,11,7,0.2933175184982323,0.256198347107438,0.39223138298650506,0.9060278978261498,3.4092747174459226,0.17553710491460434,0.13223140495867766,0.43476325587202447,0.6925354476955927,0.0524904636190782,0.06212219810994753
06217954000137,85398403.41000001,138,38,0.08036309121193931,0.0485192186515438,0.1840583453830639,0.4816180423483634,12.44352332543715,0.055508039623072804,0.022803521858342283,0.39834650869211996,0.9740285963376372,0.0016545801150459854,0.0016395272663026561
06231312000192,4265738.7502,343,137,0.18107891332748116,0.018861188790384956,0.39785019650357867,0.6188419250654372,5.522454169975608,0.17505743474900676,0.011646932825608376,0.9337446213104117,0.9593433559408803,0.9490049030948197,0.7521624515233809
06698248000154,11070114.038,21,18,0.26571151118240965,0.06575963718820861,0.4447930483008453,0.869254066847762,3.7634801576718475,0.2225180706637279,0.010804321728691474,0.6437868828440284,0.9677636516930668,0.3906580400028586,0.36071223956875365
06741243000167,997770.0,5,5,0.3959179621507584,0.20000000000000004,0.5747316515830302,0.9777503833548814,2.5257757808402186,0.244897452688448,3.469446951953614e-17,0.39791956997810074,0.8302485541164122,0.00014931315946645432,0.00014931315946645432
06894325000141,6015821.4799999995,10,10,0.4854654267931967,0.10000000000000003,0.6583330361724763,0.981457342048654,2.059878921977259,0.42829491865910746,3.0839528461809905e-17,0.9627325347381197,0.9835127649348254,0.9767503660773373,0.9523481041012354
06916689000185,552510.2,20,15,0.2886522985638346,0.07500000000000002,0.40723230086973966,0.8784498458128014,3.4643756691889043,0.2378417484612514,0.008928571428571456,0.6545282283853658,0.7620222271338276,0.3540737498405278,0.3069080169151376
07095193000150,1097971.79,11,8,0.19437109492170052,0.19008264462809918,0.29445279281719977,0.8331651125572178,5.144797894989659,0.0792812513390863,0.0743801652892562,0.6483364490155434,0.8215588460481169,0.36756273275023815,0.40393046454736764
07104377000130,440762.49,87,59,0.06401714439744052,0.029198044655833005,0.11598083130894374,0.4082463323954813,15.620815477048694,0.047879508956017086,0.012460079908519781,0.6191479355870744,0.5748550484080059,0.3056757978189448,0.3459725163855237
07146181000108,737943.4800000001,5,5,0.5349297231613408,0.20000000000000004,0.6775586661460848,0.9996444036608333,1.8694044408117303,0.41866215395167594,3.469446951953614e-17,0.4270266572653778,0.8685765268420353,0.04764767312773034,0.04875629187359087
07173244000115,278514.9,7,6,0.2063790438445662,0.18367346938775508,0.30516069337762536,0.8517134989905387,4.84545320770624,0.04765485261347946,0.02040816326530611,0.6404926961630281,0.6699529425417994,0.38191089866841194,0.21427961244362093
07184109000175,216000.0,7,7,0.16666666666666669,0.14285714285714285,0.2777777777777778,0.6666666666666667,5.999999999999999,0.027777777777777807,0.0,0.44800030968655297,0.5014461256000177,0.04297177428274383,0.044387484239166504
07200263000193,1738500.0,14,14,0.27620765374730477,0.07142857142857142,0.49525452976704054,0.7536381938452689,3.620464481823788,0.22053131942017437,0.0,0.39791956997810074,0.793911200883185,0.0003732828986661357,0.0003732828986661357
07222467000125,64853830.02,337,145,0.33963924342526347,0.045073919819669094,0.5796117875907678,0.6450975113898139,2.944300516969108,0.3350534048379389,0.03844248870730568,0.7445676171723541,0.9447051616329325,0.3479549958478612,0.5732245973156149
07252975000156,7683359.76,28,20,0.785658984857154,0.07397959183673469,0.8836417507540998,0.9909053705432634,1.27281685728041,0.7743778787970043,0.025241675617615464,0.40000994590952815,0.9685845413265748,0.002510354494276417,0.003709489195412184
07276220000191,787181.44,54,27,0.2520108792492439,0.13648834019204387,0.4011468436044427,0.8090966423192092,3.9680826596814476,0.22324206691267637,0.10327635327635325,0.581962442279999,0.7595526164350861,0.28852872956674397,0.2955190424535093
07314524000104,93293.0,5,5,0.8150070577897639,0.20000000000000004,0.9003890967167955,0.9959696869004105,1.2269832395217812,0.7687588222372049,3.469446951953614e-17,0.39791956997810074,0.6138516364645241,0.00014931315946645432,0.00014931315946645432
07343110000103,348907.93,11,10,0.20437427377152265,0.10743801652892562,0.2751442192787077,0.8372842084729917,4.892983747641036,0.11597141530169182,0.008264462809917352,0.8495488765573889,0.8207262585980011,0.6685351348516113,0.7428873547987127
07349637000137,1000400.0,20,20,0.06340342711376065,0.05000000000000002,0.13034786085565775,0.3802479008396642,15.77201809936496,0.014108870646063842,1.460819769243627e-17,0.458743339216175,0.5856225148801718,0.025034720334442373,0.054173846089674814
07381646000105,66497.22,12,11,0.20651038673249947,0.09722222222222224,0.3970090779734852,0.6981930973956505,4.842371445923138,0.12716142540574943,0.006944444444444459,0.7073361747986472,0.5106999790927629,0.4117567602388249,0.51879668395536
07420613000127,245585.17,30,27,0.06826126654913127,0.04,0.14419437460331988,0.3925766364475509,14.649596331182146,0.03242516141640555,0.0030769230769230795,0.7025176898246561,0.4319627785279829,0.23549790312120936,0.33138532883556887
07460294000183,4184690.5700000003,37,30,0.21305502091244485,0.04747991234477723,0.34410833869611535,0.8266973512452559,4.6936232514837135,0.18591898715080502,0.014634392080804028,0.9171977718103442,0.938630075704977,0.8405987178092419,0.7403595140295193
07464768000165,107280.74,13,11,0.3034388082665228,0.1124260355029586,0.3914961809547548,0.8768358607518928,3.295557366945822,0.2337826890931751,0.023668639053254458,0.8767590896569638,0.6934346297757616,0.6159990526365842,0.6685559848685293
07505809000114,937645.0,5,5,0.5024755972635813,0.20000000000000004,0.6717307723072165,0.9916812866276683,1.9901463980457437,0.3780944965794765,3.469446951953614e-17,0.4940597205417085,0.8537201912704473,0.14384630907393575,0.0850008083479996
07556356000155,24665.530000000002,27,16,0.28512845817042876,0.09465020576131687,0.5067801097320837,0.7495192683879083,3.507191132083609,0.23747035538179068,0.03429355281207133,0.7408482945495419,0.28085565838759224,0.17511762865156533,0.5564701059565377
07556717000163,2734622.2,89,44,0.22204388369653527,0.03345537179649034,0.43881747175167374,0.6624917182344237,4.503614255669785,0.20395188099180353,0.010977589745245925,0.8558682239666577,0.8646885340838308,0.7498480699365316,0.7499702557473024
07581720000137,269075.41000000003,6,5,0.49433386690938075,0.22222222222222227,0.5708268548211075,0.9973999853795631,2.0229243168227353,0.3679173336367259,0.027777777777777818,0.9865698617121657,0.962939178953006,0.9610027625738332,0.9857767096724357
07622504000192,274452.0,6,5,0.20637692534854693,0.22222222222222227,0.22675732004139157,0.8695946832232958,4.845502947149323,0.007971156685683649,0.027777777777777818,0.5161963325718586,0.6016463412850752,0.08334138459711332,0.19253859990969963
07633040000110,6597951.66,23,23,0.40513203264518205,0.043478260869565195,0.6002490203148897,0.9106204970286187,2.468331110405699,0.37809257958359943,0.0,0.9248705692141,0.9604289159538165,0.9117547071119056,0.888122495456019
07676836000150,366246.5,8,8,0.14777980374591893,0.125,0.1671005729747588,0.6593919668856904,6.766824523054058,0.026034061423907344,0.0,0.39791956997810074,0.5781295209577477,0.00022396973919968147,0.00022396973919968147
07690399000129,890651.32,16,16,0.15649593884601487,0.0625,0.32933918517069055,0.6148061173928311,6.389942175968899,0.10026233476908253,0.0,0.49194780997450877,0.6938941719131881,0.1067348856818805,0.10909471845504448
07711512000105,1052804.88,8,8,0.1976101889337027,0.125,0.34464844045935655,0.7796008316374827,5.060467809863263,0.08298307306708878,0.0,0.5210340543186397,0.8189004691517735,0.20698101252319606,0.20658933591130815
07720960000175,2053935.9500000002,9,8,0.5281098257189031,0.13580246913580246,0.6811741135355268,0.975748440451612,1.8935455303046564,0.46069694367874636,0.01234567901234567,0.5543414994972391,0.9209483298404907,0.23925887645052302,0.24808589418994914
07733475000136,278886.32,12,10,0.13504965612921155,0.11111111111111112,0.20495856519602682,0.6429145753725031,7.404683793072596,0.0389440623657906,0.012345679012345682,0.49014507074705127,0.5317195082003114,0.08619746159958398,0.13742805778932643
07742778000115,7012506.7722000005,21,21,0.30547464156918963,0.0476190476190476,0.49157428462896685,0.9213978655699644,3.273594151262802,0.27074837364764914,0.0,0.6441008429705295,0.9429376948051577,0.4183155967473711,0.40754426972911467
07748322000162,515115.57999999996,38,27,0.13932194344004675,0.045706371191135735,0.27954891211017147,0.6416385231446504,7.1776202320226865,0.10621894126466393,0.009002770083102496,0.5300197493912957,0.639555444433409,0.1587389986563543,0.19105572001833843
07750478000188,4973915.08,586,140,0.08508257137595113,0.02420529068480705,0.24083643985333178,0.4561540765187329,11.75328840945977,0.07850043160167738,0.017185184862395588,0.6337057879021415,0.7725979097867672,0.3920999468183729,0.37759017648107857
07777639000127,4103416.5,65,40,0.17867348656776527,0.04615384615384616,0.38748199213996437,0.6219549002642067,5.5968012893772645,0.15761383237719517,0.021696252465483245,0.5518769118041067,0.8451208166035826,0.25786966628175273,0.1581032736668104
07784414000106,3093590.04,16,14,0.2908157772994499,0.078125,0.4929547807827827,0.818334041442673,3.438602985319846,0.23626314478402297,0.007211538461538465,0.8021294167856282,0.8919582035584541,0.6890289627472548,0.4332908056528911
07789410000102,313035.56,18,18,0.48220507734619666,0.05555555555555555,0.6820412032422131,0.8639087201466823,2.0738064507812206,0.4517465524842082,0.0,0.5095002162243891,0.7407230036957233,0.13299684359979208,0.1862096338798147
07791947000107,5033474.33,81,47,0.08487955542906259,0.05044962658131384,0.19251116355648523,0.49771585901780097,11.78140006677747,0.06498563272099873,0.029807227159168493,0.634740928677051,0.83556008297432,0.3969790870311852,0.2842610357376233
07793624000152,502521.36,9,7,0.22387794873766656,0.16049382716049382,0.2984947744310809,0.8474094713108314,4.466719503365514,0.09452427352727766,0.020576131687242795,0.6003605586252309,0.7898769004802011,0.3193651866381167,0.2959898072675489
07804588000185,5954124.279999999,77,69,0.03833720849059295,0.01568561308821049,0.0685407258580098,0.2558730601437832,26.08431963024581,0.02419510861545461,0.0012104015159782897,0.5363235321805374,0.7537452936473354,0.20705967493718808,0.1632994478865947
07806941000166,34632845.599999994,25,24,0.07769390193566328,0.0432,0.11008024128401392,0.41009990816348046,12.871023015784166,0.037593636802431246,0.0016000000000000046,0.8215100417242103,0.9795826540225925,0.9050828701337175,0.3778678072187277
07821223000169,1760383.8369999998,90,37,0.08060830635774874,0.04074074074074073,0.19079838893112946,0.4756688526673856,12.4056694053574,0.05506964820101953,0.014094650205761304,0.9957089855881012,0.958862880267695,0.9548434798104621,0.9946686964047742
07852676000152,575437.89,7,6,0.21684010219177907,0.18367346938775508,0.3086345252656199,0.8809821855839213,4.611693085790809,0.06020812263013489,0.02040816326530611,0.39791956997810074,0.7115454330136004,0.00017419868604419669,0.00017419868604419669
07854402000100,51720632.98,36,35,0.4336936857517295,0.029320987654320986,0.645319373854268,0.8551760672980071,2.3057748656558856,0.4170376176856039,0.0007716049382716041,0.46273233223026095,0.9819181142646708,0.12008699029284768,0.07110429299091511
07861703000153,7633961.510000001,24,19,0.7038839973003378,0.0625,0.8342638866671467,0.9527506119165643,1.4206886416446167,0.6874331082614675,0.01041666666666667,0.4620110814557379,0.9601285328008355,0.08444152684278962,0.10521673294450118
07868234000102,6708431.72,55,47,0.3664969298258894,0.024793388429752053,0.5941646969613935,0.7670437614590493,2.728535817407985,0.3527251239525392,0.003593244699964055,0.9077956571686755,0.9267063719399411,0.8197606398068278,0.8082570317589195
07900983000161,8018160.32,19,18,0.288533843350452,0.05817174515235456,0.4814071864305153,0.8386891046848013,3.4657979403317487,0.24668289295930215,0.0027700831024930705,0.4202466909698967,0.9260560611646464,0.03698646933339005,0.03586412107682361
07918201000111,1065136.52,6,6,0.2501375534950018,0.16666666666666669,0.3835531993588953,0.9124994794094563,3.997800354355756,0.10016506419400213,3.3306690738754695e-17,0.49262351076567645,0.8090377959235749,0.0981630813829154,0.08375775028365683
08013657000103,836352.1799999999,22,20,0.06265983042085906,0.05371900826446281,0.07419207061790643,0.2925497246865549,15.959187780806799,0.013326137285114793,0.003914745541539799,0.7327666034568491,0.6758415364532234,0.4311824059781843,0.5045228720960444
08036438000131,6118090.92,19,16,0.16145914891496133,0.06925207756232686,0.27810819130487846,0.7130346797788353,6.193517101509611,0.10555642550929208,0.007202216066481985,0.4721881333933088,0.9195413998056294,0.14131713479106878,0.07450737960199627
08046438000112,936939.15,22,14,0.10086843198082747,0.07851239669421484,0.1331996853797816,0.5215755900476567,9.91390448292162,0.03170446521012189,0.007628734901462136,0.45519172365985205,0.703109669772869,0.0903204056593343,0.09607428739170315
08082743000160,6878702.91,45,38,0.2628534371881025,0.04395061728395063,0.44849868650600005,0.8330200845961525,3.8044014592222455,0.24293055711210526,0.01811144477811146,0.46686718136051364,0.9155284285978452,0.11925172231694901,0.09899792743986278
08083086000175,22549237.97,503,140,0.04519317638614443,0.0246671067037141,0.17118095099867361,0.32401274800152374,22.12723424119809,0.03832406254719583,0.017650323298704848,0.6371096453144657,0.876685110479549,0.3816579954244413,0.3805829252431526
08151884000197,1669075.0,5,5,0.9033079814797556,0.20000000000000004,0.9498494675194344,0.9990395877956354,1.1070421390076153,0.8791349768496944,3.469446951953614e-17,0.42238239893264645,0.9375818758835549,0.019894253386178295,0.031013354729888934
08184785000101,1143140.3,223,81,0.08647853221499799,0.01860081642502363,0.18316765667346344,0.5322440123928794,11.563563515553861,0.07505951386768547,0.0063333266303364265,0.8175952690326771,0.7247505940600751,0.5614142076186374,0.5309148230822059
08184821000137,78789742.56899999,868,296,0.1388717953147593,0.012810847544012403,0.32937291751236863,0.5773389124880515,7.2008862399557385,0.13595271665480935,0.009464443637381937,0.8052576352549055,0.9636618426890846,0.6661452865995653,0.5474068871466564
08259606000158,32996549.844399996,496,131,0.05515152334128575,0.02659176638917794,0.1213199567493385,0.38494691293173805,18.131865439361533,0.04788345813621872,0.01910401074601777,0.6500345577660922,0.9621777045871216,0.3707714038655361,0.3645289893378286
08281643000162,10322227.2287,662,189,0.11890514522770837,0.017926086837469535,0.237351876268331,0.5990663509912663,8.410064998322468,0.11421847046828129,0.012702289427030545,0.6454455237972464,0.9408616332834049,0.3880699032338425,0.3880479165154428
08289417000128,593471.2486999999,354,128,0.04309469997147658,0.026141913243320894,0.10499608049504489,0.3304037060422469,23.204709643224753,0.03556001256967718,0.01847373933185098,0.997615182546678,0.9467421492849112,0.9461947911875537,0.9975153439622233
08311485000146,3743796.1199999996,19,18,0.18980459511416545,0.05817174515235456,0.3260931046640435,0.7823251870884464,5.2685763450484995,0.14214604188558694,0.0027700831024930705,0.664786755169961,0.8935860448363028,0.372746077057449,0.30110599987810205
08325807000106,238716.72999999998,10,8,0.1558862390154337,0.14,0.22049451665997602,0.7052154660463053,6.414934418303554,0.03529855887478136,0.017142857142857158,0.7586671452944151,0.6195959208728283,0.4005610071800255,0.5036782188582297
08345495000100,1637905.6542000002,349,104,0.04076436822833797,0.0282345793548493,0.0983395347509632,0.28828266224566285,24.53122772315737,0.03145140092958397,0.01879996362043036,0.9255163423231395,0.9044498451279771,0.8274746287067474,0.8735749367973078
08351513000159,5381544.86,39,34,0.1077290594404425,0.036160420775805384,0.27620542960595146,0.45013318164553956,9.282546466052136,0.08069054609015287,0.006953160799314639,0.6071782276886972,0.8546235415271912,0.39635759023279393,0.22556684409507813
08361788000173,2991985.92,9,9,0.7473565769029638,0.1111111111111111,0.8627102496525118,0.9439703245662332,1.3380493741608421,0.7157761490158342,0.0,0.8166627834742959,0.9390446080483394,0.867916057094009,0.3909208226351106
08418330000103,49494135.24,58,37,0.8371715449738825,0.03864447086801428,0.9145998769449355,0.9560997433440559,1.1944983151944053,0.8326485323342679,0.011940150614348007,0.9199971905317693,0.9848095500258452,0.9341037649012617,0.8645463073846582
08418353000118,257917.0,14,14,0.09310250341976617,0.07142857142857142,0.15508865255101448,0.4815270028730173,10.740849743764189,0.023341157528978956,0.0,0.6018247099296662,0.5735054177683557,0.27692113084982845,0.3057431502653947
08424027000113,116417.0,5,5,0.31562075001367995,0.20000000000000004,0.43292646263002826,0.9918396797718547,3.168359494604385,0.1445259375170999,3.469446951953614e-17,0.4737484203225989,0.5464659934958117,0.10012334326119708,0.1271022407536326
08434600000170,188887.08000000002,8,8,0.37453491458988386,0.125,0.565417179406871,0.923446325709519,2.6699780475606687,0.28518275953129585,0.0,0.8626686801510961,0.7030447267251609,0.3340054820427505,0.4993497471930227
08438054000145,178215.26280000003,177,66,0.04803781934932312,0.032015065913371006,0.11407358539663752,0.3389343766127757,20.816931608159905,0.03339224733931271,0.017122990004345945,0.9976696369680785,0.9369802600963266,0.9362885479656085,0.9975686022499269
08451635000117,7465289.83,31,28,0.19368109593444907,0.03850156087408947,0.36947936688480854,0.7155253783361817,5.163126505327333,0.16381743282091013,0.0028905075731298245,0.5745603046430179,0.9109669054653767,0.2988199929915473,0.22144201798531082
08451643000163,1867159.44,11,11,0.49588390721415365,0.09090909090909091,0.6940314641796204,0.8619271421191541,2.016601033935424,0.445472297935569,0.0,0.39791956997810074,0.8524159877565709,0.00029862631893290864,0.00029862631893290864
08543762000146,181117.934,44,17,0.2240324464210332,0.08367768595041321,0.3967028466656427,0.7869560835427816,4.463639155734878,0.17553447432234776,0.026407541322314036,0.8423198959076087,0.8402561664694241,0.7290004192298604,0.7315452923101202
08565566000172,1091722.0899999999,7,4,0.5347406898515267,0.30612244897959184,0.6874110882926259,1.0000000000000002,1.8700652839372571,0.3796542531353689,0.07482993197278913,0.8844243074243361,0.9029312625670679,0.7807741861980451,0.7896812347169369
08595042000124,11990551.9961,604,169,0.06684433621543608,0.01926450594272181,0.14781459273738834,0.44809067687188664,14.960130605187674,0.061289838216718434,0.013426794668571348,0.6529507765961688,0.9245722709813812,0.3947357253778955,0.36807829248605095
08595187000125,7650811.01,55,52,0.15100238815683392,0.020165289256198343,0.246020992747016,0.6928524248045699,6.622411818820913,0.1343553761599091,0.0009528439474963489,0.5128573989920144,0.9044450837613234,0.15649197471720608,0.17711110604013056
08638248000194,243480.0,11,10,0.1694270760841464,0.10743801652892562,0.2562838836865451,0.753244619681288,5.902244334921694,0.07714119564905154,0.008264462809917352,0.7752408863371746,0.7371702866011354,0.5575924960721996,0.4819139744263623
08663203000170,5906284.25,11,10,0.3606199271551786,0.10743801652892562,0.5749125145813969,0.8432677025322646,2.7730026121648272,0.2895776968390873,0.008264462809917352,0.4402765495457585,0.9309236293903368,0.07765138538984369,0.06914563505586126
08674396000164,1742385.4,5,5,0.28106666047622647,0.20000000000000004,0.44200668807257,0.9196811451702936,3.5578748411698697,0.10133332559528307,3.469446951953614e-17,0.687659254149408,0.8706987551352128,0.39162577226705164,0.25590935270609977
08677428000185,647157.12,16,15,0.2598571057101691,0.0703125,0.42329133302280597,0.906388853451848,3.8482688293902076,0.20698975611803835,0.003906250000000001,0.9078000434460166,0.876334286234771,0.7670968905503692,0.6960429818879961
08677960000100,11862408.770000001,17,17,0.7702033446653258,0.058823529411764705,0.8765880220126658,0.9380857780034165,1.2983584230402518,0.7558410537069087,0.0,0.4169724673434154,0.9648591496888045,0.029329562636561807,0.028360580753551724
08678243000195,1065959.3399999999,22,21,0.10577236481982297,0.049586776859504134,0.18537292426182034,0.6061206799876625,9.454265314985076,0.061060983060814124,0.0020661157024793432,0.6123569613061748,0.7439237903811761,0.29608073946303265,0.31320906978615914
08682079000190,923251.45,14,13,0.17128486474879126,0.0816326530612245,0.2978603499620824,0.7391234099876042,5.838227454986252,0.10222527014452386,0.005102040816326534,0.7376706864130295,0.8105456082405758,0.5616572384095176,0.3792606343847403
08690876000119,112223.8,13,5,0.4172164820350375,0.32544378698224846,0.5934570028817416,0.9936394953655107,2.396837236923974,0.2715206025437968,0.15680473372781056,0.9395728964998316,0.6333805774608885,0.41080819211792174,0.9033587041776245
08692266000154,901553.6590000001,451,128,0.14348537463532257,0.02341679736087826,0.36015604479954755,0.4948068287968648,6.969351423736148,0.1367411649867818,0.015727165844034784,0.9781314992339292,0.9280088175422716,0.9231689071090176,0.9679913924491399
08712299000119,314285.69,18,11,0.21323115156217579,0.13580246913580252,0.3818182113223163,0.7626813998435628,4.689746280849641,0.13455426671839338,0.04938271604938277,0.5460284994725803,0.6094367387080001,0.14963137923544703,0.1533005242775144
08715618000140,46371284.66,170,130,0.2532680608623293,0.009826989619377162,0.4890957877551284,0.646138837206845,3.94838574037007,0.2474794411790915,0.0021512298489847364,0.5249715422102507,0.9520392144523687,0.19006490392707426,0.19863981702521055
08774605000141,42350.0,5,5,0.5863363855206722,0.20000000000000004,0.755608028335301,0.9574970484061393,1.7055056187788697,0.48292048190084025,3.469446951953614e-17,0.49336126427641824,0.4949880784518722,0.12132610887203397,0.13561768756283082
08806026000133,76285.81,39,23,0.21514074028142346,0.06508875739644969,0.39056411670794344,0.7265741820136667,4.648120103574572,0.17946531938512453,0.02259279182356104,0.9737108089534979,0.6551525364505307,0.541072484141955,0.960019158837297
08806043000170,36064.14,68,35,0.06318945112804729,0.041955017301038074,0.15361492052770426,0.40483510767205316,15.825426272078184,0.03563619969063692,0.013777223692245077,0.9952130277464712,0.7762549231002615,0.7738267588742771,0.9949850425474515
08806721000103,35317523.620000005,11,10,0.3480035595567482,0.10743801652892562,0.47828575388661404,0.9184600718050003,2.873533826130109,0.2755595106186091,0.008264462809917352,0.3979195699781007,0.9835897361444198,0.00027374079235516614,0.00027374079235516614
08857731000160,2309523.0163000003,380,127,0.06307741689088743,0.0239612188365651,0.17960418539778636,0.39236087434700484,15.853534423101376,0.05564152337414844,0.016214879303521966,0.9923496700889662,0.9599093713918527,0.9584233092425107,0.9916158029632844
08858200000191,1349458.6168,1016,159,0.03723218178650857,0.027535805071610138,0.08709864958935583,0.29161040086812984,26.85848510662245,0.031138714582625713,0.02138096839484818,0.9574621068447763,0.9154681079174093,0.875243510315816,0.9304170617571567
08931506000126,17391163.729999997,179,159,0.053952042148930415,0.007147092787366187,0.20113662629522033,0.32374556915289304,18.534979588716546,0.04796439684607554,0.0008632136277925547,0.5016584787080622,0.8321384369666479,0.13630833156664338,0.16309297830539465
08948407000157,377117.84,6,5,0.6486430157255358,0.22222222222222227,0.7955073141063812,0.992570385956814,1.5416800547547034,0.5608037696569198,0.027777777777777818,0.4214328312616022,0.7793031767858576,0.030785070584604748,0.03945582711503027
08971900000198,465102.8507999999,270,85,0.05151306158069316,0.029519890260631003,0.13932557043789248,0.3693368352925176,19.4125522598485,0.040221550409034745,0.01796655562087661,0.9953430058401087,0.9130833515899286,0.9041643411582884,0.9950579467879141
08999257000100,9853317.7579,581,178,0.28538570520770407,0.014104117478026194,0.4836580264225318,0.7438790101560824,3.5040297455410347,0.28134833631057243,0.008534084243438772,0.5702071163617114,0.9593697345376996,0.26264452317844955,0.28721359096331933
09008389000196,238779.27000000002,14,12,0.17907709974008382,0.10204081632653063,0.2784739227990771,0.7894887608962033,5.584186930944384,0.10444774517100054,0.020408163265306145,0.5802327920267244,0.6111793246303087,0.2562246700499404,0.26430754082272523
09075910000108,94702.06,8,7,0.2159733878563435,0.15625,0.2888756590933714,0.8620621346568386,4.630200090509106,0.08530228583240076,0.015625000000000007,0.47269954034720163,0.4044421444111969,0.058872676973229884,0.06619295565390655
09097711000109,41245400.0,42,40,0.1502381980427501,0.02607709750566893,0.3442808167698701,0.592453946379475,6.6560968716853965,0.1284494338900001,0.0011047153904296713,0.45871968984083894,0.9537040803611991,0.10868829894049872,0.05675073146460137
09105181000195,10134344.16,9,8,0.30468206943758186,0.13580246913580246,0.40511510909651205,0.9417771499877698,3.2821097803553654,0.20535093650009356,0.01234567901234567,0.6035816357233962,0.9672980262934711,0.4277869116335266,0.1852481058785827
09129733000103,48065662.44,36,35,0.05107106918502536,0.029320987654320986,0.07931633117007345,0.2954900874970652,19.58055736755971,0.023161394749290812,0.0007716049382716041,0.7518959327421539,0.9712035881320874,0.7220118237627917,0.31845982928532407
09149617000148,239540.12,13,12,0.16294367728194387,0.08875739644970415,0.27135997093096553,0.738825713204118,6.137089923837211,0.08684764794393877,0.005917159763313625,0.701879841727724,0.6990315622771932,0.4101072636663248,0.4640991206103706
09240588000125,3666684.2247,323,116,0.12039571446441083,0.01988900497464751,0.307791697031761,0.5335203453905432,8.305943483524919,0.11274698154671005,0.011366300670079228,0.9883567209414961,0.9586344519029536,0.9474524712819749,0.9818851902726976
09281224000193,190507.8,5,5,0.36337087965258896,0.20000000000000004,0.4256056707389409,0.956915149930869,2.7520091894982843,0.20421359956573618,3.469446951953614e-17,0.39791956997810074,0.5986344418423277,0.00014931315946645432,0.00014931315946645432
09290533000120,19509368.4,35,35,0.042190310655903535,0.028571428571428567,0.050676453472476325,0.19592833153942593,23.702124598129114,0.014019437439900698,0.0,0.4289161885669659,0.9118320317473279,0.055837019078609045,0.028189703189407174
09297907000139,48295.56999999999,10,10,0.14955154418608757,0.10000000000000003,0.2117171409303172,0.706607251969487,6.686657803785002,0.05505727131787507,3.0839528461809905e-17,0.8080069522610936,0.5161567478137837,0.4309282327798698,0.6152215143990399
09328892000129,4252126.6,16,16,0.132443020304845,0.0625,0.30425048962559115,0.5348739146195695,7.550416758076742,0.074605888325168,0.0,0.4203619516088974,0.8482330486790489,0.03742091139932579,0.02021120300322739
09332615000190,5288351.8,195,72,0.14972556808575352,0.03190006574621959,0.3411650412516051,0.6163808996216931,6.678885996460284,0.1377498718616092,0.01826485540461705,0.5436988177862788,0.8561208810750311,0.1911605176782749,0.2235877111186721
09356616000174,6728465.23,71,40,0.3729138118670198,0.037492560999801625,0.5896978752760829,0.8245646176877102,2.681584774222838,0.356834678837969,0.012812883076719614,0.41051875988284353,0.8968932299542788,0.01400841428749275,0.019094266883687462
09362501000192,70780.0,10,10,0.13411459009091048,0.10000000000000003,0.18366770274088726,0.6640293868324384,7.456310303913566,0.037905100101011634,3.0839528461809905e-17,0.572176282404134,0.38778578836870037,0.20322741723196217,0.22748321833721422
09403680000169,708852.2999999999,97,69,0.03734313234467668,0.01966202572005527,0.08394628895187334,0.2971080012013786,26.778685589896735,0.023186413702686624,0.005245290804173728,0.43091232471788093,0.4104467246855575,0.03108016910359749,0.03373649306458802
09436466000109,5477186.96,7,6,0.505577762929214,0.18367346938775508,0.584188712813265,0.9966241795039986,1.9779350939135552,0.4066933155150568,0.02040816326530611,0.40229108647995393,0.9669690670191833,0.004168646871947524,0.00661065504243092
09509569000151,18199982.91,39,37,0.7173528681712057,0.02958579881656804,0.8444864462787565,0.941183240374812,1.3940140820087121,0.7095015589537391,0.0026298487836949273,0.8749213292900369,0.971140354131237,0.8918432087202057,0.7709837237217018
09522642000125,1619855.7156,509,147,0.1636888507117127,0.022722623426650355,0.3704033601398616,0.6224147251451658,6.109151574172824,0.15796069215494363,0.016028942765189055,0.9484793559520864,0.8896207887724575,0.8433362175235585,0.8196245642187208
09579148000105,3083185.0799999996,88,39,0.11136909104819026,0.037190082644628114,0.19460395157335153,0.6032482487233624,8.979152030317751,0.0879840671284058,0.011852979556328856,0.7168535840196618,0.845518111149925,0.5261795037863284,0.42197963034808333
09626556000162,29922.129999999997,10,9,0.18461971608422653,0.12000000000000002,0.32816781425653857,0.7435794176417254,5.416539583149308,0.08269718059475487,0.010000000000000033,0.7516175017504038,0.43481622275221776,0.3622675167056503,0.5844249692680252
09664082000143,10709614.55,17,17,0.12364670763854829,0.058823529411764705,0.22850763195767862,0.588125799541497,8.087558650758918,0.06887462686595756,0.0,0.45250237429960916,0.9264268955034765,0.0724184359576988,0.09239873357578754
09688688000119,90793.97,14,12,0.17588333185711047,0.09183673469387757,0.3167435017986327,0.732584663937484,5.685587084581789,0.10096363475321143,0.009276437847866446,0.9038031456967575,0.6545301795095048,0.5933943560616726,0.7517232373337086
10157678000136,24691.26,12,9,0.3444324627688145,0.13888888888888887,0.5508017816830733,0.883753603501806,2.903326800154743,0.26248652061491634,0.031249999999999983,0.9863687075372878,0.8042288828737736,0.7977495573743233,0.9855304820369016
10237604000100,3632010.8499999996,16,16,0.313351493742401,0.0625,0.5302847594742179,0.8145431724137058,3.1913043976808892,0.2675749266585611,0.0,0.6708192531267005,0.8843300731532505,0.5187005725626441,0.25652144377448255
10277035000126,1062059.44,12,12,0.3527878988149092,0.08333333333333334,0.494134301936999,0.9197849133566385,2.834564346904234,0.29395043507081003,1.5139404881252137e-17,0.6872741771585689,0.8257880777551126,0.3014627448890886,0.2798516526408922
10295311000189,439154.0,12,10,0.1411827984970935,0.11111111111111112,0.2631081579582561,0.6327506979328436,7.083015853525433,0.04575866499677055,0.012345679012345682,0.730056366789271,0.6482509623858063,0.330784585204366,0.2934201594909372
10298905000143,182185.08000000002,10,7,0.6158540887923151,0.16000000000000006,0.7729776774256157,0.9799649894491907,1.6237612418243288,0.5518297702577009,0.020000000000000077,0.8970050609171477,0.7956719903846072,0.6751474529388624,0.8400882565977277
10316445000139,2190304.29,16,14,0.15900666329997923,0.078125,0.3216863077960734,0.673516705754158,6.289044617667483,0.09431486816920841,0.007211538461538465,0.5407429700459276,0.8461361841112849,0.25413999626075956,0.21554365604685002
10319517000100,354062.5,5,5,0.27947856529112586,0.20000000000000004,0.40670785525154457,0.983053839364519,3.5780919333056005,0.09934820661390731,3.469446951953614e-17,0.801454166966113,0.8216792691834683,0.6360486334792874,0.6617315687642669
10324957000147,729558.7938000001,371,117,0.16899921451760044,0.02447671841965694,0.34346169510869107,0.6473571616346955,5.91718726536362,0.16183541464275217,0.01606703495775743,0.8231927079644878,0.8573874011993899,0.6559930664229612,0.6971920976190421
10377912000130,5292702.8857,590,158,0.21254532649177693,0.01864981327204826,0.3870423192533073,0.7187252113240232,4.704878796940701,0.20752969162866722,0.01239917514002309,0.9376141310288295,0.9635361279282851,0.9482403980843441,0.7625923739670595
10391817000191,2000752.9931,933,157,0.1656041162938834,0.02777404424409728,0.3083504071355224,0.6273831369134241,6.038497244992303,0.1602554247316647,0.021541826578995334,0.6603991001375414,0.9123868628156371,0.40432899744869266,0.436735110807652
10396929000135,2791168.2311,471,166,0.035974470477256125,0.01418583580131716,0.07342268291697883,0.25625936553387707,27.797490462916546,0.030131891510451616,0.008211204503143324,0.9959246396948189,0.9477693676705365,0.9455563008853961,0.9957318401694473
10411736000106,1556357.0,14,14,0.10192529384968912,0.07142857142857142,0.18443069295797815,0.48170182034070586,9.811107353535974,0.03284262414581906,0.0,0.5010925563987723,0.7726160242507265,0.13541611489886704,0.15263625112023155
10414835000141,21083010.36,9,8,0.41901694329217276,0.13580246913580246,0.5356809586086073,0.988171233816156,2.386538339340418,0.33601936376248315,0.01234567901234567,0.7044408878572109,0.9849109967755096,0.5312556949433487,0.5158150877271768
10422587000180,2753.3,5,5,0.22439770287627253,0.20000000000000004,0.33414448116805284,0.8619838012566737,4.456373604463214,0.03049712859534065,3.469446951953614e-17,0.9983403587170248,0.9816982493611868,0.9816982493611867,0.9982759209933366
10423151000106,34324.74,13,10,0.16809958084188822,0.12426035502958582,0.2549764397341393,0.7257593211194026,5.948854809701066,0.07566620093543135,0.02695595003287313,0.987447869456254,0.7966403858864586,0.7888898948561303,0.9859408775224194
10429180000185,607056.129,230,77,0.34570322330504233,0.034555765595463146,0.5765529467210108,0.7360293944087665,2.892654544668847,0.337094055190635,0.021852551984877133,0.6449943778436731,0.8707451289387802,0.3676567300118959,0.40988683539718995
10429253000139,6146168.29,5,4,0.9069596554748808,0.28,0.9517748317301608,1.0,1.1025848768062385,0.8759462072998411,0.040000000000000036,0.9522572608095756,0.984899197500333,0.966101073898431,0.9249220324724315
10432684000154,6369352.209999999,20,18,0.3730560449725696,0.06500000000000002,0.5934119947183766,0.8123589463111195,2.680562380576165,0.33617698879448543,0.010000000000000021,0.47041007562501763,0.9244272818813325,0.109142781769203,0.10774653745573254
10441099000110,322373.71339999995,228,107,0.0362745505352908,0.019659895352416124,0.09146147522088877,0.283547763358053,27.567536612951816,0.027182801012038824,0.010411403799137032,0.9972416329297945,0.9248907523361621,0.9241411614281737,0.9971541524931335
10455823000165,29408554.9631,579,162,0.1857720817773409,0.023275792638728556,0.40821003327307137,0.5904248114804237,5.382940162120596,0.18071476551508836,0.017209182655118175,0.6976177606770219,0.9510365050407469,0.5134973052068245,0.4910372406317646
10459525000143,24379660.268,593,213,0.13458531970564822,0.013658506067129435,0.23143288331240006,0.6863204690330428,7.430230891356515,0.13050317498727862,0.00900595185046495,0.6878125064030145,0.9627760734030015,0.40516533701530355,0.4040970406066966
10465435000165,233915.78140000004,194,77,0.05093829716122774,0.028961632479540856,0.14214010102697586,0.35105064014291426,19.631594610138663,0.03845064317650705,0.016184811854271657,0.9979468842654717,0.9579416995152867,0.9577440333485222,0.9976895532528984
10465644000109,7226521.03,300,67,0.04492034382695498,0.0766,0.09963300418154321,0.314200981436845,22.261628358239285,0.030449439945545206,0.0626090909090909,0.4987632046245958,0.8249669391636523,0.10492611367450778,0.14166168328311818
10467921000112,31028663.700400002,11,11,0.6689479081056072,0.09090909090909091,0.81215101763068,0.9594861998396729,1.4948847105776872,0.635842698916168,0.0,0.4013543723634,0.985860243588799,0.005969606327255788,0.005835980863315251
10469199000155,20836940.1534,445,160,0.07415150171433113,0.015225350334553722,0.152478126663985,0.42649809111007625,13.485903547206675,0.06832855518423257,0.009031799078796197,0.4765113235056685,0.9398467151091053,0.14056774267968702,0.10640595893657939
10472663000162,26298806.0,57,37,0.7039028946908097,0.031086488150200067,0.8382129591738879,0.8851618586790594,1.4206505010030557,0.6956779750988877,0.004172223932150066,0.7942913129374177,0.962704228140103,0.5498545156202606,0.3559381383446721
10476288000129,14300260.680000002,268,140,0.01779877186802893,0.008520828692359102,0.056369601788266145,0.14867561141549765,56.18365173814331,0.010732575982187414,0.0013878850138868653,0.5315468361575951,0.7741751513331646,0.19646867051833494,0.12297920588055797
10478051000187,837367.7412,274,99,0.14555021243942928,0.02322979380894027,0.28183555251578873,0.5933174761282529,6.870481212221865,0.13683133705615813,0.013262750888623333,0.9045659687442847,0.9043447944692341,0.8828306342943276,0.6555422835237105
10479670000196,2717637.3977999995,645,142,0.06396723139393443,0.026265248482663303,0.15263257722895324,0.423253295355428,15.633004246215089,0.057328701120132546,0.01935932825913609,0.9941917278966965,0.9640872824866621,0.9625863115862899,0.9931277123120162
10480867000145,4515555.0,27,24,0.19941019162899729,0.04526748971193415,0.4049565025783099,0.6811122375876277,5.014788822130517,0.1646019390911276,0.003757380568974769,0.7105520710884105,0.8766205357962245,0.5215923096585107,0.4940174350448156
10481963000108,882179.218,193,83,0.2111409514007424,0.02783967354828317,0.40683343324916094,0.7540108477141659,4.736172653224503,0.20152071910075145,0.01598405981106711,0.8923801600082998,0.9106669642479698,0.8027002164640722,0.8029874892850718
10485444000118,3534735.7399999998,19,14,0.7708239392668785,0.11357340720221606,0.8769486230390733,0.9306466683701792,1.2973131075185445,0.7531950115181769,0.04538674621777115,0.8907192174979912,0.941810079589531,0.8723234868597601,0.8260592318242448
10491693000116,2640604.2,11,11,0.611348493085446,0.09090909090909091,0.7721717628109506,0.9692971782745782,1.635728248798077,0.5724833423939906,0.0,0.7674532282641426,0.9177119719409337,0.5569313177932416,0.33251664891519944
10496025000181,6241781.209999999,58,50,0.046959513512014085,0.023186682520808556,0.09666519054422287,0.31967845441349585,21.294939517296335,0.027509707665320494,0.003251716857967914,0.5925303940418049,0.822032252660713,0.33322299140291367,0.24860072690934337
10496698000131,696329.2694999998,561,108,0.0693830649294414,0.030506385020383133,0.20385470813531556,0.4148716306402513,14.412738915712973,0.060685710396071686,0.021445697029919424,0.9960538026498124,0.9587778682806967,0.9583385777460947,0.9959558275104137
10502372000170,3540726.96,13,12,0.22292367185214912,0.08875739644970415,0.42759580648376233,0.6922307276695518,4.485840340290265,0.15228036929325361,0.005917159763313625,0.5135451500438452,0.8978429945390612,0.17419759559482864,0.17966605869323074
10518108000124,206331.9,13,13,0.328833368763175,0.07692307692307694,0.42165074813928427,0.9043681563539132,3.041053904478282,0.2729028161601062,1.5034270125132327e-17,0.9111684426230857,0.7796739552275338,0.6271601735674612,0.684201095530766
10519243000194,309856.0,5,5,0.48983504361576014,0.20000000000000004,0.6202235877310751,0.9900728080140453,2.0415035898991887,0.3622938045197001,3.469446951953614e-17,0.4149056188070043,0.7346769255851464,0.018866829747264616,0.028610041542047136
10532003000120,1274672.3436000003,602,167,0.03866673718688331,0.019492058586549815,0.1319539102299544,0.29192318392119226,25.862021798395347,0.03287557295306935,0.013585384240685658,0.9959245995332269,0.9333732186130677,0.9315800595939494,0.9957341831433668
10540697000147,3375236.1780000003,554,138,0.28512720060544344,0.028750537606380897,0.5245558848711772,0.6539191305740976,3.5072066006911466,0.27990915097482627,0.0216611254721209,0.6669343696992672,0.9398463469624754,0.4216119192787837,0.4226710036239488
10547985000123,2174217.6,9,9,0.6830374045594293,0.1111111111111111,0.8214449188526484,0.9504108512413844,1.4640486645749906,0.643417080129358,0.0,0.4144026424100209,0.9108059514387642,0.022051673160443343,0.02799368721411455
10551277000166,8780842.4821,32,25,0.26790152729417643,0.0625,0.3614779158686031,0.9032145669584144,3.7327148154027627,0.23739742426476712,0.0234375,0.7586756950653973,0.9550698655305773,0.6015655740159167,0.6045124314608836
10552903000139,5314131.8576,241,103,0.16299762245911084,0.02336392279747249,0.3750133330150434,0.5664585261833343,6.135058811982717,0.15479171679694526,0.013789059295486926,0.6798458574641906,0.9171030156069767,0.44199335520554534,0.44876976895315557
10554621000170,1302483.29,5,3,0.4706119778464937,0.44000000000000006,0.5663667976884371,0.9999999999999999,2.124892792945836,0.20591796676974058,0.1600000000000001,0.7197214494530758,0.9402015351614312,0.5658635864923087,0.5432985545617097
10559279000100,10406848.6,28,27,0.2707239472063666,0.03826530612244898,0.42164540377766235,0.8511185326555054,3.6937995708141886,0.24267486825276532,0.0012755102040816356,0.4767428618012256,0.943795640834764,0.11705029713108256,0.1182477499976339
10564533000150,3131515.23,184,61,0.06106245547893462,0.03189981096408316,0.1285582123769521,0.40684523191669103,16.37667519520208,0.04541349640358354,0.015764807813484546,0.5665961792911618,0.7736602792186615,0.24795411086225858,0.26761353313769
10565436000181,1159754.1948,519,112,0.05044284729705913,0.02639951589131314,0.15019625260337105,0.35436819797049635,19.824416217248327,0.041888278353789395,0.01762834035880245,0.9870187658051713,0.9387671643399258,0.9311788436779991,0.9807091517604108
10568451000183,1842037.4361999999,443,141,0.04443951506912839,0.01902175297708523,0.1038763904791915,0.3572629345457816,22.5024957730623,0.037614083033907876,0.012014765498350127,0.9214094773156486,0.8957299900395543,0.7968632553061691,0.8710417543084348
10573381000151,27224.2,8,7,0.17934205069639467,0.15625,0.2556548952769962,0.7970482144562558,5.575937133075858,0.04256572581246045,0.015625000000000007,0.7129664204659594,0.36558845110933735,0.25654758915842785,0.43781187823981416
10574092000177,2616463.0,5,5,0.22149232001316818,0.20000000000000004,0.2866465147796854,0.8601165007875136,4.51482922721902,0.026865400016460213,3.469446951953614e-17,0.39791956997810074,0.8986501116474688,0.00014931315946645432,0.00014931315946645432
10589926000118,231763.1,12,6,0.8236179555832108,0.22222222222222224,0.9060976488491912,0.9848202755313507,1.214155171364485,0.788341546699853,0.0666666666666667,0.44992633567334245,0.7629930793546986,0.03306155697304472,0.0864210076241316
10589928000107,3093302.37,27,26,0.08756706920147218,0.03978052126200274,0.15614380109888837,0.4864946843201753,11.419818079091174,0.05106975196953107,0.0013717421124828455,0.6193651542118473,0.8484390083498325,0.38851223186010436,0.3096996723931585
10593919000190,12990137.76,279,103,0.06742783650110104,0.026245808764018955,0.18560234268062142,0.4174892599445381,14.830670119212128,0.05828497215307262,0.01669919904601914,0.6552522316258301,0.8787060004028356,0.439721686625133,0.2872218405614323
10594533000100,9330853.2587,507,163,0.08588699191865311,0.017097907402868713,0.19101215940119884,0.49804731691252224,11.643206702909547,0.08024431902926207,0.011030610534985188,0.7621253277712198,0.9122242756579125,0.6106577349862625,0.5261775101938049
10596772000191,1415039.4749999999,97,30,0.4135802144315896,0.05856095227973214,0.4946858461316071,0.9337591447758021,2.4179106376603765,0.3933588425154375,0.026097536841102213,0.9341279207320957,0.9547888882761524,0.5844279234202026,0.7483925713909511
10606509000136,3975548.19,21,16,0.3451231764056023,0.07029478458049886,0.5638119355811406,0.800837544368944,2.8975162155576615,0.30146472149930914,0.008314436885865447,0.40078338807822134,0.8847378817759254,0.0039517333725990434,0.0051381837781951925
10606542000166,99700.0,6,6,0.244443460773494,0.16666666666666669,0.3510531594784353,0.884653961885657,4.090925553237112,0.0933321529281928,3.3306690738754695e-17,0.4570178283207177,0.42486365626842704,0.031989508242026496,0.09122367600512067
10624466000111,1882749.577,153,56,0.753638063246708,0.03233798966209577,0.8668173505052392,0.928066404234279,1.3268968869379463,0.749158755305739,0.014744134928679332,0.4716425295340475,0.9492914730242871,0.11661183861030444,0.12269459539739716
10624592000176,547541.25,5,4,0.5279279326628274,0.28,0.6989378425826365,1.0,1.8941979352296776,0.37057057688376993,0.040000000000000036,0.46766331959098095,0.8108163615818016,0.05952239176630567,0.07226739970705164
10628610000198,4434727.59,66,62,0.10813456292076189,0.016988062442607907,0.204262602745347,0.5766737523555534,9.247737013860899,0.09351381805061044,0.0008731126465850861,0.6939108676374353,0.8524751450915292,0.4562934178777304,0.4658820011557092
10631880000158,725714.3001,502,95,0.06107906980615763,0.03558673671846477,0.1693421777455202,0.3843029822639153,16.372220519625298,0.05109054927218059,0.025327021151639928,0.9984577270822419,0.9650074678424527,0.9646436874344323,0.998448181064129
10635089000116,27422106.560000002,5,5,0.7029385894695589,0.20000000000000004,0.8263464541069889,0.9997569180184821,1.4225993777843455,0.6286732368369485,3.469446951953614e-17,0.7705181804553358,0.9926351531398478,0.7691136104130191,0.3291576398753619
10687065000100,920179.1900000001,7,7,0.30347425467478867,0.14285714285714285,0.46295330803992646,0.8669894393069246,3.29517243916334,0.18738663045392012,0.0,0.5138736492683647,0.8475163267629067,0.19306933333094803,0.16993432635378752
10698251000145,4027322.437,54,37,0.22176040442175182,0.042524005486968455,0.4065475773575365,0.755837390131472,4.509371285678955,0.2001426378779116,0.015927450083828686,0.5198510105307852,0.8866188738477614,0.16080918961106425,0.12142259200066734
10700103000118,5297663.08,5,3,0.6327263449275409,0.3600000000000001,0.7800104041346472,1.0,1.5804620876257633,0.4490895173913113,0.04000000000000017,0.9734430838685757,0.9925199190500327,0.9900897588928522,0.9687555005997585
10701551000136,3032184.1499999994,178,60,0.33139324686208393,0.04835248074738037,0.5656643446276177,0.7090628252245169,3.0175629994541513,0.3200609290122888,0.03222286177699699,0.8266280575957892,0.8451153453861214,0.6867953993367637,0.7007884635823732
10711980000194,2861358.71,28,15,0.4151702430649936,0.1632653061224489,0.595381485741786,0.9138050153802632,2.4086504673781572,0.37339668899820744,0.1034985422740524,0.43566338774348207,0.9127204585652979,0.06183177413313037,0.05310205656658188
10714485000139,755346.3705000001,469,106,0.05500840533337107,0.030328103618368712,0.1236240930610257,0.3789711093872265,18.179039983792187,0.04600848538416508,0.021093133176638895,0.9980285642272981,0.9546571456042251,0.9538682042316796,0.9977086385898555
10721741000115,778752.88,5,4,0.5326612298383908,0.28,0.7011210025958428,1.0,1.8773658452735513,0.3768816397845211,0.040000000000000036,0.4054897495016897,0.8454518345807303,0.01283047358236602,0.0127950812492477
10721783000156,1219740.7799999998,10,9,0.22813730978576313,0.12000000000000002,0.40758864354768887,0.7881649328802469,4.383325116523333,0.13165447350898354,0.010000000000000033,0.7316277245310353,0.8595510962961554,0.5549596961771297,0.5458588665779277
10721828000192,2725288.42,6,6,0.6791075216053781,0.16666666666666669,0.8142257471596346,0.9996924875936617,1.4725208721529799,0.6149290259264538,3.3306690738754695e-17,0.8444666381234655,0.9662663366428981,0.9194378806966088,0.45761530633050446
10732371000111,789297.73,10,9,0.15933935077615513,0.12000000000000002,0.30029952068910676,0.6597953601108165,6.275913609092276,0.05425676962317453,0.010000000000000033,0.7944343105811432,0.7800544253653187,0.33420005442195155,0.47031689394583504
10740545000198,78193.27,5,5,0.26996566901209684,0.20000000000000004,0.38366473227171594,0.9596733836556521,3.704174696209951,0.08745708626512104,3.469446951953614e-17,0.6234842609819913,0.5256845106550505,0.2568730532507545,0.3771688816382958
10751888000158,21929.9,8,6,0.7209860505197541,0.1875,0.8443266955161673,0.9803966274356016,1.3869893866588774,0.6651832606237049,0.02500000000000001,0.4254995679557845,0.33667174803672406,0.006316237011941612,0.03312672515415904
10759024000182,151657.7,29,20,0.12834111401419748,0.06539833531510107,0.22294041120233263,0.6192269169320122,7.791735389560176,0.08246433054126051,0.016208774015895863,0.8489101785806156,0.5319013829060548,0.36398893696117707,0.5008530726585481
10769869000159,5174906.78,26,19,0.17381035554111496,0.06213017751479291,0.3361746547248915,0.6891358398537182,5.753397125773955,0.12791093084895466,0.010026298487836965,0.5315041104731797,0.9105035097191579,0.1675039568703897,0.15353341223659248
10778201000178,94485.95999999999,10,10,0.6867224413405918,0.10000000000000003,0.8255194740043919,0.9276932784511054,1.4561924000151216,0.6519138237117686,3.0839528461809905e-17,0.9752740843152742,0.9056373431103637,0.8986761434033439,0.9722628464748737
10778974000154,720780.8065999999,59,29,0.32616340034233615,0.060040218328066663,0.5047304210500324,0.8669750835177136,3.065947923496061,0.30209780749741955,0.026470226125497615,0.5844277416542155,0.8249757886285336,0.3150894602479141,0.21049382931034288
10788473000159,3389564.0326,331,118,0.4726168788697161,0.020618650797272743,0.6829212895041268,0.7844216189538995,2.1158787269543646,0.46810933082586753,0.01224787003485627,0.8945526481706554,0.9679227645743208,0.9521459120876772,0.5865630960122901
10817032000138,702049.29,8,8,0.45666730069656114,0.125,0.6409806354194874,0.9389643994939443,2.1897779816393372,0.3790483436532127,0.0,0.8439826190363395,0.8997942524569974,0.7333727249713351,0.7318064025671009
10836939000144,2471279.42,21,21,0.34539321590097943,0.0476190476190476,0.5665081773715415,0.7882880358385375,2.8952508444366476,0.31266287669602844,0.0,0.45218858752507074,0.8357278145020436,0.04243584636377147,0.0483459043629434
10839115000128,699666.99,21,21,0.1297440397152232,0.0476190476190476,0.30871829468473283,0.5371126626968639,7.7074831506319095,0.08623124170098435,0.0,0.6079401199884081,0.6802496697907806,0.24300001101328517,0.32932862326699813
10863375000139,92021.12,31,29,0.23529956547233016,0.03850156087408948,0.46401304396208176,0.6383860574615914,4.249901600934296,0.20798883566777052,0.00416233090530696,0.9231384469322031,0.7431885258201731,0.7041260349932525,0.7135356902195896
10870672000101,96641.41,6,6,0.2785566193350004,0.16666666666666669,0.3725111212677878,0.9306839583569817,3.5899344355460117,0.1342679432020005,3.3306690738754695e-17,0.9453863235172444,0.737452401676804,0.7091019404543815,0.9116036774314289
10873273000102,282398.0,5,5,0.5087424648983693,0.20000000000000004,0.6901606951890594,0.9776981423381186,1.9656310785846598,0.38592808112296156,3.469446951953614e-17,0.39791956997810074,0.6837831888933538,0.00014931315946645432,0.00014931315946645432
10906131000196,1480603.52,18,18,0.27643527818409025,0.05555555555555555,0.4639999775226794,0.802638913083227,3.617483291456225,0.23387264748903674,0.0,0.6117752619767002,0.8322633191325771,0.2927552374838079,0.33004621362307457
10936853000193,7561361.16,9,8,0.32769926911968794,0.13580246913580246,0.39675396221915155,0.9834208210205371,3.0515783653907476,0.23165630756535766,0.01234567901234567,0.8485976552515215,0.9721138235885567,0.9205917569679181,0.40465796373317775
10971858000157,1652862.9334,542,145,0.04214779370520858,0.022998052858757372,0.09401129207995584,0.3119544358946661,23.726034320900194,0.03549604227260587,0.016213317114720967,0.9955898364457103,0.9333287840924379,0.9290280592868938,0.9953114913251147
11046759000121,1079150.0,5,5,0.20367468026235017,0.20000000000000004,0.22225825881480796,0.8332020571746283,4.909790449710861,0.004593350327937694,3.469446951953614e-17,0.5195701185379853,0.8190217023191719,0.18211709387523964,0.20413246935108095
11065186000183,4577640.0600000005,17,17,0.43784682597755203,0.058823529411764705,0.5786824576155076,0.9701580490799881,2.2839037322409848,0.402712252601149,0.0,0.8793651758808634,0.9629863669357857,0.9367423765255711,0.5875051096776557
11084263000142,18147989.410000004,112,100,0.0262059234686421,0.011160714285714284,0.057542546251684194,0.20214673631992164,38.15931162267935,0.016369619665295054,0.0011724386724386708,0.5330656491560869,0.865428928551424,0.18161657086646274,0.19577415960916034
11111771000172,7769221.26,396,134,0.14266855797472627,0.020724926027956333,0.31354493822203233,0.5654320996902591,7.009252873903372,0.13622245690686707,0.013361955546963523,0.4939702135462166,0.8199064411563461,0.13206714243232015,0.14456691317890005
11112312000103,7064525.170000001,13,13,0.50839739665742,0.07692307692307694,0.7071601232613345,0.8197647457741309,1.9669652255789243,0.4674305130455383,1.5034270125132327e-17,0.8122530657918721,0.9363502947883673,0.7130554683493615,0.6942645667653
11124654000143,104568.8,8,8,0.1631034820457793,0.125,0.2295139659248265,0.7234471467588802,6.131076954686495,0.04354683662374776,0.0,0.39791956997810074,0.3557961345617003,0.00022396973919968147,0.00022396973919968147
11135974000107,3202006.76,8,7,0.4536454274295345,0.15625,0.6354742018096177,0.9569683700480383,2.2043647737534657,0.36258633200112356,0.015625000000000007,0.39791956997810074,0.9191744610971585,0.0001990842126219391,0.0001990842126219391
11136549000124,36644446.59,20,19,0.06833105158486857,0.055000000000000014,0.0714141198332121,0.2856564793328484,14.634635013014243,0.01657166556180572,0.002500000000000018,0.4755310593266554,0.9693331302403103,0.1499084779144718,0.0742147887984902
11145615000122,425579.61000000004,5,5,0.33351683073851696,0.20000000000000004,0.518821848631329,0.9492042628640033,2.9983494319781947,0.16689603842314618,3.469446951953614e-17,0.7672984538626206,0.7815143924807344,0.5614066921765911,0.584017887696282
11148262000114,20971322.7142,377,125,0.8598240101812559,0.025842720345601533,0.9271581132473992,0.9419850211843726,1.163028699081332,0.8586935586504596,0.01798661325161445,0.9466554036227044,0.9906555529322522,0.8566946431175426,0.9198174662958667
11149280000110,334717.75,63,32,0.11872958282194487,0.05920886873267824,0.2176878877800774,0.6186893285462154,8.422500746925637,0.09030150484845922,0.02886076772405496,0.5500385113517529,0.5320326488071747,0.11822747215987237,0.22864050865711127
11151349000140,209156.71000000002,22,18,0.20898673643565058,0.06611570247933884,0.4016127429045905,0.7038970922807113,4.784992660564904,0.16245654446127708,0.011181332036947015,0.5686594625933377,0.6090938243089623,0.21682622715550282,0.25871271276331964
11151460000137,2713569.9199999995,46,40,0.2416717933917534,0.030245746691871453,0.4514348390182627,0.7202762624963059,4.137843254131796,0.22222748040179838,0.005380253017304053,0.5287348616654237,0.836932994531435,0.17839320450790108,0.19923108006149098
11152150000137,6021228.95,44,39,0.035200022024737085,0.027892561983471065,0.05978845896567344,0.23304212672398045,28.409073133455493,0.009810548920124904,0.0023107872988255675,0.43001508485808904,0.787759765710796,0.0525606137989644,0.0431445742469799
11160486000141,3048532.44,21,21,0.1430479495416043,0.0476190476190476,0.2873513788162281,0.6574537123836544,6.990662943470982,0.10020034701868452,0.0,0.6711706535169417,0.8646611379981067,0.35020467993539034,0.3843077845605553
11166368000140,1922815.0,87,47,0.1165201642389487,0.033690051525961134,0.3093901389369232,0.4710764686150253,8.582205548125499,0.0973140808528389,0.012683313515655943,0.5636494075021586,0.7105819315941618,0.1875642848394793,0.21603856939935964
11168270000122,6449275.84,92,69,0.042950385250860056,0.016540642722117208,0.06549572548597953,0.24430649875878158,23.28267823814166,0.028876126210431525,0.002078005115089519,0.526408293447529,0.8347200896306058,0.18695674068735996,0.14807514124530538
11170888000127,731919.0,16,16,0.08076038731169202,0.0625,0.129522529132322,0.44000770577072046,12.382308125152166,0.019477746465804822,0.0,0.6925408341550744,0.705225306917156,0.489791211430604,0.26044130427094914
11171868000170,20384151.240000002,92,71,0.05170606711289622,0.017249527410207945,0.14249936265680888,0.35898754742559497,19.340090164207943,0.038159010928794736,0.003210234944639486,0.7045448297102999,0.9137739648984055,0.4452792289826282,0.4905679621173707
11179871000130,605669.23,7,7,0.5566934320738905,0.14285714285714285,0.7297712647545261,0.972610082899539,1.7963208157039454,0.48280900408620564,0.0,0.5173355848176121,0.827880685333475,0.14543502676106287,0.14779363808025245
11188015000141,7472039.901,211,45,0.35506106590525116,0.05487298128972846,0.5804783857510613,0.775942181361218,2.816416937887671,0.3404033628576433,0.03339282177358593,0.6348080779655136,0.9684603176546616,0.3746202477177218,0.386287980998398
11193159000196,16625050.719999999,11,9,0.1778223813315955,0.12396694214876033,0.30624621877845315,0.7363191653468832,5.623589069675336,0.07505017899804495,0.014462809917355383,0.5862089977385855,0.9759336931535413,0.40237025224472683,0.18935220507182854
11195905000180,1067163.72,8,8,0.18101567984545341,0.125,0.2525854233500367,0.7529666769406292,5.5243833067598045,0.06401791982337533,0.0,0.6223421413524806,0.800036547996589,0.3360064691438761,0.26496573220491354
11206573000192,639324.75,16,15,0.1563073098368764,0.0703125,0.34254891586787467,0.583471858394345,6.397653449756177,0.09604354625379614,0.003906250000000001,0.8440243498173221,0.7937672405532952,0.7004505834062138,0.5824018668031234
11208059000196,1125885.1500000001,23,15,0.17180537423065242,0.10775047258979209,0.29786608341001747,0.7361520400193573,5.8205396919509536,0.1126486152471276,0.044018363489062955,0.4946092319378739,0.7924776811441465,0.1641688444379884,0.10013573526423691
11214458000160,6973715.458800001,504,121,0.052521375200005084,0.025573192239858905,0.10840706110915635,0.3774150550663416,19.039867029222478,0.04462571999333846,0.01745296884185773,0.8968665214797146,0.9511030518126031,0.8062368567435608,0.8287333533314066
11218352000134,186090.29900000003,14,11,0.16496295879664144,0.11224489795918367,0.2533716171846228,0.748040278015782,6.06196692454306,0.08145925467630559,0.023469387755102038,0.6154434052409964,0.526634092051965,0.17683546576567413,0.1922481285873604
11221619000142,5051620.700000001,328,133,0.02304483372119543,0.013198988697204045,0.0585885951413573,0.18482643797860754,43.39367391834346,0.015643658219083277,0.0057232234600616515,0.7783554686437362,0.8039017036049831,0.5558775991841898,0.6170962146448877
11224030000106,201381.90000000002,97,62,0.06835146141751298,0.02263789988309066,0.16364429971114583,0.4300787707336161,14.63026509252925,0.053078534555505,0.0066155703729773915,0.9915971823733585,0.82375781403068,0.8158431340007996,0.9898684903002543
11228769000188,3547623.3720000004,15,11,0.7751997904078022,0.10222222222222223,0.8728941421575457,0.994028339601321,1.2899900288594497,0.7527197694485824,0.012444444444444449,0.40517385360366504,0.9634342816905669,0.012019777882937767,0.012141263879807396
11231203000105,5255147.3411,418,128,0.25741545692788204,0.019768320322336944,0.36154837850888816,0.8495177680528232,3.88477060365556,0.2515683345414874,0.01204996063983566,0.5392450976746649,0.9426076623079519,0.13973948754039528,0.16999631156166423
11232665000147,4625208.500000001,432,114,0.08116911066196883,0.05044367283950615,0.21648753780505248,0.45781345424752207,12.319957578006857,0.07303786385366767,0.04204051950180266,0.526881429687961,0.795332763357461,0.1776491444370147,0.19048020551255265
11237287000194,966988.98,21,17,0.11189801774900186,0.06575963718820861,0.17866437319689002,0.5657572023209613,8.93670880071439,0.05639164385831448,0.00736961451247165,0.5985821339454246,0.7219625375916999,0.2029978676905983,0.27387952281536193
11241709000103,2883160.655199999,547,106,0.4981579597313622,0.03801690457172077,0.7023542015765782,0.7950713727539355,2.00739540634714,0.4933785117288037,0.028855160805737162,0.5318620807335481,0.9318366848141432,0.21245188047743976,0.22344478695354128
11243552000147,492138.4280000001,170,69,0.1176901691038135,0.04193771626297577,0.27451625866533635,0.5748578324796048,8.496886423180415,0.10471502453181075,0.027848565031548943,0.98125331102208,0.8945697135346348,0.8872165341332415,0.9673669608414017
11246073000184,144690.326,96,27,0.09811519069572415,0.05729166666666667,0.18998359295976705,0.5467654347533919,10.192101680780608,0.06342731341479046,0.02103365384615385,0.9980804115142805,0.9710324983202585,0.9708584491558352,0.9980161488389875
11252074000131,676069.1939999999,112,61,0.07389599154379246,0.025669642857142856,0.20938935135092104,0.42483834280430177,13.532533756007279,0.058460924736189,0.00943080357142857,0.9826759609171631,0.8998456295930449,0.8882448921028908,0.9579295358113155
11257200000140,54596.19,67,26,0.10774743891286749,0.061706393406103816,0.22116927939477096,0.5561879501115371,9.280963056659505,0.07205733646938219,0.024174649142347966,0.9973638617407959,0.9734908026431507,0.9734493196594325,0.9972735703820076
11258723000101,1566218.2,11,11,0.12576086119194962,0.09090909090909091,0.20303684378077078,0.6428339295252732,7.951599492259309,0.038336947311144585,0.0,0.5882159348789383,0.793208403487775,0.26202016563207614,0.23510844177763063
11259476000168,1386051.6,10,10,0.6863200644475623,0.10000000000000003,0.8263328724558306,0.8921890065276068,1.457046138968598,0.6514667382750693,3.0839528461809905e-17,0.8284119721793243,0.9243990747700387,0.8866783381838775,0.4133070960028845
11261188000148,7625095.9920999985,12,12,0.2822556348414721,0.08333333333333334,0.3854586766179892,0.8878588924144805,3.5428876399992744,0.21700614709978777,1.5139404881252137e-17,0.4974699270430576,0.9466684331128263,0.1646536498903116,0.16277009921198174
11265919000123,2118161.114,234,80,0.10446357879907132,0.03239827598801959,0.22944430279065164,0.5767139203557299,9.572714351701782,0.09312767473323678,0.02015015289926034,0.7605072753724099,0.872114575588801,0.5499120491083004,0.5325435448764746
11267244000151,964779.2699999999,21,21,0.11828390701760848,0.0476190476190476,0.18703760083899812,0.6223703376213712,8.454235451075638,0.07419810236848891,0.0,0.6427679031184921,0.7742662949089648,0.36363401843034765,0.3886051487048903
11268671000154,6647156.9799999995,164,83,0.11528445752604348,0.023572278405710884,0.31146988648370993,0.4691354332961759,8.674196170581743,0.10449524359343426,0.011664623264317114,0.7523384239365349,0.8548904469981787,0.6159182288309504,0.49890672061255764
11270247000144,2981409.3,12,11,0.5002395262317078,0.09722222222222224,0.6772516608169163,0.9297396033479872,1.999042353835923,0.4502634788548785,0.006944444444444459,0.7219853598130361,0.9155684839291415,0.6354855821604308,0.3010298361210424
11271704000115,4392469.68,33,30,0.07538303174351926,0.035812672176308534,0.148891181418468,0.45404980461925465,13.265584799008442,0.04349968801053717,0.0025648332858364147,0.4421152014734725,0.8002300891727298,0.05495863088685131,0.03971935099826164
11272232000115,2457151.8000000003,8,8,0.5806004940529105,0.125,0.7535726201368592,0.9320312729559485,1.7223547176466394,0.520686278917612,0.0,0.8364993810533686,0.9287823904860419,0.764045562014834,0.7390718540960883
11279755000193,2131926.81,46,31,0.13675211547718466,0.04914933837429109,0.2476632863395531,0.628539400937502,7.312501137628377,0.10797718599309081,0.017454316320100794,0.5707093439418267,0.8331646720877738,0.2597490735016668,0.28421809065920917
11280020000180,1082468.7,22,22,0.11725476910420786,0.045454545454545456,0.29612865480544615,0.47856349102750045,8.528437756858057,0.07521928191869394,0.0,0.5233434132090012,0.67859850756074,0.17326341776000628,0.21075618456325132
11283491000141,946435.96,10,9,0.4669810275022338,0.12000000000000002,0.6656551807266495,0.898687323757225,2.1414146209509903,0.40035365594001304,0.010000000000000033,0.7311982872822355,0.82598162011001,0.4141590896884841,0.31784168731361484
11283510000130,767073.5,9,8,0.3510662811096229,0.13580246913580246,0.5473399876283042,0.8767555390715491,2.848464958922509,0.2583614641252833,0.01234567901234567,0.7018171107066529,0.7853801953161483,0.1426007856213844,0.29467545379244436
11285282000137,10415802.59,123,101,0.03604747947489199,0.011699385286535798,0.08464501245890069,0.277740694968375,27.74119063432788,0.026407954269640904,0.0018163791394011561,0.683164597106987,0.8477757053304357,0.3932784162594316,0.4563175074359782
11290422000165,2095933.3804000001,255,111,0.05926311480204043,0.024159938485197995,0.13311491796879252,0.40430674368012465,16.873902145379134,0.0507109613002408,0.015288665198699796,0.6379673664782456,0.7970144434013734,0.37500130825779027,0.3889563185429586
11290534000116,44994.9845,27,13,0.14303779594934057,0.11111111111111109,0.25653970388632985,0.6547285842492068,6.991159178334712,0.07162427894511894,0.03703703703703701,0.9851358816096994,0.9200607049558088,0.9156149032771144,0.9782530208016956
11291694000180,4141657.45,8,8,0.41722359304823575,0.125,0.5270023043552285,0.9696075999718422,2.396796386067239,0.33396982062655517,0.0,0.7233084567675558,0.9530175862083562,0.5525016501152693,0.5320536476823121
11293112000102,3404890.1399999997,9,9,0.28171371990718835,0.1111111111111111,0.4345256878097101,0.8399848783373669,3.549702869741146,0.1919279348955869,0.0,0.7875487098702013,0.9128292138707195,0.6204914978969167,0.36131151854592847
11293409000160,112079227.8986,406,134,0.05963255023400244,0.02083282778033925,0.06651865952132532,0.2660746380853013,16.769364987342108,0.05256211828087464,0.01347066859071774,0.41005684426196154,0.9857409839685505,0.020241749673715885,0.016669347951602805
11294684000106,189808.44,12,12,0.17326410848928261,0.08333333333333334,0.30030276841219494,0.7138843773227365,5.771535771136674,0.0981063001701265,1.5139404881252137e-17,0.9009481202876407,0.6613044898190159,0.529136635940385,0.6669276469277202
11298607000116,249344.1,6,6,0.17617488829024705,0.16666666666666669,0.24902975446381123,0.7314955517295176,5.676177857723435,0.01140986594829647,3.3306690738754695e-17,0.4629949403820466,0.5582662185550025,0.0723926033931314,0.05760046006533519
11299994000105,452400.04000000004,5,5,0.2614741007227126,0.20000000000000004,0.3183023591244598,0.9778956695052459,3.8244705584071497,0.07684262590339073,3.469446951953614e-17,0.49356447555349087,0.7433748614380581,0.17773182103047577,0.08456358621010207
11299998000193,678032.0690000001,488,139,0.25887748570032926,0.022221848965331897,0.5014512079073947,0.5924262927451592,3.8628310889791995,0.2535070326981577,0.015136500044790823,0.9959507895969653,0.9540987262350195,0.9534189250699308,0.995818995092996
11301643000191,247877.12000000002,7,4,0.34524977163533643,0.30612244897959184,0.47696415062430936,1.0000000000000002,2.896453762339432,0.1269996955137819,0.07482993197278913,0.4288388268514539,0.6760802939243649,0.051613188907255365,0.051591308735468036
11301658000150,708097.2790000001,84,38,0.15238327867084056,0.038548752834467126,0.22595765404713553,0.7077214287671341,6.5623998165840485,0.12947471863491733,0.012563583992155427,0.950960203045093,0.9229223712778617,0.8966751253774228,0.848425538119998
11303923000139,2892305.443,411,130,0.39165812693418767,0.01711450914924728,0.6206121847691728,0.7272082985185602,2.5532471592707053,0.3869422984608093,0.009495241778311212,0.6249148150234657,0.948349567100111,0.34988212050620787,0.377901382100889
11306530000189,12503127.55,79,65,0.10979217636066613,0.020028841531805803,0.16723815634433,0.6055105196459425,9.108117109501597,0.09588267911630152,0.004716792180740267,0.5824351879814881,0.9048715328780743,0.2901874614505899,0.24205965743173113
11306532000178,340772.80999999994,81,21,0.1313079271458684,0.07818930041152264,0.27111317948166114,0.6075523161604355,7.61568643825374,0.08787332350316182,0.032098765432098775,0.7058556646073078,0.6619578562244183,0.3764222917924249,0.4697936651693549
11307015000113,319285.03,66,45,0.06960397812173101,0.027548209366391192,0.15037059520140983,0.4385143894782664,14.366994918754374,0.04845861398813399,0.005447032306536446,0.6814826631171088,0.5174982380987576,0.28815885005370545,0.43258144267459614
11307776000175,659779.16,28,26,0.30976068779029836,0.04081632653061225,0.4546824425312252,0.9304807081205779,3.228298617018114,0.2821511153019103,0.0024489795918367363,0.9315560731879289,0.9040362408086318,0.8749920227177608,0.8071394317586094
11308894000106,3960924.6,18,18,0.3292680945506452,0.05555555555555555,0.5441355788494434,0.812427987142194,3.037038864529854,0.2898132765830361,0.0,0.491338011406489,0.887418298330044,0.09532180253724191,0.10283506747311327
11310394000109,1085481.1134000001,427,140,0.12351540439393059,0.014046037657202092,0.33155804882933676,0.47121939265977103,8.096156142683842,0.11720975982122506,0.006952843683512898,0.9918503199026634,0.9504442677437601,0.9496561575019619,0.9911392349467174
11312860000187,18189734.74,20,18,0.20938259899050238,0.06000000000000001,0.4110635557294554,0.6859438698994464,4.77594606629828,0.16287569304876723,0.0047058823529411925,0.8229247094841945,0.9658870609805847,0.7756939312130023,0.6306253933485091
11313552000176,141689.91999999998,9,8,0.24354313337673392,0.13580246913580246,0.3557063198285383,0.854707236760385,4.106048838803072,0.13547786671626733,0.01234567901234567,0.5582458905219612,0.5041903966910923,0.1994827886298,0.14174159003728667
11315054000162,999783.9,5,5,0.21669438959321538,0.20000000000000004,0.2697403908984731,0.9066598291890877,4.614794143388886,0.020867986991519212,3.469446951953614e-17,0.39791956997810074,0.7964255625212577,0.00014931315946645435,0.00014931315946645435
11315213000129,25771839.5,246,139,0.06109665448946673,0.010674862846189438,0.18093989798438717,0.39522417520875835,16.367508308861712,0.05429300705823099,0.0035058401131908105,0.5509759481240483,0.9009883790818468,0.24921801446349592,0.21342442384064725
11318061000118,452645.15,11,10,0.5454024694509174,0.10743801652892562,0.7221771844898813,0.9232246275034649,1.8335083832802361,0.4948916327232416,0.008264462809917352,0.8869624475034472,0.8640380994557969,0.8150925753600287,0.7814122408706656
11319184000173,286797.0,9,9,0.24048068799861966,0.1111111111111111,0.43515099530329815,0.7502170524796284,4.158338069981486,0.14554077399844714,0.0,0.6947961005125645,0.645565258439407,0.4232539112017689,0.44813360289548276
11320964000133,8225776.930000001,247,107,0.4219388345256481,0.017915389532691908,0.6411117338675509,0.8055564023178536,2.370011760411244,0.41648542730419197,0.008650440377339946,0.9183853420230227,0.9263273250358397,0.26173679265195543,0.8317313385155437
11323077000119,1352898.34,17,17,0.09922758272764166,0.058823529411764705,0.21926259440897827,0.4915987996555602,10.077843000013258,0.04292930664811927,0.0,0.5397950022671072,0.7468124900742221,0.21947405737645495,0.20334664402877817
11323261000169,168291330.17999998,25,24,0.7127577388792274,0.0432,0.839092069620957,0.961857214907421,1.403001251971596,0.7002689449174547,0.0016000000000000046,0.45837718354900225,0.9949270369106742,0.10065634460808034,0.10121338812629574
11323964000197,1003286.4658,746,152,0.04861254949188852,0.023902277742239218,0.15531664715096768,0.35259001866224515,20.57081989017794,0.042311970349450695,0.01743805441602888,0.9189923710090464,0.887199116350956,0.815930895494809,0.8126431418363913
11323985000102,4516188.1145,771,194,0.1683797820532512,0.018503097868417556,0.3929115185221765,0.5478881896118589,5.938955305713269,0.16407086900689496,0.01341762169156998,0.7512728542081722,0.9388047398830309,0.5560759877814903,0.5778809844325736
11324516000108,4117195.6199999996,493,105,0.033149906500970175,0.027488284255438193,0.08138257953359039,0.2589033479055338,30.16599760155383,0.023853270986556426,0.018137210065586634,0.6696686480688692,0.7830691234484002,0.38551072210760956,0.4194737710459131
11326603000102,456055.43,11,10,0.12568261233039027,0.10743801652892562,0.19734443245199385,0.604679216296142,7.956550086429086,0.028536235922655848,0.008264462809917352,0.629921156951561,0.6561608715561988,0.2950203606670428,0.30082651098282137
11328999000119,1139222.65,74,37,0.17277989482563055,0.04894083272461652,0.2765043338982068,0.774102410972956,5.78771043360803,0.14980155857078695,0.022522522522522535,0.42715764750339164,0.7342451532053478,0.027574935566912626,0.036338632848145216
11329956000158,717811.7701,504,140,0.04817304968551739,0.019423973293020914,0.11638122622085437,0.35277205772861986,20.75849477100133,0.04132537378397434,0.012369469503762073,0.9982056723343314,0.9499821045163183,0.94952645054188,0.9981566795660209
11331930000144,1270560.0,6,6,0.22189749706313,0.16666666666666669,0.28333962976955046,0.8802417831507368,4.506585307338997,0.06627699647575601,3.3306690738754695e-17,0.5699006519387471,0.8528426397618932,0.3361077107263521,0.15196571968416384
11333647000151,451608.7439,414,118,0.2351722324976132,0.024901397932273802,0.4769571070300085,0.5793921349714594,4.252202691532254,0.22863524303178084,0.016567221846224858,0.9928964198791824,0.9512109865391754,0.9504782089521753,0.9926990439608682
11335530000107,564124.93,45,34,0.06745486500181785,0.03802469135802469,0.10373588701353795,0.3778009066183266,14.824727615614542,0.03919592151702446,0.008873924429479986,0.6936317766284378,0.6636822513190281,0.39627149710243453,0.4408309168824723
11336672000199,16671880.29,35,23,0.7699411103893161,0.07428571428571427,0.8760559544540732,0.9498996564592056,1.298800630991578,0.759483888134285,0.0322077922077922,0.9393248359603087,0.9891241117232751,0.9817040188056079,0.8972154202619719
11337362000199,3570621.3,8,8,0.42760778897092294,0.125,0.5052342011178839,0.9629696658113814,2.3385916388627788,0.3458374731096262,0.0,0.6351428032516561,0.942369554735138,0.5028643977168074,0.2108758281524231
11342435000130,248940.22460000002,67,30,0.15973829130884692,0.0550233905101359,0.23952738090363238,0.781826240868588,6.26023974468679,0.13076374962984166,0.022437990182899204,0.5288064356855463,0.6484197490870068,0.20641273231354995,0.2177830590904327
11344805000179,359360.68,32,23,0.08690635936519796,0.056640625,0.19123127215810032,0.474451322832537,11.506637803084114,0.045402102972706956,0.01376065340909091,0.6587097383070376,0.5370832150428307,0.26744330056720433,0.3765173387564781
11344960000195,2488546.0362,404,146,0.41216578789829805,0.014912753651602785,0.6389273000663165,0.7101864519648221,2.4262081651637475,0.40811175884932077,0.008119048504372459,0.5985345956829238,0.9278252534889039,0.3071346869141921,0.3340115878951422
11347518000112,3848853.231,61,41,0.37034964866331277,0.034668099973125505,0.5893962133262753,0.8028806541934881,2.7001510696965894,0.35460838987989557,0.010534802472453642,0.7562657625823678,0.9000003526580556,0.6911962562073958,0.3658768180885044
11352368000135,4700987.46,38,32,0.18303307084040632,0.03878116343490304,0.3446084495617863,0.7051125892601297,5.463493539219145,0.15667929893203233,0.007774104190867652,0.45179102349831024,0.8544305054583435,0.06534261008043145,0.07122328736958422
11354232000164,2962221.04,32,29,0.11197993884481483,0.037109375,0.2653573954764699,0.5609936725046014,8.930170978087691,0.08026493666070107,0.0027204241071428575,0.7585173541080505,0.8405436931182377,0.5991101808100656,0.4886590338704169
11355483000163,8329867.4794,550,156,0.2262854764782757,0.01935867768595041,0.4441847375303635,0.7211399238769983,4.419196563399436,0.22129376987490973,0.01303195947747267,0.5624276458511743,0.9501645866765033,0.2550254831986669,0.27384574261975875
11355924000127,2469674.212,114,78,0.13947102456730984,0.016928285626346563,0.20844854657291131,0.6943425945284155,7.169948045498096,0.1282953235876645,0.004161120504610804,0.6383192196143218,0.8827414776787509,0.4322193774417301,0.3386081181877359
11359214000175,1011913.656,509,140,0.04258796424591421,0.021502927655829646,0.123027957239071,0.31806080794703695,23.480812424508823,0.03570010787358265,0.014463380372778062,0.9978989637961675,0.9522507515342266,0.9516370252864875,0.9976860039973243
11359904000124,3125660.75,11,10,0.38125530806862756,0.10743801652892562,0.5611016102755233,0.9087602517323736,2.622914301353139,0.3125058978540306,0.008264462809917352,0.6761732863715341,0.9227094966943036,0.592232800353074,0.2544116099009007
11360515000119,3473081.6199999996,48,43,0.11360033511221304,0.026041666666666668,0.2218196415435811,0.5721600288794826,8.802790933778603,0.09249558118631336,0.0028521825396825413,0.6425293069696275,0.8500364938014113,0.3799101580932771,0.3868243990166277
11364800000108,413432.55,8,4,0.4225190071932573,0.4375,0.5859021018059657,1.0,2.366757430968323,0.23002534292434307,0.25,0.7611638948347355,0.8594420153220399,0.6479402725974786,0.5758927761890362
11364954000108,79483.17600000002,120,63,0.041303887781434116,0.036388888888888866,0.08278481473865613,0.2847706538551001,24.21079597377501,0.025841047261779826,0.020846774193548363,0.9972876934616275,0.9310518947126888,0.9308122483143308,0.9972203807788621
11366503000100,493639.46,13,11,0.21033392736401268,0.10059171597633138,0.38966901065810255,0.7460951359115415,4.7543447342632374,0.13136732010041396,0.01065088757396451,0.4065826089937669,0.63607217881325,0.007913544231401302,0.007897411852544117
11370658000101,7368313.4799999995,37,28,0.15477395422139856,0.047479912344777234,0.3564835680688222,0.5577779353654753,6.461035417945943,0.12346928585922813,0.012201390579768986,0.5552573870552356,0.8962368737164885,0.256612429210136,0.17644946004456216
11375809000114,423587.4674,309,108,0.044610109424769964,0.020454331228202463,0.11898369021481582,0.3466240417858028,22.41644355718046,0.03568123194275847,0.01129969880977445,0.9180976976208208,0.8344845158778651,0.7713952370038377,0.8578422367766142
11380216000146,3175393.33,6,6,0.5289188013777912,0.16666666666666669,0.7038598049835924,0.9809157500497742,1.8906493726354212,0.43470256165334953,3.3306690738754695e-17,0.5063024649311765,0.9401788514545963,0.18190249982725942,0.17756393516564192
11381097000146,1286713.44,16,16,0.09517969981629465,0.0625,0.14354688795354464,0.5140002812125752,10.50644204520596,0.03485834647071429,0.0,0.6245022533363609,0.7484465859404889,0.31857892437283486,0.3577750588339524
11381861000183,2094000.0,5,5,0.7617844772301632,0.20000000000000004,0.8672397325692455,0.9952244508118433,1.3127072418645032,0.702230596537704,3.469446951953614e-17,0.465949112592105,0.9533059578279932,0.11285785957660663,0.10702335636207162
11382690000107,530068.0,5,5,0.2515158930417232,0.20000000000000004,0.34335217368337645,0.9308767931661598,3.975891892581567,0.06439486630215402,3.469446951953614e-17,0.6585039924807441,0.8088977633618768,0.41793026946440354,0.4369733300934493
11386903000179,86087.25,32,23,0.138637427409611,0.0546875,0.23780292668194186,0.650996750389866,7.21305940743874,0.09948458320095695,0.011718750000000002,0.6831875172931967,0.40618582062016795,0.22657742295901784,0.39077768204768126
11389851000194,3120858.92,9,9,0.4823725510374006,0.1111111111111111,0.6786913648759233,0.9213357584264014,2.0730864512281615,0.4176691199170757,0.0,0.867214417995547,0.9271132812078106,0.7869120729935511,0.50041276716373
11391279000106,127032.18,5,5,0.4830352355629286,0.20000000000000004,0.6297616871567503,0.9975911615466254,2.070242347506184,0.3537940444536607,3.469446951953614e-17,0.6830906031691558,0.63444657342688,0.39474522850948524,0.25290883764615935
11391482000174,297122.593,391,96,0.040019827482138365,0.029061819323526153,0.10548506689964166,0.2880432784860625,24.987613963261577,0.029914773034581926,0.018841417421668536,0.9973419411431078,0.9375724083626631,0.9368948557401288,0.9972312171836921
11395609000123,4438585.02,16,12,0.20607354037129677,0.1171875,0.36948712092035135,0.7484716379275305,4.852636579146608,0.1338984076777783,0.03693181818181819,0.5802145114918104,0.9183489647489935,0.2930821774813723,0.2689034209680469
11395801000110,960883.1769,551,156,0.050475896536292794,0.01848808139630634,0.1477286765056694,0.366075919795823,19.81143612339778,0.044349934578462424,0.01215574643757283,0.9944047947256417,0.9416375609399495,0.9404676136040545,0.9941436542933569
11396412000109,364668.69,11,11,0.20538926633776797,0.09090909090909091,0.3881926084742839,0.7106112948715175,4.8688036031808695,0.12592819297154476,0.0,0.7339655771246235,0.7545759503434218,0.544771427399527,0.5642482938231991
11399310000147,1276950.03,5,4,0.355233546094921,0.28,0.4916794042441896,1.0,2.815049454064771,0.14031139479322804,0.040000000000000036,0.8101304729223978,0.911636894168798,0.7298379957829619,0.5855480006888664
11400251000180,495576.48,30,27,0.11042211702499463,0.042222222222222223,0.25933434129077315,0.5328472206752024,9.056156745968243,0.0762075830644175,0.005384615384615388,0.6076727559673267,0.6222926781737023,0.24684648290451208,0.33969163716551504
11407443000118,3299368.6781000006,765,171,0.20415958560922623,0.02198299799222521,0.42432362266535634,0.6338257448707638,4.898129064162877,0.19947817140692756,0.01622995680394418,0.7388800017417543,0.943370483039742,0.5383052599865173,0.5645746204405605
11408074000188,1045134.3153000001,384,103,0.12403105876315844,0.028862847222222224,0.28866819851130765,0.5625297956380286,8.062496684072771,0.11544312796671882,0.019341894744008718,0.9950584373648506,0.9631475695741041,0.9621911920004158,0.9948998393319572
11409678000149,3218512.63,21,19,0.09645030724372386,0.05668934240362811,0.15535126236245345,0.48221106405911485,10.368033328012766,0.04625310209059741,0.004283194759385226,0.408197138880336,0.8246543326072172,0.012045908940769883,0.017638206260433147
11414598000181,3178544.87,6,5,0.4817885698993815,0.22222222222222227,0.5706925477506316,0.9915612328606203,2.0755992617443035,0.35223571237422685,0.027777777777777818,0.723476853946596,0.9578053388142749,0.5666539835317376,0.5488610998483338
11418721000132,5841269.321999999,174,61,0.12983097431865004,0.0444576562293566,0.21075248069173005,0.6466692069433055,7.7023222327951935,0.11532815722396086,0.028531950499845877,0.8130397104028374,0.9181322156134317,0.6691588919313116,0.5601646023147966
11420595000150,1203539.37,61,44,0.16485034215062522,0.02768073098629401,0.2697876015472597,0.7318351455341257,6.0661081254310725,0.1454282570843607,0.00506865496271945,0.750935909525569,0.8429218605155931,0.5762163760754008,0.5933114948886125
11420709000162,6064657.23,21,21,0.2293351261798089,0.0476190476190476,0.39573547341273235,0.8091125044506432,4.3604310279793586,0.19080188248879934,0.0,0.7176959960275854,0.9353969038079908,0.6532385066386723,0.3023195302689723
11420840000120,487223.70999999996,7,7,0.34484838704146564,0.14285714285714285,0.5428717744462805,0.8898453443491081,2.899825075533141,0.23565645154837658,0.0,0.46065025486962835,0.7495627800013452,0.09427912280204728,0.09550801568995827
11420915000172,4393849.85,65,62,0.1078625619514205,0.016804733727810654,0.2968001284795838,0.42962058432652184,9.271057370678655,0.09323735804898477,0.0006867785430206654,0.5069193034707075,0.7932235185909651,0.14543924512016843,0.1599879276686258
11420927000105,1942882.4800000002,37,37,0.2740339125933808,0.027027027027027025,0.49241269600619386,0.7488672706544762,3.6491833822182005,0.2538681879431969,0.0,0.582818280939985,0.8223230676654676,0.2040196332376368,0.29857316112040416
11421459000185,2456090.7,24,23,0.06480323917162853,0.045138888888888895,0.11970241978441594,0.3965244443130703,15.431327396328816,0.022294295497611645,0.0017361111111111188,0.39791956997810074,0.7269007711017598,0.0005972526378658173,0.0005972526378658173
11422700000190,92534.5,17,6,0.269814494708502,0.2318339100346021,0.41419600257201367,0.9249915436945139,3.706250107431643,0.1237773936502024,0.07820069204152254,0.9581496122139257,0.7347991128106798,0.6876494407436936,0.9364936461887732
11422955000153,9630540.055000002,121,44,0.8368880570928348,0.03189672836554881,0.9145904538787569,0.9396847250847137,1.1949029401540037,0.8330947560949937,0.009382698792654598,0.4422207981697095,0.9825589034124866,0.06507604038047657,0.07388926421552888
11423181000185,2325504.14,10,5,0.770423841238039,0.4,0.8751948039963499,0.9871167720217433,1.2979868307204014,0.7130298015475486,0.25,0.9279246677401684,0.9564898802290811,0.9008819983753641,0.8910280974010362
11423342000130,293808.9920000001,132,46,0.2916754625799193,0.04361799816345273,0.5278429327309355,0.6675327009732908,3.42846803483169,0.2759349173039175,0.022365064789307235,0.6787462125503873,0.8214225777943382,0.4203594490304516,0.46679583067437525
11427286000102,9689.74,7,6,0.3246757735107153,0.18367346938775508,0.46961012369784944,0.9760220604474423,3.0799957421738364,0.18961092821285835,0.02040816326530611,0.8357247007366664,0.3305686723645993,0.2856890147250295,0.733330557146949
11427667000191,6318.64,10,10,0.2071721902898743,0.10000000000000003,0.28803666611802536,0.8735265816694731,4.826902677433709,0.11908021143319365,3.0839528461809905e-17,0.4833528250581112,0.12172169783237513,0.05211061875586524,0.1396538533371562
11429759000100,285399.768,96,60,0.23937112307868053,0.026692708333333332,0.47337109257916427,0.6207925088432448,4.177613352598522,0.22647910821560732,0.010195974576271185,0.968064966728526,0.8965280288109085,0.8853739242205598,0.9547953911373078
11430652000182,563891.3,12,10,0.2407047692442258,0.11111111111111112,0.35467828640023347,0.9316682133595605,4.154466914551959,0.1563386324935842,0.012345679012345682,0.9041401375589031,0.9013190220733504,0.867367700810802,0.7561872500819504
11431615000199,7454300.283999999,222,101,0.38407646624322594,0.024551578605632667,0.558605688174072,0.9423716395055812,2.603648200009019,0.3779172309056582,0.014797094391688994,0.48815080439385433,0.9573334764964269,0.15579876928442982,0.1467967963267381
11431661000198,459778.2284,7,4,0.9597269304217358,0.38775510204081637,0.9795727604747977,1.0,1.0419630504278616,0.9463025738956478,0.18367346938775517,0.9637398983621085,0.9892061324394391,0.9878535254107146,0.9523991240486928
11433441000101,903331.0358,237,94,0.1213753785156279,0.02839644643842689,0.25981615897005805,0.5587099081047647,8.238903245696106,0.11192780194052711,0.017949096400130402,0.7570422874559849,0.7918393883417023,0.5942715169546623,0.5263999669494839
11435485000162,828991.5899999999,81,51,0.06704650698904004,0.03246456332876086,0.19951951502909698,0.3982986486026957,14.91502010930216,0.04838743712882084,0.013113854595336078,0.6306552925730917,0.5948989895879014,0.27400424415790087,0.26376338823624296
11436906000170,13213031.793000001,647,180,0.14950926765567846,0.016638438256224783,0.34738431511469536,0.5789867170419515,6.688548580834543,0.14475792278224647,0.01114479824648302,0.8440852701722038,0.948103356010778,0.7793074510067404,0.6885436504702999
11436910000138,1102963.1098000002,378,119,0.05152127023728276,0.020086223789927492,0.11122213092171725,0.3831097338120601,19.40945934357732,0.04348331490031058,0.011781869754248912,0.9973555000885015,0.9515228985938986,0.950627456552874,0.9971772279991832
11443804000181,2718191.79,10,10,0.3770493973845713,0.10000000000000003,0.5665905679157394,0.9015558942586609,2.6521723862617677,0.30783266376063484,3.0839528461809905e-17,0.5436064061460809,0.8972766995958668,0.16892769602732943,0.15035499066282076
11443806000170,259299.81,8,8,0.2744517917707994,0.125,0.4775938709712128,0.8061264680448474,3.6436271505019775,0.1708020477380565,0.0,0.5613082879750377,0.6564097594280979,0.21738285764478987,0.2719447227891576
11444466000100,157925.69,28,20,0.3667468275209524,0.061224489795918366,0.5192315449120406,0.9061580164696448,2.7266766198348904,0.3334177131799499,0.011815252416756173,0.5035606861032252,0.6627729677078026,0.14906241414747906,0.17604512563465669
11447284000185,21780181.96,7,7,0.691671027470345,0.14285714285714285,0.8245276468755451,0.9838628758636871,1.4457740172482132,0.6402828653820692,0.0,0.48431196707814417,0.9876713549158961,0.14750158885479878,0.11278154293818184
11448444000100,2656354.81,29,25,0.38640742910387765,0.04399524375743162,0.6025098732951265,0.8056535941446767,2.5879419614656807,0.3608410719832059,0.004161712247324604,0.8724442368063108,0.8927755535173231,0.7763709111943677,0.7938221600906318
11455792000105,478943.3564,485,126,0.03550524561181722,0.02315655223721967,0.08239337590277096,0.3029913184113645,28.16485234134445,0.027789287576711758,0.01534180465511743,0.997221651386055,0.9346802035611879,0.933653790483112,0.9970457427808135
11456420000101,210233.90000000002,6,6,0.8463993318575279,0.16666666666666669,0.9189764352942127,0.992658272524079,1.18147541279998,0.8156791982290335,3.3306690738754695e-17,0.9584233362089453,0.9370191038995063,0.925279160746003,0.9373341072947504
11456532000154,45604.27999999999,27,14,0.43828049224558585,0.08641975308641975,0.5373552657776858,0.946305039790125,2.281643873484701,0.3950712993414002,0.01614434947768281,0.44374314347381266,0.43055524585319954,0.0573165816319875,0.07635067005241206
11460159000105,611438.2,7,7,0.2550169519326559,0.14285714285714285,0.3145043930850248,0.9115887754477886,3.921307946085392,0.13085311058809854,0.0,0.3979195699781008,0.7269166640611133,0.0001990842126219391,0.0001990842126219391
11460487000101,18813.739999999998,12,9,0.1940941951560221,0.125,0.2845260963529846,0.8332686642847196,5.15213759585212,0.09335596955052489,0.015625000000000007,0.994571684487866,0.8581816520382761,0.855920166771698,0.994300556539957
11463194000188,2020450.83,16,13,0.20337566333401982,0.09375,0.2791456201881438,0.8531511949736486,4.917009162289106,0.13699030194518813,0.01822916666666666,0.5987268424359933,0.8838556643184269,0.34383801433654365,0.32973340143917984
11470270000182,2263835.98,118,58,0.1009878011127728,0.03677104280379202,0.20867236150209081,0.5623728977043646,9.902186095559234,0.08521565727264602,0.019872289168770832,0.5504860565261622,0.748547936570392,0.26264997111621985,0.1782151374070103
11478938000138,2136346.7,6,6,0.3740996371037755,0.16666666666666669,0.4289191450058176,0.9535624531355327,2.6730846566488364,0.24891956452453057,3.3306690738754695e-17,0.9022335707551796,0.9315656709810468,0.8474584334940588,0.8235138849155241
11479852000120,5698521.04,24,19,0.20531677736191026,0.0625,0.41414254390469,0.6683028865328187,4.870522579055037,0.16116770943757194,0.01041666666666667,0.48200938815845223,0.896017219616223,0.13704570052927714,0.12522110433736242
11481782000144,299306.34,250,110,0.048236286066258745,0.01679999999999999,0.15620414188352977,0.34425182907919694,20.73128098266876,0.039504508874206076,0.007779816513761456,0.946397897872274,0.8118644883789422,0.7704578082124081,0.9152555887709493
11483837000155,11430914.59,42,34,0.36814469317730364,0.034013605442176874,0.589270433871731,0.8021367221150763,2.7163232786799565,0.34899756266752496,0.004741290455576174,0.6960156888293992,0.9325792804361145,0.602273867368053,0.27278750683389524
11485410000196,6608998.6834,497,172,0.16138250221764544,0.01390637588104077,0.24164023576086163,0.7483433280782004,6.196458638690389,0.15647830632418136,0.008139746500228143,0.6955112247455087,0.956202085429078,0.5351164641685687,0.41018606556236203
11491075000139,1832230.1914000001,465,126,0.05516981964411165,0.028262226847034343,0.13098790813866948,0.379985420646311,18.12585225854969,0.04761117820126454,0.02048832466181062,0.85527645774124,0.8848258738065008,0.7083059306315642,0.7144508784355889
11497013000134,69880754.76300001,29,21,0.2964348913806883,0.060642092746730075,0.413942521486844,0.9320265775733292,3.3734220534646098,0.2612566359497227,0.013674197384066583,0.40041226759644116,0.9882832021411442,0.004166595535455479,0.004696952176547556
11500340000106,742000.0,7,4,0.38352671079111594,0.38775510204081637,0.5390835579514824,0.9999999999999999,2.6073803254465897,0.1780356143881546,0.18367346938775517,0.7201972006935213,0.8737849021187175,0.5369561472750951,0.5368085781147958
11503081000169,8447485.4,26,22,0.07310259109655998,0.053254437869822494,0.13495140222438265,0.4285074372546414,13.679405681792003,0.02896461924401521,0.008171315863623563,0.6234974733853397,0.9052080317472487,0.3763224054232368,0.2978734025447846
11505079000129,159137.87,23,21,0.14462105900470823,0.05103969754253306,0.26392020956419737,0.6736762280405035,6.914622302464569,0.10185211195494365,0.003591682419659718,0.407196007592501,0.39336625233752576,0.00801704804852173,0.012668357877358778
11508942000100,30382690.049999997,146,74,0.029489470255331253,0.022424469881778937,0.07390217674290496,0.2296816291946473,33.91040908302566,0.016194805464308393,0.009033024263721113,0.44336411943992504,0.8964422009610573,0.07431399202251211,0.04790900466736166
11511812000118,163911.83000000002,9,9,0.35823906640798053,0.1111111111111111,0.4324520078874111,0.993558427112918,2.7914320178055347,0.2780189497089781,0.0,0.7629291540671828,0.7938514647075162,0.5642529474096718,0.6142789170507014
11513839000140,419215.58,8,8,0.3092723156527725,0.125,0.470779258728886,0.8993490652231961,3.2333964257011742,0.21059693217459716,0.0,0.6229161447473079,0.774663563595274,0.47448258578073205,0.20868729965885438
11520158000109,2292888.9668,213,84,0.743826521702715,0.03418633868941348,0.8617948922130947,0.9068791817259312,1.344399494805416,0.7407400942533502,0.022550029516996774,0.47352561956713496,0.9514099861702391,0.11603643804054277,0.126018951132365
11520287000105,4692092.0,28,26,0.07819323091328272,0.04081632653061225,0.1381047089443259,0.4817041098085886,12.788830801850517,0.04132096014981402,0.0024489795918367363,0.435653233093267,0.8296666181592416,0.07004741373693599,0.03655700760397627
11534361000134,417658.74,8,7,0.23781834584901565,0.15625,0.29030878175804486,0.9504715261076544,4.204890066113203,0.11078807015718492,0.015625000000000007,0.6326041775968209,0.7281881433674006,0.304826607203903,0.33371959145457114
11552935000105,235526.64999999997,25,20,0.46856317598020225,0.05919999999999999,0.6404732543005218,0.9313531186385913,2.1341839292173743,0.44059281682126555,0.009684210526315774,0.848300367077158,0.8579492500716958,0.7166144215859817,0.7535578807329928
11553540000119,1179187.4000000001,284,126,0.10989995589356873,0.020085300535607992,0.20323487174303254,0.5993012815435443,9.099184725501052,0.10277915554071727,0.012245982939892857,0.6838031889653539,0.8392219458602892,0.4546470845572463,0.4570515798203563
11588933000168,458081.5,8,7,0.23229299489455293,0.15625,0.3706763971040088,0.8396933733407702,4.304908120255369,0.10434182737697842,0.015625000000000007,0.5936265540908034,0.7145759538660041,0.2626445027710959,0.197720510412978
11598317000198,1514715.81,40,35,0.17595778683547877,0.03250000000000001,0.347867234580459,0.6639166194482383,5.6831812787859395,0.15172125115416932,0.004044117647058833,0.5770825044985525,0.7909518452426968,0.3115073639405507,0.2038058751060422
11607006000148,1101828.3092000003,49,38,0.2147518811159833,0.033735943356934604,0.35526946143198623,0.792709665114856,4.6565366263773,0.19352895898398287,0.007620698582797703,0.7130618477704058,0.8658734836550042,0.5082242614304893,0.5177011175821586
11607258000177,614275.7,17,13,0.1294181158532705,0.09342560553633218,0.20511962299664468,0.6580460532624033,7.7268935141488475,0.056869625507709715,0.017877739331026526,0.6578272564942329,0.68832175370995,0.3254039980485202,0.2884910307337578
11627479000107,4186535.0999999996,13,11,0.6483706036584537,0.1124260355029586,0.7997159273787051,0.9308506215557586,1.5423277896275143,0.613207664024299,0.023668639053254458,0.41136971661176513,0.9258835109304829,0.01620684662279921,0.017673164722798014
11632895000101,57427.306399999994,23,21,0.12431095731041955,0.05103969754253306,0.23886894336384892,0.5781734697554959,8.04434316681255,0.08052650517594054,0.003591682419659718,0.9990887013108904,0.9773102861659378,0.9772664703780586,0.9990515760283245
11633598000172,171696.14,5,5,0.26217411071203195,0.20000000000000004,0.3579929053734114,0.9534258603600523,3.8142591474197265,0.07771763839003992,3.469446951953614e-17,0.9507291688908889,0.6984602989997624,0.5664935329963039,0.9188871818886637
11639339000159,120955.73,53,41,0.08142657815644011,0.029547881808472762,0.17074015426966543,0.5054153284015565,12.281002378348242,0.058462242610351114,0.005286578853684581,0.7077074745786336,0.44183398843110877,0.3296848688066146,0.4787355346071608
11642164000139,2431188.05,6,6,0.8376057177617595,0.16666666666666669,0.9134422983034982,0.9928468963970105,1.1938791471865648,0.8051268613141114,3.3306690738754695e-17,0.4263437522176923,0.9413188101803834,0.03148248677005862,0.025196688880579292
11643598000153,556675.41,57,32,0.40211224267145695,0.05940289319790705,0.5532847229591118,0.9431663058370048,2.4868678291325814,0.3828255408221491,0.029061051043000826,0.7751354941009031,0.8860362546353708,0.638818628722124,0.6330878709031449
11679183000130,195255.1,7,7,0.6516827365332956,0.14285714285714285,0.7938332980803062,0.9741925819095122,1.5344890142703793,0.5936298592888448,0.0,0.42350666889681177,0.6984397786990671,0.029244818234806534,0.04242552953467291
11682696000108,1091885.1,8,8,0.5514421594809341,0.125,0.73267782480043,0.923430496487222,1.8134268169508259,0.4873624679782104,0.0,0.8445937110322348,0.9001323648713024,0.7706554124918297,0.7528913791865826
11688879000122,15799170.0,290,143,0.04736215623787984,0.010963139120095123,0.16072648056828304,0.34347025761479877,21.1139035768859,0.04065343902828745,0.003998090804039455,0.5507374327866801,0.7991503358662653,0.255263433807955,0.257250259778239
11692044000146,1880784.97,89,29,0.12864959563739448,0.0902663805075117,0.2798171233790751,0.5886438788374623,7.773052025896386,0.09752993833872999,0.0577758940970657,0.5016016830179182,0.7871258427843064,0.16011170177433723,0.14162624058089218
11694100000181,208832.62,11,4,0.5811841495857728,0.3223140495867768,0.7182785907680515,1.0,1.7206250389187827,0.44157886611436376,0.09641873278236905,0.9818358239573701,0.9514942234296018,0.9451631892582412,0.9782150085078182
11696615000110,410576.60000000003,14,13,0.2093558932844887,0.0816326530612245,0.3711853037898409,0.7720902506377616,4.776555292098341,0.1434688843915294,0.005102040816326534,0.4437723342819723,0.646517938640207,0.08187252813850579,0.04222292006503314
11701924000131,7457026.290000001,13,11,0.4145724916525568,0.10059171597633138,0.6217474258093302,0.8783519522766762,2.4121233804342137,0.35602974081781247,0.01065088757396451,0.6912124815856806,0.9430638430153149,0.5065406467484265,0.26954422218113666
11701954000148,387850.4,11,10,0.19475030844819163,0.10743801652892562,0.24751811523205852,0.8650242464620378,5.134780057439675,0.1052781204979907,0.008264462809917352,0.6755496751480986,0.7351402274335042,0.3937845330882946,0.4303532547159387
11712986000149,9594.84,28,23,0.11613880811123853,0.05102040816326531,0.2553455815834344,0.5738709556386558,8.610386280546235,0.07596329938902209,0.007884972170686459,0.997208064034714,0.8552393074966493,0.8549642362725501,0.9970022992889902
11715955000141,2329376.36,7,7,0.26668211584357127,0.14285714285714285,0.4017933795807905,0.9263970378749788,3.749782758535536,0.14446246848416647,0.0,0.6762902648374998,0.9030776729459131,0.41392743529916737,0.4229879763434921
11718406000120,88873146.17000002,17,15,0.36115783059485707,0.07266435986159168,0.5222711079814133,0.944201131683645,2.7688725407197086,0.3155262470659183,0.0064260998517053775,0.535394578861984,0.9933114238283556,0.2920369296205597,0.12264164628826105
11722278000199,2504490.3699999996,30,30,0.05874618207137829,0.03333333333333333,0.11606988930047273,0.3334394294356979,17.02238281263915,0.02628915386694306,0.0,0.3987480409739376,0.7103021049499844,0.0010233936720454462,0.0014779732191207162
11730430000185,313659.10000000003,6,5,0.47652793312780545,0.22222222222222227,0.6427360149920727,0.9882343601700063,2.098512868776149,0.3456599164097568,0.027777777777777818,0.43075927380478995,0.7393258877527468,0.05304929340270406,0.0547785608790523
11732185000145,281606.2605,169,28,0.0846395708990469,0.053394488988480794,0.1373076718228713,0.49614869623965624,11.81480469924335,0.05073733278419679,0.018335025617683787,0.9983058568583507,0.9596334101796323,0.9588251749912298,0.9982442113845941
11738894000138,90812.19999999998,51,32,0.1926000829170345,0.044982698961937725,0.3747431512506029,0.6829836739997489,5.192105760571067,0.16655492430145497,0.01417568925103249,0.9943892088658628,0.8315395594349124,0.8272365005301727,0.9941254693849062
11750074000161,4727138.36,34,32,0.09129666977889837,0.032871972318339104,0.26333056179045283,0.38954150688324674,10.953302047290366,0.06198365912660477,0.0016742940060274626,0.6535017085545523,0.8206757142909883,0.4287224224546925,0.35600450658602834
11772824000104,664313.8200000001,13,12,0.20729076958219642,0.08875739644970415,0.32399145331644613,0.7640183671024638,4.824141480180442,0.13522629408966882,0.005917159763313625,0.5252902774395874,0.7298167193232828,0.15359708521114251,0.17372678242662085
11800731000138,11501589.0,14,12,0.16626377594898242,0.09183673469387757,0.23733421877620564,0.7699562103984067,6.014539212118262,0.09046957376252629,0.009276437847866446,0.7053257201527632,0.9544473934695183,0.5145822105959675,0.3899124692623618
11809185000104,16826552.17,25,25,0.1950286167193635,0.04,0.38547929691528715,0.7141074296505747,5.127452662185213,0.16148814241600365,0.0,0.8655227393221745,0.9661674828575296,0.7135275415133823,0.7761819674242525
11810130000106,679346.12,27,22,0.1701319680354626,0.05075445816186556,0.3401537054484097,0.6850507072889443,5.8777901152096135,0.13061444270381795,0.005552289502906774,0.8496866689455533,0.716889476140981,0.40635389513048614,0.715527070505132
11816419000132,8068261.18,11,11,0.24916060719085253,0.09090909090909091,0.43013112399021275,0.8361709926698233,4.01347552999828,0.17407666790993778,0.0,0.39791956997810074,0.9358913708242494,0.0002986263189329087,0.0002986263189329087
11822633000100,6722673.3793,16,12,0.23972800321648557,0.109375,0.2781980611699358,0.9347633812836427,4.171394190844502,0.17061236714525702,0.028409090909090915,0.7632216782484602,0.9678872904878274,0.6752708324585346,0.5562124464223157
11839890000146,1533378.17,20,16,0.1964474302466613,0.07,0.3132603615975568,0.7862642259997741,5.090420367140411,0.14287725892977207,0.008000000000000007,0.6227163917041123,0.8201011372989084,0.33933476153632414,0.3320801077723916
11840546000177,182395029.825,1061,235,0.018588530810408264,0.019568791912027938,0.019189149635042695,0.07675659854017078,53.796613094353354,0.014394464702760438,0.015378914954387032,0.41244826432450793,0.9769104129600488,0.02403312193399501,0.02552116814470773
11850969000178,8187088.06,71,59,0.12266681666103846,0.019638960523705607,0.21140969015056618,0.6293517270412747,8.15216394473878,0.10754038246553912,0.002736183981010876,0.561092980550167,0.901963699702847,0.2646493690573932,0.18874120730923952
11867889000125,9128094.55,29,22,0.23474133594979466,0.05588585017835909,0.42579609563750626,0.7816797909920861,4.260008131733029,0.19830044718549916,0.010928033520185714,0.6230956005909456,0.9456894694900214,0.4673988269813249,0.2247115703636921
11873495000180,98055.331,112,51,0.05743030023640741,0.04097576530612245,0.11076297320336412,0.37290395766447415,17.41241114679145,0.03857890624113556,0.0217952806122449,0.9832007579044676,0.8714365615948372,0.8688608339640453,0.9705993046860851
11877880000103,2024908.55,24,24,0.11095390888665087,0.041666666666666664,0.16515017431281032,0.6231530801724354,9.012751421147204,0.07229973101215742,0.0,0.6875014769541904,0.8319023265689515,0.45963834120446645,0.31481285089577393
11888327000168,1087622.108,651,153,0.03443225865470699,0.02149357835399162,0.09117909912879409,0.25496948835468136,29.042532760577327,0.028079839303751113,0.015056036106320511,0.9913596597170787,0.9325891796754929,0.9290441492227122,0.9871074732747243
11891451000182,2136497.26,5,4,0.9081246749300665,0.28,0.9524936156482599,1.0,1.1011703872896181,0.8774995665734221,0.040000000000000036,0.4177874284392179,0.9495936160202669,0.024982210269517496,0.026370657980068494
11892520000172,391474.15,153,87,0.040639659906660776,0.019351531462258098,0.1350382905231418,0.30620923501590075,24.606505130622452,0.02948430711487776,0.007948642293214587,0.6546721174393378,0.525439861685998,0.38220384622126247,0.41001559249869546
11902878000139,6198146.4,6,6,0.881075404120229,0.16666666666666669,0.9380459938797187,0.9874155925068179,1.1349766380080937,0.8572904849442748,3.3306690738754695e-17,0.4035916979025611,0.9707102870999329,0.010056746850843883,0.0051568951775826846
11924138000101,32033517.909999996,1273,325,0.017939049395016348,0.011403066529509807,0.09365190574537181,0.1650142583418806,55.74431386970874,0.014907997078334298,0.008351841426205825,0.5670491269991953,0.8587311693383499,0.24546656816894447,0.2638709670914221
11926843000130,1359809.5899999999,23,22,0.09730165806401363,0.04725897920604913,0.13237147415617212,0.5294858966246885,10.277317158789952,0.054316022733728556,0.001890359168241943,0.4127691153842689,0.6918594136691302,0.00615541503094434,0.013657255825248606
11934211000118,8468702.780000001,83,49,0.10577635654542632,0.04543475105240239,0.21539890552163174,0.5962905419146143,9.453908535510426,0.08714669730678937,0.025547975032660777,0.48278725936142586,0.8932981829787301,0.13503755689181374,0.12297686517871659
11960753000165,487968.3143999999,184,40,0.19420625964418894,0.04276937618147448,0.4098626777558653,0.6235631925694558,5.149164614117638,0.17354488168634766,0.018225001211768694,0.9498453660181159,0.9380665307992502,0.9055039244766921,0.9186667422819805
11996804000109,7188849.49,6,4,0.4645675027262639,0.2777777777777778,0.6261986978948422,1.0,2.152539715179406,0.2860900036350185,0.037037037037037056,0.4473959330601517,0.9715750999111726,0.10479427993110577,0.04377925973451294
12008540000109,240308.6,6,6,0.26698909982901514,0.16666666666666669,0.3786797476245128,0.9138607607051933,3.74547125946497,0.12038691979481818,3.3306690738754695e-17,0.8834231112124563,0.7363548266749218,0.6156922176719668,0.7266365813374057
12053489000149,57896759.95,132,119,0.05562748609061283,0.009067952249770427,0.14275520784129822,0.4037763030295446,17.976724642402107,0.047624329193075646,0.0006702230315481431,0.4422116568967838,0.9339659597289223,0.07990902429887124,0.06938114932215468
12063587000167,852295.35,25,25,0.29174305641196446,0.04,0.5186934318015463,0.7346580619030715,3.42767369444406,0.2622323504291297,0.0,0.7557250019740438,0.751067539474925,0.5610090393292887,0.5462282753733312
12092636000190,20914550.909999996,19,16,0.2552684470975089,0.07479224376731301,0.417004013977176,0.8975614929902409,3.917444601439575,0.20561967690400948,0.01311172668513388,0.4099196815248158,0.9741758708387027,0.017983634919054425,0.017543662384160448
12094507000130,3660877.5788000003,187,78,0.29522195347624436,0.0325717063684978,0.4916853817848841,0.8777044085296197,3.387281969463924,0.28606899183307866,0.020007702555101668,0.6882585821224158,0.9652929711298629,0.48684212500840607,0.4810624145556227
12105376000140,3878337.67,37,29,0.20540164451482565,0.04309715120525933,0.3802469319284414,0.7438522881376649,4.8685101931003345,0.17702313181892657,0.008922049462590021,0.6012167769977323,0.9041151570079424,0.30973165107993716,0.30655898139790944
12115907000185,340264.12,182,71,0.22026206019512232,0.029344282091534828,0.4433277302349716,0.6601592903771341,4.540046520558899,0.20912294676933835,0.01547777183569961,0.9908401842598159,0.8750362704944611,0.8676046403906356,0.9903413313870104
12116187000172,19372162.1,6,5,0.856094368359855,0.22222222222222227,0.9242288964740801,0.9920165854899593,1.1680955242304023,0.8201179604498188,0.027777777777777818,0.4144762767694455,0.9886157598806122,0.035257152462380335,0.014741352411687426
12139961000160,798049.2157000001,761,143,0.06470386955378844,0.028348134500389383,0.1890215754020695,0.40853868569248936,15.455026212438472,0.05811727708585738,0.021505515729265366,0.9953043083469888,0.9450146364954706,0.943945285962668,0.9948797373796128
12157728000100,10953962.440000001,7,7,0.38291847962266334,0.14285714285714285,0.5421815340823827,0.9356422806941812,2.611521911884281,0.28007155955977386,0.0,0.5759574042200944,0.9734720298874624,0.34262411741929016,0.1770555595437514
12219015000124,19502756.71,64,33,0.2886324198070959,0.05029296875,0.40249271201619785,0.8707016019583008,3.46461426844683,0.26640218292606765,0.0206146240234375,0.43732700037504174,0.9683817553306067,0.07582507816108092,0.044072657356826576
12251090000172,396611.76,32,28,0.08960321881411368,0.0390625,0.19162316316591319,0.5118355542457944,11.160313359663448,0.0558848195109327,0.003472222222222224,0.6908878163725033,0.652642511870286,0.45042657090608207,0.4725943561731696
12251189000174,1374315.19,14,13,0.2801843085570153,0.0816326530612245,0.3875595670306169,0.9035694715707829,3.5690792434099063,0.22019966760343324,0.005102040816326534,0.8963504653930914,0.9004713342251482,0.8378199876672984,0.7634977008944368
12259049000142,1741398.5,6,6,0.4107177489364724,0.16666666666666669,0.4920757655413164,0.956913078769736,2.4347620783115334,0.29286129872376687,3.3306690738754695e-17,0.6545866027709036,0.9176482947216295,0.4884534448219573,0.4176863273358119
12273240000149,251993.28000000003,92,48,0.3279372040742318,0.04017013232514178,0.5617677185677332,0.7103011239029866,3.0493642916271253,0.31363799565027933,0.01974822024695331,0.9833109739468436,0.9220199363106388,0.9173508910742281,0.9767697120709832
12282048000119,9475916.38,9,9,0.24389511566796732,0.1111111111111111,0.3572579014252551,0.9172058966607303,4.10012310931792,0.14938200512646324,0.0,0.6389349267253255,0.9631261653267438,0.4194557570506927,0.2685512410177374
12292556000188,100606534.55000001,8,8,0.1708384755551037,0.125,0.20590072575956747,0.7845522936760373,5.853482342023424,0.052386829205832805,0.0,0.4731233652246798,0.9951982185166139,0.16660907239130976,0.06659201078024553
12298037000127,2201203.91,121,51,0.28303344032944844,0.07656580834642444,0.5031246741697819,0.7741672601335693,3.533151414320544,0.2686941091360374,0.05809712451335294,0.48612296505414493,0.7967075614687666,0.06553089842717885,0.12541446172033965
12306202000145,855473.5,12,12,0.29685027581198914,0.08333333333333334,0.45354999307401106,0.9342194702699733,3.368701603071282,0.2329275736130791,1.5139404881252137e-17,0.43741992583039524,0.7883571098943037,0.05375530693631704,0.0408142297039018
12321353000172,7960725.000000001,23,21,0.13464696839393506,0.05103969754253306,0.2699502871911792,0.6345313322593106,7.426828928478447,0.09137931681363182,0.003591682419659718,0.5670297996573634,0.9083987699938144,0.34652913981876204,0.17721388964528062
12334083000134,1364920.6192,516,138,0.12210934864938909,0.02330839492818942,0.3039004570413189,0.5103019312641357,8.189381165821189,0.1157013876906255,0.01617925912474555,0.9893961493417807,0.9483709530349698,0.9446419116170588,0.9839773499696705
12342968000185,926246.8,8,8,0.22734576854461372,0.125,0.3912564124378081,0.8271428306149075,4.398586375289245,0.11696659262241568,0.0,0.39791956997810074,0.757941636870008,0.00022396973919968147,0.00022396973919968147
12366625000150,623110.77,12,12,0.1318415749594849,0.08333333333333334,0.1827925394388545,0.6429996387319705,7.5848608476294475,0.05291808177398353,1.5139404881252137e-17,0.6206421147907749,0.6806584156383834,0.24805970143125905,0.2432276608520527
12403446000146,77279.72999999998,34,23,0.19605507651186152,0.06055363321799308,0.38820011405319355,0.7001577257063399,5.100607532289525,0.15951212544421886,0.017851525636992764,0.9887731312779496,0.8855260556854927,0.8822746365738947,0.9848765616780608
12433830000191,2905404.4800000004,8,8,0.17151135350343322,0.125,0.18393550491117847,0.7357420196447139,5.8305178028927545,0.053155832575352245,0.0,0.39791956997810063,0.880124313190464,0.00022396973919968142,0.00022396973919968142
12448797000173,578548.0,8,7,0.2649881470399882,0.15625,0.39365445909414604,0.8725257022753514,3.7737536986856037,0.14248617154665288,0.015625000000000007,0.5753501284867901,0.7273714168384342,0.23765606702568903,0.15681701176874863
12457020000175,3596598.73,10,10,0.3228488478475376,0.10000000000000003,0.4990825957390026,0.9022715831298757,3.0974247133514345,0.2476098309417084,3.0839528461809905e-17,0.5101476931329566,0.920247287667781,0.15045724045701195,0.14423332970501343
12462982000112,683216.73,14,8,0.18583541174257495,0.16326530612244897,0.32225343779271914,0.7490254666334063,5.3811057355700935,0.0695261848486571,0.04373177842565596,0.39791956997810074,0.6944542929119524,0.00022396973919968147,0.00022396973919968147
12488175000179,3764452.641,640,144,0.2596706469819761,0.0233447265625,0.4762976642266118,0.738501495840707,3.8510321117250137,0.25449351863919273,0.016514969405594406,0.6955861704042346,0.952882918174675,0.49068968069094987,0.49277894050324156
12489912000158,615488.73,12,11,0.21837631984261524,0.09722222222222224,0.4242979396227125,0.6631921595055039,4.579251086934263,0.14021395182687676,0.006944444444444459,0.6728400726123576,0.7183467846133563,0.27796006577209814,0.27737402717185844
12560864000147,283097.2,8,3,0.47048555314667806,0.40625,0.6354608947033034,1.0,2.1254637752675927,0.2057283297200171,0.10937500000000001,0.9473096562888986,0.976153443374528,0.9752095634102089,0.9022691495659896
12570642000105,1282974.2599999998,42,39,0.14480410337965857,0.02834467120181405,0.3030458303972521,0.6519421519805082,6.905881647415217,0.12229894820543907,0.0027747941281775785,0.6722012013566386,0.7761901201497334,0.40999933825759916,0.3474793131551692
12592033000157,2170339.86,14,9,0.28052712003401287,0.1530612244897959,0.38565388556242064,0.9026073916368104,3.5647177352362713,0.19059301003826448,0.04719387755102039,0.6093554835961001,0.8936126446073474,0.38099288049196295,0.3547637328401091
12640342000155,953078.6499999999,13,13,0.1453440011447029,0.07692307692307694,0.22474535548561494,0.6939653511281572,6.880228919832825,0.07412266790676146,1.5034270125132327e-17,0.408199447043612,0.7119349012345831,0.009641339048711462,0.017307067586280818
12652188000131,149795.0,7,7,0.17456296049163647,0.14285714285714285,0.2643612937681498,0.7437497913815547,5.728592120479712,0.03699012057357589,0.0,0.4792969613385689,0.4693415944388049,0.08615290555331055,0.10634369892087639
12652881000104,435034.3,9,9,0.14078162615941658,0.1111111111111111,0.22162459373893048,0.6365196951136957,7.10319966660729,0.033379329429343664,0.0,0.7417954517621658,0.6241407178048948,0.1857630430947044,0.36379183274423055
12710978000126,70923349.64,203,145,0.15307428654339947,0.009051420806134582,0.35249322158213847,0.619527880916934,6.532775834408223,0.14719285797772866,0.0021698334506216276,0.7803433871166714,0.9546072402016178,0.6678930233332286,0.45320437454924534
12769172000103,652265.6000000001,14,14,0.15762241837881996,0.07142857142857142,0.24529884758601406,0.7159660113916786,6.34427520073104,0.09282414286949842,0.0,0.5412882804564361,0.6946890182362079,0.21888185360163792,0.13773763611698
12770455000175,6619899.98,18,18,0.4025791063341105,0.05555555555555555,0.5982588909145421,0.9148521938846573,2.4839838537722696,0.3674367008243523,0.0,0.9194432460160524,0.9604962076408202,0.8999826749731792,0.8790254396476052
12816116000182,214179.03,84,54,0.09030485541282736,0.026360544217687062,0.2117034987038647,0.5302224498822318,11.073601695374123,0.07314079608099391,0.00798998844820946,0.9902991193545012,0.7748035507280835,0.7485843000475627,0.9894388427753003
12877385000159,1005498.22,41,35,0.1627355243846128,0.0362879238548483,0.35600739303148643,0.6102097326437833,6.144939795914366,0.13811009863121906,0.007943451027049724,0.43332730660116103,0.6609099232037785,0.05084357755258209,0.03922671004006351
12984850000150,298272.85,5,5,0.34042434291090107,0.20000000000000004,0.40230949615427625,0.9956415744845701,2.9375102598398173,0.1755304286386263,3.469446951953614e-17,0.6517028006727252,0.7338085793392052,0.3765315963860007,0.28140145096592195
12998458000160,3452182.92,10,10,0.3226462754669766,0.10000000000000003,0.527202654719119,0.865884302561812,3.0993694210561302,0.24738475051886288,3.0839528461809905e-17,0.4219674546940009,0.9020565563948859,0.03290195367297611,0.03993017414851661
13018648000137,1035023.7999999999,9,7,0.2318191516749161,0.18518518518518517,0.38208783218318265,0.8491226965022446,4.313707442956727,0.10378901028740212,0.049382716049382706,0.7719258259012447,0.8155454515435154,0.2958888647209375,0.5302829154596473
13019421000106,203328.21,77,52,0.5499558817706721,0.03356383875864395,0.7377235062463787,0.8545773850072256,1.8183276752679467,0.5411314872955872,0.014614110106852657,0.995090285808749,0.9573965538733045,0.9566329914458154,0.9920725018160116
13019629000125,3190.09,8,7,0.27919675485322176,0.15625,0.42945496835512476,0.8865267124125024,3.5817035213239357,0.15906288066209207,0.015625000000000007,0.9307949808943428,0.53341141303,0.52066399770626,0.7441789665042129
13034603000156,144293.44,5,5,0.2349335244358846,0.20000000000000004,0.29938990989472564,0.9099058141520502,4.256523211836924,0.04366690554485575,3.469446951953614e-17,0.6601854742092658,0.6521177521913382,0.3912785918992016,0.4355001874736122
13072654000172,15004.8,7,4,0.26540041628990524,0.30612244897959184,0.33522606099381536,1.0,3.7678916031076173,0.020533888386540317,0.07482993197278913,0.861160227386736,0.39113545912305214,0.34128958221059225,0.7718438016750163
13102858000109,2066219.83,10,10,0.14282323219599521,0.10000000000000003,0.183910731318458,0.6696450251375237,7.001662016916882,0.047581369106661345,3.0839528461809905e-17,0.7995670140493828,0.894931718803905,0.620634364697304,0.5202336083023648
13128780003389,97623863.2,10,9,0.5558255181911674,0.12000000000000002,0.7127600883551185,0.9974223054512351,1.7991257458893166,0.5003037079650634,0.010000000000000033,0.3992347286121452,0.9973078964420762,0.0021734711497171113,0.002331942688873996
13128780003974,2532887.82,56,6,0.30717859702453604,0.29209183673469385,0.48855483066755,0.920809757772849,3.2554351432242674,0.16861431642944325,0.15051020408163263,0.8702056242519689,0.9073227474909361,0.4531429896153358,0.6151321347181087
13128780004431,9533607.299999999,7,7,0.712826187956022,0.14285714285714285,0.8391367032707545,0.9801033738824126,1.4028665288903432,0.6649638859486924,0.0,0.9147531305233084,0.9800222551993385,0.9038061640521833,0.8534411013847615
13128780004512,72755.6,15,4,0.48709915034482243,0.6533333333333335,0.5056188114729312,0.9999999999999999,2.052970117669246,0.31613220045976326,0.537777777777778,0.6949209209687621,0.6965881313292777,0.45559394329476255,0.5009670425274093
13128780009581,1755399.0899999999,10,6,0.49712346065649027,0.24000000000000007,0.6773905186426865,0.9689937232450085,2.01157273623623,0.3965481527877883,0.08800000000000009,0.8097529833082794,0.9155331341438779,0.5791133518164164,0.4439867581116034
13128780009905,695570.06,37,33,0.05187098996129785,0.04163623082542002,0.0995401670968989,0.35832071322908865,19.278598707025317,0.02224195839758841,0.011687363038714395,0.5101642915028397,0.5211968188355797,0.1426809000674704,0.18104933316215396
13128814001049,14656985.25,9,9,0.7264073924493722,0.1111111111111111,0.8495522638258778,0.9601198854996459,1.3766379725681221,0.6922083165055439,0.0,0.43498872429338303,0.9808056619765818,0.06297686803165586,0.05459997523607364
13133909000160,7970784.87,70,62,0.08556819390923812,0.0183673469387755,0.1542860257875709,0.5325473951726412,11.686585334040082,0.07057750856348792,0.0022750083640013298,0.6932669255145436,0.8991149471359022,0.48096685507159714,0.43403543089576085
13153852000160,1186833.8699999999,17,14,0.11334946798798473,0.07958477508650517,0.16673774232614375,0.576772889031217,8.822273432337608,0.04514558091013741,0.008783603939313269,0.5867209504644075,0.7540872921983923,0.3192956496205226,0.16698644386863087
13170158000151,4164462.525,371,98,0.56334591851044,0.02613320158964262,0.7385170310783383,0.9380083279774502,1.775108272097063,0.5588443300414755,0.01609333768850492,0.8162241893271984,0.9558793967715884,0.4634878110757908,0.43660792464947795
13182493000170,505259.0,9,9,0.3838718655550665,0.1111111111111111,0.5937548861079169,0.8652987873546043,2.6050359240420806,0.3068558487494499,0.0,0.6840382485723109,0.7556159392160676,0.5461757126656499,0.2665560193725517
13183513000127,13053846.94,24,21,0.25298507843727214,0.05555555555555556,0.401638614586054,0.8486222621513286,3.952802300345753,0.21563433235913576,0.00833333333333334,0.4652068809282567,0.9590043487213729,0.11760345839627331,0.1128687033552416
13240198000122,95391.44,9,8,0.3678067297519032,0.13580246913580246,0.5660885295368222,0.9022291727643487,2.7188192034292857,0.2774934054307465,0.01234567901234567,0.4273155516813388,0.46074966499606185,0.018303699088914854,0.04801664128189198
13244984000106,1031798.0,6,6,0.5859200766384889,0.16666666666666669,0.7545740542237919,0.9611261118939947,1.7067174173944502,0.5031040919661867,3.3306690738754695e-17,0.7638125589068665,0.8678073908080686,0.6705162044488336,0.3235969504140161
13286669000133,7767.6,9,4,0.3660418585318032,0.48148148148148145,0.47172871929553534,1.0000000000000002,2.7319279931836427,0.15472247804240427,0.30864197530864196,0.7840743618799427,0.5972045587183451,0.5497110175114244,0.6454621214412775
13358623000182,220095.0,12,12,0.11367181197048618,0.08333333333333334,0.13998500647447693,0.5466321361230377,8.797255737065585,0.03309652214962129,1.5139404881252137e-17,0.7325407525754097,0.5775934590115122,0.3834891014995574,0.46760386569448587
13366927000191,61732001.82,5,5,0.8259926874802125,0.20000000000000004,0.906580028996701,0.9992224454321121,1.2106644709538739,0.7824908593502655,3.469446951953614e-17,0.8267429084932729,0.9966297728267313,0.5362292003365795,0.3787056599395772
13417917000138,168862.015,87,25,0.09365522101468483,0.08336636279561369,0.18229973152931994,0.5239220436875635,10.677461322131771,0.055890855223630034,0.045173294578764255,0.9940903772365003,0.9173227749969091,0.9020801778183646,0.989931654861927
13449811000116,156352.74,12,12,0.1846585809115609,0.08333333333333334,0.3204293061957213,0.7619487192869151,5.415399571812658,0.1105366337217028,1.5139404881252137e-17,0.6613434875382058,0.557561517804386,0.2944438650492945,0.3893391957970139
13468241000101,98239.7,7,7,0.2230662156483569,0.14285714285714285,0.32064430164180063,0.8616648870059661,4.482973798131792,0.09357725158974974,0.0,0.4623859226474075,0.4189173540852163,0.03646731656448605,0.0628027017036599
13469368000145,291084.5,16,11,0.15474120642845687,0.125,0.2108339674561854,0.723197215928708,6.462402763173108,0.07021532707130256,0.0375,0.6940323712614267,0.5997159085257846,0.3106117516544081,0.2768167316512834
13497205000176,77464.42999999998,85,52,0.05663749724146424,0.02809688581314879,0.134876097326218,0.39914177384381455,17.65614740596096,0.03814019326580668,0.009039962005563472,0.9934140204491113,0.8136974777840449,0.8108673643997816,0.9925873188918752
13509695000183,31583.79,19,12,0.3138450155318147,0.11357340720221606,0.4598909757188735,0.8871332414507569,3.186286066406013,0.2514672896710706,0.03298917149332662,0.9921310149575787,0.8267660500403347,0.8205914574838159,0.9917160950435907
13571334000167,2498275.3400000003,7,7,0.20183878606101857,0.14285714285714285,0.29728020290990026,0.8330832261267087,4.954449139907562,0.06881191707118833,0.0,0.8521123173365528,0.9504944559655029,0.7823308157978229,0.6902352184880942
13577818000113,2148744.87,6,6,0.6442688793932463,0.16666666666666669,0.7740737503191805,0.9956297929404713,1.5521469870495235,0.5731226552718955,3.3306690738754695e-17,0.40205816199045274,0.9347939168064529,0.00407880793239355,0.0037537141172172012
13617528000156,692019.35,8,8,0.20605996417580857,0.125,0.2890092596399219,0.8456410937064116,4.852956293570975,0.09263995905806695,0.0,0.7349557374201084,0.8497093733543823,0.5642532146830033,0.49065139650792305
13633606000106,211934.51,19,17,0.12743317233673776,0.06371191135734071,0.22648505899298796,0.631798945815856,7.847250301181662,0.07289774560778388,0.005193905817174504,0.5627453439384509,0.49010126616332733,0.2148522382731919,0.2500928196274481
13659627000109,1038647.4,6,6,0.21062250633538504,0.16666666666666669,0.2953874433229217,0.7960616856114981,4.74783069197576,0.05274700760246206,3.3306690738754695e-17,0.39791956997810074,0.7841010544012729,0.0001741986860441967,0.0001741986860441967
13660803000114,35822.99,39,23,0.1431895133628678,0.06245890861275476,0.2956612499403316,0.6670939527940019,6.983751648529046,0.10424358215208906,0.019843404458789064,0.9812657415851809,0.7655301735739498,0.7517248156269591,0.9732825730375091
13660914000120,1502860.49,12,11,0.3303307145542052,0.09722222222222224,0.3942481713655271,0.9926144242437301,3.027269206103165,0.26336378600962573,0.006944444444444459,0.4023451738300272,0.8860199145342024,0.0065861799180953196,0.007487754377832478
13667230000150,2492402.0100000002,84,44,0.1994774789582377,0.0334467120181406,0.39975284725436405,0.6704346543196696,5.013097243971879,0.18086067614331297,0.010968728576702004,0.5918140691262289,0.8641685458021413,0.25475489731654727,0.32031477754424686
13723290000143,313128.55999999994,43,22,0.14888892034836454,0.11303407247160624,0.3354267333519497,0.5560072195267017,6.716416491302635,0.10835982131733428,0.07079759973215892,0.8186561153406247,0.7401605704919034,0.6306297888451909,0.6468731047578048
13736496000108,108855.0,5,4,0.3809170190380834,0.28,0.5470580129530109,1.0,2.6252436883110803,0.1745560253841112,0.040000000000000036,0.6119545671190372,0.6390415626403418,0.2803574573451947,0.3601474190658116
13749592000190,77358.35,12,12,0.12809023522322205,0.08333333333333334,0.23471286551484097,0.6018354838230133,7.806996358912967,0.04882571115260588,1.5139404881252137e-17,0.5801954042184143,0.3790502010274804,0.16337164639487917,0.23403608627338862
13769209000166,377083.0,10,10,0.137785348923094,0.10000000000000003,0.21215488367282534,0.6556911873513258,7.257665693891432,0.04198372102565998,3.0839528461809905e-17,0.4999458270920201,0.6004064900294973,0.13858697285258895,0.17128061972914477
13776308000175,3883307.24,13,8,0.36389164513855315,0.17159763313609472,0.4170465790906619,0.994216107917333,2.7480707879930746,0.2730190230154893,0.053254437869822535,0.5858935805417597,0.9434495070736637,0.27409606482136323,0.16615007962521608
13792329000184,56440845.81999999,52,29,0.3072283966418408,0.07026627218934912,0.5173557903991028,0.8279371600671734,3.2549074595008056,0.28248655366476366,0.03706149619611159,0.8103561484042123,0.9844411990875412,0.686524699413186,0.6641738121458766
13806951000102,117321.01000000001,20,16,0.24807184527196793,0.07500000000000001,0.43149986519891026,0.7977650379927688,4.031090262998902,0.19794330162343246,0.013333333333333345,0.9935417915090194,0.8755609687176572,0.8702317344125277,0.9931847412071118
13817576000198,1904685.6400000001,9,9,0.3038609971446031,0.1111111111111111,0.4934032053709398,0.8895794478715132,3.2909784717257224,0.21684362178767846,0.0,0.47120007395217783,0.8843192782847299,0.12189366750448512,0.12002395972716942
13823697000142,3298423.8899999997,38,34,0.3177515685927428,0.03324099722991689,0.5454117996944292,0.7503778387925756,3.1471127095573346,0.29707737370161375,0.003945269873247708,0.5138216308393876,0.8779609901237296,0.14806998931497753,0.17025406010817207
13842783000100,115606.1,5,4,0.35047996869493825,0.28,0.44668923179659203,1.0,2.8532301110492604,0.133973291593251,0.040000000000000036,0.7076269531657264,0.673053210504541,0.39809196311641626,0.515783219934678
13843029000187,770728.6199999999,16,9,0.5347444739867571,0.1640625,0.7005838189841711,0.9745501600809894,1.8700520503644606,0.4765875332351017,0.05957031250000001,0.812047906866218,0.8747188991965781,0.6904715886520644,0.6833480957339414
13843252000124,44977.89,51,29,0.1161348001495193,0.054209919261822365,0.26985481088597085,0.559603840909389,8.61068343608063,0.08456818586914498,0.020431702092601735,0.9959807977339995,0.8472402696879171,0.845494946948174,0.9958257729786676
13844779000173,9291786.32,32,30,0.15075120786827598,0.03515625,0.21752522608591368,0.7337206178886816,6.633446021034764,0.1214667667602855,0.001885775862068966,0.40347848938500164,0.9133783126498825,0.008957940576742705,0.009283897695108793
13864377000130,643522030.8,216,103,0.29751577495339754,0.02374828532235939,0.49055257239221156,0.8298436189296038,3.3611663117918322,0.2906286747078426,0.014177190080421738,0.5921439076335083,0.9958582284958131,0.28751603202579157,0.3220391071509611
13872416000141,1500113.47,47,35,0.06432005761360113,0.0330466274332277,0.17332022223625523,0.3860707950312586,15.547249755394185,0.03680005930811881,0.004606822357734397,0.5362490138411917,0.6635891720517725,0.20571536674844432,0.1600210689985291
13884310000168,20931.12,10,7,0.23446457263030226,0.18000000000000005,0.286654512515336,0.9045966006596875,4.265036669641236,0.10687533473535264,0.0433333333333334,0.9534583255276143,0.7028727210470712,0.6697119919756034,0.8241425191085336
13884527000178,1956435.84,5,5,0.4845866370670899,0.20000000000000004,0.6644736174941469,0.9782768240434605,2.0636144777998746,0.3557332963338623,3.469446951953614e-17,0.6974155425058229,0.919121660621624,0.6471528015859165,0.2645314837679527
13886006000150,1293757.9764999999,482,126,0.04185368799614675,0.02437974552779739,0.0881076693404255,0.2821358020821447,23.8927570753637,0.03418851750011592,0.016574783492019768,0.9963955610132376,0.955915619093033,0.9546955070477356,0.9959930995584886
13886253000156,307136.08999999997,5,5,0.6416403123923508,0.20000000000000004,0.7814125653549865,0.9889365004288491,1.5585055687531664,0.5520503904904384,3.469446951953614e-17,0.4855860816659029,0.7530082687649368,0.0470063848655424,0.07749989482272236
13917262000167,10823336.209999999,63,42,0.3757585224138714,0.04409171075837741,0.543067069705303,0.9015097369870949,2.6612836179363373,0.3605331205215268,0.020776874435411007,0.7737020970383091,0.9688719767021213,0.6373263959759581,0.6237318471153882
13927758000111,8883702.01,14,12,0.40296782596750547,0.10204081632653063,0.5831666048870543,0.9323502736445344,2.481587698965917,0.34869217378273326,0.020408163265306145,0.8733637816212781,0.9697166227359267,0.8543120538563573,0.7925789766447993
13953949000158,1409186.9100000001,208,119,0.017659014062358862,0.02362241124260356,0.04683551878863252,0.1625277657454255,56.628303056372424,0.009334090452717835,0.015348024897201896,0.45091378607969235,0.40877939039350475,0.032298233323052324,0.06462758814870591
13954199000139,447293.286,151,60,0.1308397486007303,0.029253102934081836,0.2700688871954139,0.5708894096836499,7.6429373389549475,0.11610821891599693,0.012799765695676445,0.8967809814737122,0.8030020377319939,0.7627731610117592,0.8257195363773984
13959466000160,3708938.5700000003,10,8,0.9228188246368456,0.16000000000000003,0.9603837978907265,0.9898563162236467,1.0836363252489212,0.9117929424421093,0.040000000000000036,0.9565730635248779,0.9807209705583199,0.9628056247768,0.9406959574301829
13959501000141,150147.23,10,10,0.17137767861641817,0.10000000000000003,0.24868923655801042,0.7622851250735694,5.835065616907002,0.07930853179602018,3.0839528461809905e-17,0.7786561802886638,0.6747739277031225,0.5062797067409575,0.5904385780834709
14004319000108,673723.902,7,7,0.43343709100424255,0.14285714285714285,0.5937150200736088,0.9849671356917362,2.307139884321095,0.3390099395049496,0.0,0.8198490596669712,0.9186651976324415,0.8358313261311416,0.49373212410313133
14004655000142,9627888.329999998,80,71,0.0232475947114534,0.015625000000000007,0.04678076693064428,0.16356207467562103,43.015202751591744,0.009293988921617018,0.0015625000000000066,0.42236069476708255,0.7837706086235988,0.0380408423485309,0.031155788186068675
14007211000160,11112657.1316,669,189,0.15235779929395366,0.012644086504409454,0.27051531999954503,0.5914389832932511,6.56349727177823,0.14784906418381513,0.007392193347518015,0.6459047863817035,0.9493525952030699,0.3888870600374794,0.4128096200700997
14008675000191,1519975.34,15,14,0.11328889360815471,0.07555555555555556,0.18947675822161691,0.5422193231108604,8.826990609148455,0.04508034696262815,0.00444444444444445,0.5882558689476571,0.7860400978374852,0.3210182449881512,0.19837955509505734
14016436000183,22664.65,18,17,0.19453260976120923,0.06172839506172839,0.37882782218123817,0.724732126902467,5.1405263170401625,0.1441908978712848,0.003086419753086417,0.9956361820399147,0.8402272677301271,0.8392669945547176,0.9954942192770717
14088281000190,1066923.95,23,23,0.41876435649550636,0.043478260869565195,0.6373462700879478,0.7934867335202289,2.387977831658485,0.3923445545180294,0.0,0.905344588058818,0.8401896003674904,0.7694888849936036,0.8091116663612248
14120591000145,282538.5,8,6,0.32898675279529116,0.1875,0.44878839520985636,0.9783339261728933,3.039636068939956,0.1947841033543494,0.02500000000000001,0.9345191673477669,0.8495228826813094,0.805006187449898,0.8971515395734974
14153138000135,3570450.49,10,8,0.7116929201960673,0.14,0.8402301077699581,0.9616187255967243,1.4051003903825623,0.6705061945097912,0.017142857142857158,0.40547743614194126,0.9350834942312066,0.011144629320792306,0.0068225350947656235
14158607000109,113432.76,5,3,0.5008105043300639,0.44000000000000006,0.5201319266144984,1.0,1.996763229512735,0.25121575649509587,0.1600000000000001,0.6323569429884948,0.6188794667502079,0.1887438589519618,0.20702052468430365
14164340000162,1616215.0,15,15,0.11277821861952585,0.06666666666666667,0.2078931330299496,0.5661375497690592,8.866960413461124,0.04940523423520626,0.0,0.5943787143409304,0.7799055657261033,0.31161098501654594,0.1846258432428304
14285358000112,7872.62,28,21,0.08152029114517574,0.06887755102040817,0.13438982193983706,0.46939900566774473,12.266884550487509,0.035596305702434536,0.022321428571428582,0.9780146441489654,0.6810341119925171,0.6789778796334769,0.9420842232573878
14355640000129,445640.89999999997,12,12,0.14466743352881148,0.08333333333333334,0.22439592057192237,0.6607694670753963,6.912405754408046,0.06690992748597617,1.5139404881252137e-17,0.5246640684098751,0.6160736621619517,0.15177449188385367,0.1992192918797601
14381482000181,1711208.53,14,14,0.1449760022626288,0.07142857142857142,0.2703352583217897,0.6554905964616714,6.897693303671508,0.07920492551360024,0.0,0.5481821119138287,0.8006763198247007,0.2933948868951864,0.13295642813655228
14387430000112,1321049.1800000002,77,42,0.06384836047126316,0.03288918873334458,0.18060493402675593,0.39105882492580635,15.662109294882827,0.04101539365348909,0.00930112016586518,0.7629985892289389,0.6826779883336485,0.4599125679446899,0.5070266283229612
14440502000148,301070.8,5,5,0.3061629446407223,0.20000000000000004,0.4275100740423847,0.9601422655401985,3.266234590124828,0.13270368080090286,3.469446951953614e-17,0.8748022751598915,0.8513465919055899,0.747762205299707,0.7607692048238694
14444354000130,1311674.48,6,6,0.39311877234381326,0.16666666666666669,0.4848764001263484,0.9623871617903246,2.543760487544007,0.27174252681257594,3.3306690738754695e-17,0.5978925668691654,0.9050475183387237,0.41600160224251465,0.19516602767921423
14454427000174,664509.21,21,18,0.07889240155248758,0.07482993197278909,0.15277440624186384,0.41564660932239,12.675491939926484,0.024709601643810388,0.020408163265306097,0.6338115619706216,0.6467908610125979,0.3222360399569354,0.3453722276208805
14464143000169,510543.91,12,11,0.25727022894903195,0.09722222222222224,0.3694491233868601,0.8896862759561661,3.88696354057395,0.18299725184393514,0.006944444444444459,0.4839536220790791,0.7368193886758369,0.1499705321817075,0.14087267596283376
14491667000149,407100.18,30,17,0.09731689939190967,0.08666666666666667,0.14738386998502434,0.5186439612971923,10.275707572359563,0.040899205603904025,0.029583333333333336,0.7110962828869328,0.6342357314103128,0.38462476014307134,0.32803040638503245
14491945000168,963056.3095999999,7,6,0.7978940652325972,0.18367346938775508,0.8905834176573054,0.9894242009543239,1.253299207970028,0.7574728782791167,0.02040816326530611,0.9156621690376732,0.9493754941294407,0.8985477638200299,0.8739444512331452
14492062000172,1835013.09,22,19,0.22975537311335148,0.05785123966942149,0.3762413542238001,0.812983590215152,4.3524553373846135,0.1869640049529821,0.005509641873278241,0.7012168732449569,0.878541025187685,0.5150959535675295,0.5109253166331325
14498649000199,871884.0,12,11,0.2458277251497281,0.09722222222222224,0.4279238981332379,0.7842144138440434,4.067889410728276,0.1704104976647009,0.006944444444444459,0.7043364512488828,0.8297448762727162,0.5748620100285613,0.31293070960981023
14499742000118,1438239.36,24,21,0.11846244485586459,0.05555555555555556,0.21689018439879157,0.619511914901286,8.44149385247551,0.07438556709865782,0.00833333333333334,0.8368285507493041,0.8089018093918277,0.6264840106025102,0.5785285017976982
14524513000106,642029.63,31,20,0.14722179270036131,0.0842872008324662,0.23631046436283634,0.7158879879110874,6.792472647275037,0.10233872915827508,0.03609179034996442,0.9139580919492694,0.8235827668425159,0.7601714874699015,0.7412929745218956
14552796000108,570762.0,5,5,0.3865933786233663,0.20000000000000004,0.529327460482653,0.9734004716501798,2.5866971740719786,0.23324172327920784,3.469446951953614e-17,0.9185646318126292,0.9316449021917055,0.9115671111767366,0.8511256770929722
14567169000132,197173.0,5,5,0.3959892833081989,0.20000000000000004,0.5071688314322955,0.9619623376425779,2.525320866377333,0.2449866041352486,3.469446951953614e-17,0.9381204093805823,0.8957849374611104,0.8832689343181015,0.8529895214436389
14572082000153,267921.88,14,14,0.13544251354752704,0.07142857142857142,0.2269318205739673,0.6623199269876727,7.383206157415988,0.06893809151272143,0.0,0.5518594758441739,0.5491721134482868,0.17455259860176092,0.1361216306310565
14601748000154,590242.19,17,17,0.07594593727022315,0.058823529411764705,0.11181850623046788,0.42536808492120837,13.16726129064549,0.018192558349612104,0.0,0.650671611533687,0.6116191706481453,0.30892365277304973,0.40358380254075565
14608771000170,522420.1628,648,99,0.0453751310980613,0.037227556774881876,0.12491584331323592,0.31774928500137134,22.038503819170806,0.03563406100722519,0.02740334817054393,0.997531631965774,0.9503835358510401,0.9499788322066108,0.9974685733062393
14621774000144,188118.61000000002,18,14,0.17790244173524566,0.09876543209876543,0.3396793118979563,0.6945086400542722,5.621058318514816,0.11466416802257226,0.02943969610636277,0.9216356298818533,0.8167724827858316,0.7518652023414881,0.8514140018661538
14627173000149,580168.78,58,18,0.1635808291390335,0.11831153388822829,0.3102545435140443,0.7025241344423945,6.113185788721381,0.11437970144132958,0.06644750646988878,0.8951958100460226,0.8509140450865957,0.7908265393057637,0.746090100475641
14645035000192,2950422.9437,13,6,0.3856179641195568,0.33727810650887563,0.46906125176225527,0.9843558056316777,2.5932401834110625,0.2627415569434681,0.20473372781065075,0.6835274218173529,0.9459541823191605,0.4829868415146854,0.4801485848462185
14645822000134,157510.0,7,7,0.16734947573359502,0.14285714285714285,0.27147482699511144,0.7006539267348105,5.975519167994934,0.028574388355860857,0.0,0.5576633215100829,0.5058172916298569,0.17165757691117592,0.20086561881373236
14657813000163,262695.5,12,11,0.12843390386193496,0.09722222222222224,0.22840132396634125,0.6172873155421391,7.786106082043485,0.04127729424812845,0.006944444444444459,0.7904867368702801,0.6009118664242488,0.46283018122877734,0.34682530230806635
14662198000183,498714.56,50,22,0.1107219201166191,0.15840000000000007,0.25275660690556134,0.5332995892480059,9.031635280048782,0.06837534488407715,0.1183238095238096,0.5990096795961612,0.6239795650362807,0.2265443153782275,0.2806235760492472
14674100000108,1307242.6,14,14,0.22771124854705074,0.07142857142857142,0.36718509632412527,0.7894479570968693,4.391526577543557,0.16830442151220848,0.0,0.564528804203446,0.7717465720298113,0.0027200839543819752,0.14830028669821882
14674999000169,1740768.17,5,3,0.6750519776478501,0.3600000000000001,0.7986416249787012,0.9999999999999999,1.4813674103798617,0.5125779664717751,0.04000000000000017,0.9755508504500188,0.9939905931627055,0.9935472788586402,0.969555748154581
14675553000159,3702985.74,12,10,0.43996135911494716,0.11111111111111112,0.5899572516312201,0.9464857269474658,2.2729268816053763,0.3777348434610524,0.012345679012345682,0.41591041665524686,0.9283619340527252,0.028587275460980756,0.030613136831291837
14682109000160,10039544.48,82,40,0.2901645862665644,0.041344437834622244,0.4325134879027898,0.9310467639862481,3.4463199416118058,0.2719636782221173,0.01676352598422794,0.4077704015147984,0.9438728861775977,0.013724431089886243,0.009741005713473803
14700048000117,10859440.549999999,12,8,0.5576811402451347,0.18055555555555558,0.7078741657644602,0.987549101689221,1.7931393547941021,0.4944927317087254,0.06349206349206352,0.8232156156851033,0.9870601441224236,0.7528576288925918,0.7168316492552463
14706049000179,856882.88,18,14,0.13648975732487104,0.08641975308641975,0.2917551579511076,0.5898549752797021,7.326557095561492,0.07006589250370727,0.01614434947768281,0.5229690320760194,0.7032062642967852,0.18769444173142105,0.1490034853456242
14720662000140,225960.0,5,4,0.3993932857619491,0.28,0.5530005310674455,1.0,2.503797724321363,0.1991910476825988,0.040000000000000036,0.5134062838293821,0.6809567201705928,0.12789051933067527,0.1933164374308346
14741000000157,231126.69999999998,9,8,0.19301393426829663,0.13580246913580246,0.2693327945235232,0.8168030781385274,5.180973092906144,0.077730210592339,0.01234567901234567,0.6271087573521865,0.5729380645242361,0.25323244114207094,0.20251202762978332
14745480000124,7085962.399999999,11,9,0.5255268251280807,0.14049586776859505,0.696342666170512,0.9874832739727775,1.902852437182976,0.46621767826909083,0.033057851239669436,0.46488135752014376,0.9651942208611621,0.10714161894866411,0.1056211429894907
14749903000184,502954.0,9,9,0.38886616816776215,0.1111111111111111,0.5169458837189882,0.9809505441849553,2.571578815178867,0.31247443918873247,0.0,0.6408865916482365,0.8410043810560004,0.3952538287334166,0.39620943708052814
14752037000180,4623388.029999999,23,19,0.3122631484334607,0.06238185255198487,0.5407290030121049,0.7358413306269688,3.2024271996767086,0.27405554556865297,0.010291955471539587,0.42851282214667874,0.8738819826509745,0.04855988566700455,0.046417952229355526
14755253000180,33257.14,35,14,0.18875333465652305,0.13632653061224495,0.3455345228122442,0.7153814188472009,5.297919646398371,0.12634974501471713,0.06989010989010995,0.4453542952977237,0.2200822430474988,0.03231469921679405,0.04220340874182748
14756846000160,37378.87,48,30,0.13792971507339008,0.048611111111111105,0.3185757086824722,0.5791154200220606,7.250069352118337,0.10820315352419664,0.01580459770114942,0.9895325593996445,0.735554759976564,0.7283591919491896,0.9886964054749464
14761260000194,3550.41,5,5,0.29593803936680974,0.20000000000000004,0.38249103624651803,0.9716511614151606,3.3790857104399428,0.11992254920851216,3.469446951953614e-17,0.6762473211104685,0.14974934844500268,0.10699357346207475,0.24581477347475209
14763412000198,743967.53,9,9,0.13479290920468637,0.1111111111111111,0.16658029416955872,0.6484393613253524,7.41878787170826,0.02664202285527217,0.0,0.5187751824309418,0.7383146301565098,0.22703495680547262,0.12163219255740779
14764485000102,3163246.0,11,6,0.8557587207939333,0.23966942148760328,0.9234501521538319,0.9964865204919251,1.1685536772236995,0.82691046495272,0.08760330578512394,0.9472213911996088,0.9921383990740336,0.9915375406047547,0.9211787907656245
14769746000179,211585.71,36,27,0.14311334774659185,0.04475308641975309,0.2835730257964964,0.6888071978017797,6.987468434954659,0.11015616881376845,0.008012820512820519,0.6543479692558375,0.5097572798064323,0.2465109658183574,0.26890581254779994
14773789000128,80383.73999999999,5,5,0.3033828060061314,0.20000000000000004,0.3881381980982721,0.9403461446307426,3.2961657028770115,0.1292285075076642,3.469446951953614e-17,0.9625165115451847,0.7328653704566194,0.7045746371537283,0.949080296147983
14783438000106,133468.55000000002,5,5,0.24102193410090417,0.20000000000000004,0.2847117916542886,0.9757515909178605,4.148999980978282,0.051277417626130195,3.469446951953614e-17,0.6616770578245579,0.6487266457426359,0.38391855218215737,0.4363724664097459
14784810000190,180689.32,15,14,0.16690523401609467,0.07555555555555556,0.33382487686599294,0.6768873777376548,5.991423851354895,0.10282102124810195,0.00444444444444445,0.5779001991142765,0.5257161010835502,0.17958074688926623,0.24077348762553208
14785598000186,29814829.1589,18,10,0.5212761415116149,0.1481481481481482,0.648230380469269,0.9969976977052952,1.9183690185784539,0.46808460167957217,0.053497942386831324,0.7774451828519904,0.9928530060988834,0.6608975623351976,0.6320878232639822
14788679000130,148746.72,5,5,0.6619925543410978,0.20000000000000004,0.8067404780421377,0.9745102278557807,1.5105910080746023,0.5774906929263722,3.469446951953614e-17,0.46300178327003366,0.6444098203930242,0.03687294116031594,0.09622233993263017
14792165000158,38446030.58,64,57,0.13804935496466028,0.02001953125,0.2964935476571636,0.6270523538141556,7.243786110090796,0.1226573791604578,0.00251988002232143,0.5011601050627577,0.9651773305826199,0.19434580651992822,0.10925866225935038
14795880000144,257866.54,16,15,0.1590952485239842,0.0703125,0.23733207107831825,0.7311221145636033,6.285542838504358,0.09903062341855451,0.003906250000000001,0.5009582507922326,0.5472346184731223,0.11929044886012743,0.09691837028713166
14797046000198,152279.95,5,5,0.42916211453571007,0.20000000000000004,0.5253482155727001,0.9905141812825654,2.3301218027640958,0.28645264316963753,3.469446951953614e-17,0.6771173310618772,0.7877510027372435,0.4420272443864114,0.46774309765070027
14798463000155,835886.2599999999,7,7,0.23445330515399196,0.14285714285714285,0.3194573386096812,0.8832959043973279,4.265241640945036,0.10686218934632395,0.0,0.9091474332253794,0.9139557028910152,0.8606657566765021,0.7073910638299876
14801752000166,158451.30000000002,28,26,0.12660185447760006,0.04081632653061225,0.29308689799326354,0.5574758932239748,7.898778450965994,0.09166592865670406,0.0024489795918367363,0.8189407927035388,0.5685405654964901,0.49163734801896913,0.5273466830005699
14804981000134,253849.08000000002,12,12,0.27404698294023117,0.08333333333333334,0.47705510691628267,0.8170602784930322,3.649009338731151,0.20805125411661585,1.5139404881252137e-17,0.5343723885688623,0.616276963921019,0.15186061314893862,0.22193657781213383
14806879000178,961570.87,8,8,0.3545694076704887,0.125,0.5181010423079893,0.9547615247537605,2.8203222792681766,0.2623650373377014,0.0,0.6295717973841952,0.870563777141614,0.3552264703347519,0.2807145459887351
14807623000185,2718276.4,8,8,0.6009960529182471,0.125,0.7648891039925153,0.9769890950015238,1.663904438547168,0.5439954890494253,0.0,0.8267473497089585,0.949540171602539,0.8275879066281273,0.43942360384510515
14808407000154,6303703.52,8,6,0.39977606913017527,0.1875,0.49312948017580627,0.9698589695094036,2.5014003518914474,0.2797312829562103,0.02500000000000001,0.6188411831123353,0.9653840593050531,0.4191187050195856,0.2168729266478774
14810479000136,255150.7,12,8,0.16503235434473654,0.1527777777777778,0.23322177834511132,0.740764967527034,6.059417887907587,0.04575126210827033,0.03174603174603176,0.8216788368800727,0.6957853093869503,0.5751191327056953,0.46867717967985595
14813630000190,163215.0,17,11,0.2589910711341017,0.12802768166089967,0.4414422693992586,0.8488803112459026,3.8611369713290813,0.18489017824751186,0.04083044982698964,0.5304064724745721,0.5929361734111498,0.18511969743883586,0.21355970482354705
14814026000188,82212952.0,7,7,0.7783096686864225,0.14285714285714285,0.875774415690608,0.9975597518989465,1.2848356383491049,0.7413612801341595,0.0,0.9025363558618775,0.9965795295669354,0.8447038161221881,0.8501301265677623
14814139000183,15784690.55,45,40,0.3648340020508954,0.028148148148148144,0.5923442547310501,0.7540009525242166,2.7409725913115333,0.3485476944111747,0.003228869895536557,0.4651742509100542,0.9355300842110182,0.06252562955431455,0.07812839795633014
14823518000130,34218.009999999995,30,21,0.5887069996609796,0.06444444444444444,0.7614341102828599,0.8930048825165462,1.6986378632764225,0.5681423496440287,0.017666666666666667,0.8843332468961849,0.7019952746926205,0.6404790625536273,0.5411361270724214
14829853000145,123308.6,5,5,0.33633361792404054,0.20000000000000004,0.42843727039314367,0.9774711577294689,2.9732383166818774,0.17041702240505066,3.469446951953614e-17,0.4097100201659404,0.5151778957885266,0.0026586713708116353,0.010533509926592164
14830853000165,6494271.94,22,16,0.39849963081684736,0.0743801652892562,0.5020213043311519,0.9510235446038313,2.5094126133823336,0.3583996062046372,0.012672176308539947,0.43626099444807065,0.9574117832135705,0.060411837839777494,0.06452594743821896
14836800000151,269100.62,26,18,0.123918223782679,0.0680473372781065,0.21924884454000887,0.582681674980905,8.069838071224659,0.07238400165224836,0.013226592412112763,0.420304351175948,0.4766366842065257,0.023888153165879264,0.03486921874219677
14870896000174,2791205.7800000003,7,7,0.2943657658411876,0.14285714285714285,0.3896789007079227,0.9582972631992758,3.3971341645057564,0.17676006014805223,0.0,0.4410576195627653,0.9166517287713091,0.07035259795712472,0.0381906875903845
14871353000171,492431.65,28,8,0.3827705686283272,0.5229591836734693,0.5866804052907647,0.9105451487531315,2.6125310615796242,0.2945949355752311,0.454810495626822,0.7925089670119271,0.7387202083588327,0.1989515834033354,0.6040706696857042
14876872000122,311638.2,7,7,0.31678554555221955,0.14285714285714285,0.3675415914993733,0.9935341687893204,3.156709685906922,0.2029164698109228,0.0,0.8903201318508345,0.8841195548791203,0.8585564465116576,0.6779593325212488
14878445000183,1040028.1100000001,33,20,0.2362310432041563,0.10376492194674015,0.41941174070766224,0.7635765248691212,4.233143901988262,0.19603267705700664,0.05659465468077911,0.8097068731176393,0.8043443507071807,0.6172666367340635,0.6127939245376077
14901848000104,66730.54000000001,5,3,0.5124149703252758,0.44000000000000006,0.6748034707946315,0.9999999999999999,1.9515432957885874,0.26862245548791375,0.1600000000000001,0.4588884302502032,0.5057576724700843,0.06333857557104797,0.0992654073086786
14914258000108,318870.17,15,15,0.07620167209763049,0.06666666666666667,0.09833469214131883,0.37883756890774706,13.123071613425859,0.010216077247461234,0.0,0.6389034132278604,0.5112614106254135,0.2509306127713296,0.24512799354708867
14969199000175,5224681.279999999,94,31,0.3466971880493148,0.068130375735627,0.5546845529302794,0.8810836189418237,2.884361438367819,0.3249204276509587,0.037068054926814566,0.8992316015016613,0.9380749970684279,0.8490470549236521,0.7808050545735368
14986862000140,627060.22,209,89,0.030669844273086565,0.024701815434628325,0.07154250671490531,0.2478911515069478,32.605317167440624,0.019654728867098913,0.013618881519112738,0.685141477868538,0.589626167068003,0.43207622172000776,0.46268972238756345
14994916000119,613650.77,37,29,0.20387242092289737,0.04894083272461652,0.4241826340411827,0.6239583142705092,4.905028328369096,0.17543929309871512,0.014974433893352828,0.7956343586923065,0.7016358481372759,0.5630180638806146,0.5565966295509652
14999490000196,120981.98000000001,12,10,0.2076936772300005,0.125,0.39437278179775204,0.7147180100705907,4.814783065796449,0.11965964136666722,0.02777777777777777,0.8207949889499139,0.5617153628231452,0.41127920307490595,0.6871374708401171
15071063000106,95560.0,6,6,0.24258290360748935,0.16666666666666669,0.3735872750104646,0.9162829635830891,4.12230204655332,0.09109948432898723,3.3306690738754695e-17,0.8356242948406356,0.7035367843707977,0.6496855673612558,0.4060752830825003
15111217000146,174046.28999999998,25,5,0.32395828887835354,0.3632,0.4328503641186492,0.9759206588086424,3.086817143843788,0.1549478610979419,0.20400000000000001,0.7271274457717471,0.665159515618647,0.408783921492906,0.4587318641927922
15163648000156,443367.09,30,22,0.1850038952889912,0.0733333333333333,0.2787757656979006,0.7824679995982562,5.40529159366033,0.14619455696941933,0.029206349206349177,0.4656970792824977,0.619127363816921,0.07529671149921323,0.06726760905784755
15196311000145,601391.3400000001,16,16,0.08032606905096568,0.0625,0.10397555774580991,0.4094671532849143,12.449258526089645,0.019014473654363387,0.0,0.7932956861007847,0.6768581688268949,0.4900666342744018,0.5270502771963391
15224648000119,50755.75,10,10,0.1981584857946228,0.10000000000000003,0.33099698063766175,0.7652886618757481,5.0464656912872705,0.10906498421624755,3.0839528461809905e-17,0.49120815211935814,0.306876106050438,0.06884318233758967,0.11234899982974737
15245503000102,280818.39,13,11,0.15903586951492615,0.10059171597633138,0.29912570896799173,0.6804219623935598,6.287889663194163,0.07493945646641877,0.01065088757396451,0.5774704071489486,0.5842117935126794,0.20653381971965074,0.19941020827914024
15282487000110,133024.75,5,5,0.4937175055080648,0.20000000000000004,0.6765658270359464,0.998045476499674,2.0254497538444385,0.367146881885081,3.469446951953614e-17,0.9599425322678766,0.832638395458568,0.8087351692931385,0.9477355104689708
15345471000109,61382.03,5,5,0.6376623128188912,0.20000000000000004,0.7819878228204574,0.9918542935122869,1.5682281670047826,0.5470778910236139,3.469446951953614e-17,0.4930135821485002,0.531156103343235,0.06758931827871427,0.10308597760660362
15358498000136,90319.56,10,8,0.3516570709836353,0.14,0.5314463445127501,0.9226800927728169,2.8436794892332364,0.25903665255272607,0.017142857142857158,0.8325841736756139,0.7022850485843763,0.612899037050074,0.7301471661002761
15372714000106,155704.12,15,12,0.33240019214025446,0.09333333333333334,0.5431070160506992,0.8323710380945604,3.008421847054936,0.2717093005166413,0.010909090909090919,0.9234100072889084,0.8000683273742089,0.7681982087502658,0.8599455560147218
15408168000108,357844.1699999999,157,73,0.31370132790557204,0.022353848026289095,0.42154807216783774,0.8304484043990433,3.18774551155554,0.30416940190426056,0.008775429248876445,0.9820175469751131,0.9409809652592764,0.9375536802714515,0.9793378116172751
15442776000139,95975.72,41,28,0.19936057786896236,0.04223676383105294,0.4001011922598757,0.6963007935757084,5.016036824779318,0.16970726593818317,0.006764051380351198,0.7546474767429481,0.7101046604818441,0.5033068198984592,0.5928639046105387
15462287000149,1345666.21,21,20,0.22880355013263606,0.052154195011337855,0.4092693982410393,0.7590369085659067,4.370561555624054,0.18821426329751165,0.0022675736961451074,0.6901247312955027,0.8823373250654435,0.4838567473946103,0.4783402266534212
15470555000174,129325.48000000001,9,9,0.5784421541250462,0.1111111111111111,0.7498908954368466,0.937105356191216,1.728781335987872,0.525747423390677,0.0,0.8297775238706878,0.8314939405005671,0.8138286872406753,0.45684738510245965
15487793000192,816155.89,9,9,0.26241466680185244,0.1111111111111111,0.4361878586699901,0.8356931541595565,3.8107626078503203,0.170216500152084,0.0,0.39791956997810074,0.7371432765224846,0.00024885526577742386,0.00024885526577742386
15513690000150,4905435.069999999,69,64,0.1301145251247377,0.01701323251417769,0.3044452079558358,0.5789510205462775,7.685537022414091,0.11630681917433672,0.0014102679509106688,0.45879521889885494,0.8173168471623027,0.08389270053274246,0.09426920138799351
15553985000150,657596.6799999999,16,16,0.2775260168958832,0.0625,0.4059327063512547,0.8685414895951118,3.603265780934551,0.22936108468894206,0.0,0.45798909945359884,0.743401103215029,0.06887088578160439,0.09355255537002183
15609665000174,896246.01,8,8,0.20122520513666772,0.125,0.24546831734291347,0.8702967614885113,4.969556370042322,0.08711452015619169,0.0,0.5259560006845377,0.7918819188758845,0.21960807839744093,0.2084720854023152
15710935000139,158462.85,6,5,0.2510136593678165,0.22222222222222227,0.2902888595024007,0.9273324946509542,3.9838469448974303,0.06376707420977061,0.027777777777777818,0.6309202612896786,0.6573668871128681,0.3329213668494693,0.38875514801858535
15913253000123,170869.02,22,17,0.1286917978654705,0.0743801652892562,0.224344471572436,0.6419086970827128,7.770502989206522,0.0742350352320624,0.016528925619834715,0.721127072128952,0.5516312726740601,0.3511914555952874,0.47056665545773824
16098402000100,1125486.57,20,19,0.2590872754550345,0.055000000000000014,0.38262480555409917,0.8046618361692224,3.859703253445009,0.21792545742475863,0.002500000000000018,0.4280511480407027,0.77827488192823,0.04545931978562811,0.050693863561560075
16176067000111,2172416.08,25,25,0.11165933764849358,0.04,0.21957119742917755,0.585274916580437,8.955811677371985,0.07464514338384748,0.0,0.4146495653175015,0.7640323209362584,0.01755304293582063,0.024423272134332635
16236457000130,1173101.87,11,9,0.5430753607007291,0.14049586776859505,0.7229339000201236,0.9304349757792134,1.8413650707881533,0.4859597807883203,0.033057851239669436,0.39791956997810074,0.838681534850345,0.00024885526577742386,0.00024885526577742386
16247298000179,1430708.7,5,5,0.40790153677840185,0.20000000000000004,0.5243196605989745,0.9664501935299618,2.4515720335303954,0.2598769209730023,3.469446951953614e-17,0.39791956997810074,0.87422440984178,0.00014931315946645432,0.00014931315946645432
16501189000136,138511.09,43,37,0.1624544693902425,0.029745808545159548,0.3476255944560107,0.6335232796160943,6.155570873201615,0.13918931576219368,0.0027943032269695336,0.46135110293662346,0.4305183713495361,0.08586308471048452,0.1060108851466965
16673998000125,194052010.17000002,25,25,0.28399853860949265,0.04,0.4278609836984612,0.9252806786835256,3.5211448794637388,0.2541651443848882,0.0,0.4149335880126692,0.9953077873904665,0.030240380518958766,0.026601695292057706
16692121000181,98841920.67,198,157,0.17680176066867692,0.007703295582083462,0.3256980910708966,0.7322526027356687,5.656052271300514,0.17152484887809152,0.0013424192717122016,0.5981250498838142,0.9670998575248072,0.32301933249388026,0.3045909160841663
16779440000129,131400.0,5,4,0.2920822242145817,0.28,0.395738203957382,0.9999999999999999,3.4236934571729982,0.056109632286108914,0.040000000000000036,0.6476374203776782,0.5737397923888015,0.23123904014137706,0.3338720652123519
16978926000196,84006.0,6,6,0.19743739965892823,0.16666666666666669,0.251172535295098,0.8375592219603363,5.064896527848792,0.03692487959071389,3.3306690738754695e-17,0.6106429210006515,0.4597152167951145,0.23316380165369247,0.34619568462324934
17058108000138,3176491.41,29,26,0.12189459387955914,0.04399524375743162,0.21064593403071724,0.6357180326831106,8.203809276300422,0.0867703776347415,0.005755053507728883,0.5519284203576598,0.8650225161130868,0.2236208981367658,0.24535681293040906
17228178000197,3057652.03,6,5,0.27082462856609674,0.22222222222222227,0.36546023191527127,0.9536672326968482,3.6924263693984636,0.08853078570762091,0.027777777777777818,0.8852745145799282,0.960431533775264,0.9042708627291606,0.709252937865565
17257474000116,933703.62,22,20,0.06293667285510829,0.05371900826446281,0.12594478320647404,0.36394412822347205,15.888987368337418,0.013617550373798196,0.003914745541539799,0.6003742603785308,0.65324531145286,0.3105075708744396,0.26684559330489777
17323405000163,302289.8,10,8,0.14652134877103398,0.14,0.2066189464546935,0.671143386247237,6.824943998861765,0.02459582716689598,0.017142857142857158,0.6940429016668543,0.6343120720275786,0.37127282193904265,0.33507515928993
17380242000150,353920.26,8,8,0.4352844665752789,0.125,0.6281083202187974,0.955865764791199,2.29734823268052,0.3546108189431759,0.0,0.8340028861045197,0.7963916103962486,0.6576108061053418,0.6480008590900247
17387125000119,175088240.01,14,14,0.9876221852483871,0.07142857142857142,0.993784619629863,0.9991030807666407,1.0125329452259113,0.9866700456521091,0.0,0.9872243544107964,0.998858632507748,0.9655893339899485,0.9848905429721622
17391027000155,231383.93,14,14,0.3179455841826158,0.07142857142857142,0.5065174578027092,0.8662574362878184,3.1451922899663174,0.2654798598889709,0.0,0.458108867151117,0.5963066086833698,0.05217906797509943,0.09149782027489319
17444886000165,36173.6,16,12,0.2292642815586874,0.1015625,0.31156672269279256,0.8657692350222261,4.361778438408944,0.15919739806402264,0.019886363636363643,0.6828564172210578,0.45026842990882054,0.3399422696963916,0.46935639453421046
17455641000133,75389.28,6,3,0.6491523332608309,0.5,0.78943955957664,1.0,1.5404704701233782,0.4737284998912463,0.25,0.9812793274179636,0.7492953778626852,0.6909960054250865,0.9754617645579221
17467454000170,1922818.6,5,5,0.4064610011630483,0.20000000000000004,0.5920527292590159,0.9594345509243565,2.4602606329724086,0.2580762514538103,3.469446951953614e-17,0.5665153286839323,0.9155445225925225,0.27600166266036036,0.24585114094768537
17509587000161,796464.9199999999,11,8,0.3362081535119675,0.15702479338842973,0.4398184919431229,0.9559165518551652,2.9743478543104533,0.24138074687081998,0.03659976387249112,0.6612532003010546,0.8528793457801387,0.4368705504120287,0.4404437834804307
17526555000174,2579929.0,19,17,0.10117521207043897,0.06925207756232687,0.1550430263778577,0.5426505923225019,9.883843873772088,0.04499866282484141,0.011080332409972306,0.6091263093871366,0.8375044438970148,0.3569634232674295,0.339085831884377
17527365000171,810497.0,8,8,0.4811971926494024,0.125,0.6203601000373845,0.9877926753584529,2.0781501124188693,0.4070825058850313,0.0,0.9338835254045689,0.9139726151506495,0.8659533576273746,0.902070354634732
17527397000177,21928663.67,19,15,0.511785129026664,0.08033240997229917,0.666046058245737,0.9595947166077355,1.953945011848713,0.47691263824285424,0.014641867827463392,0.8022219091710787,0.9882863025077642,0.7242913570492788,0.6771011973164195
17572121000100,78186881.25000001,9,9,0.20527664897189934,0.1111111111111111,0.30122879469629693,0.8686840306729845,4.871474690415916,0.10593623009338678,0.0,0.39810666192169136,0.9930453407034642,0.0005146023340579756,0.0005361419840608088
17590843000198,9551557.27,9,8,0.4342255223427033,0.13580246913580246,0.6290299927186638,0.9130464827333858,2.3029507676215566,0.35340059696308945,0.01234567901234567,0.5473259159328807,0.9699090889782919,0.2602765812355725,0.1686191308519016
17701982000141,476010.0,5,5,0.45360696418129154,0.20000000000000004,0.5538539106321296,0.9882985651561944,2.2045516911427607,0.3170087052266144,3.469446951953614e-17,0.6420168706063827,0.8259967647487552,0.3246109737814402,0.41144454234915934
17710115000172,548401.0025000001,230,94,0.10450924667463596,0.023251417769376184,0.2750697378602987,0.5081759262465972,9.568531319656872,0.09488031384318042,0.012748744842165175,0.9904379599866425,0.9397889990059249,0.9367085944329997,0.9873298049597975
17714486000122,201986.95,11,10,0.16780845406702855,0.10743801652892562,0.2514878312683072,0.763659533450057,5.959175332135324,0.07534272674114283,0.008264462809917352,0.792158819337662,0.5732580817578229,0.29968711300316603,0.4963401816898315
17718435000179,65168.0,7,5,0.2009453005104591,0.22448979591836732,0.22587773140191506,0.8104898109501596,4.976478660907775,0.001181625638073877,0.030612244897959134,0.645169342770127,0.5758945731998386,0.39493859985107055,0.41652562812553784
17718490000169,1818873.8,21,9,0.253483110178582,0.17006802721088435,0.36060170859572555,0.9229285506229183,3.945036019541845,0.16016849895090476,0.0663265306122449,0.5550528268458849,0.8980396942308454,0.2564324413077818,0.26459982760649875
17718507000188,62828.2,5,4,0.3934350646173855,0.28,0.5154055026246176,1.0,2.5417154949635647,0.19124675282318063,0.040000000000000036,0.7667834800476665,0.6604285263071671,0.5131462444027698,0.5726383675757966
17726399000195,145428.97,7,7,0.27869467077388826,0.14285714285714285,0.4455783465976552,0.8943231874639558,3.5881561610890085,0.15847711590286964,0.0,0.6422092512913832,0.6117214794956352,0.3951115859737379,0.4098259614947186
17756464000125,288219.61600000004,303,120,0.03168199063581378,0.026152120162511304,0.10779543887810886,0.2600255008319767,31.5636732393193,0.02354486450670297,0.017968524533624845,0.9928945685688706,0.8681856715874761,0.8650314096518612,0.9867210540934326
17799033000146,3777231.3084,1163,255,0.03431258234898418,0.013052938519217874,0.1098688341053146,0.2843595618863424,29.143828052032486,0.030510663381854198,0.00916732016693133,0.7347438029816974,0.8549896419219023,0.5135325746990418,0.5590616016736766
17819061000188,5222536.649999999,31,27,0.17858665903797497,0.04266389177939645,0.3044504972502204,0.7677320790080047,5.5995224133027675,0.14699383823174322,0.005843272232450164,0.5221912157891268,0.8918965124286562,0.2472911227814075,0.12634013321877516
17844908000184,60187.149999999994,8,7,0.20339205231115232,0.15625,0.24185062758412715,0.8595904607544965,4.916612958259472,0.0706240610296777,0.015625000000000007,0.46273684332074916,0.360168645272616,0.07987417413949198,0.06297740430960683
17851361000144,10566445.14,64,60,0.08324963239224631,0.017578125,0.209957083068715,0.4935993071365153,12.012065053792812,0.06771149056838609,0.0009269067796610172,0.6903208024171306,0.8746617897947149,0.4488439331643533,0.4409880435498573
17901209000129,10678674.92,6,6,0.6372197848370942,0.16666666666666669,0.7632032982609045,0.99907291868381,1.5693172493940233,0.5646637418045131,3.3306690738754695e-17,0.7435022028224895,0.9907833079357942,0.7634990107335454,0.30640029255296375
17932766000107,1267866.698,508,135,0.03183723643867924,0.02053754107508215,0.07399926202651944,0.26445519984783133,31.409761394525262,0.02461214118822162,0.013228119739821567,0.997202166024867,0.9384316002790731,0.9369032215223669,0.9966767136352805
17977824000119,289935.44,6,6,0.28567711777113813,0.16666666666666669,0.4311304613192509,0.9734078731458286,3.50045536654119,0.14281254132536578,3.3306690738754695e-17,0.7984605940658703,0.7088047416405818,0.4530735180386967,0.5210581819423783
18009906000132,34293.5,9,7,0.2717141959058127,0.16049382716049382,0.4374006735970373,0.9072465627597066,3.6803377043525582,0.15033322855678147,0.020576131687242795,0.797045090389913,0.5910148825629987,0.5308546427027911,0.6690227965777067
18070772000165,2156791.1,128,50,0.10693427145697465,0.0572509765625,0.19102452713199716,0.604144100928458,9.351538906798025,0.08870844026221902,0.03801120057397959,0.7187825344074773,0.8083677781337903,0.47791890348824234,0.5119595501451023
18091059000106,547640.49,68,48,0.06350765525598345,0.02897923875432526,0.12462555498772562,0.4217593918229092,15.74613321762944,0.04358228621887673,0.008319222557608776,0.7362498424875222,0.6198317844951147,0.4359783597710384,0.5268236741843358
18097936000148,222506.08,47,23,0.08417598675256477,0.12358533272974194,0.1552973294033134,0.4723223742919745,11.879872616634707,0.04254762251404499,0.08374830239927566,0.5809239465061808,0.49820613670535585,0.22324155297871653,0.27764182099484797
18123264000106,244014.35,8,6,0.20538874788035272,0.1875,0.2921959302803298,0.8376351636696776,4.868815893373772,0.04646649745642327,0.02500000000000001,0.39791956997810074,0.5523051547547919,0.00017419868604419669,0.00017419868604419669
18137082000186,1092223.09,32,25,0.08455256624149052,0.056640625,0.16480149673451785,0.48648612619973086,11.826962142626172,0.04640892316821929,0.017333984375,0.40895145150665774,0.6271208461427634,0.019878594355108886,0.010361525622572254
18180942000164,2269436.15,30,27,0.47586893499253313,0.04,0.6794727403985347,0.8715909456188049,2.101418954813033,0.4557100478768613,0.0030769230769230795,0.5380114756476106,0.9054332536516412,0.1932040974592873,0.23350767162268427
18180975000104,122169.0,6,6,0.4737042081970502,0.16666666666666669,0.6646530625608787,0.9497908634760046,2.111021989452166,0.36844504983646026,3.3306690738754695e-17,0.9643562921711075,0.8515387224480785,0.8409731857150515,0.9559941618700089
18184942000132,1812736.0599999998,165,93,0.5236116582506579,0.021120293847566574,0.7146655426493805,0.8924068074201603,1.90981232797779,0.5184335241012086,0.010480297041561863,0.5636178149284599,0.9284721247067048,0.24786112276791028,0.27604218925300394
18196469000103,1991621.82,11,11,0.3431054384469441,0.09090909090909091,0.49273209910905674,0.8817573408590191,2.9145559584437613,0.27741598229163844,0.0,0.5797194698315074,0.8825340651925566,0.3074309956679245,0.30413513645883816
18208903000128,235532.0,11,11,0.11183663837912075,0.09090909090909091,0.18681113394358304,0.5427882410882597,8.941613540010463,0.023020302217032825,0.0,0.5600710932789852,0.49649337834947577,0.1926290829248954,0.14337981036937136
18212310000135,737945.01,16,8,0.7801774474306974,0.15625,0.8808244397505988,0.9791352881429471,1.2817596859448175,0.7487742256350828,0.03571428571428571,0.4519239905023866,0.8787627104654513,0.06122325456617139,0.07020879964020373
18245821000153,52222.71,45,33,0.19298551614593001,0.03901234567901234,0.4002913674912696,0.6637016730843727,5.181736018177806,0.16776631352549032,0.008981481481481477,0.9904759376341439,0.827223051593227,0.8222887017110684,0.9886886252019588
18250800000126,507869.55199999997,8,8,0.5711084775034162,0.125,0.721724699889077,0.9926068377495486,1.7509808370757696,0.5098382600039042,0.0,0.50048742549737,0.8257809112165937,0.1546363100238076,0.09359954709701285
18251780000108,248580.0,7,7,0.1720581601865318,0.14285714285714285,0.2494971437766514,0.762008206613565,5.811988219075918,0.03406785355095378,0.0,0.6236839182451206,0.5772199319288647,0.27286414467061615,0.28376220532064683
18255486000174,366640.52,5,5,0.44895131388777343,0.20000000000000004,0.637485458508514,0.9576792003240667,2.227413015768509,0.31118914235971673,3.469446951953614e-17,0.8862169434559093,0.902555297079901,0.8648947658382543,0.8028489096271932
18256417000185,243660.69999999998,21,20,0.12021301669075837,0.052154195011337855,0.23407508884280476,0.5871784001277185,8.318566720378103,0.07390843862185092,0.0022675736961451074,0.6121649116084841,0.5312241209523185,0.21251996348975324,0.3280618618938268
18284346000124,103923.62,7,6,0.36416415015340375,0.18367346938775508,0.519612384557043,0.9297561035691405,2.7460143992173616,0.2369969801840845,0.02040816326530611,0.6609568519063904,0.7422600938621634,0.4327818533495675,0.4389649527323151
18302582000126,192147.86,34,28,0.08891118800000343,0.04152249134948097,0.1552757340102565,0.525303274259729,11.24717847657104,0.05516715792592949,0.006023324362424708,0.6199198993533007,0.4422353118275331,0.2085373595073959,0.29400107480840115
18319753000120,186189.0,8,7,0.20214234813448212,0.15625,0.28258382611217636,0.8326968832745221,4.947008923309409,0.06916607282356248,0.015625000000000007,0.6239484387104861,0.564277028674184,0.2526288121363073,0.34387213591071353
18325503000100,89891.0,6,6,0.2703212820823832,0.16666666666666669,0.38750264208875196,0.9487156667519552,3.699301780076789,0.12438553849885986,3.3306690738754695e-17,0.6765820235670962,0.5572162575519799,0.3244665748025094,0.463237650931379
18346935000190,4825751.18,26,14,0.24844662321453273,0.08284023668639051,0.37616941534892817,0.929981729808125,4.02500942480713,0.19063482500026602,0.012289485662266708,0.5782446074125751,0.9245409060021199,0.2818161711562176,0.22125901808936616
18423582000184,221157.0,6,6,0.7859938075133607,0.16666666666666669,0.8839828718964355,0.9878457385477286,1.2722746546358783,0.7431925690160328,3.3306690738754695e-17,0.4497784456389353,0.7788276662063335,0.07547292474647639,0.0778461485951143
18504687000168,1058143.77,6,4,0.483185115473942,0.2777777777777778,0.6604773564938156,1.0,2.0696001759473273,0.3109134872985893,0.037037037037037056,0.43813603599043954,0.8544924478194563,0.013235618350182247,0.035604251223873805
18660471000191,3971217.52,7,7,0.7060607827208824,0.14285714285714285,0.8343144547770831,0.9716711564064615,1.4163086585072615,0.6570709131743626,0.0,0.404063091449955,0.942231175158312,0.007501193678235675,0.010476330103418963
19061464000136,127010.0,5,5,0.3450473460993349,0.20000000000000004,0.5066530194472876,0.9999212660420438,2.8981529964067954,0.18130918262416862,3.469446951953614e-17,0.47069556921869343,0.5334573492444166,0.04492374993148202,0.1221494796089786
19110162000100,3249922.7199999997,7,7,0.33081014122559477,0.14285714285714285,0.3849598306756045,0.9974614780993931,3.022881935527042,0.21927849809652722,0.0,0.39791956997810074,0.933709584264759,0.00019908421262193908,0.00019908421262193908
19116243000118,87664.52000000002,34,25,0.08235065236102958,0.051903114186851215,0.16540328972313997,0.4780440251084475,12.143194635738253,0.04411526287607248,0.012399077277970015,0.6523467100877102,0.3803266158075948,0.2523877968839461,0.3785275512544586
19130038000107,12786785.959999999,23,23,0.8099009021265585,0.043478260869565195,0.8985833841235268,0.970038400486372,1.2347189605225748,0.8012600340414021,0.0,0.9174031861965087,0.9741833710554816,0.902250703868583,0.8524093343871514
19153572000139,94040.29000000001,9,9,0.3316504263896717,0.1111111111111111,0.5253067594751143,0.9013095344559229,3.0152230192674407,0.24810672968838066,0.0,0.8651148057106512,0.6802213387420046,0.5712816733606542,0.5960179302702496
19164089000150,859747.26,20,19,0.27717110208635726,0.055000000000000014,0.4850262622529323,0.7946358561235775,3.607879726539578,0.23701394109115487,0.002500000000000018,0.554698639337493,0.7668047334570097,0.1591924790706625,0.25060259260347884
19305362000119,585734.35,13,13,0.17622094667902388,0.07692307692307694,0.27518071972388164,0.7416391406787053,5.674694290579663,0.1075726922356092,1.5034270125132327e-17,0.8960199011196812,0.8500054007798205,0.8047728251193614,0.6894390703262971
19313140000148,248677.12,10,9,0.24984534397572356,0.12000000000000002,0.32963225567354165,0.9247789261834783,4.002476028119083,0.15607601197268903,0.010000000000000033,0.5897472696895092,0.6483580488600281,0.23159343020668846,0.20285482125357454
19344044000167,7767685.089999999,16,15,0.37680963502247433,0.0703125,0.5793231764497292,0.8683213817052413,2.6538599522285473,0.33229603752407966,0.003906250000000001,0.4266625801566473,0.9334467208878843,0.04190901625419862,0.048230848930228526
19352701000118,92178.6,7,6,0.21143841254931625,0.18367346938775508,0.2733671372748121,0.8535451829383393,4.7295095907266065,0.05372609505917951,0.02040816326530611,0.4297026874581281,0.38286380658271285,0.013628008243614567,0.028208723964768923
19406627000175,230821.0,8,8,0.6156712669686233,0.125,0.7798250592450426,0.8927090689322028,1.6242434130858399,0.5607671622498552,0.0,0.44974002933342483,0.6758347612006298,0.031076884000016756,0.07530462010174153
19420544000130,227136.3,5,5,0.49242811679947074,0.20000000000000004,0.5010771065655292,0.998131078123576,2.0307532528798014,0.3655351459993384,3.469446951953614e-17,0.9493351556370686,0.8207592620550743,0.7457870436187114,0.9271949589022931
19432705000106,1878500.0,19,19,0.10809944761792892,0.05263157894736842,0.15970188980569602,0.558956614319936,9.250741072557934,0.058549416930036076,0.0,0.4833283398893702,0.7689068798300243,0.14078170280960972,0.1387912183672964
19459498000183,4263758.350000001,10,9,0.38784284363261057,0.12000000000000002,0.5728144630898232,0.9506100292949295,2.5783639337877373,0.31132319908668693,0.010000000000000033,0.39910430257391255,0.9256519736498483,0.0014572913946516895,0.0022207437112043314
19459687000156,1631913.46,9,9,0.586537346033544,0.1111111111111111,0.7595960388732869,0.8979199669080492,1.7049212752819496,0.534854514287737,0.0,0.4790454719286859,0.884063989535626,0.1094359958085553,0.09781947593052064
19498254000100,240054.41999999998,19,16,0.5019272467752157,0.06925207756232686,0.6881772891330225,0.9408200023977896,1.9923206130466202,0.4687223965602301,0.007202216066481985,0.4894624037215767,0.7122366695878586,0.13034479060498022,0.10661506432923934
19500817000157,13648910.45,224,51,0.0955864144524244,0.07908163265306122,0.20255583111397732,0.5217155139295386,10.46173774514498,0.07749814274147289,0.06066326530612244,0.6262362677727062,0.9260114948582683,0.35915374573090847,0.3701866317458995
19528940000186,112197.89,10,10,0.16559329020970034,0.10000000000000003,0.30232939318199303,0.699952289655358,6.038892027168747,0.07288143356633371,3.0839528461809905e-17,0.4357224670351296,0.3774171225272759,0.03062905243576715,0.05076080398465429
19558782000107,562145.65,5,5,0.6255243841374379,0.20000000000000004,0.7813364739191703,0.9777637699411176,1.59865870197681,0.5319054801717974,3.469446951953614e-17,0.3979195699781008,0.7990321866849054,0.00014931315946645432,0.00014931315946645432
19572240000199,8121650.16,9,4,0.3667652481723981,0.3333333333333333,0.5294490547226427,1.0,2.726539673491502,0.15568699756319745,0.11111111111111109,0.6277746731370137,0.9732862815132266,0.37506141758268574,0.38767977727280784
19578710000121,857988.67,5,5,0.26382250813619756,0.20000000000000004,0.30430316754648984,0.9954544854304427,3.790427159019173,0.07977813517024694,3.469446951953614e-17,0.8612691663627399,0.8895869355886837,0.7308518656188234,0.6717020177763605
19607632000146,3040395.58,10,9,0.3476277078309569,0.12000000000000002,0.45945883134062443,0.9315117146697075,2.8766406631955705,0.26608117130982656,0.010000000000000033,0.8824887423168523,0.9230783814891166,0.7963224769982489,0.6427636148831634
19620562000166,2038457.8099999996,164,79,0.2589393473743047,0.025356930398572286,0.4926373237030596,0.6678643498635863,3.8619082427610727,0.24943856977653933,0.012861506429323212,0.9048148452484561,0.863834624952673,0.7690444326046912,0.8101469145395868
19724762000169,1113279.9,6,6,0.30472014927486624,0.16666666666666669,0.40421101647483265,0.9696124038527957,3.281699626295377,0.1656641791298395,3.3306690738754695e-17,0.8274479818374643,0.9145440251843646,0.709474212583455,0.715473849632023
19843891000176,802389.7,19,12,0.19488874968086892,0.09695290858725761,0.36191890299688545,0.7289560172569514,5.131132513485277,0.1216968178336752,0.014857718458826488,0.44179581602121615,0.7119651053415651,0.04038403089235874,0.047590731633594015
19844989000148,84939.5,8,8,0.2785422072411573,0.125,0.4520864850864439,0.8398860365318844,3.5901201828784832,0.17547680827560835,0.0,0.7139203430664472,0.6931347574947178,0.4533641701530936,0.5285356571386945
19864368000126,23802.07,8,8,0.21494089407126107,0.125,0.2825594580639415,0.8896495136767517,4.652441799504482,0.10278959322429837,0.0,0.7671090933288396,0.37127719851697255,0.2981744939697539,0.522281529735014
19893791000154,614718.96,11,10,0.25170165719051274,0.10743801652892562,0.3744939964109778,0.8584354710646961,3.972957552850361,0.16855739687834748,0.008264462809917352,0.6787063476891042,0.7860574280424569,0.37024685095584314,0.43783442468636585
19958329000198,43119.92,10,10,0.44252867277354047,0.10000000000000003,0.5565873035014908,0.9708960498999072,2.259740580723319,0.38058741419282277,3.0839528461809905e-17,0.9746186944890065,0.8135655445210771,0.8004507417693364,0.9714028255207465
20067146000161,1936062.0900000003,39,38,0.08448219630732899,0.0269559500328731,0.14668499087237433,0.4876492829834811,11.836813479164345,0.05973847188320275,0.0006574621959237252,0.6150837220453917,0.7782149029233635,0.33559060641625593,0.3513520842815007
20080606000191,184865.91999999998,12,12,0.24770195902658979,0.08333333333333334,0.3757224695606416,0.9253734814940472,4.037109774705715,0.17931122802900704,1.5139404881252137e-17,0.9405316306710922,0.8184629104538905,0.750996580175133,0.835510528217663
20129840000166,368283.67,37,25,0.6800903123383698,0.06647187728268811,0.819197440929162,0.9432577882152635,1.4703929490800678,0.6667607420191352,0.027574872169466778,0.9830521644705554,0.9496699137753911,0.9462330796522993,0.9784121737378756
20146234000159,44969.0,5,4,0.7863388497378438,0.28,0.8833863328070448,1.0,1.2717163857965155,0.7151184663171252,0.040000000000000036,0.9309190831207113,0.6855715371547104,0.6322996661044002,0.8747951605009271
20260121000180,3364216.03,46,43,0.13556557172766806,0.024574669187145563,0.24614352723359442,0.6806281105556707,7.376504131955108,0.11498379962594588,0.0013502565487442677,0.47278877994983204,0.8479256320887585,0.11524855628482225,0.07808693967047471
20266755000140,3487008.15,178,35,0.16222216015179503,0.15471531372301478,0.28677764920050447,0.7100645749852922,6.1643859202976765,0.13758163545037722,0.1298539994207505,0.7288369784631724,0.8796645005016497,0.5659805214386038,0.5366134664176451
20267427000168,7823898.14,132,93,0.044499288921468094,0.014348025711662077,0.10496685735226098,0.31548911499504767,22.472269203330196,0.03411341162713622,0.0036344172954844898,0.6920964371135903,0.8569888516195509,0.37107136133742324,0.47725738259210226
20273620000101,149334.29,8,8,0.1773211007933036,0.125,0.28928386106097936,0.7593701352850708,5.639486758914618,0.05979554376377554,0.0,0.5845256418177287,0.5353988374159695,0.2725947662104206,0.29920308064894663
20420399000177,166161.49,5,5,0.23562450793796527,0.20000000000000004,0.31475433928764124,0.9479431726328404,4.244040693183232,0.044530634922456576,3.469446951953614e-17,0.740523156626191,0.5987512300083455,0.3437087422872497,0.38013023356306397
20477137000149,352996.23000000004,23,12,0.18573128434209688,0.10396975425330814,0.2816828950269526,0.7454915594990916,5.384122570100299,0.11170685564592388,0.022512459185427065,0.8273528472762892,0.5917735205031606,0.25557724678431337,0.5369268203142246
20516886000138,237978.25,21,21,0.10903313437434486,0.0476190476190476,0.18363022671189488,0.6115821508898397,9.171523920120347,0.06448479109306211,0.0,0.5843605848171783,0.5096947764123241,0.20793541561329615,0.21116546124544108
20918579000183,1308741.2,11,9,0.4593120598804693,0.12396694214876033,0.659030219267186,0.8814576938511602,2.177169047684571,0.391726067365528,0.014462809917355383,0.39884168856267543,0.8306386356127585,0.0017370043138349811,0.0017701957276413324
20940143000190,157487.36,20,19,0.2158207910572808,0.055000000000000014,0.39685724619423424,0.7793761988263693,4.633473888688467,0.17225527944935196,0.002500000000000018,0.5880494725967353,0.48156245908788137,0.24960746401961517,0.1682983522445118
20955386000100,565941.99,7,7,0.25291415664757144,0.14285714285714285,0.3705138047805925,0.9277334590423305,3.9539107389447996,0.12839984942216667,0.0,0.7318666443111213,0.8321757850180134,0.6067380946497776,0.4261130740642441
20959219000120,1704050.2000000002,15,14,0.42561481514163163,0.07555555555555556,0.6390661906556508,0.8244272498544938,2.3495422725527786,0.38143133938329554,0.00444444444444445,0.5005743446877163,0.8811830003115982,0.17089274719055714,0.17119652271096902
21250048000128,213807.09,6,6,0.37614018044878644,0.16666666666666669,0.5612536048266688,0.9215784191253902,2.6585832941507705,0.25136821653854374,3.3306690738754695e-17,0.5546197588615328,0.7090750446759674,0.2690410567581946,0.15660140294614353
21260443000191,14692750.31,42,31,0.2773136529384639,0.054421768707483005,0.44154561965056627,0.8147225527852857,3.6060251249941193,0.25322410803641265,0.02290249433106577,0.6425805231862525,0.9586392666953031,0.4185145968405925,0.4062179581895692
21337238000187,149943495.70999998,15,14,0.8069946986576595,0.07555555555555556,0.8922088002986175,0.9988105523406967,1.239165513309297,0.792148137015941,0.00444444444444445,0.3982349388367246,0.9982774183053745,0.000630485498057575,0.0006957595007264826
21417423000181,1311470.5699999998,27,26,0.17940090588214372,0.03978052126200274,0.3492262887759654,0.7041255984875054,5.574107862403681,0.14657694211742947,0.0013717421124828455,0.5012582241747993,0.7409927768688306,0.06790517743142423,0.10744999515873414
21611579000107,1420182.73,61,61,0.15489808361372306,0.01639344262295082,0.3637031975455722,0.5711438273862125,6.455857791589914,0.1408130516739518,0.0,0.42086908687248364,0.6359422465640044,0.02969145380090172,0.03778342785532709
21750924000185,524396.1699999999,33,24,0.07843812108781924,0.08539944903581267,0.16002977291005002,0.4394597313706543,12.748903035048494,0.03837021330902877,0.04563420768954366,0.7082939079640396,0.583330332907202,0.3246215229255395,0.42507767910637295
21857115000177,1352709.0,18,18,0.11314069986309298,0.05555555555555555,0.22177718932896875,0.5803169787441349,8.83855236188268,0.060972505737392574,0.0,0.472731440214193,0.7234178553694055,0.12012151203845843,0.10862825272506417
21857271000138,421907.05000000005,40,34,0.1091914151806664,0.035,0.23223124619510388,0.577521518068968,9.158229136836589,0.0821972156406866,0.005757575757575762,0.6062847397073509,0.5211361053918816,0.15093008780424988,0.23747916106817687
22040711000122,507662.12999999995,33,29,0.10537692876986425,0.039485766758494016,0.22652861658205625,0.5478380079286198,9.489743264238884,0.07342610479735939,0.005181686999868803,0.7986144851180962,0.6882598693831877,0.5574514363052432,0.4923251060824079
22050561000138,494187.06000000006,21,20,0.11841277385547719,0.052154195011337855,0.21611249796787477,0.5980872506050644,8.445034833999415,0.0720134461636602,0.0022675736961451074,0.5130887636090831,0.5905202199058172,0.11822163279127024,0.18398429644019382
22224976000180,298236.39999999997,25,23,0.223727958079377,0.04639999999999998,0.3852310449026343,0.8097063939881248,4.46971406070406,0.18844286526480322,0.003054545454545438,0.6804686441770345,0.6742676764355394,0.43992182291985277,0.303905052715654
22228688000102,2125793.24,10,10,0.23316150714304368,0.10000000000000003,0.38020630830494123,0.8586394789739759,4.288872602742716,0.14795723015893741,3.0839528461809905e-17,0.5068715157060487,0.8924177429766084,0.1772838371431753,0.1756862048931315
22236244000100,1112211.1800000002,9,9,0.25147529317217837,0.1111111111111111,0.3389644042240252,0.8857327616505347,3.9765337874179427,0.15790970481870067,0.0,0.563336642999525,0.8671245602792648,0.2756204152734774,0.21876419178730813
22257307000105,1902091.75,19,13,0.6349110047471371,0.14127423822714683,0.7886054918223582,0.9435663132443532,1.5750238892114732,0.6044869218093986,0.06971375807940905,0.3997943460324609,0.8863781979740812,0.0018091932008679262,0.0019786393360814608
22310261000140,4133448.95,33,32,0.10599818164276259,0.03213957759412306,0.1862851118555607,0.5545006186661625,9.434124100073925,0.07715941330865815,0.0009182736455463833,0.5002970466669788,0.8626776455500529,0.15248836514549907,0.11901504479300615
22405608000139,4920996.4,16,14,0.21064570936442173,0.078125,0.36562880639376205,0.7921074764452175,4.74730770931573,0.14992614854630032,0.007211538461538465,0.6338929851059469,0.913167908469755,0.39411564374106156,0.39645337232927036
22431861000167,299890.56,5,4,0.6611812721440498,0.28,0.8007006289227644,1.0,1.512444532430938,0.5482416961920663,0.040000000000000036,0.9241809104973638,0.8641618853691944,0.8204477708578582,0.8837504772228667
22604896000150,1879630.65,621,140,0.05542621716266369,0.0256015309575486,0.1330048539057394,0.4220477783760337,18.042003427100592,0.04863072232210731,0.018591470029185642,0.5012402063435516,0.6093703800955804,0.1560290740884335,0.1690086663526404
22794608000178,2297867.48,10,10,0.32007609383208263,0.10000000000000003,0.4386675945298638,0.9467817526187366,3.124257072834115,0.24452899314675847,3.0839528461809905e-17,0.4077876588851639,0.8960538707048608,0.015177724802423402,0.016775071849419166
22859490000119,20772.2,9,6,0.30858146877984505,0.18518518518518517,0.49392938639142697,0.9022732305677781,3.240635297881228,0.17029776253581405,0.02222222222222222,0.3979195699781007,0.20854818645411433,0.00017419868604419669,0.00017419868604419669
22936439000163,1925875.6099999999,34,29,0.12668035250789628,0.03806228373702422,0.23978521645019432,0.6424672723281438,7.893883938613667,0.095490365097464,0.0037073652990608015,0.6739151955727996,0.7759961295035972,0.28219545974991533,0.2951974455496456
22988000000184,1261987.44,9,9,0.46960101526622,0.1111111111111111,0.6272645629500084,0.9640152203099581,2.1294672871034854,0.40330114217449753,0.0,0.4037018723064045,0.8623048563868657,0.004235441979460375,0.009629590711584533
23109604000176,1095197.28,5,4,0.4939072225422291,0.28,0.6391542535606005,0.9999999999999999,2.0246717487807135,0.32520963005630543,0.040000000000000036,0.5536941428522021,0.9160727307378477,0.2836487192384072,0.26134066343441326
23278690000140,3065172.38,40,40,0.23604182604981083,0.025000000000000005,0.4443665253175745,0.7138260850438696,4.236537298220082,0.21645315492288292,3.5584071302088355e-18,0.8503614193815756,0.8800522893514171,0.7578439973667142,0.7373248125352027
23283347000194,8829663.88,13,12,0.11289438558197448,0.08875739644970415,0.198864466854428,0.5718449432075098,8.857836418037666,0.03224842063488126,0.005917159763313625,0.39791956997810074,0.923351487150795,0.000323511845510651,0.000323511845510651
23441261000142,599410.8,8,7,0.5774963848903005,0.15625,0.7507372239539227,0.936759898220052,1.7316125713755888,0.5070791157053506,0.015625000000000007,0.8543152200964034,0.8914386249614462,0.7910827148166327,0.7698615454969653
23535271000147,7305284.36,7,7,0.41622967817549195,0.14285714285714285,0.46033822015382847,0.9854409445603017,2.4025196962970456,0.3189346245380739,0.0,0.9257777835904563,0.9854711552723084,0.9578414312377139,0.8760719994309552
23681516000144,27808.61,6,6,0.3128299181231263,0.16666666666666669,0.485461157533584,0.9535248255845941,3.1966252013223726,0.1753959017477516,3.3306690738754695e-17,0.6937107009557743,0.41284257095136623,0.28922923358614394,0.321394150396606
23782816000110,6884171.8,7,7,0.8875764272114557,0.14285714285714285,0.9412896987841006,0.9970640186521783,1.12666354056039,0.8688391650800317,0.0,0.917355231197067,0.9865075361223494,0.9635686092657576,0.832878472386442
23802507000164,1373259.05,6,6,0.8774243390374595,0.16666666666666669,0.9353747204505952,0.9945895131730608,1.1396994082669358,0.8529092068449514,3.3306690738754695e-17,0.9171801121506115,0.9686870643016822,0.9360629741278831,0.8684002884453238
23848604000198,713089.7,138,35,0.5010282316694866,0.10670027305187987,0.7016372554532762,0.8346996037104449,1.9958955140469412,0.4863525914244715,0.08042675167105282,0.7956124079981187,0.7789331173041527,0.6629292221582498,0.3651392344924639
23848859000150,673924.07,59,32,0.5731202484571993,0.0571674806090204,0.7427396086327649,0.9381918945260406,1.744834531133618,0.5593499338913025,0.026753528370601708,0.8349654818145992,0.8753845343678043,0.8196188613542087,0.4023053879986367
23982047000101,3576826.12,16,12,0.4649968682360472,0.09375,0.64582395746987,0.9293262262354537,2.1505521183260274,0.4163602198938697,0.01136363636363637,0.4024560386576402,0.9120255661567269,0.005129054692138279,0.004278967749870346
24005595000136,23102.0,5,3,0.373899106514049,0.3600000000000001,0.4976192537442646,1.0,2.6745182927106717,0.06084865977107353,0.04000000000000017,0.9683473294079165,0.8935155534993536,0.8917508549064916,0.962692508754595
24073730000180,918094.6,23,18,0.11022422313537528,0.06994328922495274,0.2424151062428643,0.5012827654143702,9.072415949548759,0.05788447155510324,0.015234070944067613,0.4045108486493469,0.646085734541419,0.009627223356750599,0.011265076971213062
24089583000137,230786.44,7,7,0.20753758004066777,0.14285714285714285,0.33472503843813356,0.8041479386743866,4.818404453805649,0.07546051004744574,0.0,0.7892092316716437,0.6294311425574507,0.3788694990123874,0.41776102606853904
24121284000132,702757.6,7,7,0.6611692773370951,0.14285714285714285,0.8068642729726438,0.9643154339419454,1.5124719709112453,0.6046974902266108,0.0,0.9242873347569812,0.9042625058164512,0.8596896561464548,0.8412238436165577
24513574000121,36237694.46,163,134,0.013270792416158115,0.009823478489969513,0.040296596451848334,0.1444530571827113,75.35345054319667,0.0058517758177833645,0.002378542238014397,0.44136170808581004,0.8580900639919115,0.0638943095724985,0.06723485736057686
24767074000116,61013.48,16,13,0.9289495192390355,0.0859375,0.9637214595856521,0.9849266096606847,1.0764847597091893,0.9230286458422883,0.009765624999999995,0.9605069855829932,0.8589417563611293,0.8391684193782603,0.9479820440086452
24810277000148,4545460.16,63,59,0.13519284685343963,0.017888636936255975,0.31569961004784164,0.6139991907881995,7.396841055385747,0.12028237869574031,0.0009556824006741815,0.7847419601222325,0.874923768623078,0.6801600017264794,0.521205330980692
24811911000167,145828.1,11,10,0.35535263671455863,0.10743801652892562,0.5101897370945654,0.9496043629451387,2.8141060363181216,0.28372515190506514,0.008264462809917352,0.6371195876062729,0.6138585787379259,0.21667727497318023,0.3000855332784612
24996845000147,6513261.7700000005,23,20,0.3542567661860013,0.05860113421550093,0.4426993450932651,0.9490508654928513,2.822811292402961,0.3202702801957909,0.009053825490000975,0.4085443956723652,0.9416433777639385,0.017761731504853065,0.014642884208586891
25107871000130,3355014.23,19,19,0.08613670806032488,0.05263157894736842,0.1734308262531572,0.4824099121630253,11.609452259304607,0.03536652517478737,0.0,0.5121233205457816,0.8136986929157206,0.14616680886818484,0.12926032814735017
25141524000123,8429588.34,46,42,0.07155189096681332,0.025519848771266545,0.16941668351980282,0.41840286354956213,13.97587102853526,0.048906815136735594,0.0017520402047120718,0.8892210581414819,0.9158837936285505,0.6984490821069717,0.8134078095398104
25269069000146,841173.0099999999,17,14,0.46292747771952664,0.07958477508650517,0.6617469811590839,0.9169291344713971,2.1601655726426094,0.4216142067748748,0.008783603939313269,0.9302573391435335,0.9000050514182133,0.8365934257609733,0.8954077203563351
25769548000121,180070711.32,282,145,0.1799186620783271,0.01224787485538957,0.35155978368686996,0.6850550033691065,5.558067120155956,0.1742236527872044,0.005388485097440887,0.6387369766029529,0.9808671400217276,0.4036381406702088,0.35620844100338084
25838855000117,10657764.450000001,23,20,0.26895308874670637,0.0661625708884688,0.4108358878207333,0.8145549463705777,3.718120526742774,0.23047693552284884,0.017013232514177686,0.40337897160297365,0.942217727064182,0.004587800408200671,0.006251410008282387
25947276000102,2039260.96,14,14,0.5805242036393404,0.07142857142857142,0.7412096978505389,0.9651127730116502,1.7225810633405827,0.5482568346885205,0.0,0.5033211547386887,0.9073816796768143,0.09002680555916716,0.0983881769007803
26063838000118,1436841.27,62,50,0.0549063664920604,0.02289281997918835,0.15311364212137363,0.3820881342028824,18.212824193066982,0.03561874131842898,0.002951857121620765,0.4052355892841395,0.5589753148571721,0.013731073783764529,0.013130364374141786
26141515000103,285620.11,17,17,0.6506331271162801,0.058823529411764705,0.80176427353102,0.9329093109025133,1.5369644709487436,0.6287976975610475,0.0,0.7662387911570508,0.7332405312410537,0.5198058574745441,0.3255854843413543
26643419000155,58583.2,8,5,0.48940430395486395,0.3125,0.670840787119857,0.9720363517185815,2.0433003795001903,0.3617553799435799,0.14062499999999997,0.3979195699781008,0.4218668627753593,0.00014931315946645435,0.00014931315946645435
26938926000116,37075853.58,87,72,0.3163655203706831,0.017571673933148374,0.41266750519948514,0.973547527964965,3.1609007164507292,0.30673686572801667,0.0037346552561504645,0.49856974537798654,0.9834361648287143,0.19063995067880557,0.16401014360718952
26981455000129,15740.84,6,6,0.5998311087396389,0.16666666666666669,0.7242307272038849,0.9998729419776835,1.6671359411504905,0.5197973304875666,3.3306690738754695e-17,0.9588345657958125,0.7199456675132528,0.7069710923807727,0.9456225015951599
27108141000189,10932926.749999998,57,52,0.25075670069588374,0.020621729763004006,0.4755952490032003,0.6920971303498398,3.987929324420304,0.23606565561148932,0.001418234268160946,0.8072557381541242,0.9298973078515675,0.6805328634966977,0.6325765042821079
27142702001138,2861040.0,123,82,0.04412924822704681,0.01685504659924648,0.15379023012610799,0.31631854150938116,22.66070781117681,0.032328374748368374,0.004717454581953227,0.4877170543559354,0.62236378124932,0.16217441474332292,0.08127757855346825
27142702001480,244088.15,9,9,0.38120567024993135,0.1111111111111111,0.5325944745781391,0.9714261015948542,2.623255838100116,0.3038563790311728,0.0,0.8800401177326288,0.8962119840643178,0.8094149935119606,0.8070552314976831
27452374000102,107247.31999999999,5,5,0.24026918945128428,0.20000000000000004,0.277168324579113,0.9668056973358401,4.161998474643187,0.05033648681410534,3.469446951953614e-17,0.8387569193341315,0.6895982473597685,0.591635806717057,0.7335554008274774
27562511000153,826269.0999999999,12,10,0.2746894298020611,0.11111111111111112,0.47926274866142277,0.7647525969445063,3.640474992869553,0.19409936644673456,0.012345679012345682,0.8710336576810167,0.8929834588377994,0.7923818398320112,0.7636798305008188
27600799000103,294463.36,10,7,0.2600557162756273,0.18000000000000005,0.4222364371580899,0.867453118785305,3.845329817476968,0.13673166898823183,0.0433333333333334,0.4290314483188634,0.6138593265073348,0.03342412722007608,0.05234601264914778
27611852000171,88227.71399999999,163,65,0.04560703398955445,0.03150287929541948,0.11884814333963137,0.34754171461361905,21.926442316530245,0.030694643895641235,0.016370111784410404,0.9974854996686079,0.9033488051864219,0.9022654595271492,0.997395034080114
27744234000108,487607.07999999996,7,7,0.2284896366273495,0.14285714285714285,0.38195589776916283,0.7921222144682559,4.3765661093458235,0.09990457606524109,0.0,0.4464997074602618,0.691392168894668,0.07270559154006458,0.082114259369465
27780220000131,5401124.87,25,24,0.19143390174888592,0.0432,0.3211395851323837,0.7665690202789183,5.223735142335204,0.15627885399883748,0.0016000000000000046,0.5586681711083025,0.902370096841111,0.2321186729944538,0.24481430116486183
27834977000160,7544694.790000001,25,24,0.38922965737523335,0.0432,0.4537642549222326,0.9334718826975902,2.5691772994470434,0.3626744250872,0.0016000000000000046,0.4388212370947018,0.9420394355396533,0.04826847808345335,0.05272631577484358
27993108000189,6292695.109999999,15,15,0.13641958144561375,0.06666666666666667,0.26856521259298705,0.6078475014499788,7.330325964961775,0.07473526583458616,0.0,0.5003981004102356,0.9097092394204452,0.1989692109005291,0.09186127136337759
27998368000147,2311158.24,9,9,0.3670085636771566,0.1111111111111111,0.4398518727129649,0.9056467029276195,2.724732060692899,0.2878846341368012,0.0,0.8779869386364159,0.9249096703594075,0.8344415375593187,0.787100527957735
28052214000120,112351.51000000001,11,11,0.5143924290984165,0.09090909090909091,0.7037033147129041,0.9325564916751008,1.9440410539336965,0.46583167200825815,0.0,0.529367472728517,0.6527737088479195,0.18625616130606623,0.1525216134083051
28164691000188,75928002.86999999,36,20,0.3110788892034577,0.08179012345679014,0.5314900838244582,0.7717921517089417,3.2146186536816423,0.27481988337206076,0.03346328784925278,0.7563423113669525,0.9867508722966417,0.7479516342310273,0.3603755125692846
28199862000104,362484.77,18,18,0.28452428779233396,0.05555555555555555,0.5032072381965178,0.7684514855617243,3.5146384435548472,0.24243748119188302,0.0,0.6526768135517381,0.7617192487582931,0.3502057369138836,0.42579004507784335
28543098000142,701886.3,16,13,0.6211895858114724,0.09375,0.7807532359585876,0.9440859580818147,1.6098144959942944,0.5896220512957618,0.01822916666666666,0.45202931377252614,0.8250877052020152,0.0340801296661177,0.070023241537813
28546334000184,731988.9491999999,5,4,0.41636590937159845,0.28,0.5488342965273826,1.0000000000000002,2.4017336133720772,0.2218212124954646,0.040000000000000036,0.8875442981412998,0.931951080116572,0.9035555419089346,0.645382132515441
28550176000136,5985672.06,39,28,0.3952693821919004,0.044049967126890195,0.6179654185732321,0.7651004221571069,2.52992021404407,0.3728719519027115,0.008644410353812056,0.39904908388946614,0.8786824796109918,0.0020106529091859387,0.0016939749254230529
28553049000190,35948797.470000006,14,14,0.26089397468720565,0.07142857142857142,0.44744264431719255,0.8577350687664046,3.832974683293981,0.20403966504775994,0.0,0.40107915042730935,0.979520606254236,0.006017220598539416,0.003137801710805524
28650418000163,110746.20999999999,6,6,0.22664718722378074,0.16666666666666669,0.25283032259072347,0.9390137143293664,4.412143879873732,0.0719766246685369,3.3306690738754695e-17,0.5085248867439454,0.4821915145532989,0.12731495375703947,0.10488838502575154
28725566000108,2663413.9,23,22,0.12896131037913455,0.04725897920604913,0.2440476863171736,0.6089928418560855,7.754263639692329,0.08748327754004571,0.001890359168241943,0.4540994280659916,0.8264125905882762,0.09585823989078401,0.059460491828921255
28736680000125,827994.5499999999,25,18,0.5336686943256143,0.0624,0.7246424508470497,0.851173404462626,1.8738217374052242,0.5062374410506504,0.007247058823529412,0.46510235223639823,0.8121940403782993,0.07563808778961621,0.08900065595281198
28841729000100,3189492.13,24,24,0.17072277816306697,0.041666666666666664,0.2978530628950008,0.7515303071150704,5.857449197814971,0.1346672467788525,0.0,0.5654502521138814,0.8645790279301949,0.29638171666572083,0.22930650580056455
28842189000189,1931557.1199999999,11,10,0.35445845538811677,0.10743801652892562,0.5232423051511932,0.9191677955658903,2.821205094134496,0.28273161709790745,0.008264462809917352,0.445096255416881,0.8943303515448049,0.07684563055027888,0.06771091417166995
28842205000133,1538531.538,10,8,0.2527267828262349,0.14,0.33835648938124013,0.885160365168933,3.956842202543927,0.1459734660871256,0.017142857142857158,0.4086746949777337,0.837504086668324,0.01368167884018592,0.01823397063908642
28875494000177,57424483.410000004,34,30,0.41500635739413116,0.03633217993079585,0.6225198012625883,0.8873380289064405,2.4096016414763035,0.394834162821515,0.003102255100823293,0.48821338247412444,0.9832215800234676,0.06439294307172314,0.09103450434636141
28983143000180,840482.4,12,10,0.3073525653472489,0.11111111111111112,0.5221820230857899,0.7799501809912974,3.2535924952186215,0.230391739274721,0.012345679012345682,0.5150134240693293,0.7593379097948482,0.09015189056215407,0.14271459452021845
28997560000181,4194665.5600000005,28,19,0.18833408605671775,0.0816326530612245,0.34335246502941696,0.7126508555308995,5.309713291617562,0.14324153528209096,0.030612244897959193,0.67889616981532,0.9105157417150305,0.4056238119052978,0.45831109910870776
29053402000136,3077579.71,6,5,0.6851610701145728,0.22222222222222227,0.820581933846971,0.9969110791934614,1.459510826896192,0.606451337643216,0.027777777777777818,0.4861103361830367,0.951040420824684,0.13985290468035913,0.10955089801618634
29063294000182,13462741.17,17,17,0.2021164393870784,0.058823529411764705,0.29993891652601684,0.835642497166125,4.947643066702131,0.15224871684877078,0.0,0.7404413774856019,0.9599453903593383,0.57954963238758,0.398435333493461
29112760000172,12909778.979999999,67,46,0.18560217486786526,0.03497438182223214,0.37111394295923106,0.677184634496353,5.3878678992416145,0.16750444542048448,0.013529368084948413,0.5433370472527661,0.9345002108758654,0.2334148554797331,0.22996437295188052
29355454000167,8834408.57,48,42,0.1838821416741981,0.02777777777777778,0.290656321773445,0.7398929286785296,5.438266005035972,0.16397682805649563,0.004065040650406507,0.5741559530163339,0.9093561247915111,0.26917669489948487,0.18465813192831002
29505936000156,783712.0,7,7,0.22751402004666985,0.14285714285714285,0.3814602813278347,0.8237579621085297,4.395333526236627,0.09876635672111482,0.0,0.39791956997810074,0.7405589968017501,0.00019908421262193908,0.00019908421262193908
29578965000148,318500.15,5,5,0.25242170674568776,0.20000000000000004,0.28257443520827225,0.999999529042608,3.9616244295800187,0.06552713343210968,3.469446951953614e-17,0.5167927367805192,0.6755855462393056,0.15170365707002395,0.10504574635454456
29937718000190,749007.0900000001,71,51,0.05477821570787031,0.027177147391390596,0.12667570343025725,0.3630393538731389,18.255432147205266,0.035873780022027714,0.007720690339218408,0.627366545402511,0.5014555539546803,0.07895457144606645,0.23342771862411987
29957183000110,9.0,9,9,0.1111111111111111,0.1111111111111111,0.1111111111111111,0.4444444444444444,9.0,0.0,0.0,0.44800030968655297,0.023738027296657596,0.021962859734111974,0.04443725529232198
30024283000172,3772280.37,7,7,0.24687696493872122,0.14285714285714285,0.38367773814224737,0.9205000687687486,4.050600671667427,0.12135645909517476,0.0,0.39791956997810074,0.9136663042875275,0.00019908421262193908,0.00019908421262193908
30078127000194,286770.0,7,6,0.2885969211566728,0.18367346938775508,0.43937650381839105,0.9345468493914983,3.46504043075748,0.14631630538800736,0.02040816326530611,0.5423349398569142,0.7124763218254161,0.2441744767319277,0.2415563634814116
30391653000100,20636094.12,11,10,0.24142192844494673,0.10743801652892562,0.40962208986086945,0.8455676717954415,4.142125806223263,0.1571354760499408,0.008264462809917352,0.7342886434733594,0.9783762743959482,0.6014827798895571,0.5513139085914458
30465693000159,1735747.0,20,20,0.1062216907951556,0.05000000000000002,0.20164229003420428,0.568055137067787,9.414273040790333,0.05918072715279537,1.460819769243627e-17,0.5134832375341218,0.74218813851307,0.19848167133995723,0.18068047824588504
30497215000120,3456674.27,7,6,0.3428341218165982,0.18367346938775508,0.41296919770227586,0.9818452202613814,2.9168625185300483,0.21140094617991786,0.02040816326530611,0.8755349795874592,0.9633247656249222,0.9435919162998293,0.5800620275342934
30499841000156,5664257.1,13,13,0.2597285393199414,0.07692307692307694,0.45945103727724507,0.7598279039982136,3.850173733769665,0.1980392509299365,1.5034270125132327e-17,0.39791956997810074,0.9035832983832566,0.0003483973720883934,0.0003483973720883934
30543746000102,1133056.82,6,6,0.5268475726443008,0.16666666666666669,0.7128543650617627,0.9177093342944619,1.898082200475746,0.432217087173161,3.3306690738754695e-17,0.8107980081736795,0.8853740021806331,0.7154343549596331,0.6750075013922806
30597659000138,122258.25,7,7,0.2629542928380013,0.14285714285714285,0.34469371187629466,0.9545797522866555,3.8029422878297394,0.14011334164433487,0.0,0.6728114663525895,0.5227732440507161,0.21242329047233222,0.24284037323916208
30613786000183,3428172.7699999996,12,12,0.5648059779479148,0.08333333333333334,0.7436906396056581,0.9081191873535593,1.7705195041193738,0.5252428850340889,1.5139404881252137e-17,0.7870523809449872,0.9219512011178398,0.7751895759194853,0.3697744523407267
30629684000156,740299.5,7,7,0.424116885374814,0.14285714285714285,0.6316457055556569,0.8631871289930629,2.357840572926608,0.3281363662706163,0.0,0.39791956997810074,0.7686642052394865,0.00019908421262193908,0.00019908421262193908
30638611000120,5426057.73,48,24,0.2599082895684482,0.059895833333333336,0.34259495429290243,0.8766533175090269,3.84751098805044,0.22773038911490245,0.019021739130434787,0.7442273741190741,0.9427601986494669,0.4058326978339253,0.5510804957493898
30649011000168,8118.099999999999,12,11,0.2139197743682739,0.09722222222222224,0.37570367450511816,0.7509515773395252,4.6746496575788665,0.13531175180510127,0.006944444444444459,0.9908435940120806,0.8914547986199832,0.891313716404913,0.9904187435300726
30695182000123,359660.86,19,10,0.29009962031567577,0.1412742382271468,0.43036375990426096,0.939691074530601,3.447091722877254,0.21122180035075083,0.045860264696829765,0.5426500075498508,0.6966293396644198,0.2032934287115572,0.14551562306772697
30704185000186,7185906.5,12,12,0.5169865100701169,0.08333333333333334,0.6965022436626471,0.930940323256363,1.934286447560061,0.4730761928037639,1.5139404881252137e-17,0.4400953813031202,0.9528320173851655,0.05231430912823111,0.059649867919088835
30714308000160,11676840.44,5,5,0.4825393915454775,0.20000000000000004,0.516752286802679,0.9964488818518105,2.0723696707893615,0.35317423943184684,3.469446951953614e-17,0.3979195699781008,0.9813389414583753,0.00014931315946645435,0.00014931315946645435
30746268000138,631162.03,10,10,0.18578096625811216,0.10000000000000003,0.37074473570598027,0.6568836214688009,5.382682737319087,0.09531218473123573,3.0839528461809905e-17,0.5050504660411286,0.6842385190513318,0.11483749263029056,0.12423852423223294
30747548000160,2708621.4,139,79,0.1373762582629966,0.01858081879819885,0.2638612247544083,0.6748710469466128,7.279278185649623,0.1263169795227786,0.005998521603303963,0.82980418086479,0.9198168060382642,0.6673645259375658,0.7231183753599072
30753960000193,1742221.0400000003,86,61,0.11146881259697938,0.023526230394807997,0.22745822194869142,0.5740439456522692,8.971119156131554,0.09665995947359571,0.007251667568054797,0.70908984951882,0.831567149118182,0.5064686202338324,0.4463353462652012
30753994000188,19771310.05,26,23,0.12727733456638723,0.050295857988165694,0.20750985896354399,0.622258238269851,7.85685843757519,0.08760812250122302,0.007127487896718682,0.6518135202376163,0.9585142027209576,0.4331953548034426,0.2470842392123176
30755320000112,1342190.2,9,9,0.2451394860118811,0.1111111111111111,0.4004635110582688,0.8586534158869584,4.079310176702962,0.15078192176336624,0.0,0.39791956997810074,0.8076041050661983,0.00024885526577742386,0.00024885526577742386
30773502000116,4184134.71,51,48,0.1377393403465063,0.024221453287197235,0.26289784537075767,0.6501550759105459,7.260089945866831,0.1193933688645171,0.0034602076124567523,0.6939148119312061,0.8550115939012215,0.4400622252334624,0.4637546817993602
30784957000137,5734845.7299999995,22,20,0.23862805415812274,0.05371900826446281,0.42129698229912105,0.8196686399792658,4.190622110748836,0.19855584648223445,0.003914745541539799,0.791632635818564,0.9249621383553814,0.6581136856272644,0.6361330427575838
30899445000116,11461167.34,15,13,0.30588252004290223,0.08444444444444445,0.49427539376630375,0.8900782614347554,3.269228983270253,0.24803939671314407,0.008148148148148146,0.4770296542042553,0.9552342131284536,0.15833388911046428,0.07014454929046768
30920620000100,1391689.65,8,8,0.5107144603206133,0.125,0.646695906662811,0.9797447656523134,1.9580412886140446,0.44081652608070093,0.0,0.580866173983265,0.9215079832119247,0.3087138509545205,0.3021406304284336
30935256000151,520998.30000000005,8,7,0.17927974463623306,0.15625,0.22986247747833344,0.7793893953204839,5.577874968692345,0.042493035408938576,0.015625000000000007,0.5536920339783054,0.6891655175638401,0.20437994016229646,0.17968007263750216
30957190000109,371965.74,10,10,0.13410086933876011,0.10000000000000003,0.2544016553782614,0.6061437002235743,7.45707320862955,0.037889854820844567,3.0839528461809905e-17,0.7281263153000417,0.6290866617620063,0.4024918279660289,0.40935292572344356
30985841000166,2610331.9,16,15,0.4408648984539107,0.0703125,0.6505290763982924,0.8654442754961542,2.2682685863786065,0.4009266769149043,0.003906250000000001,0.40443246313214676,0.8624827284073951,0.007190827213371877,0.011348521441976784
31010615000122,7017728.290000001,43,37,0.06686573102286626,0.030827474310438075,0.1885225453777151,0.3938275244908349,14.955343861536894,0.04094533466239032,0.0039060152635057976,0.4795866116849612,0.832071530234134,0.12436139588612764,0.08505779683019593
31015782000166,4848893.6,6,6,0.673153055672089,0.16666666666666669,0.8081988022999722,0.9967260572597428,1.4855462536697255,0.6077836668065069,3.3306690738754695e-17,0.39855620488289417,0.9576139512457964,0.0006223435635866723,0.0012223960955587208
31030781000190,2156157.4,11,10,0.15749932988948345,0.10743801652892562,0.20231964512423817,0.747054459011202,6.349233363098722,0.06388814432164827,0.008264462809917352,0.40669283814647117,0.8399803297118715,0.009677018452016461,0.007994248265569976
31030892000105,432366.054,233,56,0.07043503630236614,0.05406251726869163,0.15803285056231542,0.4393395555516946,14.19747972737833,0.053533855144227344,0.036863653946304205,0.9772495637499833,0.8892597685119715,0.8705355104160764,0.9175507603217364
31049535000180,125937.27,16,14,0.28238580490803566,0.078125,0.4764276691085967,0.83600255905182,3.541254491618901,0.22718471297788456,0.007211538461538465,0.9889664863740415,0.8973661574079699,0.8938010363909531,0.9884702078049846
31178434000100,4511182.52,19,18,0.1464668708512404,0.05817174515235456,0.2982665285730891,0.6287832530438161,6.827482516613968,0.09625903972484279,0.0027700831024930705,0.46131726434915166,0.8647856482656762,0.03368940233095217,0.07189929320844185
31294097000116,1576150.81,17,14,0.1638476146264833,0.07958477508650517,0.3058126652233234,0.7165576243303773,6.103231971241443,0.09952820036698203,0.008783603939313269,0.7268771667249414,0.8080188282168819,0.5247054548730246,0.29520389793263396
31417180000135,25119.16,17,7,0.22633295975453785,0.3217993079584775,0.30363356099487404,0.875434528861634,4.41826944287972,0.09738845304696082,0.20876585928489041,0.44424584320859056,0.2127070185663272,0.016529879868312183,0.04105056289603681
31442430000197,3624336.2199999997,11,9,0.28022161310545135,0.12396694214876033,0.36700353368430044,0.9204012203922959,3.568604109147305,0.1902493147436328,0.014462809917355383,0.746844376257005,0.9462156197874664,0.6039087678861329,0.5860303105514512
31724255000120,670561.3700000001,31,27,0.0689780950775965,0.04058272632674296,0.10293435185507331,0.38397690579760063,14.497355992145852,0.03316956027288868,0.003682061954694613,0.6554692758527083,0.6474845727766797,0.3451263840208185,0.42607710145725736
32001836000105,8464439.69,140,56,0.07472059240084225,0.03336734693877551,0.19109852148996764,0.4597098133497364,13.383191538892671,0.05789733044449393,0.01579220779220779,0.5958003387649651,0.8557683214004929,0.3516755354573264,0.2031043536663533
32257384000119,3620725.02,6,6,0.6232719869112642,0.16666666666666669,0.7817528214280133,0.9501002150116331,1.6044359781925688,0.547926384293517,3.3306690738754695e-17,0.48258519793095767,0.9590335018293045,0.15937596359065326,0.11330191369423784
32370759000152,24985894.290000003,73,69,0.1772550967919538,0.015950459748545687,0.33618968776962677,0.7587937329738859,5.6415867193579805,0.1651559070388943,0.0014791429801419473,0.7247321013555373,0.9479341750303644,0.6493115717898537,0.3176216718037811
32402447000183,141710.6,9,8,0.25858322969747066,0.13580246913580246,0.34930343954510107,0.917387972388798,3.867226815791378,0.15266654822568076,0.01234567901234567,0.6392011893486358,0.5765817387473071,0.3017086810106538,0.26653774450181145
32467800000103,5955.669999999999,8,5,0.2623069953173812,0.25,0.3358144423717231,0.9922426863812133,3.812326845458464,0.07788374414672651,0.062499999999999986,0.9853921776389967,0.9534790114825277,0.9533810048765561,0.9811828679130408
32504706000187,7524499.67,192,145,0.0692053096305302,0.009440104166666666,0.20894245052176338,0.41353616007268695,14.44975833991278,0.06274145761407555,0.002561216001157407,0.6854002392633354,0.805772032759041,0.3910794843020582,0.43849627143711023
32531313000162,33206936.869999997,30,20,0.2849184807437279,0.10222222222222219,0.42277742523982464,0.8743705974347522,3.5097758397057355,0.24728261130918727,0.054970760233918094,0.653744001805064,0.9797658517446142,0.3094563347180202,0.25141727080694193
32538167000105,83430.5,8,6,0.392866705586286,0.1875,0.4506745135172389,0.9801751158149599,2.5453925868003293,0.2714400467035432,0.02500000000000001,0.6407756396972843,0.5388934748151742,0.2216927390952017,0.228498541882725
32556060000181,5967049.46,5,5,0.9543321261291212,0.20000000000000004,0.97677139079722,0.9985475065929821,1.0478532291018148,0.9429151576614014,3.469446951953614e-17,0.8406141654815207,0.9800393454217093,0.6091623465229311,0.39288507236790876
32557811000184,125348.19,9,9,0.16574375400792143,0.1111111111111111,0.2951777764002815,0.6820361745949424,6.033409862022353,0.061461723258911624,0.0,0.4067791314486348,0.3919639050527892,0.013256523848946496,0.015025384458433533
32579624000100,15092.29,36,30,0.1107478600975131,0.038580246913580266,0.19109492330189787,0.5975541153794421,9.029519840108003,0.08008399320432388,0.0054278416347382065,0.9949310815028435,0.8470440038097607,0.8464383068102949,0.9935911197884584
32988237000119,154287.6,7,6,0.3693736627983596,0.18367346938775508,0.5444377902047863,0.9611919558020217,2.7072856045665015,0.2432483953580315,0.02040816326530611,0.45480158646476787,0.5852424654031585,0.06115850828240653,0.08658276545500924
33002067000114,47338.8,14,12,0.1309552073380574,0.10204081632653063,0.22391780104269646,0.6252798972513034,7.636198821926389,0.05195113527788081,0.020408163265306145,0.7272966632887435,0.4246659013076675,0.2865994152148749,0.44591383455382444
33098125000155,315527.20999999996,15,13,0.11350895228304693,0.09333333333333335,0.19015792647486723,0.5558925013154967,8.809877810398524,0.039634698306634165,0.01777777777777779,0.48404726746693244,0.5166391479704552,0.09216622687267363,0.08069705956398067
33103241000115,43000.0,12,12,0.09437533802055165,0.08333333333333334,0.1511627906976744,0.4418604651162791,10.595988538681949,0.012045823295147256,1.5139404881252137e-17,0.4608116617049942,0.1763423137289399,0.015468959067359912,0.055800874118589375
33318128000157,106404.08,6,5,0.8199061303297437,0.22222222222222227,0.9041006698239391,0.9885429205346262,1.219651815016711,0.7748826629121797,0.027777777777777818,0.8610556005519183,0.7476257419024099,0.5573297194632175,0.45274845325345286
33840043000134,7604600.680000002,66,60,0.8631907715376059,0.018365472910927463,0.9289011083222322,0.951299772915887,1.1584924595737918,0.8608719710551924,0.0017275995704347082,0.894485098611438,0.9567085435248005,0.6747413058451717,0.8070647884297684
34481804000171,659498.5700000001,5,5,0.4909269321785254,0.20000000000000004,0.5194709823252536,0.9999999848369648,2.036963007025148,0.3636586652231567,3.469446951953614e-17,0.7032617891126361,0.88953328031418,0.47668768287641533,0.5137131338330208
34550730000188,334226.19999999995,37,29,0.0851409859945632,0.04017531044558073,0.2154229680378139,0.45489072969144845,11.745224562748856,0.05246744978008331,0.005895857247208615,0.5876192865223225,0.556768286406713,0.2535910196027559,0.29742978923458324
34833539000143,1421678.04,25,19,0.13050149880960077,0.06239999999999999,0.26883723968895235,0.6267190917572307,7.662747241385949,0.08219602652124526,0.010311111111111102,0.6123912765142268,0.765990841633104,0.37786201369244127,0.20665140586891861
34906284000100,11446080.2,10,10,0.7281394269740802,0.10000000000000003,0.8475295498977895,0.9920119527032495,1.3733633462971335,0.6979326966378668,3.0839528461809905e-17,0.44477972233956403,0.9837168183056233,0.08102692004730895,0.07716066302519452
35001011000170,70352.54999999999,11,9,0.2185692999647847,0.12396694214876033,0.3411390205472296,0.8638435991303797,4.575207955376704,0.12089046246038279,0.014462809917355383,0.6411387930801836,0.4838634411417065,0.2688511201319703,0.34224987296507037
35182004000112,155118.85,9,9,0.25650862005878794,0.1111111111111111,0.3405130968931242,0.9458553876592044,3.8985044626212364,0.16357219756613645,0.0,0.4193763092094331,0.5065698845305271,0.007937781768202902,0.02581815987042326
35250517000113,230220.4,8,4,0.37871628170415533,0.34375,0.5390985334053803,1.0,2.640499097372258,0.17162170893887377,0.125,0.42508027527263126,0.6396844480778109,0.01423192053866544,0.04428622578179742
35306813000199,103198.56,7,6,0.33374804247037915,0.18367346938775508,0.5034814439271246,0.9476736884700717,2.9962722555556325,0.200497650964455,0.02040816326530611,0.47286362013672784,0.4771411822273125,0.031221545829470426,0.07440625346151895
35607532000176,31191558.65,37,37,0.3855954936010421,0.027027027027027025,0.6128581201888735,0.7351481680444975,2.5933913040868,0.3685287017566266,0.0,0.47086895143608537,0.9602393812418138,0.09759206034995693,0.08781050085928022
36330231000100,83348.89,11,9,0.23345490928164583,0.12396694214876033,0.37659661694354896,0.8895008679779658,4.283482420982525,0.1376367729418516,0.014462809917355383,0.6011879944378203,0.4616207151545505,0.17980040446232654,0.3424812427128985
36975571000199,6705305.93,32,29,0.23573566743742175,0.037109375,0.4227547601247181,0.7628255673041303,4.242039445581392,0.20844051270304392,0.0027204241071428575,0.5460717605107529,0.9074067265143552,0.09334239546275151,0.24346478441148642
37382116000142,1099176.82,15,14,0.16167626978748725,0.07555555555555556,0.3390303663790872,0.6423869273371321,6.185199604830281,0.09718982900190935,0.00444444444444445,0.8125263892071413,0.8123596367369333,0.5823698183287898,0.6453033507370604
37622644000121,202898.51,16,15,0.16137963009793482,0.0703125,0.30000220307187075,0.6915723530941651,6.19656891884769,0.10147817510493017,0.003906250000000001,0.6258554281978655,0.585501916641242,0.29103976002541554,0.37125405332545075
39157029000117,14106359.31,6,5,0.45791673853115755,0.22222222222222227,0.6273536499050086,0.9996962795356443,2.1838031149672816,0.3223959231639469,0.027777777777777818,0.5253450393708904,0.9828164570723653,0.2105187331721478,0.2147789082535706
39215827000158,3484632.4400000004,8,6,0.45978308640508314,0.1875,0.6337190616293522,0.9586558403273086,2.1749386386061382,0.3517397036860998,0.02500000000000001,0.39791956997810074,0.9242799779513806,0.00017419868604419669,0.00017419868604419669
39223581000166,39800499.96,22,18,0.4410568836139824,0.06611570247933884,0.613056067750964,0.977723328327758,2.267281244555318,0.4081778767677461,0.011181332036947015,0.6789682367978109,0.9897783548124764,0.6173456495741106,0.2521524137239447
39250220000109,296054.73,5,5,0.5390278272475472,0.20000000000000004,0.7005699250270382,0.9901886722093581,1.8551917905729058,0.4237847840594339,3.469446951953614e-17,0.8403902562277933,0.8703868014414665,0.732103889181166,0.7451820177559371
39563911000162,36040906.46,49,38,0.13857830833881735,0.03206997084548105,0.33059311683028075,0.5684592645509172,7.216136580012564,0.11529664099662322,0.005909699787250809,0.4208450045046274,0.9531305006774984,0.03543132686901976,0.02775521999963167
39750948000108,222216.91999999998,9,8,0.39899155194209185,0.13580246913580246,0.596208785541623,0.9002306845041324,2.5063187306410346,0.31313320221953356,0.01234567901234567,0.7142572127972446,0.736644468850465,0.5785543245615096,0.5107977476905012
39754247000139,494719.01000000007,15,15,0.2045838227331664,0.06666666666666667,0.37434441825876064,0.7263037052083363,4.887972013819858,0.14776838149982113,0.0,0.6903087508264646,0.7122947058224295,0.5250177906797387,0.35742173217726564
39758701000120,5976032.64,51,13,0.18452843046774556,0.20261437908496727,0.32049773074867277,0.7431085583896677,5.419219127725653,0.11657246634005768,0.13616557734204787,0.41504045224027797,0.9150230654100612,0.036636381329915285,0.015438513356785675
39966763000127,83890.83,6,6,0.3016391923516818,0.16666666666666669,0.4073031581640091,0.9205157464767006,3.3152190609040546,0.16196703082201816,3.3306690738754695e-17,0.7160979007850165,0.5738162272677998,0.37483682487614256,0.5348931345507452
40637159000136,18584053.240000002,85,76,0.06056300473636245,0.01453287197231834,0.16035253028579893,0.39888115441064026,16.511730293982477,0.04803717813284728,0.001393310265282585,0.5638412204253757,0.896908093518669,0.2136645886912285,0.20550493316347349
40933406000141,427208.6,10,5,0.4118420366029358,0.28,0.6082742716321722,0.9336516165638987,2.4281154207775,0.2648025457536697,0.10000000000000002,0.752122585921688,0.8008632004258132,0.6129710076629736,0.5488793655546577
41090291000133,7006916.4799999995,9,9,0.28622160423776816,0.1111111111111111,0.48309409276703696,0.8361703720493041,3.493796363356578,0.1969993047674892,0.0,0.4629021475255019,0.9386798267842924,0.07571349870571571,0.08224442284143503
41102337000197,956.52,7,7,0.1509479561891764,0.14285714285714285,0.2138690252164095,0.6589721072220132,6.624799866430416,0.009439282220705798,0.0,0.9979391039144911,0.8010975798284775,0.8010756138998094,0.9978973884227398
41256744000159,166628.26,11,10,0.1959456471024721,0.10743801652892562,0.2916672117922854,0.8182165498217409,5.103456059307295,0.10660627455830231,0.008264462809917352,0.5432060231110761,0.5267683994396901,0.17268241777409823,0.20624425588511575
41464724000173,6802.459999999999,7,7,0.3243846773613297,0.14285714285714285,0.4304325200001176,0.9344060825054467,3.082759667116173,0.21178212358821796,0.0,0.9800481771730892,0.9098241257979075,0.9097132500921695,0.9777272355311444
41593983000102,7719310.040000001,26,26,0.513699482755009,0.038461538461538464,0.7114523022837413,0.8215657704040087,1.9466634356665589,0.49424746206520936,0.0,0.4423167883520638,0.9302509434546389,0.0704259312592101,0.050549589036068245
41683884000103,2503233.31,25,21,0.12550765742123435,0.052799999999999986,0.23627761648793336,0.6442419863772108,7.967641341944227,0.08178304029229608,0.005439999999999988,0.8218777300097787,0.8668379384539731,0.6205455854840781,0.6063016469487298
41714199000105,224075.96,16,15,0.21225626636528366,0.0703125,0.3913851356477509,0.7734341515261164,4.7112861124158485,0.1559888568199468,0.003906250000000001,0.625578955639919,0.6525669399641578,0.28255924230119395,0.38111830989544065
41761645000124,74604.0,5,5,0.5060076642054999,0.20000000000000004,0.6876306900434294,0.9941826175540187,1.9762546513403794,0.38250958025687487,3.469446951953614e-17,0.9647870386005086,0.8499874719766636,0.8429296732537166,0.9567872154210412
41779117000100,2711962.2600000002,33,33,0.3815292296138355,0.030303030303030307,0.6051891002347504,0.7869327798094065,2.6210311619168714,0.3622020180392679,3.577867169202165e-18,0.9063402240993407,0.8819319094522937,0.753730487472679,0.8210777499835257
41851556000179,293737.44,15,15,0.4772288262880179,0.06666666666666667,0.674071374762441,0.8973108773604074,2.0954308392856356,0.43988802816573347,0.0,0.9190277779563456,0.8212690393645382,0.7669923470253972,0.8757318578646096
41863890000142,291420.46,20,17,0.1590139341341598,0.06500000000000002,0.32942093358853386,0.6274439344444106,6.288757054185589,0.10645230501754478,0.006562500000000018,0.6362433646170629,0.5656895630378274,0.31355975704580047,0.3648359983337774
41923828000107,4420149.3,24,23,0.12514012223413767,0.045138888888888895,0.2686310844749068,0.5931651448968025,7.991042218490054,0.0853737641538712,0.0017361111111111188,0.6257089348726382,0.8872919722303795,0.32843472304429056,0.3690358376757082
42399307000157,14688.11,8,8,0.2608181954008862,0.125,0.4501518575228535,0.823568859438008,3.8340883329208184,0.15522079474386993,0.0,0.9812052664484131,0.8256807054127787,0.8243898787576099,0.9787938498570267
43008975000179,10809061.72,16,14,0.6365373554586997,0.0859375,0.7828406589947754,0.9981212818905063,1.5709997086964094,0.6085786904939843,0.015625000000000003,0.43838752025641553,0.9815316376706851,0.06984545374279817,0.06255147222337991
43355376000121,4966737.17,27,24,0.18258170037488008,0.04526748971193415,0.2947813725363688,0.7057002615662871,5.477000148135228,0.1470417743042227,0.003757380568974769,0.8474724206148139,0.9058769108846797,0.729929243664007,0.6202968998716856
43467992000174,973088.78,10,10,0.2347387984657929,0.10000000000000003,0.3308886163500929,0.8664281793486509,4.260054181651288,0.1497097760731032,3.0839528461809905e-17,0.6336437366833623,0.8061020884140261,0.40229832381477254,0.2721546242395743
43939047000128,1120834.12,21,17,0.556539316096478,0.0929705215419501,0.7415905575751031,0.8464231977520456,1.796818249991608,0.5288230233525079,0.036281179138321976,0.4753654894319963,0.8544726953430675,0.10640353149180651,0.1136925265217594
44239770000167,16507528.209999999,51,45,0.13794709991893697,0.026528258362168402,0.25357957573952256,0.6681722314621446,7.249155658855014,0.11835498855345826,0.004403900597672228,0.6205945317335615,0.946912234216221,0.4010321420887473,0.3045200276119778
44318534000136,1356014.9,65,43,0.19506448491320708,0.0319526627218935,0.34623439609697504,0.7547063900256554,5.1265098331197745,0.17589935360161676,0.008903916596224302,0.8467941302414422,0.815479998680862,0.48359218917865177,0.6165475276638013
44392215000170,5228755.550000001,88,73,0.27813652307920256,0.017045454545454548,0.4582386032561802,0.7783065245802131,3.5953566576915845,0.2681106414553026,0.003393308080808084,0.43914854747755816,0.8634985200096953,0.058988930464772125,0.06652164138781216
44483469000102,906425.8300000001,11,10,0.18547088513837273,0.10743801652892562,0.3481207943952789,0.7138374245138182,5.391681822480861,0.09496765015374747,0.008264462809917352,0.4015279624956218,0.724424229050588,0.005994374751430875,0.006278768865359076
44490662000162,1646485.67,5,5,0.842921455342953,0.20000000000000004,0.9169412752921196,0.99095042230158,1.1863501559503402,0.8036518191786912,3.469446951953614e-17,0.8411368481756426,0.9493047011113797,0.9173351783112624,0.4046843363238012
44497659000170,566453.5200000001,77,60,0.05030090956636454,0.02209478832855456,0.11704402507729142,0.3176253543273948,19.88035621265753,0.03420431481325208,0.005520123723953789,0.4125325394363161,0.42807122543029436,0.013411302409234778,0.018290082103492592
44534082000120,5785385.5200000005,7,7,0.3591796267620204,0.14285714285714285,0.5443848139613694,0.970664807139767,2.784122276129443,0.25237623122235714,0.0,0.7227246372614674,0.9608178230439408,0.7025984942218189,0.28691818633351207
44544005000150,2243604.33,16,9,0.35793711113352056,0.1875,0.45677988596144314,0.9459240658534475,2.793786866170946,0.27767925002521066,0.08593750000000001,0.4103860106861997,0.8916003800067196,0.01566643456515357,0.02122621938533904
44552129000188,91600.35,5,5,0.336278853256664,0.20000000000000004,0.4623344779796147,0.9668150831301409,2.9737225231845086,0.17034856657083,3.469446951953614e-17,0.8657407531185564,0.6529473031283035,0.5658066253773303,0.4890377053023607
44616474000138,756677.09,85,62,0.04334736964284054,0.022837370242214532,0.1285303880417471,0.3074240294496031,23.069450539663016,0.02766453963698547,0.006818310737988541,0.5796617779827301,0.4623608962614958,0.10785101328615641,0.2199584380659013
44621400000190,402166.76,8,5,0.49374518573235704,0.25,0.6730689527896339,0.9992540407864638,2.025336203565673,0.36718148216544627,0.062499999999999986,0.9919568720821109,0.9460510587849476,0.9216232656068326,0.9909824934967746
44699908000100,1864736.03,125,77,0.1202703629172668,0.022720000000000004,0.23300731739494518,0.6245918356605143,8.314600336642316,0.10869497295565188,0.009861052631578951,0.5076907079038032,0.7391440034487824,0.13955569010110455,0.15266694846377452
44761693000100,658074.63,10,9,0.18537773914882752,0.12000000000000002,0.28528679186432093,0.7813825006443418,5.394390958653164,0.08354995654243097,0.010000000000000033,0.4514128326320174,0.7069675364708539,0.06168431333471567,0.08111699141680737
44798711000129,769655.67,11,8,0.57804533780216,0.15702479338842973,0.7496108487058896,0.9491156480403764,1.7299681090798051,0.5177661003453258,0.03659976387249112,0.44712326057718293,0.8238641279793587,0.04573743741474337,0.06151498117704617
44848243000150,4338545.949999999,20,17,0.1644832913010939,0.07,0.21451017707902806,0.750325774468287,6.079644881190126,0.11226349700741227,0.011875000000000009,0.5547717023746044,0.896503061219757,0.10077683963598451,0.14243108176770514
44956238000160,7690170.67,110,59,0.2762445891691171,0.029586776859504126,0.4980383614815144,0.7350289405215502,3.619980405798281,0.2637660476030674,0.012855514391564541,0.6217631872703823,0.8986714524411933,0.28776965591161646,0.33674511233995275
44963013000131,2493.99,5,5,0.2655703193230668,0.20000000000000004,0.3163605307158409,0.9538931591546077,3.7654810317244003,0.08196289915383348,3.469446951953614e-17,0.995190636278864,0.8001010904432853,0.7994306644848514,0.9950724199745848
44978239000106,205107.66999999998,5,5,0.33235538051454233,0.20000000000000004,0.499981302503217,0.9398965918729416,3.0088274739281515,0.1654442256431779,3.469446951953614e-17,0.6232744712059095,0.5982596939007395,0.2041656724007131,0.19907677252205952
44984638000180,166164.0,5,5,0.26425276506406675,0.20000000000000004,0.4149153848005585,0.909727738860403,3.784255577259731,0.08031595633008343,3.469446951953614e-17,0.6286020093899638,0.6110715136840766,0.2534274147256555,0.3159476500536328
45018125000187,2435000.0,7,6,0.21784044289093432,0.18367346938775508,0.2792607802874743,0.8726899383983573,4.590515823091067,0.061408531469121196,0.02040816326530611,0.5237898480133072,0.903340935597688,0.23101264981904593,0.11125470678819933
45084018000157,6901.46,13,11,0.1429138831641835,0.10059171597633138,0.24270226879529838,0.6709449884517189,6.997220828792202,0.05720527148060184,0.01065088757396451,0.9934467781488256,0.7815872928604023,0.7803630393731362,0.9930634258114627
45102052000107,769550.49,14,12,0.18334964321476402,0.09183673469387757,0.36794759236655156,0.6544655049209311,5.454060245040478,0.10910870168883348,0.009276437847866446,0.8615711912553755,0.7803913054872651,0.6606118846990509,0.47190766730632894
45193699000191,4953417.880000001,138,44,0.3199930082720896,0.14398235664776302,0.5011038418587854,0.7998875980154536,3.125068280084737,0.304178892185394,0.12407496959305982,0.6378388509959959,0.9105346938690608,0.37453946860062853,0.3809602189544357
45253346000130,549078.22,6,5,0.2365211535446824,0.22222222222222227,0.3196265916357054,0.9344355709465221,4.22795164412677,0.04565144193085298,0.027777777777777818,0.3979195699781008,0.7166417914583008,0.00014931315946645432,0.00014931315946645432
45271342000184,738059.15,14,12,0.17257558520845095,0.09183673469387757,0.292659470450302,0.7266065328232838,5.794562416184873,0.09735518386376468,0.009276437847866446,0.5911873661153597,0.686510810546324,0.16269066539263408,0.1708947583039314
45310125000156,6816.06,10,9,0.17572016067925267,0.12000000000000002,0.2574801278157762,0.7752836682775679,5.690866637809023,0.07268518076415927,0.010000000000000033,0.6659734193201556,0.2642373774632927,0.21613764711773936,0.3286330412839792
45316509000186,59159187.5816,143,78,0.1780534739517829,0.031150667514303877,0.32032642244218384,0.7148048781818026,5.6162903076566835,0.16737884374336448,0.018568208650853277,0.4290071686927552,0.9644991133615265,0.03866985825350936,0.0408147045234206
45359973000150,9279435.129999999,27,24,0.18643354376782237,0.04801097393689986,0.3703921393758372,0.6898815208377882,5.363841612351498,0.15106108914903205,0.006620146716765076,0.5067199545327871,0.9277672148842542,0.20321000602780986,0.13181712874139978
45400604000163,823714.79,22,21,0.06581774002964565,0.049586776859504134,0.08583917741722229,0.3262784318829579,15.193472148232068,0.019108627031127933,0.0020661157024793432,0.6179134938766908,0.6566776170928988,0.28119580466599253,0.3502665003103961
45509650000103,517956.13000000006,27,25,0.3123277442370875,0.04252400548696844,0.4438577452495832,0.8461249218152896,3.2017648718421303,0.2836747335802995,0.0026291723822587923,0.4926361755917735,0.7478656820503328,0.11238516031570062,0.15196549544196303
45519461000103,814950.76,18,14,0.2562948388289542,0.11728395061728396,0.4687301598442586,0.7485214934948954,3.901756291968794,0.19908674950810454,0.04938271604938273,0.5280322683023883,0.7381572472014272,0.14858297731654238,0.21453418632198126
45557047000199,3036440.71,9,9,0.6929293051618804,0.1111111111111111,0.828046733044888,0.9588939775478112,1.443148662570105,0.6545454683071156,0.0,0.42142325606632425,0.9294022000615124,0.032226860638060746,0.03958587950309557
45561894000127,388318.2,5,5,0.9049927752123433,0.20000000000000004,0.9504833922283323,0.9996909750817757,1.1049811969663124,0.881240969015429,3.469446951953614e-17,0.4259794041456399,0.8645773564182584,0.04000317253790997,0.0474069193252655
45579061000193,1044514.6499999999,105,16,0.1699822108627156,0.16299319727891157,0.3545296085603012,0.6362824781825702,5.882968546677157,0.11464769158689662,0.10719274376417234,0.5071946880819933,0.7331347321566598,0.16104530530972946,0.16753334123584793
45704567000187,879565.52,28,17,0.08124490851382558,0.06887755102040816,0.15979309875630412,0.4331320536530354,12.308463610736029,0.023822715295939684,0.010682397959183668,0.647715160187568,0.6538617259684714,0.25576988501176207,0.2370986668705481
45742707000101,5970928.74,95,84,0.032242468038101914,0.013407202216066477,0.07616508583554121,0.25079713143587107,31.01499546555398,0.020582738737356155,0.0015205420018022185,0.6962475889374148,0.7851714600717804,0.3803898911636733,0.4578568585473806
45767829000152,12469317.069999998,142,121,0.08315988949903852,0.009819480261852807,0.26224371243773337,0.3835150732918206,12.025028003573308,0.07551955524486384,0.0015679759307015801,0.6490552524471512,0.8694341116672061,0.37129738798523604,0.3997734832400079
45788709000131,630753.67,56,24,0.10381460429652836,0.0701530612244898,0.1661126125512674,0.5780690740967072,9.632556101101864,0.06485002187463829,0.029724933451641535,0.6675965753908603,0.6413749038077824,0.29344042326548037,0.40200970037734757
45806848000140,1548131.8,7,7,0.6688039496662919,0.14285714285714285,0.8127978509323301,0.9535378060188414,1.4952064809111287,0.6136046079440072,0.0,0.8734711478295631,0.9092570082992699,0.7939040163326992,0.7953838602389562
45812676000118,104844.0,10,9,0.3030164581369652,0.12000000000000002,0.45385525161191864,0.9067662431803442,3.300150777777206,0.21589351540408588,0.010000000000000033,0.9116770459563851,0.6463432430992172,0.5860301497738991,0.8284705140699051
45845902000167,918571.12,16,13,0.2184408269051956,0.109375,0.4126777684889549,0.7348194008102497,4.57789880292847,0.15331089581396187,0.03515624999999999,0.5908430855238038,0.7810346578738149,0.2619523657755768,0.2783316317195686
45875880000188,174764.0,5,5,0.24666623309489372,0.20000000000000004,0.31471012336636833,0.9406971687532901,4.054061179972271,0.05833279136861713,3.469446951953614e-17,0.5397678119254345,0.5504999562721923,0.144690278897566,0.125353744590589
45916929000101,3298585.16,62,10,0.3160456258447136,0.33246618106139436,0.5239832734832287,0.8305360744422919,3.1641001115811735,0.24005069538301507,0.2582957567348826,0.4041883836978679,0.8942009298799316,0.008537825233946453,0.010719445701753517
45959954000164,471070.81,13,12,0.24502419947964824,0.08875739644970415,0.4494016515266569,0.7489097445880801,4.081229536199587,0.1763900357959799,0.005917159763313625,0.4718200375017826,0.6501429746837416,0.07340708920318126,0.0862837205450407
45960936000100,2138379.9,12,11,0.30171274739653303,0.09722222222222224,0.4473601252985964,0.8992927309127813,3.31441083821933,0.23188402213618634,0.006944444444444459,0.7453245106555713,0.875779618375708,0.6511503975760125,0.31659853709286717
45965982000194,6867624.85,37,32,0.34999579198887504,0.037253469685902124,0.5756073076705697,0.7799809027134031,2.857177208667086,0.3290279143110968,0.00619712999835058,0.48520780086583437,0.9026781591847841,0.12261851546664802,0.10446378795672061
46008811000130,150875.0,15,10,0.1934615538714033,0.12000000000000002,0.3368351284175642,0.7915095277547639,5.168985671771842,0.10384617096822588,0.02222222222222224,0.5098685305259436,0.5088732748990106,0.13508908202055137,0.18127340431199582
46139952000191,13558512.760000002,159,117,0.09682304296434173,0.012301728570863495,0.19913688527590398,0.5491638081402669,10.328119932858161,0.08903703471403433,0.003787088299922662,0.6182163104930877,0.9038926636727042,0.3801976815721143,0.3132814815580436
46190305000104,5771377.53,1484,39,0.22411249538793312,0.16944169978422124,0.43025938731129926,0.7275936200971416,4.462044823823969,0.2036944031612998,0.14758490241012182,0.5153879978434399,0.9157110145057995,0.1781968062313028,0.17735896192409073
46251021000180,11264598.520000001,40,34,0.15549754157968265,0.036250000000000004,0.25566823308319736,0.7137582387623345,6.430969839401373,0.1299065579911882,0.007045454545454551,0.6324218894588872,0.9354159707474012,0.3703035812991652,0.37818813024058645
46335839000181,317604.96,26,23,0.21476218764128344,0.050295857988165694,0.41239910107197325,0.721068713788349,4.656313157278397,0.1790695598067963,0.007127487896718682,0.6818452150178547,0.674813843457325,0.4642002060884726,0.47759834921609956
46378766000105,1235793.57,10,10,0.40677131426804947,0.10000000000000003,0.6107816210760831,0.8811860058472386,2.45838377713388,0.3408570158533883,3.0839528461809905e-17,0.8085376817919907,0.8794896853203397,0.7000935117279469,0.6570553632581831
46392072000122,206531.93000000002,13,12,0.279095621297256,0.08875739644970415,0.47876519625803143,0.8007493078673115,3.583001393400333,0.2135588595970066,0.005917159763313625,0.8016386828399072,0.7294045262542845,0.6258071171519081,0.5694769827187265
46392114000125,1324198563.7,294,134,0.9096023235897014,0.011361006987829143,0.9535988888491799,0.9789872099979834,1.0993815363768515,0.9089226418121803,0.003927631100519588,0.39919473231584535,0.9972725960930909,0.0036306333628392546,0.00463807848949644
46392122000171,5094017.970000001,8,8,0.48337050741437065,0.125,0.5735964453223159,0.9814571659235822,2.068806401427275,0.4095662941878522,0.0,0.7052780183592787,0.9704216193537814,0.5795618089496511,0.4976197474081231
46392130000118,498682.97,20,16,0.15606218589299292,0.07,0.27592680776726747,0.7004872253808868,6.407702123855099,0.09979966495252578,0.008000000000000007,0.6696909931337426,0.7291036595822944,0.38807602846110745,0.44044148781624737
46392171000104,361617354.42,11,8,0.9055558296938112,0.19008264462809918,0.951124740989415,0.9996631961145909,1.1042941442253456,0.8920638053643557,0.0743801652892562,0.4014590313861981,0.9993118842616842,0.00778807334462855,0.003299172591570066
46395000000139,17809411.86,15,14,0.37120609828478257,0.07555555555555556,0.5755383771555946,0.8915979087251004,2.6939212599702986,0.32283733661438124,0.00444444444444445,0.6689338471320201,0.9702265574926726,0.10216825196883204,0.24147295766458488
46439865000150,6129622.25,7,6,0.7264338184598854,0.18367346938775508,0.8482274906908006,0.9794016670440009,1.37658789360895,0.6717205821518625,0.02040816326530611,0.44006127161798336,0.9689827513340256,0.07878742540917295,0.04235953596259125
46497148000184,1153012.0,6,6,0.44559026643116023,0.16666666666666669,0.5890762628663014,0.9789247640093945,2.244214192579297,0.33470831971739223,3.3306690738754695e-17,0.4393419050731474,0.8694836996995982,0.045924847235053204,0.05196456642614729
46561593000166,211945.36000000004,20,18,0.1351958885529837,0.06000000000000001,0.26624786690305463,0.6101572593993094,7.396674637839277,0.0843250584678651,0.0047058823529411925,0.5044203021141613,0.4947579484172021,0.13130160450860398,0.16212108253266555
46622085000140,270750.0,5,5,0.48073858651585955,0.20000000000000004,0.6648199445983379,0.9852262234533703,2.0801325877489347,0.3509232331448244,3.469446951953614e-17,0.40562558123674497,0.6732218314681367,0.002520055942112267,0.012660666750123945
46634242000138,5466885.9399999995,25,24,0.22565337338693192,0.0432,0.40507521545254704,0.7662399428073672,4.431575672858575,0.19198612875158114,0.0016000000000000046,0.44452580259306623,0.888851237904889,0.07122115390182737,0.0450876924371104
46675997000180,4702399.16,263,161,0.05458159309550139,0.011204441295956283,0.15598420615573605,0.40632450266089276,18.32119480738315,0.04867272805234828,0.00502446905405601,0.5730110624535412,0.6968906540340885,0.23167324724679692,0.25502358151688176
46709309000156,3158185.9000000004,327,145,0.22506839207947535,0.01304603989563168,0.45267613917217475,0.6531874833587219,4.4430939003060175,0.21968692258002728,0.006192192950462456,0.6892711508332974,0.8003522806517435,0.26165554842418426,0.3201774521897944
46711362000191,189354.63,27,26,0.061413923023449474,0.03978052126200274,0.12674630665223238,0.38478066261173544,16.282952639553304,0.02387047994438745,0.0013717421124828455,0.662382974657451,0.4321195108331278,0.2553635098994435,0.4184824341577251
46712907000184,346906.44000000006,121,43,0.07439684816774883,0.04924527013182162,0.16824484434477494,0.4731973842860917,13.441429638863408,0.05235867788602857,0.026608252754007848,0.4859117629360308,0.4062946985738392,0.049286860331622745,0.08383310933672773
46755690000190,5744214.92,10,10,0.3293309450151257,0.10000000000000003,0.45497392357317995,0.9141397028368848,3.03645926730047,0.25481216112791744,3.0839528461809905e-17,0.9067655803940787,0.9552577543957685,0.6818429948427597,0.7000514620519807
46854998000192,16559628.57,53,50,0.6761335367239147,0.021003915984336055,0.8212744592978513,0.8708155342399688,1.4789977802984346,0.6695240170652191,0.0010244040656490355,0.4359923670864099,0.9526065919027062,0.05383628599797827,0.04471631322979704
46965083000154,7653058.460000001,36,36,0.1830693617775286,0.027777777777777776,0.3689959556378457,0.6931474060633269,5.462410478140138,0.15972848639974374,0.0,0.7214207931266194,0.9289503567467905,0.604310999197347,0.40167805590487154
46969952000119,1083378.5899999999,63,6,0.40020093550692865,0.7671957671957672,0.5175839038871906,0.9507125020811055,2.498744783625542,0.28024112260831435,0.7206349206349206,0.3979195699781008,0.8409270323305319,0.00017419868604419669,0.00017419868604419669
47018676000176,60245672.78,16,16,0.26549124863872986,0.0625,0.46539687161246107,0.8006577650173268,3.7666024967955196,0.21652399854797852,0.0,0.4690124136853837,0.9862157768614096,0.11234876705383116,0.0816699099651507
47223323000108,7.0,7,7,0.14285714285714285,0.14285714285714285,0.14285714285714285,0.5714285714285714,7.0,0.0,0.0,0.4724339467023122,0.11257501208725576,0.11093256733312476,0.12138804357100196
47987136000109,40345.82,30,23,0.15538592455372427,0.05777777777777778,0.3296500108313575,0.6430995825589862,6.43558934229112,0.11699437566980264,0.014949494949494956,0.4172384080122539,0.21536297527620635,0.0263798524436913,0.03127609158810062
48128296000157,6572549.297,6,3,0.44897898920291984,0.3888888888888889,0.6085917526743809,1.0,2.2272757167887014,0.17346848380437976,0.08333333333333336,0.39791956997810074,0.968624786082305,9.954210631096954e-05,9.954210631096954e-05
48197395000190,7270584.120000001,73,46,0.09912026881326479,0.02983674235316194,0.23107323734533727,0.5245609509569914,10.08875391453917,0.07910071923133734,0.008277558849898873,0.758767745326565,0.8920985593132699,0.5499321620531359,0.553459556771408
48211262000121,3063320.5999999996,32,30,0.32092156038320613,0.03515625,0.545160046258299,0.7615474527870182,3.116026230228719,0.29750506246538566,0.001885775862068966,0.720899467087832,0.8706057182954899,0.6089447578386454,0.3343059052733177
48344022000103,187418.35,12,11,0.12818258688417916,0.09722222222222224,0.19315077739186157,0.6352278205415851,7.801371655134105,0.041000845572597075,0.006944444444444459,0.7042855271000801,0.5965178088139278,0.40171757079173165,0.5108008551411
48626721000138,1663275.17,9,9,0.23646546243628083,0.1111111111111111,0.370327731159481,0.8412770149150967,4.228947389175132,0.14102364524081595,0.0,0.4263649908364043,0.8369998560603521,0.0399625989490489,0.04816278140269712
48962625000160,9418902.08,142,111,0.28004237610588756,0.012695893671890503,0.47521443603329194,0.7948695268737734,3.5708881416642724,0.27349730679775924,0.003720401796180417,0.534342387322196,0.9011366882174582,0.22209417972087975,0.2276621868956284
48971139000109,163007.26,14,14,0.5527260855878809,0.07142857142857142,0.7364702651894155,0.8892119283521484,1.8092144121195173,0.5183203998638718,0.0,0.4145682304633423,0.6009424804153477,0.021528945512452016,0.028261409597741708
49032506000171,1466107.22,5,4,0.6785143351160157,0.28,0.8120033676663839,1.0,1.473808213394659,0.5713524468213542,0.040000000000000036,0.4269064867442569,0.9218709843907804,0.05734502271299048,0.027218348748370712
49095809000133,1074310.0,10,10,0.24600732490419297,0.10000000000000003,0.41887350950842867,0.8284387188055589,4.06491961322472,0.16223036100465885,3.0839528461809905e-17,0.6534004117589512,0.8122925344024389,0.4604917288784832,0.26983362199101807
49123521000125,1466221.1400000001,13,12,0.30212901377233947,0.08875739644970415,0.4962760528742615,0.8539279825142885,3.309844319531394,0.23868619684255218,0.005917159763313625,0.4473013203047995,0.813298909606325,0.029476430656974032,0.07695906383159865
49139093000129,1757134.8399999999,121,57,0.07497875405884175,0.036268014479885265,0.17413645955594392,0.4579534260444122,13.337111459803948,0.05846051752417821,0.019058514738454647,0.71186709248086,0.7107466206384786,0.3917093085423464,0.4368504524673867
49269236000117,30754157.07,6,5,0.8900460588588377,0.22222222222222227,0.9429554493720351,0.9913541769525729,1.123537360844155,0.8625575735735471,0.027777777777777818,0.8315000127780695,0.9932702982000791,0.8169753752767065,0.38290568503996275
49269244000163,26018614.009999998,405,315,0.02025744384823543,0.005554031397652796,0.10723092317398962,0.18527121383741996,49.36456975972846,0.01713724462482217,0.0023870060199383146,0.4932177253841379,0.7819387780974795,0.1617573683411049,0.12383962991069894
49269251000165,4484940.95,21,21,0.10943306941301338,0.0476190476190476,0.11884885797660279,0.47433198869652904,9.138005589753508,0.06490472288366406,0.0,0.4046293444469284,0.8804285117593775,0.007176967556689378,0.009409486416790836
49286753000102,788890.28,25,22,0.12895064056402106,0.052799999999999986,0.2386643678763541,0.6389125240584786,7.7549052538713275,0.08747209963849825,0.007695238095238079,0.7568941398869176,0.826593378354462,0.5720619025309338,0.5899551776082805
49381616000149,586762.29,12,10,0.6502452681541164,0.11111111111111112,0.8001519661394736,0.9572360214218948,1.537881241087305,0.6113836312823516,0.012345679012345682,0.9196774971441765,0.9160898767394566,0.869614803064857,0.8783001523177569
49413800000123,2120387.0,8,8,0.4291839571152983,0.125,0.571593770382482,0.9456245487262467,2.330003215221194,0.34763880813176945,0.0,0.40102154696310527,0.8937266680426891,0.0033268276988409353,0.005400679045222478
49576082000106,1627288.16,9,8,0.5299740867671641,0.13580246913580246,0.6590301437454077,0.987875601577535,1.8868847080807076,0.4628275277339018,0.01234567901234567,0.5897003788762483,0.9315669771447173,0.30139294388321003,0.31938112275419445
49962743000131,746125.13,9,9,0.6562705974861299,0.1111111111111111,0.8041546596882483,0.9614514927275,1.5237616980412332,0.6133044221718963,0.0,0.4363157061678336,0.8438066225282185,0.05939623023283198,0.03450780794587057
50062751000100,2301023.2399999998,221,123,0.0460341451340235,0.016072561986855312,0.1311590403580626,0.330004767791915,21.723005762105643,0.03821475288102369,0.008007582986747568,0.4603241162586257,0.6190563257307963,0.07023199729053893,0.09252038029824353
50457753000107,1400119.93,55,51,0.13283443461629602,0.020826446280991732,0.3328286313301747,0.5024569573836436,7.52816845186708,0.11549112330862193,0.0012429752066115667,0.40648393059886057,0.6163294733339865,0.005785722493810971,0.008732472209866804
50525166000108,10444110.11,39,34,0.08354771013895594,0.03353057199211045,0.2377467274710684,0.43447962078216734,11.969208950632007,0.05577642862801521,0.004243619628235011,0.49842744460983907,0.8804385309584679,0.16865024450060528,0.1198380036579198
50563382000130,5028615.1899999995,36,10,0.21891306781987238,0.300925925925926,0.37982623999511084,0.8147979782083902,4.568023325235327,0.1321256309109693,0.22325102880658443,0.40645536483525974,0.9141810547010324,0.013997796102985165,0.01445294862373389
50634611000160,43928777.230000004,14,14,0.5203146267278508,0.07142857142857142,0.622816641509327,0.9925860847823101,1.9219140662809915,0.4834157518607624,0.0,0.561933056708744,0.9922959222876032,0.34177897089251646,0.14513025137232813
50727113000161,2435016.12,11,9,0.40956594797421514,0.12396694214876033,0.5406164415864319,0.930414785098014,2.4416092327650163,0.33576169147099205,0.014462809917355383,0.5836961892155182,0.9107876854270285,0.3274137751511663,0.31173773978453023
50765274000140,749796.0,8,6,0.31806002977551134,0.1875,0.40010882960165167,0.9618562915779759,3.1440605746839863,0.1816720357306136,0.02500000000000001,0.39791956997810074,0.7847597507567914,0.00017419868604419669,0.00017419868604419669
50797752000101,4671094.07,10,9,0.7888031592643365,0.12000000000000002,0.8863019964828068,0.9633534676384712,1.2677434011961013,0.7624035541723786,0.010000000000000033,0.8241992561916573,0.9502595060532665,0.6613787062761105,0.39647161723743124
50818947000182,67804.34,6,5,0.3520710442448092,0.22222222222222227,0.46014753627865124,0.9801340150202775,2.840335825245145,0.19008880530601144,0.027777777777777818,0.6787965019712873,0.5664867157728248,0.3265351333581429,0.47228811135938176
51139746000111,139500.0,12,12,0.12336686322118164,0.08333333333333334,0.2007168458781362,0.6021505376344086,8.105904404873478,0.04367294169583452,1.5139404881252137e-17,0.39791956997810074,0.3510021463989662,0.00032351184551065104,0.00032351184551065104
51337970000118,1316838.38,18,18,0.17852814912103016,0.05555555555555555,0.3757864347787312,0.635231333400231,5.6013575725924705,0.1302062755399143,0.0,0.7381944024808841,0.8171126825470046,0.6457664188124483,0.3329068229806319
51426849000162,17763920.419999998,17,15,0.518352430747705,0.07958477508650517,0.657593040489426,0.971806562506544,1.9291893713270245,0.4839490329439696,0.013840830449826973,0.5582822152891759,0.9798187353464115,0.2955882742473887,0.26063495575696294
51482339000102,78577.41,22,8,0.2586351537767726,0.1983471074380165,0.38280722156660546,0.8800058439187548,3.8664504240715,0.15272589003059725,0.08382526564344743,0.8170206078364013,0.4807903672843746,0.28662163076108216,0.3989201283331441
51501559000136,297067.9,10,10,0.29724111578442003,0.10000000000000003,0.511667534593943,0.7770914662944061,3.3642721242012485,0.21915679531602225,3.0839528461809905e-17,0.4733225034939012,0.6527615652499251,0.1191625958385949,0.12599462841742198
52156114000129,1768550.2599999998,195,105,0.32930947190435433,0.01512163050624589,0.5614980373811937,0.7313746966964908,3.0366572641142953,0.32286052451881925,0.00565164618419056,0.5044881091605421,0.7864684033872216,0.13946989459862397,0.10866165311319412
52193342000179,657389.87,14,14,0.0823544290349046,0.07142857142857142,0.09522507549439421,0.3768118453057392,12.142637763612763,0.011766308191435726,0.0,0.906641516893824,0.7191280359061913,0.621223842318507,0.740905214383963
52350980000156,196913.81,21,19,0.34740254844538876,0.05668934240362811,0.5534799209867505,0.8636907690730274,2.8785050785463615,0.31114713447013254,0.004283194759385226,0.5115017686261982,0.6294835117582182,0.15184888439184988,0.18353765650734133
52561214000130,5938345.1,15,15,0.43444006469729196,0.06666666666666667,0.5792859697561195,0.9445582726406385,2.301813486508841,0.3940429264613843,0.0,0.42159071969068274,0.945575026260124,0.025613316266761194,0.029132585534240023
52742236000105,1441282.0,15,15,0.31691312170825253,0.06666666666666667,0.5403855733992377,0.7694385970268137,3.155438924742887,0.2681212018302706,0.0,0.4427698955577033,0.7923352100832507,0.06543407246201609,0.07331497652259224
53855592000190,30385.62,9,9,0.23268042995622987,0.1111111111111111,0.35181115277555636,0.8708066513041368,4.297740038507375,0.1367654837007586,0.0,0.5623138432946173,0.24148849583203735,0.03309045144175327,0.26649722424357863
54010863000179,11350280.95,27,27,0.2042031635220865,0.03703703703703703,0.3369960635203484,0.7582753605759864,4.897083780447116,0.1735955928883206,0.0,0.8050802993560915,0.9365962598748515,0.7602956299841429,0.45436469119786543
54675103000180,1648223.09,50,44,0.0890392592851678,0.03279999999999999,0.16664006326959055,0.5480808426242834,11.231000886892827,0.0678541257801717,0.010306976744186035,0.5697607771171584,0.7055410214701974,0.18257004012327138,0.20727712946296306
54758896000100,559799.94,52,17,0.20027518328397925,0.17307692307692304,0.2777956710749201,0.8163162718452597,4.993129870624333,0.15029238223922795,0.12139423076923074,0.4096229428897037,0.6634682737555044,0.012591523609948503,0.018050272169773608
54782228000100,2850.26,5,5,0.23538569786195074,0.20000000000000004,0.2823321381207328,0.9593370429364337,4.24834647594639,0.04423212232743841,3.469446951953614e-17,0.9821274207928435,0.869377552403094,0.8692040017294356,0.9810084397803658
55262249000167,1591110.6199999999,38,37,0.10555329161673527,0.027700831024930747,0.19138329929568318,0.5866519199023386,9.473887404961344,0.08070754971720014,0.0006925207756232663,0.5966294460355669,0.7502530339658976,0.30669239772872775,0.25791548367289624
55555957000196,672437.39,94,78,0.034344358882675174,0.01652331371661385,0.06840785578565166,0.2440693251753892,29.11686322100613,0.021803376530502124,0.0037508892194270164,0.4022467946032643,0.3817193431857145,0.003195953011051268,0.005712025296278542
56401177000154,1720971.15,7,6,0.23280714172547998,0.18367346938775508,0.3576548043818166,0.8568879263315948,4.295400873823594,0.07936857007057598,0.02040816326530611,0.8631090752396767,0.9235252186924986,0.7485157285438412,0.7774882885495144
57500902000104,62335975.419999994,42,27,0.6175093697074897,0.06689342403628115,0.7743984581095049,0.9536976497030324,1.619408626096951,0.6027981916193161,0.031004709576138118,0.39860952780322,0.987116724284473,0.0012350308985766025,0.001256184224451227
57522468000163,2825434.01,162,113,0.5704652815281983,0.011888431641518064,0.7535125550499054,0.8273950096608345,1.7529550568285892,0.5666301501132714,0.003066006924031618,0.4242166342792901,0.8332536587765731,0.031095885194516237,0.031159533345586223
57538696000121,801106.6599999999,29,29,0.0727913901186102,0.03448275862068965,0.18429860513205568,0.4063888820996695,13.737888483384454,0.03967679690856057,0.0,0.5385738281244397,0.5898449958854058,0.17162663462920122,0.2077087011762947
57602096000185,840724.2400000001,11,11,0.8019741560229132,0.09090909090909091,0.8920879930855805,0.9844804760238623,1.2469229743750359,0.7821715716252046,0.0,0.4078757080828488,0.8820618407488118,0.008743518105265658,0.011679236595310118
57604530000166,2476766.5,9,9,0.35132423070537394,0.1111111111111111,0.46669619441315924,0.9732557954090544,2.846373556393313,0.27023975954354573,0.0,0.614165625852582,0.9142411405173343,0.4220720228804191,0.19200753336361737
57614976000171,2010543.84,69,60,0.3574144012241199,0.022474270111321155,0.4764345999040737,0.8844058829376235,2.797872711829933,0.34652311988893547,0.005906037401343548,0.431222148843255,0.8451928601720012,0.014369619054793007,0.035210457844225614
58854069000162,272740.98,11,9,0.18049114894654364,0.14049586776859505,0.2566537672483248,0.8052819931936888,5.540437887600636,0.0780525425648616,0.033057851239669436,0.6501250925133016,0.7015513756725598,0.40257786539610424,0.42216304645402236
59006460000170,1750579.0,13,12,0.1927502605584288,0.08875739644970415,0.27248127619490464,0.8174438285847139,5.188060431684178,0.11936392060919508,0.005917159763313625,0.4464436830149478,0.830198181424373,0.06402089914173895,0.07979820913930669
59045351000161,7119758.46,5,5,0.3713507386224061,0.20000000000000004,0.448315489624068,0.999536501130124,2.692871983262196,0.21418842327800758,3.469446951953614e-17,0.603785699272033,0.9652155557081927,0.1907182379499775,0.18185778379907103
59097984000113,58773.100000000006,11,11,0.19233483982613903,0.09090909090909091,0.3402915619560649,0.7538210507868395,5.199266034712949,0.11156832380875292,0.0,0.6551951117436159,0.3077590613510605,0.10595241371799732,0.3055926667054501
59108100000189,463996.73,12,11,0.2421656687874894,0.09722222222222224,0.35300895331740806,0.908162197608591,4.129404489938424,0.16638223566623836,0.006944444444444459,0.5687656062294578,0.7210996648116619,0.23691051371125532,0.27427818974929336
59118862000166,295152.53,11,10,0.11188676513840139,0.10743801652892562,0.18295624977363398,0.5127533550195216,8.937607578188741,0.01320751682044598,0.008264462809917352,0.8749310298446127,0.6565695362687456,0.5237986556450946,0.7415164931835437
59314518000142,136783.0,7,7,0.227211409682927,0.14285714285714285,0.3062880621129819,0.893685618826901,4.401187428903759,0.09841331129674816,0.0,0.6013846803086449,0.5075091493803573,0.15356532934180814,0.17978770645097106
59426431000167,690094.97,16,15,0.3553406562612475,0.0703125,0.5796303659480376,0.7738065385406302,2.8142009150362943,0.30929356027990806,0.003906250000000001,0.44755799287601195,0.7092758764766611,0.04075267217275877,0.04415178365333947
59593430000107,2780652.16,23,21,0.1522209300402464,0.05103969754253306,0.26969464602145704,0.6841261296055094,6.569398831918878,0.10983197654225872,0.003591682419659718,0.6436997345961557,0.8558019544694337,0.3647927778459243,0.3997764011400489
59754648000104,6916458.75,54,46,0.27074282393977006,0.024691358024691353,0.47293183379428094,0.7930731402106606,3.6935420316900505,0.2545371089162094,0.003017832647462273,0.4687978809511578,0.8858073012930534,0.11265804709430483,0.075586634836148
59989830000136,149560.43000000002,27,16,0.34714575389100777,0.09739368998628256,0.5315543690266202,0.8773241023711953,2.8806343986392724,0.3036221374837416,0.03721993598536807,0.5836546717309671,0.5793181339814596,0.1920332842975929,0.27092817829697347
60269453000140,16740739.2,18,14,0.1196017499055202,0.08024691358024691,0.17920355631607954,0.5649270254446113,8.361081679740918,0.05187880759056021,0.00949667616334283,0.40485864409566297,0.9557620324327016,0.006647513187520188,0.009140333059369267
63761126000107,35716.46,7,3,0.718396942932755,0.5510204081632654,0.839948863913165,1.0,1.3919881060707746,0.5775954143991325,0.32653061224489804,0.9194774810801537,0.8164794016012414,0.7978804585276312,0.850807771849328
63761902000160,9979347.190000001,7,6,0.42688326897621387,0.18367346938775508,0.5740255240082492,0.9963923872659649,2.342560771702956,0.3122599227714567,0.02040816326530611,0.39791966478409485,0.9735469982148247,0.00014947501803816107,0.00014947231945267964
65700239000110,16777528.56,6,5,0.5930855477193886,0.22222222222222227,0.746788150304302,0.9998452286943984,1.6860974000215196,0.4913569346492357,0.027777777777777818,0.39801224249412903,0.9865383626738192,0.0002738260047029168,0.0002786597193288888
66228909000100,122340.0,5,4,0.2501926027553439,0.28,0.2618930848455125,1.0,3.9969207282194152,0.00025680367379184627,0.040000000000000036,0.5415578163888974,0.5811116583187665,0.22588986688696439,0.24189624002272234
66489741000196,40914.32,11,11,0.2403143967024356,0.09090909090909091,0.4267425194895088,0.7959443050746047,4.161215531494893,0.16434583637267916,0.0,0.5542401820010464,0.2958964866265093,0.07934028492933881,0.2398328789986924
66493396000164,27806.25,10,9,0.21525597506279326,0.12000000000000002,0.3279838165879973,0.8879298718813216,4.6456317865661365,0.11716297194564243,0.010000000000000033,0.793947247024219,0.39302680937187695,0.3180287266571076,0.575421085036255
67165936000143,139538.17,22,18,0.4979934093847841,0.06198347107438017,0.6969318860925293,0.8547310029936611,2.0080587034984854,0.4684636099368302,0.0068060281964025336,0.858865557737838,0.7246778731647394,0.6837301006524792,0.7402931291283248
67652750000119,226034.78999999998,14,13,0.11978129235858484,0.0816326530612245,0.19001499724887486,0.6069862519835996,8.348549095682962,0.046429733388466905,0.005102040816326534,0.4258638710151386,0.43207002896982344,0.016148367619581126,0.024970518869908597
68004118000121,80460.76000000001,21,10,0.1700048692543199,0.1564625850340136,0.2734252075173041,0.7458293955960645,5.882184459693583,0.07778318806035543,0.06273620559334846,0.6335403474675068,0.49710348854967507,0.29047430587665324,0.388593580496107
71203822000118,24134.12,6,5,0.32705649974521567,0.22222222222222227,0.4239640807288602,0.9472066932624849,3.05757568120194,0.15882062468151956,0.027777777777777818,0.422549360322541,0.2551277050835444,0.018126258716131837,0.021868594351506145
71480560000139,21066027.24,84,70,0.2040183868014239,0.018140589569160988,0.3797583620707404,0.740336826793166,4.90151900364414,0.19248242139274888,0.003910743041177814,0.711212376603705,0.9435196208876906,0.5368760611609966,0.5011185767970094
72311392000110,181367.3099,15,10,0.466306019894402,0.1111111111111111,0.6616407337472452,0.9204278328439828,2.144514454748957,0.4070066887715578,0.012345679012345666,0.9388355671078901,0.7702396596001788,0.6318431899144784,0.9037845575590288
72519622000131,187026.78,7,7,0.2015711256172522,0.14285714285714285,0.2940755329263542,0.8353242246912448,4.961028009035493,0.06849964655346091,0.0,0.42469276001960476,0.5060936714844892,0.027368913189079525,0.04372661699020074
72962806000171,5866993.55,154,70,0.09643892774901887,0.09208972845336483,0.18714866321951215,0.5375803472632078,10.369256723825131,0.08334383974538145,0.07893160857587735,0.7442368005215245,0.8781740864613171,0.5829855189768242,0.48523629984029243
73802134000108,3910163.03,6,5,0.8014155434291155,0.22222222222222227,0.8927973087608063,0.9913686463349329,1.2477921200793993,0.7517694292863943,0.027777777777777818,0.4090950501556139,0.9525945705316412,0.01644339294510544,0.009990589737484352
74047341000159,408907.69000000006,52,34,0.24923980249924751,0.05843195266272189,0.38623656111725363,0.8810394590524819,4.012200258435926,0.22648949348407318,0.029899587591895278,0.9516199042355371,0.8952311581447446,0.866088264134754,0.8344950943945808
74077025000120,3404084.76,5,4,0.5065236365348132,0.28,0.5988349009264975,1.0,1.9742415316314075,0.342031515379751,0.040000000000000036,0.40210706234150784,0.9508407736810813,0.003773267874543523,0.007122159343422318
74097114000138,490967.94000000006,41,35,0.13136350017700882,0.03152885187388459,0.1866109628258008,0.6358887710672106,7.61246463935969,0.1058153678292738,0.0030444063407635527,0.5062860342015236,0.638554942684205,0.1605716597488166,0.11484251474538394
74125063000100,573769.82,5,5,0.6258500456717896,0.20000000000000004,0.7803129136349487,0.9902094885367099,1.5978268387383379,0.5323125570897369,3.469446951953614e-17,0.9611923005465123,0.9597523761839077,0.9538689156866724,0.9495589719568595
74130709000148,37707.770000000004,20,13,0.25120010919112246,0.11500000000000002,0.42431573121401767,0.8508869657367698,3.9808899893397838,0.18880011829038265,0.041250000000000016,0.8655801304007339,0.6956279189583779,0.6588108355039298,0.6149620045536592
75123125000108,9133837.5,317,114,0.07453117157222343,0.024729074824110103,0.20197425233369873,0.4626262510144285,13.417204894343616,0.06634118194011922,0.01609835867211108,0.4221582427623751,0.8157233160434452,0.038079260091177666,0.02401725922918207
75658435000127,485124.36,12,12,0.1485246052356011,0.08333333333333334,0.23573336948076573,0.6763935746289879,6.732891149003382,0.0711177511661103,1.5139404881252137e-17,0.8130442408988048,0.7973793851171319,0.6357439258796144,0.6857082231751728
75967745000123,798632.24,7,7,0.8794077673078169,0.14285714285714285,0.9368526369533992,0.9917853053365339,1.137128914680114,0.8593090618591197,0.0,0.4190988858337542,0.8941825475512597,0.02112125871037309,0.01986375615772129
76568930000108,2998220.74,18,5,0.8956888314612391,0.3271604938271605,0.9459058841678214,0.9928757747169742,1.116459159559449,0.8696110393265488,0.1589506172839506,0.39791956997810074,0.9497429371659121,0.00014931315946645432,0.00014931315946645432
76582337000116,4114608.9,11,10,0.7522125597412351,0.10743801652892562,0.8619314705706295,0.979226944266805,1.3294114636214065,0.7246806219347057,0.008264462809917352,0.44391995296901243,0.9503831218340248,0.06585290695552368,0.043612047917400476
76878669000142,31135591.939999998,30,30,0.47742255639803083,0.03333333333333333,0.5775384015390588,0.9752037905209006,2.0945805484026865,0.45940264454968704,0.0,0.6654242262061818,0.9845838104374242,0.5813495324305986,0.23833686302653329
77651602000133,2763991.3899999997,6,6,0.6474817451507202,0.16666666666666669,0.7911710607752652,0.9888150881685633,1.5444450866598887,0.5769780941808643,3.3306690738754695e-17,0.9734969846828178,0.9744718268329505,0.9559457504490194,0.9584753252405699
78009149000129,592920.77,25,25,0.2671954535760467,0.04,0.4486265508965051,0.8223217580993156,3.742578650259067,0.23666193080838197,0.0,0.7962412462695783,0.8098700239280507,0.6120376737780576,0.6566160860354042
78079639000100,2850402.7899999996,56,54,0.2654165803932948,0.01913265306122449,0.5026458488696609,0.6499576608960588,3.76766213519215,0.25155651587241357,0.0006257219869079722,0.558530839003454,0.8167143201614403,0.20421826421123013,0.22741177718468553
78499936000104,61143.2,32,28,0.22265087697489339,0.0390625,0.40517604574179955,0.7412559368825969,4.491336452776524,0.19386016871470427,0.003472222222222224,0.9601493230993179,0.8372423155965907,0.8291651579571298,0.9346282411855822
78501053000183,71453.07,32,27,0.1333004956696177,0.04296875,0.2167856468588404,0.6556928904524327,7.50184757360901,0.09996589934921839,0.006159855769230771,0.92707144403503,0.6955922140762645,0.65085127269384,0.8851657203829234
78634771000128,689894.2299999999,5,5,0.4616717215143601,0.20000000000000004,0.6489690455883361,0.9565150733323282,2.1660412656851356,0.3270896518929501,3.469446951953614e-17,0.9611401936185593,0.9544809286108238,0.948349427723483,0.9495361456641368
79356713000142,173557.33,18,17,0.1535375465897117,0.06172839506172839,0.2731086033646634,0.6677908677207698,6.513064864011631,0.10063364325156868,0.003086419753086417,0.5676649255176117,0.49675240032645085,0.2413493978611363,0.2859864709545888
79369757000107,314727.4,15,15,0.11113402814241401,0.06666666666666667,0.20335058212281484,0.5782782179117547,8.998144103249262,0.047643601581157866,0.0,0.44268685775286243,0.4941150370821222,0.043664422482004396,0.07458051083501918
79373940000186,115352.83999999998,20,18,0.24787246251385758,0.06000000000000001,0.4031110113977255,0.8995790654135607,4.034332776857348,0.20362966619114334,0.0047058823529411925,0.5411859763921976,0.5578483097566537,0.19278995198099524,0.23834851217723527
79376760000158,113419.982,174,64,0.048024716078980186,0.04809089708019554,0.11119329925479973,0.34832915949501736,20.822611389423443,0.03291399728658304,0.03298122877988118,0.9930745518217461,0.8714133530456021,0.868332009494327,0.9906380224019609
80636475000108,22728861.2923,899,198,0.0642950481110411,0.01628431541163646,0.15388576202825086,0.4246096289597004,15.553297328169734,0.059545276781655526,0.01129083477920822,0.6881345764918981,0.9534297210275452,0.46462915290577006,0.4826762824224846
80889108000116,923635.98,27,27,0.1422095458510294,0.03703703703703703,0.3075045430776744,0.6241445249891628,7.031876756343367,0.10921760530683823,0.0,0.6160423485060577,0.6413625165544548,0.22888175567860888,0.2505835245163391
80909245000175,84086.33,7,7,0.30791845636228315,0.14285714285714285,0.3853182794397139,0.9352403654672524,3.247613059034839,0.19257153242266367,0.0,0.6208027594887694,0.563442450834261,0.32917717215449005,0.37543377627596075
80910201000165,660216.0,6,5,0.4129977139554079,0.22222222222222227,0.5452760914609764,0.9991275582536624,2.421320908589755,0.26624714244425984,0.027777777777777818,0.4706582801920429,0.842373559397682,0.10485070051857207,0.12245521314447633
80991094000147,3218362.66,13,13,0.38239960922554705,0.07692307692307694,0.5282188925221994,0.9326251659904604,2.6150654338409107,0.3309329099943426,1.5034270125132327e-17,0.5860124163520202,0.9265580208675906,0.32991617272479884,0.3125689922739539
81286254000110,175074.28780000002,122,51,0.06525918943414814,0.04514915345337275,0.17117230849017911,0.3931330572004189,15.32351242286087,0.04656437322283111,0.02605213652244021,0.995315905864453,0.9135308757490582,0.9078963775409219,0.9946275275566424
81650525000174,7629988.0,12,12,0.4484021202000739,0.08333333333333334,0.5897781228489481,0.9501980868121942,2.2301411053850657,0.3982568584000807,1.5139404881252137e-17,0.3996910525808773,0.9503054341016997,0.0021700678009076145,0.001862562207757804
82559154000182,265988.95999999996,32,23,0.7143665272138139,0.05859375,0.8435951627466042,0.9194478597908725,1.399841624579219,0.7013831875417145,0.01580255681818182,0.9833112036789219,0.933554098239661,0.9288681520346208,0.9821235050559003
82568221000125,2434367.6500000004,35,28,0.154002329596422,0.0416326530612245,0.21511532984756843,0.7054685433401976,6.493408266099589,0.12266908254443762,0.0061375661375661535,0.49376260370787356,0.8754282156787331,0.18241025171559355,0.10927765166883618
82636028000184,2489606.45,135,79,0.21325058990249782,0.020356652949245536,0.36511794866212693,0.811106389927613,4.689318798401537,0.20316405900381188,0.007797122858851248,0.9556766725617931,0.9417070350422746,0.9312409549414085,0.9345743790219209
82662958000102,2091685.54,84,60,0.09010940968172222,0.03174603174603175,0.20166887514076326,0.4961918606560716,11.09762014346921,0.07468753526954804,0.015334947538337374,0.7177127645260959,0.7560653977364578,0.37791012084546716,0.4392471930550733
82702879000188,21813.15,37,30,0.09507639014966018,0.03871439006574144,0.19139830790142642,0.5317315472547522,10.517858307681806,0.06387212774102778,0.005566610412835974,0.9871185733679071,0.6384377133977983,0.6245762761868431,0.9859074018517986
82780008000182,234231.28,25,20,0.7326763932080615,0.0656,0.8538569229523914,0.9351312941636147,1.364859041822609,0.7186067296926963,0.01642105263157895,0.9952814290040642,0.9682973135263062,0.9677850357502733,0.995217522564586
82782079000114,612544.0,6,6,0.5176615977302185,0.16666666666666669,0.687088878513217,0.9901356800491066,1.9317639252837802,0.4211939172762622,3.3306690738754695e-17,0.922931680252791,0.9358413827810225,0.9194328078613948,0.8245714788965229
82985003000196,18247611.369999997,89,85,0.08665210357634291,0.012245928544375709,0.23345521304797492,0.46604907609888446,11.540400737288186,0.07577891433320413,0.00048695150323732487,0.6655736423904206,0.918367140360739,0.4194532642513686,0.33684833719591123
83108035000176,12229892.11,75,64,0.24894189317594184,0.017600000000000005,0.4578203102398424,0.7620843500638208,4.017001667506567,0.23702033592476632,0.002006349206349211,0.4562814667187478,0.9464359684299424,0.08692725499053626,0.08607039139366082
83145375000177,153524.06329999998,307,92,0.04396560827671404,0.035363770437882636,0.10849400179991196,0.3408578165218481,22.745050943140036,0.03345973584019441,0.0247633723108264,0.9961695094874577,0.9083936986836452,0.9067206370871925,0.9956307345033405
83156455000128,9729193.973199999,631,138,0.2025755087039948,0.026544538515826516,0.30465526416317334,0.7622392934530869,4.936430896299559,0.19675489197920643,0.01943902419842379,0.6655268744208298,0.9522226666451948,0.3709028202900645,0.33103751073883686
83158105000109,1309010.1099999999,101,81,0.15198130625287581,0.016370944025095577,0.3123734468330424,0.6733473586388113,6.5797565809583105,0.14138107258103677,0.004075580825409273,0.7734658530670471,0.8755580807050745,0.5822957788747225,0.609159013283036
83222034000158,21690.82,15,12,0.2382340896714216,0.10222222222222224,0.43927431051477084,0.7412098758829774,4.197552085762474,0.16898264327791446,0.020606060606060635,0.9928250040390861,0.8586666953920222,0.85732338855362,0.9914645730949615
83684324000113,138766.765,192,84,0.07101972563433888,0.028211805555555552,0.20105678762490425,0.4252140633241684,14.080595089154894,0.059827192208246574,0.016503514056224897,0.8755510276603412,0.8019074633268991,0.709877813426819,0.7943375206120435
83779462000186,39552015.16,17,17,0.45428405165446817,0.058823529411764705,0.6581833955789776,0.8974705732793818,2.2012659180045517,0.4201768048828724,0.0,0.42102226742603005,0.9819065997573609,0.0337843603641773,0.036633830796329106
83788281000116,248625.30000000005,74,45,0.3531303523722071,0.03323593864134406,0.5824025149492027,0.7507388427485054,2.8318154847985944,0.33842876947157546,0.011264028155920062,0.837322094487498,0.7529575034946541,0.6226013493041327,0.5282247726225798
83820076000190,136680.28000000003,46,37,0.06976323817298143,0.0330812854442344,0.1340286982145486,0.42004515940412185,14.334197009611998,0.043923328122230904,0.0062224322621298,0.7222511152745388,0.5115610453729982,0.3836601858768485,0.48602318838762665
83820894000193,74808.09,39,27,0.1624156814088653,0.057199211045364885,0.3081217552807457,0.7307632102356845,6.157040941647744,0.13020089992459088,0.02093764223941738,0.9927237008828913,0.8577859252680871,0.8533483734068309,0.9883264028493288
83871277000117,164909.06000000003,18,16,0.4488873443497941,0.06790123456790123,0.639575715245724,0.9416065436307746,2.227730437463064,0.41214650063978037,0.0057613168724279795,0.9659122713426778,0.8966363184429834,0.8916000295783677,0.9545767734989123
84438381000185,60654301.769999996,116,86,0.3892832549333097,0.017390011890606412,0.5061531133672137,0.9595949665813786,2.5688235682557568,0.3820983520501721,0.005829894383437076,0.41404670196014615,0.9877968921971524,0.02298864813790555,0.023352556148293943
84591890000143,6362534.299999999,144,94,0.2817950778622993,0.01755401234567902,0.3976402924853388,0.818281594175453,3.5486780237114557,0.27407244429092614,0.00699007699455729,0.6977753691712174,0.9356743652318503,0.5027864766262542,0.4784809179742213
84703248000109,35545734.5662,1175,336,0.06658592670607939,0.009505115436849254,0.23335052999262665,0.357974649709435,15.018188519237032,0.06379961603953037,0.006548414288899551,0.7166864095125524,0.9125266392561453,0.4812289656641747,0.490621061102249
85448116000140,55102.65,7,6,0.3182887867342093,0.18367346938775508,0.4677814950823599,0.9345040574273651,3.1418009106147413,0.18194654408105115,0.02040816326530611,0.6637066269092285,0.5150830236018741,0.3618348360593501,0.4487813816190292
85461804000140,21193.320000000003,24,14,0.15736625356280964,0.08680555555555552,0.29716910800195534,0.6931334967810612,6.354602574311587,0.09254827306764116,0.01655982905982903,0.993954080438864,0.8242193948014058,0.8210319559101446,0.9934985300238425
85908309000137,185411.98,70,47,0.21677364750427935,0.03632653061224491,0.44028330855428005,0.6620165536229106,4.613106858296781,0.19974698766741586,0.015377107364685018,0.9797928597108411,0.7484637991954517,0.6871354445479286,0.9733188381861131
86050978000183,2407466.25,64,50,0.11256269924335045,0.025390625,0.19888129272840274,0.6019383740062815,8.883937634065525,0.09445173392178617,0.005500637755102041,0.7707426399903723,0.8845302748079912,0.583467008781743,0.6218241906760121
86446630000100,45802.16,30,25,0.09526156443968166,0.05777777777777778,0.2292468302804933,0.48433763822492204,10.49741315799182,0.0575641296246684,0.018518518518518524,0.9916358897289494,0.731082872692939,0.71444761122653,0.9913077621836877
86532520000160,406043.0,6,4,0.8330791291815027,0.33333333333333337,0.9087707459554776,1.0,1.2003661656756381,0.7774388389086703,0.11111111111111116,0.8612177037717044,0.8777083052985071,0.29026089794281973,0.4515337416743421
86754348000190,53231.22,5,5,0.3250682988200764,0.20000000000000004,0.4711092475430772,0.9785839963840768,3.076276596732968,0.15633537352509544,3.469446951953614e-17,0.49649968961156316,0.478773751921779,0.1926909378267878,0.08715491090028404
86813953000194,98539.6,6,6,0.3466825209022933,0.16666666666666669,0.5419141137167189,0.911132174273084,2.88448346745994,0.21601902508275195,3.3306690738754695e-17,0.39791956997810074,0.4504773599572909,0.00017419868604419669,0.00017419868604419669
87620415000146,65207.0,5,5,0.30665000090644234,0.20000000000000004,0.4048645084116736,0.9539926694986735,3.2610467863820287,0.1333125011330529,3.469446951953614e-17,0.39791956997810074,0.3768849827514949,0.00014931315946645432,0.00014931315946645432
88368386000130,24736710.91,34,15,0.38424654913510137,0.32698961937716275,0.5442922484313417,0.9211542271284118,2.602495721174061,0.3402641597876086,0.27891744933267437,0.5720226522531977,0.9793572608066413,0.29148321593196697,0.2910485954808881
88659313000105,57536785.93,138,103,0.2628078669044494,0.013022474270111327,0.4825253887795675,0.7312865336480571,3.80506113374291,0.25558049305057146,0.0033462240178575168,0.523226761360703,0.9675033616568657,0.19811450694563518,0.18483285217361486
88892393000136,1747449.05,33,26,0.29593648657798727,0.05417814508723599,0.39527023692049845,0.8747608978928456,3.379103440617732,0.2677739460411067,0.01634527089072543,0.5020135859241349,0.8670398659213695,0.14389666154115452,0.14968361039521344
89421259000110,6547259.8915,63,56,0.04973233849176975,0.019904257999496088,0.08843466726465138,0.3181301849196649,20.107640829427133,0.032454744646165566,0.0020843354176687456,0.7418586327145882,0.8863265237085567,0.5512463243468763,0.5729004521640872
89525901000100,3220535.6499999994,6,6,0.3279840856211839,0.16666666666666669,0.4218180413559465,0.965245790711865,3.048928420127625,0.1935809027454207,3.3306690738754695e-17,0.6067926309549841,0.9339665497697786,0.35957590394159605,0.35199725199478676
89985378000103,164636.39,49,31,0.12729706034093294,0.0470637234485631,0.25319068281319823,0.633165000763197,7.855640949773336,0.09820696235229737,0.015299180896848535,0.42530394893374485,0.3778935247105545,0.024788617630700477,0.0451780549874204
90896275000148,397545.23,59,47,0.06553441869028201,0.024992818155702385,0.18714851640906371,0.39826572689603146,15.259157248743374,0.04521994953137509,0.003797009854739394,0.5516976567472001,0.48752424830040764,0.24821563445535474,0.2509917883316975
92032226000192,5122533.540000001,65,57,0.2302757172236265,0.020591715976331366,0.4341049624440331,0.7202978411342916,4.342620281707233,0.21653064074547698,0.0031022823330515707,0.6835520922210591,0.9004144013115937,0.36952916462415997,0.31581822033636814
93856862000100,2164470.53,20,20,0.19588566551579079,0.05000000000000002,0.3660077875950568,0.7376329905494257,5.1050187739203805,0.15356385843767453,1.460819769243627e-17,0.40187099701006607,0.8000445843612546,0.007638653559591027,0.007121565631981936
94707684000100,12998350.0,16,16,0.17712238683834125,0.0625,0.3231179341993407,0.7446945189197092,5.645813710226789,0.12226387929423067,0.0,0.40065721510997065,0.9456973482340817,0.0061159047353351705,0.002815071343673606
94707817000148,225920.0,6,5,0.7514446281719217,0.22222222222222227,0.8631373937677054,0.9840651558073654,1.3307700428077474,0.689305785214902,0.027777777777777818,0.8862326759195237,0.7403778291777089,0.31557564928665244,0.7964307307842846
95778502000154,18407.84,25,23,0.09071978843234162,0.04639999999999998,0.17106841432780814,0.5086799972185764,11.022953396168855,0.04938886972472078,0.003054545454545438,0.9918888010570934,0.8138388144919986,0.8119814360054192,0.9910589448494855
95785267000148,194690.42,26,21,0.23432170266316082,0.05917159763313611,0.40032786410343146,0.8364047907441977,4.2676371357607765,0.1960377877963189,0.01213017751479292,0.8082301083992723,0.7700235463502284,0.6388613749904801,0.6879258840483597
95994059000159,207107.77000000002,7,7,0.3614292766236744,0.14285714285714285,0.48284040719476623,0.9564598662812118,2.7667930205920066,0.25500082272762015,0.0,0.7180973598212027,0.7704577652910674,0.5132690218942093,0.5323639795106481
96041330000102,1217253.8900000001,6,6,0.3758444300918148,0.16666666666666669,0.49629744867769526,0.9740727877238494,2.660675321849816,0.25101331611017774,3.3306690738754695e-17,0.3979195699781007,0.8521911610189553,0.00017419868604419666,0.00017419868604419666
96484134000102,183894.64,45,32,0.09884645795878058,0.04,0.17564405357328522,0.5458445118356903,10.116700392208333,0.06977698886067672,0.00903225806451613,0.7866675655144392,0.5494390835135953,0.42219752444050007,0.590457955638828
97552692000112,10417.31,6,6,0.24200876144045344,0.16666666666666669,0.3829193908984181,0.8803913870279372,4.132081805831858,0.09041051372854414,3.3306690738754695e-17,0.9616674368755986,0.7220180500127327,0.7176108078261484,0.8893033801311069
