orgao_cnpj,portfolio_hhi_abr,portfolio_hhi_norm_abr,portfolio_cr1_abr,portfolio_cr4_abr,count_hhi_abr,count_hhi_norm_abr,exposicao_strength_global_abr,exposicao_degree_global_abr,n_fornecedores_abr,n_instrumentos_abr,quadrante_abr,exposicao_oculta_abr,portfolio_hhi_mai,portfolio_hhi_norm_mai,portfolio_cr1_mai,portfolio_cr4_mai,count_hhi_mai,count_hhi_norm_mai,exposicao_strength_global_mai,exposicao_degree_global_mai,n_fornecedores_mai,n_instrumentos_mai,quadrante_mai,exposicao_oculta_mai,delta_hhi,delta_hhi_norm,delta_exposicao_strength,quadrante_estavel
00091238000170,0.3434430514204432,0.2121316617045318,0.4398615957410122,0.992549379759744,0.1875,0.025,0.7618769571576134,0.4104499849050219,6,8,baixo_baixo,False,0.3303067153054515,0.246595054718633,0.4312528860261833,0.9731237932327128,0.1239669421487603,0.0144628099173553,0.7928941512263508,0.5642852833004187,9,11,baixo_baixo,False,-0.013136336114991654,0.0344633930141012,0.031017194068737375,True
00118735000114,0.5567699556394303,0.4828982815793353,0.7344986675825111,0.9490164239062648,0.1428571428571428,0.0,0.5966588301571802,0.4744916674927288,7,7,hhi_alto,False,0.482405668049233,0.4084636206276949,0.67974016572561,0.8988048235642621,0.125,0.0,0.5645375633075265,0.4654146978313619,8,8,hhi_alto,False,-0.07436428759019731,-0.07443466095164036,-0.03212126684965377,True
00204125000133,0.2297493931862346,0.1704993465082526,0.4073749171375621,0.7475609300495831,0.0714285714285714,0.0,0.4619282765289749,0.51057442101681,14,14,baixo_baixo,False,0.4451703128319597,0.4187498515382435,0.6440097587962229,0.913850699856712,0.0486111111111111,0.0033068783068783,0.7796571592869536,0.5050952657728931,22,24,hhi_alto,False,0.21542091964572507,0.2482505050299909,0.31772888275797867,False
00444435000125,0.5445937318732879,0.4307421648416097,0.691357833531629,0.9917050331923096,0.2222222222222222,0.0277777777777778,0.8045413396257388,0.8837431127661843,5,6,hhi_alto,False,0.4826939633728737,0.3533674542160921,0.6474950739981422,0.9815493424962536,0.2244897959183673,0.0306122448979591,0.7820737897734923,0.8783439423991328,5,7,hhi_alto,False,-0.061899768500414176,-0.0773747106255176,-0.022467549852246527,True
00460408000146,0.4736639063521876,0.4078718946462111,0.6698533077077229,0.9136335801928844,0.1111111111111111,0.0,0.6188052975440784,0.4850657765832779,9,9,hhi_alto,False,0.157484917144023,0.1048277244655244,0.2576357188737003,0.7300150496831697,0.0661157024793388,0.0077479338842975,0.6126367342758027,0.5490923153217235,17,22,baixo_baixo,False,-0.31617898920816456,-0.3030441701806867,-0.006168563268275751,False
00536717000152,0.0903419516776423,0.0203682556528456,0.123563122361471,0.4598221496070459,0.0714285714285714,0.0,0.6493796060030529,0.5210052455913683,14,14,baixo_baixo,False,0.0903419516776423,0.0203682556528456,0.123563122361471,0.4598221496070459,0.0714285714285714,0.0,0.6415315856405838,0.5171079966975785,14,14,baixo_baixo,False,0.0,0.0,-0.007848020362469121,True
00569168000112,0.9811605689885692,0.9784692217012216,0.9905263642204334,0.9963079102094884,0.125,0.0,0.9801533211704068,0.9854104618239748,8,8,critico,False,0.9811605689885692,0.9784692217012216,0.9905263642204334,0.9963079102094884,0.125,0.0,0.979413456325601,0.9872684141500152,8,8,critico,False,0.0,0.0,-0.0007398648448058154,True
00955107000193,0.5000812459218454,0.4839548344999695,0.664345722984682,0.9391332560934617,0.04,0.0090322580645161,0.938329371188136,0.4193514491431537,32,45,critico,False,0.3182372040148773,0.3011931341152492,0.4431123393419284,0.9358906421394468,0.0327783558792924,0.0085978147762747,0.9493969393350832,0.4089851054170996,41,62,oculta,True,-0.18184404190696812,-0.18276170038472034,0.011067568146947204,False
00999472000108,0.0320399579993791,0.01780525149937,0.0605402638369923,0.2421610553479692,0.0144927536231884,0.0,0.8975464179676073,0.4982184066202975,69,69,baixo_baixo,False,0.0279491368162613,0.0153250996320569,0.0543194875348658,0.2172779501394634,0.0128205128205128,0.0,0.8895267040278789,0.5098980309332628,78,78,baixo_baixo,False,-0.0040908211831178,-0.0024801518673131014,-0.008019713939728335,True
01071994000108,0.1737828224387252,0.1420052386863685,0.2736810598291108,0.7285865693290069,0.037037037037037,0.0,0.8833728372594206,0.5916623247443235,27,27,baixo_baixo,False,0.1737828224387252,0.1420052386863685,0.2736810598291108,0.7285865693290069,0.037037037037037,0.0,0.8838852405670745,0.5901513689714607,27,27,baixo_baixo,False,0.0,0.0,0.000512403307653897,True
01280363000190,0.5426743137465568,0.5198080294338847,0.6756521197324181,0.9903875242281828,0.072,0.0256,0.984644857137824,0.4069836888518128,21,25,critico,False,0.516445116024835,0.5026292621969731,0.6590008145435865,0.9734623411538118,0.0375,0.01,0.9764547823318932,0.4030349397261867,36,40,critico,False,-0.02622919772172183,-0.017178767236911585,-0.008190074805930814,True
01282378000198,0.3532488291209398,0.3128268809409986,0.4534181729793943,0.9233435980762644,0.1173607355327203,0.0621957815035154,0.9609505911733514,0.9864002956347424,17,43,oculta,True,0.3264675749704674,0.3047407225501599,0.4356945742584251,0.8872511509951386,0.0599506459573232,0.0296264732462691,0.9509934352417204,0.988420371692752,32,83,oculta,True,-0.02678125415047239,-0.008086158390838705,-0.009957155931630934,True
01349236000109,0.0849908665311566,0.0468654859699548,0.1393851825721429,0.4642021187779968,0.0729675380637747,0.0343411854830987,0.9586284884397468,0.9985034487519528,25,118,oculta,True,0.0850697326245563,0.04988010695627,0.1541113898992513,0.4692083872464032,0.0720888888888889,0.0364,0.9661347823758368,0.998823193447826,27,150,oculta,True,7.886609339970152e-05,0.0030146209863151988,0.007506293936090036,True
01397083000167,0.2366719241252105,0.2073131519761801,0.4217927108953458,0.7559180680094052,0.0665294924554183,0.0306267806267806,0.684335781921302,0.7464542544696515,27,54,baixo_baixo,False,0.1466578203959035,0.1229538709624564,0.3114594844226521,0.6386149523414854,0.0504785137924563,0.0241029169533579,0.8329953085390361,0.9499614551316564,37,73,baixo_baixo,False,-0.09001410372930699,-0.08435928101372371,0.14865952661773418,True
01404511000131,0.1695751351530033,0.1409397949858655,0.3092165129053812,0.7318948808157161,0.0710059171597633,0.0389716384411344,0.7427881757581279,0.4147747648465809,30,52,baixo_baixo,False,0.1426669623016937,0.1181717326531707,0.2803506883397885,0.6635713975981605,0.0577420281528296,0.030820371814339,0.7361063369289741,0.536758008670956,36,59,baixo_baixo,False,-0.026908172851309586,-0.022768062332694808,-0.006681838829153852,True
01420402000108,0.7028043610551932,0.6757865756965744,0.8355120608031337,0.9359562280766384,0.0918367346938775,0.0092764378478664,0.8531973680651624,0.4626017349862958,12,14,hhi_alto,False,0.6902083991042532,0.6643924323629409,0.8279417628596837,0.9274758388148044,0.0844444444444444,0.0081481481481481,0.8423318955145528,0.4620975469133834,13,15,hhi_alto,False,-0.012595961950939927,-0.011394143333633533,-0.010865472550609656,True
01465988000127,0.1009652556342129,0.0894391691679849,0.2323459317078937,0.5483085366382829,0.0267069790879314,0.0142288634352126,0.8044029908250854,0.6114692137758163,79,126,baixo_baixo,False,0.0712633816597722,0.0629710904245916,0.1908458526835808,0.4472593478821589,0.018589176154574,0.009826579513097,0.7780985131691335,0.6335084298579464,113,181,baixo_baixo,False,-0.0297018739744407,-0.026468078743393297,-0.026304477655951897,True
01494665000161,0.2723093953408538,0.1995403348749392,0.4619813603147613,0.8674658168454348,0.0972222222222222,0.0069444444444444,0.6585518411733582,0.4156679955895994,11,12,baixo_baixo,False,0.1825732498012632,0.1241856247870677,0.3065114816227887,0.7368088077798988,0.074074074074074,0.0079365079365079,0.6712453370504156,0.4348281855208816,15,18,baixo_baixo,False,-0.08973614553959061,-0.0753547100878715,0.01269349587705737,True
01600293000100,0.1873950118486135,0.1395947184279437,0.3700129415584127,0.7046651377937484,0.0672153635116598,0.0123456790123456,0.8038253417223027,0.993474759277767,18,27,baixo_baixo,False,0.4190953485824656,0.3938386246077902,0.621730443060657,0.8918264777878436,0.055,0.0139130434782608,0.6895089403573158,0.6260760024289795,24,40,hhi_alto,False,0.2317003367338521,0.2542439061798465,-0.11431640136498689,False
01610999000153,0.379511129578573,0.3231030504493524,0.5953658643055947,0.843736029178226,0.0887573964497041,0.0059171597633136,0.810395809357148,0.993698502680622,12,13,baixo_baixo,False,0.379511129578573,0.3231030504493524,0.5953658643055947,0.843736029178226,0.0887573964497041,0.0059171597633136,0.817486814233129,0.9947415335402404,12,13,baixo_baixo,False,0.0,0.0,0.007091004875981022,True
01648573000199,0.3289291467145105,0.307958182549339,0.5630230539799139,0.7077020173638056,0.035,0.00484375,0.8775445428704077,0.5395688961893396,33,40,baixo_baixo,False,0.2591457495889256,0.2385664648552847,0.486728815686303,0.6967581709012368,0.03099173553719,0.004074839302112,0.8859567334781283,0.7447417882825756,37,44,baixo_baixo,False,-0.0697833971255849,-0.06939171769405428,0.008412190607720582,True
01650166000116,0.2138000615108942,0.1576429230473867,0.4144727530102292,0.6717912538374133,0.074074074074074,0.0079365079365079,0.6797993646672814,0.4842487104156421,15,18,baixo_baixo,False,0.2138000615108942,0.1576429230473867,0.4144727530102292,0.6717912538374133,0.074074074074074,0.0079365079365079,0.6717791023304875,0.4825474236048388,15,18,baixo_baixo,False,0.0,0.0,-0.00802026233679387,True
01746653000187,0.034610940319132,0.0275643048470088,0.0926148921164038,0.2723206939978005,0.0214382758804411,0.0142954895729991,0.914523868022002,0.9961280917729416,138,548,baixo_baixo,False,0.0349112696172949,0.0289539317754263,0.1041020360887652,0.2867162545108269,0.0205458083266968,0.0144997947978492,0.9274310169250825,0.995583892748012,163,698,oculta,True,0.0003003292981628991,0.001389626928417497,0.012907148903080423,False
01815216000178,0.2118377667636317,0.2040341802959449,0.432564297020969,0.6523970958285075,0.0105785123966942,0.0007822600441862,0.936951545280044,0.4355309444748664,102,110,oculta,True,0.1694447488653912,0.1623459860351809,0.3844455395096016,0.5911605889207416,0.0095270890725436,0.0010615086372662,0.9295376138843544,0.4374408462174675,118,132,oculta,True,-0.04239301789824049,-0.04168819426076398,-0.007413931395689577,True
01823752000115,0.3240054066190527,0.1888064879428633,0.4444399859353791,0.952320224343146,0.1851851851851851,0.0222222222222222,0.7033652079283477,0.7252267318372383,6,9,baixo_baixo,False,0.3104101187524868,0.1954784718779012,0.4346774761433477,0.9314016845863492,0.16,0.02,0.7097156326300114,0.7318943721529946,7,10,baixo_baixo,False,-0.013595287866565886,0.006671983935037901,0.006350424701663693,True
01824828000127,0.1948846860288647,0.16506560032623,0.4109546516741543,0.6264116559885258,0.055357477950835,0.02037071787494,0.7694642596018771,0.9877600604226044,28,73,baixo_baixo,False,0.091977818179969,0.0708610232539217,0.1895287908144274,0.5085059552026232,0.0408869430124991,0.0185819881988363,0.7617932960121432,0.9872984321413474,44,119,baixo_baixo,False,-0.10290686784889569,-0.0942045770723083,-0.007670963589733959,True
01850671000104,0.2040627077472675,0.1887562213577919,0.3973994751817979,0.7248442473327118,0.0374974386995424,0.0189877740591489,0.8011047778487688,0.7490052321007226,53,121,baixo_baixo,False,0.1830011271791377,0.1678715184231957,0.3568806139795005,0.712906489276929,0.041559214441579,0.023810311005312,0.8159020325594296,0.934072065827228,55,142,baixo_baixo,False,-0.021061580568129817,-0.02088470293459621,0.014797254710660845,True
01877528000106,0.3488508113076901,0.3081539870144207,0.518659055224785,0.854999683168988,0.0588235294117647,0.0,0.9359330033927246,0.4542219436180652,17,17,oculta,True,0.18778094206419,0.1631682433388624,0.3014926025280597,0.7802878656686911,0.0328707085463842,0.003563760320517,0.954587143568272,0.693133283378935,34,37,oculta,True,-0.16106986924350009,-0.1449857436755583,0.01865414017554745,True
01896727000161,0.6653329469387183,0.6467403328797581,0.8131976558222241,0.9001919920941699,0.084423305588585,0.0335579336768397,0.6108053340521565,0.5163049322030173,19,29,hhi_alto,False,0.6481948109908329,0.6306045515403745,0.8025791070695945,0.8884374912217909,0.0710204081632652,0.0245714285714285,0.6052255859896324,0.5190582746629903,21,35,hhi_alto,False,-0.01713813594788538,-0.016135781339383537,-0.005579748062524148,True
01906118000146,0.7760365628393504,0.7312438754072205,0.8788132254223795,0.9737998766318926,0.1666666666666666,3.3306690738754695e-17,0.8431193349853134,0.4060703352497573,6,6,hhi_alto,False,0.7760365628393504,0.7312438754072205,0.8788132254223795,0.9737998766318926,0.1666666666666666,3.3306690738754695e-17,0.8360752708424759,0.4014183565818778,6,6,hhi_alto,False,0.0,0.0,-0.007044064142837536,True
01935036000120,0.1928339559100965,0.1629389172401001,0.3787872048465546,0.708943915748708,0.0445580715850986,0.0091713334956578,0.7101232223457349,0.9806522054147164,28,37,baixo_baixo,False,0.1645168841735157,0.1357071215588094,0.2774932945418303,0.7032037799730316,0.0475328202806699,0.0146891244282792,0.7594864178019203,0.9862903343629268,30,47,baixo_baixo,False,-0.028317071736580796,-0.027231795681290694,0.049363195456185394,True
01941360000150,0.1879323976042635,0.1788080425211654,0.3838927474152972,0.6459375189585329,0.0263043428492937,0.0153639422071509,0.9590380353206698,0.9900564422781324,90,209,oculta,True,0.1145112754506306,0.106877751963136,0.2874804771475348,0.5384213148899168,0.0218973394248857,0.0134654199371692,0.954040361623876,0.9927368811540808,117,305,oculta,True,-0.0734211221536329,-0.0719302905580294,-0.004997673696793825,True
02073207000111,0.5430055795214022,0.5385687404876294,0.7352626125709117,0.7957432405900523,0.0205161804190593,0.0110066287726424,0.9201699435889676,0.5624282481407645,104,279,hhi_alto,False,0.2533702626219071,0.2467629198132514,0.4365262180477744,0.8039946120092738,0.0228038865754511,0.0141561333593046,0.8937565744233789,0.5288841014205152,114,369,baixo_baixo,False,-0.28963531689949507,-0.291805820674378,-0.026413369165588785,False
02179215000147,0.2732082276552107,0.1693808316059551,0.4533264884553799,0.8659308422866782,0.125,0.0,0.4677990300260582,0.6190105493311074,8,8,baixo_baixo,False,0.2168178832343198,0.1189201186386098,0.3370557104442315,0.8225745897525741,0.1111111111111111,0.0,0.4533577824912054,0.5592538635182008,9,9,baixo_baixo,False,-0.05639034442089089,-0.050460712967345306,-0.014441247534852819,True
02180700000130,0.4964367242432984,0.3285822989910645,0.5215157601808307,1.0,0.28,0.04,0.6225921396677971,0.6970075707163073,4,5,hhi_alto,False,0.4964367242432984,0.3285822989910645,0.5215157601808307,1.0,0.28,0.04,0.6154997230232051,0.6951909457928263,4,5,hhi_alto,False,0.0,0.0,-0.007092416644592037,True
02246138000109,0.2017088272652785,0.1484894157496304,0.3587000015016551,0.7764437888360336,0.1395918367346938,0.0822312925170067,0.8534784519620607,0.4060703352497573,16,35,baixo_baixo,False,0.1980155426802393,0.1445499121922553,0.352453172580913,0.7803370628797031,0.1482834185536888,0.0915023131239347,0.8484519907784592,0.4014183565818778,16,37,baixo_baixo,False,-0.0036932845850392026,-0.003939503557375101,-0.005026461183601505,True
02247113000111,0.2398298533980412,0.2153082357657199,0.3379823096270203,0.8081085921307529,0.0434265318262938,0.0125693231755291,0.8810390139642158,0.9448433003161142,32,41,baixo_baixo,False,0.1938131947393742,0.1693832915496583,0.2824179248094203,0.799708798310813,0.0405624661979448,0.0114886015372765,0.8333239170542818,0.8563208384095313,34,43,baixo_baixo,False,-0.046016658658667,-0.04592494421606158,-0.04771509690993403,True
02299772000100,0.1982636533483986,0.0980466100169484,0.343878954607978,0.7806844096141317,0.1111111111111111,0.0,0.6659069658827812,0.9900807102092184,9,9,baixo_baixo,False,0.1982636533483986,0.0980466100169484,0.343878954607978,0.7806844096141317,0.1111111111111111,0.0,0.6943204845294441,0.992434863368516,9,9,baixo_baixo,False,0.0,0.0,0.02841351864666286,True
02307876000100,0.9919611659947236,0.9903533991936684,0.995969350609912,0.9997974347381636,0.1666666666666666,3.3306690738754695e-17,0.9716531614214748,0.4084552837307427,6,6,critico,False,0.9919611659947236,0.9903533991936684,0.995969350609912,0.9997974347381636,0.1666666666666666,3.3306690738754695e-17,0.9697773996716834,0.9220631694004764,6,6,critico,False,0.0,0.0,-0.001875761749791427,True
02316487000141,0.5783018053518447,0.5548741278713917,0.727047894850067,0.9678611107881282,0.0688,0.0170666666666666,0.9819726116952584,0.546467140753954,19,25,critico,False,0.5409772355406915,0.523322513830718,0.7029845383612655,0.9411583373327604,0.0512465373961218,0.014756019603665,0.9795552841442944,0.5608431732245258,27,38,critico,False,-0.037324569811153174,-0.03155161404067364,-0.0024173275509640213,True
02318396000145,0.4196316944432021,0.2745396180540026,0.6048119620620405,0.978978881812676,0.2,3.4694469519536136e-17,0.7496112560870546,0.4156101214322822,5,5,hhi_alto,False,0.3739088251284361,0.2956474282694907,0.5573020972274842,0.9097106235895932,0.1111111111111111,0.0,0.8265656385368314,0.437953181446955,9,9,baixo_baixo,False,-0.04572286931476599,0.021107810215488076,0.07695438244977681,False
02362976000130,0.0161912676635761,0.002714435713762,0.0480279435307815,0.1178867704846456,0.0135135135135135,3.5169736225283214e-18,0.3958421297918419,0.4223182632338246,74,74,baixo_baixo,False,0.0102364422449173,0.0022544780694731,0.0298990905693285,0.0900257086877243,0.0084233139239075,0.0004267277458745,0.3794600924801823,0.4141116382277481,125,133,baixo_baixo,False,-0.005954825418658799,-0.0004599576442889,-0.016382037311659603,True
02396675000127,0.6811385407136531,0.6492523947850184,0.8186286235351713,0.9768186970020992,0.1020408163265306,0.0122448979591836,0.878113115158065,0.9237949049648396,11,14,hhi_alto,False,0.4137048052912782,0.3857859864956248,0.6188771392259278,0.8762935646618976,0.0555555555555555,0.0105820105820105,0.8437257219146467,0.8397103084225801,22,30,hhi_alto,False,-0.2674337354223749,-0.2634664082893936,-0.03438739324341833,True
02406542000194,0.3514474483474932,0.3311801811083524,0.4392885976413303,0.9494091041307614,0.0385487528344671,0.0085034013605442,0.8769746072673764,0.7171032711935544,33,42,baixo_baixo,False,0.340217399533716,0.3255555639677985,0.4321818418389156,0.9340496827939128,0.0286241920590951,0.0070380629937416,0.8769390160992807,0.7206042871705427,46,57,baixo_baixo,False,-0.011230048813777205,-0.0056246171405539,-3.5591168095705505e-05,True
02458148000108,0.1498651095904484,0.0081759611888565,0.207107696001921,0.653319726257654,0.1428571428571428,0.0,0.5239767245980529,0.567704929552989,7,7,baixo_baixo,False,0.1498651095904484,0.0081759611888565,0.207107696001921,0.653319726257654,0.1428571428571428,0.0,0.5101423200737224,0.5625089024724459,7,7,baixo_baixo,False,0.0,0.0,-0.01383440452433049,True
02482295000105,0.5496088558073645,0.5437596201684991,0.7294874239947559,0.9071282599262444,0.0230623818525519,0.0103748803181695,0.9583999130202968,0.8354977410290116,78,230,critico,False,0.4875452394273862,0.4827107605540597,0.6868225977037956,0.854073925663105,0.0200156985871271,0.0107705636681377,0.9474205190673952,0.8398859586154863,107,364,critico,False,-0.062063616379978315,-0.0610488596144394,-0.010979393952901595,True
02524947000127,0.2588659583575999,0.0735824479469998,0.3095897306821042,0.9627485527309338,0.2,3.4694469519536136e-17,0.555321489944379,0.6924301098418957,5,5,baixo_baixo,False,0.2192222340529886,0.0630666808635864,0.2780917929007461,0.8659281030974452,0.1666666666666666,3.3306690738754695e-17,0.5328827014975083,0.7065271625900915,6,6,baixo_baixo,False,-0.0396437243046113,-0.010515767083413396,-0.02243878844687075,True
02581343000112,0.2448954571451043,0.1505073892882424,0.4147957005523908,0.8446458537577592,0.12,0.01,0.3839730485099799,0.5235537373133902,9,10,baixo_baixo,False,0.1668859562957242,0.114816328564207,0.3350410423286825,0.6822419491444474,0.0617283950617283,0.0030864197530864,0.3944809512966931,0.565724542511215,17,18,baixo_baixo,False,-0.0780095008493801,-0.0356910607240354,0.010507902786713208,True
02701029000126,0.2350122666892017,0.107514311137402,0.3262972190665503,0.8705518346800274,0.1428571428571428,0.0,0.5295630448688637,0.5943253991666352,7,7,baixo_baixo,False,0.2350122666892017,0.107514311137402,0.3262972190665503,0.8705518346800274,0.1428571428571428,0.0,0.5455209004190031,0.6446117473196145,7,7,baixo_baixo,False,0.0,0.0,0.0159578555501394,True
02762633000162,0.1360532656476264,0.09491294496418,0.2676875788258023,0.637990521539711,0.06064209274673,0.0159107638299076,0.8907753036932905,0.5985368532311812,22,29,baixo_baixo,False,0.1077981190386581,0.0843191221712543,0.2355632281309246,0.5614272706640074,0.0321412403802625,0.0066712730218484,0.8610566180505648,0.5739869004145826,39,47,baixo_baixo,False,-0.0282551466089683,-0.0105938227929257,-0.02971868564272573,True
02920909000193,0.2838855477826442,0.2417611682404468,0.493195765819759,0.7835074666479718,0.0555555555555555,0.0,0.6243214337537506,0.4628979830715919,18,18,baixo_baixo,False,0.0670088948678088,0.0458045515693499,0.1328707402609511,0.4345014543065306,0.0234374999999999,0.0012428977272727,0.7371272482007422,0.7951702737081202,45,48,baixo_baixo,False,-0.21687665291483538,-0.1959566166710969,0.11280581444699156,True
03061303000102,0.0982674412742192,0.0606952513273117,0.1852276533790602,0.5351468686478776,0.0510204081632653,0.0114795918367346,0.7332244488168853,0.4113171803383786,25,28,baixo_baixo,False,0.0812559614313693,0.0495751325152096,0.1650261991644366,0.4767822304965452,0.0413223140495867,0.0082644628099173,0.7114657848368069,0.4128482066964924,30,33,baixo_baixo,False,-0.017011479842849897,-0.011120118812102099,-0.02175866398007842,True
03130778000103,0.2837917295305102,0.1644236844522618,0.4370892044430118,0.9242615468951186,0.1428571428571428,0.0,0.6562780116039986,0.6379320991785022,7,7,baixo_baixo,False,0.2837917295305102,0.1644236844522618,0.4370892044430118,0.9242615468951186,0.1428571428571428,0.0,0.6449068896787227,0.6341764444951382,7,7,baixo_baixo,False,0.0,0.0,-0.011371121925275895,True
03133862000180,0.1644277826500228,0.0947967645375247,0.2764627096981881,0.7045866506397358,0.0816326530612245,0.0051020408163265,0.1891427039121958,0.4250789495693365,13,14,baixo_baixo,False,0.1644277826500228,0.0947967645375247,0.2764627096981881,0.7045866506397358,0.0816326530612245,0.0051020408163265,0.1840341690227225,0.429443367244301,13,14,baixo_baixo,False,0.0,0.0,-0.0051085348894732985,True
03183869000107,0.2776271743213109,0.0970339679016386,0.3661802362579246,0.9554495191803004,0.2,3.4694469519536136e-17,0.6482923657385843,0.4262881970000844,5,5,baixo_baixo,False,0.2516382995312229,0.1019659594374675,0.3466423646930565,0.9044706619289468,0.1666666666666666,3.3306690738754695e-17,0.622878065020717,0.4204930557079817,6,6,baixo_baixo,False,-0.02598887479008799,0.004931991535828906,-0.025414300717867322,True
03230443000167,0.934046132755998,0.9328683851266408,0.966427986675824,0.977558447352918,0.032258064516129,0.0149769585253456,0.9864793913006696,0.4257178218463293,57,93,critico,False,0.6095285665840088,0.6032306402385895,0.7486370559322261,0.9765679320139437,0.0366805411030177,0.021143130475647,0.9819388720158192,0.4191366565134603,63,124,critico,False,-0.32451756617198924,-0.3296377448880513,-0.004540519284850442,True
03264792000108,0.1847854547634829,0.1762042490241512,0.4021900065103343,0.603681203484642,0.0235476281445434,0.0132691821250123,0.9121378132880482,0.6336496630122975,96,223,baixo_baixo,False,0.1368406897860543,0.1284605023082489,0.3269426224099353,0.5678140749051437,0.0215480203582523,0.0120484865753227,0.8991733935884834,0.6279345687736044,104,246,baixo_baixo,False,-0.04794476497742861,-0.047743746715902285,-0.012964419699564855,True
03331692000149,0.1089585501060536,0.0198544051166589,0.1540715586470596,0.4922028068488603,0.1005917159763313,0.0106508875739645,0.6236079343642486,0.4275820514845261,11,13,baixo_baixo,False,0.1099120062281914,0.0209032068510105,0.1491911327061071,0.5068032688065468,0.1122448979591836,0.023469387755102,0.6200435504971813,0.4223058270263944,11,14,baixo_baixo,False,0.0009534561221378052,0.0010488017343515989,-0.0035643838670672556,True
03347877000141,0.4507483930538905,0.4257824109199764,0.6573183773677646,0.8617821845294164,0.0723155588020453,0.0301480842021382,0.8483274694792272,0.9926419510304528,23,37,hhi_alto,False,0.3515226080308514,0.3291613186526049,0.5439764688087029,0.8491396902162547,0.0649430594028931,0.0326997166236825,0.8497154644441155,0.9928550670560522,30,57,baixo_baixo,False,-0.09922578502303908,-0.09662109226737148,0.0013879949648882839,False
03347885000198,0.0421368381939179,0.0325582065758571,0.0938679134698422,0.3015633164668414,0.035374634011668,0.0257283803517847,0.9258669152020818,0.9967971185344284,101,371,oculta,True,0.045883224980267,0.0379322518551026,0.1072534353000631,0.3472247165538549,0.0342388789741555,0.0261908696322735,0.9288899379935042,0.9967980464024118,121,492,oculta,True,0.0037463867863491013,0.005374045279245503,0.003023022791422414,True
03387174000147,0.1662204676383578,0.0619980260931526,0.2976042051895178,0.7103886859883796,0.1111111111111111,0.0,0.3353278454871785,0.4888003255223168,9,9,baixo_baixo,False,0.1662204676383578,0.0619980260931526,0.2976042051895178,0.7103886859883796,0.1111111111111111,0.0,0.3427780371455631,0.5425551545410787,9,9,baixo_baixo,False,0.0,0.0,0.0074501916583846195,True
03532661000156,0.2918430140710689,0.114803767588836,0.3614493748644937,0.9850039748500397,0.2653061224489795,0.0816326530612244,0.8247273166616034,0.8902867546739327,5,7,baixo_baixo,False,0.7092110910972237,0.6607462729467609,0.838632989026345,0.960582616118176,0.1851851851851851,0.0493827160493827,0.947077264541286,0.4862987354406895,7,9,critico,False,0.4173680770261548,0.5459425053579249,0.12234994787968267,False
03838193000142,0.8788656177060126,0.8485820221325158,0.9364757296706728,0.9934836897143748,0.2,3.4694469519536136e-17,0.413997541468605,0.4431696700266153,5,5,hhi_alto,False,0.7478198187302247,0.6973837824762698,0.8599783285461206,0.9879961358307104,0.1666666666666666,3.3306690738754695e-17,0.446286654387078,0.484475953420251,6,6,hhi_alto,False,-0.13104579897578783,-0.15119823965624601,0.03228911291847297,True
03918310000188,0.2033035220907753,0.1420191776362195,0.2948163139371847,0.8200457681136215,0.0714285714285714,0.0,0.6686894258972653,0.5827454439948715,14,14,baixo_baixo,False,0.1727146142350652,0.1175622551840696,0.2689049070834408,0.7479719427119161,0.0679012345679012,0.0057613168724279,0.6435265692784846,0.6459244646478262,16,18,baixo_baixo,False,-0.030588907855710085,-0.024456922452149893,-0.025162856618780705,True
04073373000143,0.2601198601651932,0.0751498252064914,0.33471884618923,0.911327177222612,0.2,3.4694469519536136e-17,0.430043090199214,0.6499919033951532,5,5,baixo_baixo,False,0.4492845490168795,0.3574986405196927,0.6441810211298085,0.9326788334865872,0.256198347107438,0.1322314049586776,0.6542471072212002,0.8176931684299958,7,11,hhi_alto,False,0.1891646888516863,0.28234881531320133,0.22420401702198617,False
04124168000160,0.472820427296715,0.3410255341208937,0.6633025299666376,0.9717162003543556,0.2,3.4694469519536136e-17,0.5534823017033595,0.4468696204518196,5,5,hhi_alto,False,0.472820427296715,0.3410255341208937,0.6633025299666376,0.9717162003543556,0.2,3.4694469519536136e-17,0.5419309584284806,0.4420803148308354,5,5,hhi_alto,False,0.0,0.0,-0.011551343274878945,True
04200511000108,0.9438989062413548,0.9345487239482472,0.9714471444389968,0.9924031665408792,0.1851851851851851,0.0493827160493827,0.8459013145944434,0.9258812534628876,7,9,hhi_alto,False,0.7593511798887724,0.7249727770157399,0.8643143175034188,0.9887517583801828,0.16,0.04,0.8239322577174805,0.9495441882581572,8,10,hhi_alto,False,-0.18454772635258232,-0.20957594693250725,-0.021969056876962934,True
04244520000109,0.2896097196707135,0.1475316636048562,0.3992867535252097,0.9450515790970648,0.1666666666666666,3.3306690738754695e-17,0.424497509991012,0.7149979760299612,6,6,baixo_baixo,False,0.2896097196707135,0.1475316636048562,0.3992867535252097,0.9450515790970648,0.1666666666666666,3.3306690738754695e-17,0.4407857987519337,0.7345803967487597,6,6,baixo_baixo,False,0.0,0.0,0.0162882887609217,True
04244525000123,0.0817806568215462,0.0725984633897616,0.2188383447698371,0.4888398270351749,0.0152249134948096,0.0053771626297577,0.6987624163206227,0.6891041183669617,101,170,baixo_baixo,False,0.0580070076833349,0.0498863784392257,0.1422333037754998,0.415612166884331,0.0157276619125019,0.0072425555496787,0.7357207731958306,0.790079057133568,117,209,baixo_baixo,False,-0.023773649138211297,-0.0227120849505359,0.036958356875207876,True
04326257000199,0.4777186176891517,0.4487029853385489,0.6708267319978395,0.8970196439436066,0.0526315789473684,0.0,0.7938694561544749,0.7247371088311149,19,19,hhi_alto,False,0.2271578016667813,0.2110569225348393,0.4535863949072162,0.6563852606881045,0.0208,0.0004,0.7416437595586388,0.7460407123362139,49,50,baixo_baixo,False,-0.2505608160223704,-0.23764606280370962,-0.05222569659583609,False
04402872000137,0.9999453040071768,0.9999422653409088,0.9999726516088452,0.9999772096740376,0.0526315789473684,0.0,0.9232222462529572,0.4060725010652735,19,19,critico,False,0.9999453040071768,0.9999422653409088,0.9999726516088452,0.9999772096740376,0.0526315789473684,0.0,0.917282104653464,0.4014218959258223,19,19,hhi_alto,False,0.0,0.0,-0.005940141599493187,False
04413256000181,0.2696890169483637,0.0871112711854546,0.429546090347687,0.901025204212718,0.2222222222222222,0.0277777777777778,0.4761772547991539,0.4060703352497573,5,6,baixo_baixo,False,0.2124696874958693,0.0812146354118475,0.330262229266877,0.7930550450435409,0.15625,0.015625,0.5541651689052485,0.5831968338296556,7,8,baixo_baixo,False,-0.057219329452494416,-0.005896635773607106,0.07798791410609457,True
04515660000166,0.4756541808277265,0.4279863790847926,0.6698531925680672,0.9298136513507508,0.0887573964497041,0.0059171597633136,0.7436180881355515,0.989556118085166,12,13,hhi_alto,False,0.3352693350154493,0.2798751129334034,0.5248865595275443,0.9051776182945064,0.0844444444444444,0.0081481481481481,0.769514101526766,0.9901195971439029,13,15,baixo_baixo,False,-0.14038484581227717,-0.1481112661513892,0.0258960133912145,False
04539825000130,0.3880391490499872,0.2656469788599847,0.5722591021546284,0.9561085773559748,0.1666666666666666,3.3306690738754695e-17,0.2292802551153106,0.7607783855719826,6,6,baixo_baixo,False,0.2959863154581219,0.1786507013678088,0.4745334950374223,0.9107101252702938,0.1428571428571428,0.0,0.2095663344785847,0.7733954447402553,7,7,baixo_baixo,False,-0.09205283359186534,-0.08699627749217587,-0.019713920636725918,True
04621712000189,0.3246752969754832,0.2683982383901068,0.4929232811904847,0.922642526219986,0.0844444444444444,0.0081481481481481,0.7037730886305221,0.5284294239842491,13,15,baixo_baixo,False,0.3246752969754832,0.2683982383901068,0.4929232811904847,0.922642526219986,0.0844444444444444,0.0081481481481481,0.7215912446796521,0.5389350154830452,13,15,baixo_baixo,False,0.0,0.0,0.017818156049129952,True
04691691000178,0.1728012803169052,0.1646111939834092,0.2756746832088644,0.7732094387673488,0.0168449931412894,0.0071107851525893,0.941806024445308,0.5921070429877062,102,135,oculta,True,0.1654695419167422,0.1586847414445206,0.2696907320828058,0.756425715873631,0.0133096716947648,0.0052877991069174,0.9336900866358476,0.5949333756035793,124,161,oculta,True,-0.00733173840016299,-0.005926452538888599,-0.008115937809460405,True
04704773000100,0.2334072891094409,0.1482303212327121,0.4169933695868186,0.8030749218622969,0.125,0.0277777777777777,0.5550920830526371,0.8805316783804823,10,12,baixo_baixo,False,0.2187510091545726,0.1319455657273029,0.3855604834331437,0.8179190992842049,0.1479289940828402,0.0532544378698225,0.5911234136862706,0.8975841012789306,10,13,baixo_baixo,False,-0.01465627995486829,-0.0162847555054092,0.03603133063363351,True
04729502000109,0.5033229138291364,0.4771820145569857,0.6821780074610491,0.9315140691880625,0.0644444444444444,0.015204678362573,0.7225718587546096,0.8381696426392263,20,30,hhi_alto,False,0.3898406434079355,0.3633119757300196,0.5725822592429736,0.9364611479031796,0.0570987654320987,0.0161030595813204,0.7562345437282489,0.893790042601091,24,36,hhi_alto,False,-0.1134822704212009,-0.11387003882696611,0.033662684973639334,True
04739716000166,0.2553823000123483,0.1064587600148179,0.3570785829979175,0.9181204526042456,0.1666666666666666,3.3306690738754695e-17,0.5541129095680123,0.5850610077423178,6,6,baixo_baixo,False,0.2553823000123483,0.1064587600148179,0.3570785829979175,0.9181204526042456,0.1666666666666666,3.3306690738754695e-17,0.5521865523544532,0.737511763514632,6,6,baixo_baixo,False,0.0,0.0,-0.001926357213559049,True
04755973000191,0.2929066808018686,0.1750577942688467,0.4198914328711168,0.9273091749397276,0.1428571428571428,0.0,0.7410819006685119,0.5308753156288576,7,7,baixo_baixo,False,0.2929066808018686,0.1750577942688467,0.4198914328711168,0.9273091749397276,0.1428571428571428,0.0,0.7328738062877859,0.527561084549151,7,7,baixo_baixo,False,0.0,0.0,-0.008208094380726005,True
04776218000193,0.1877297301188484,0.0974774779098315,0.3616156156911049,0.6904229459157124,0.1111111111111111,0.0123456790123456,0.7316244186546511,0.8455405426436085,10,12,baixo_baixo,False,0.1494333189310391,0.0721090751974972,0.3014650717342375,0.6336811420476217,0.0918367346938775,0.0092764378478664,0.6492124570589717,0.7717641695257228,12,14,baixo_baixo,False,-0.0382964111878093,-0.0253684027123343,-0.08241196159567943,True
04794805000105,0.7227594627189367,0.667311355262724,0.8435848577192907,0.9886618820783096,0.1666666666666666,3.3306690738754695e-17,0.4051865625082733,0.4060704883837456,6,6,hhi_alto,False,0.3383240237294746,0.2942122919781063,0.5604813144497464,0.7746840454734185,0.07,0.008,0.3313495852247429,0.52336571356425,16,20,baixo_baixo,False,-0.38443543898946203,-0.3730990632846177,-0.07383697728353039,False
04828495000100,0.3588510404275861,0.1451347205701147,0.4960260095094146,1.0,0.3333333333333333,0.1111111111111111,0.1516912393972498,0.4060703352497573,4,6,baixo_baixo,False,0.2757879671542579,0.0947349589428224,0.4110677479129043,0.948240214341978,0.2653061224489795,0.0816326530612244,0.1807814056843637,0.4969703483562951,5,7,baixo_baixo,False,-0.08306307327332818,-0.0503997616272923,0.029090166287113917,True
04846427000166,0.1556702091041334,0.1112317990569825,0.2395956838393372,0.7163024131602752,0.0927684441197955,0.0450194148629426,0.6292769973825802,0.6969984730928614,20,37,baixo_baixo,False,0.1556702091041334,0.1112317990569825,0.2395956838393372,0.7163024131602752,0.0927684441197955,0.0450194148629426,0.6200597070911655,0.6949634342948583,20,37,baixo_baixo,False,0.0,0.0,-0.009217290291414715,True
04862101000122,0.2608611062337059,0.1376712906059903,0.3999146848672283,0.8958088941025915,0.1428571428571428,0.0,0.8411861080776248,0.9501803467023728,7,7,baixo_baixo,False,0.2608611062337059,0.1376712906059903,0.3999146848672283,0.8958088941025915,0.1428571428571428,0.0,0.8402979919279394,0.9518152979628636,7,7,baixo_baixo,False,0.0,0.0,-0.0008881161496854251,True
04870834000109,0.5036775880520601,0.454045346857266,0.6938772570479996,0.92641821908292,0.0909090909090909,0.0,0.5589634814953368,0.4637254563324781,11,11,hhi_alto,False,0.4244661419709575,0.3765049871352039,0.6321099475401715,0.8703932183538232,0.0769230769230769,1.503427012513233e-17,0.5436774731176308,0.462851366127459,13,13,hhi_alto,False,-0.07921144608110259,-0.07754035972206208,-0.015286008377705995,True
04902949000138,0.2729159356703943,0.2123255969762604,0.4702938444763165,0.8065738709821574,0.0816326530612245,0.0051020408163265,0.8041427863291944,0.9146479567505044,13,14,baixo_baixo,False,0.2729159356703943,0.2123255969762604,0.4702938444763165,0.8065738709821574,0.0816326530612245,0.0051020408163265,0.8181604400878212,0.9238780490648296,13,14,baixo_baixo,False,0.0,0.0,0.014017653758626736,True
04927953000150,0.5317706956163972,0.4849477651780369,0.7154582070880547,0.9470873656319908,0.1122448979591836,0.023469387755102,0.9598357435832976,0.9803821272243292,11,14,critico,False,0.4831277594404611,0.4361393739350486,0.673461959957766,0.9401832943412108,0.1015625,0.0198863636363636,0.9526545486878316,0.982364095037472,12,16,critico,False,-0.048642936175936125,-0.0488083912429883,-0.007181194895465981,True
05002371000126,0.1695038566157685,0.0864542422773454,0.2816231735639961,0.7346402599223403,0.0972222222222222,0.0069444444444444,0.8038366925585678,0.99384986688437,11,12,baixo_baixo,False,0.147947392769242,0.0704880648391731,0.2550949980398544,0.6902473096312166,0.0887573964497041,0.0059171597633136,0.8160525097666365,0.9955755049313488,12,13,baixo_baixo,False,-0.021556463846526513,-0.015966177438172302,0.012215817208068636,True
05002963000148,0.1416940639536772,0.0701685692831503,0.2331334260831356,0.6775323628828085,0.0816326530612245,0.0051020408163265,0.5458400638940388,0.694682549022633,13,14,baixo_baixo,False,0.3488157423539157,0.3023025810934812,0.569573411421515,0.8068380170497689,0.0726643598615916,0.0064260998517053,0.7100636420128125,0.8388636856570567,15,17,baixo_baixo,False,0.2071216784002385,0.2321340118103309,0.16422357811877364,True
05009757000160,0.4427764375393844,0.3313317250472614,0.5733883087356942,0.9753997919155332,0.183673469387755,0.0204081632653061,0.3471209148585723,0.4060703352497574,6,7,hhi_alto,False,0.4427764375393844,0.3313317250472614,0.5733883087356942,0.9753997919155332,0.183673469387755,0.0204081632653061,0.441899941713638,0.6997738486083398,6,7,hhi_alto,False,0.0,0.0,0.09477902685506567,True
05029092000156,0.0396575338557756,0.0335407028612264,0.0757648731677782,0.2052233263571986,0.0189026797070303,0.0126536521892407,0.942136026186127,0.4692191397040801,158,453,oculta,True,0.034827749197427,0.0291834670289909,0.0692579157607829,0.1875980154750561,0.0178165608064798,0.0120727980041785,0.9353847268733398,0.476606620659392,172,524,oculta,True,-0.0048297846583485946,-0.0043572358322355,-0.0067512993127871734,True
05054133000164,0.1891991198503027,0.0733704226860602,0.3340921640247685,0.7445027178677494,0.125,0.0,0.6101330529180047,0.4492751250542421,8,8,baixo_baixo,False,0.3243552869917742,0.2492836522130824,0.5372118233261816,0.8143288556411852,0.1,3.0839528461809905e-17,0.752330799923456,0.4197958132850541,10,10,baixo_baixo,False,0.1351561671414715,0.1759132295270222,0.1421977470054513,True
05055033000152,0.6313219586364808,0.6082795810512608,0.7893793132696576,0.9276706296931204,0.0617283950617283,0.0030864197530864,0.9946411081922883,0.4148107805014066,17,18,critico,False,0.612473963477779,0.5940203426910067,0.7774132495170442,0.913608231920932,0.0486111111111111,0.0033068783068783,0.9930701423277468,0.4101069927193965,22,24,critico,False,-0.018847995158701725,-0.014259238360254112,-0.0015709658645415292,True
05106805000138,0.0327369113051281,0.0157673834332882,0.0735705326886006,0.2247487810470889,0.0861957644628099,0.0701641112077715,0.7733932595964496,0.5195938230269421,58,176,baixo_baixo,False,0.0265484403234749,0.0124404467049745,0.0571654847933729,0.1995432703568674,0.0730578234155373,0.0596238788273567,0.7790301947968004,0.5554556788551548,70,218,baixo_baixo,False,-0.006188470981653198,-0.0033269367283137,0.005636935200350801,True
05152243000169,0.875272568524281,0.8440907106553514,0.9343229306177734,0.9980197636262028,0.2,3.4694469519536136e-17,0.941410214555979,0.408966713039576,5,5,critico,False,0.875272568524281,0.8440907106553514,0.9343229306177734,0.9980197636262028,0.2,3.4694469519536136e-17,0.936736753601166,0.4043049854083275,5,5,critico,False,0.0,0.0,-0.004673460954812914,True
05156411000194,0.247771066410313,0.0597138330128912,0.2888902039689115,0.9553694717323548,0.2,3.4694469519536136e-17,0.5036883612834577,0.5631417943140945,5,5,baixo_baixo,False,0.2161538422597303,0.0593846107116764,0.2658184194286129,0.8790703161868806,0.1666666666666666,3.3306690738754695e-17,0.4713249872532726,0.5458626240017397,6,6,baixo_baixo,False,-0.031617224150582685,-0.00032922230121480017,-0.03236337403018513,True
05211356000198,0.0794797983586107,0.0688991063857212,0.1604291317873883,0.5054976097955344,0.0134563629373317,0.0021167809021287,0.6921482008013782,0.5693281264771213,88,102,baixo_baixo,False,0.0717735064462419,0.0621044804717236,0.1500589376940375,0.4728220709523038,0.0123251417769376,0.0020368620037807,0.7036735885631523,0.5954334381895006,97,115,baixo_baixo,False,-0.007706291912368796,-0.006794625913997605,0.011525387761774142,True
05298824000103,0.6731136309042477,0.6264155781762831,0.8067141011394552,0.9956896316500706,0.1358024691358024,0.0123456790123456,0.9573082821039176,0.9643572927026792,8,9,critico,False,0.6731136309042477,0.6264155781762831,0.8067141011394552,0.9956896316500706,0.1358024691358024,0.0123456790123456,0.9544361840427528,0.9654310887398004,8,9,critico,False,0.0,0.0,-0.0028720980611648406,True
05322181000196,0.6075055482806292,0.529006657936755,0.7689529850441693,0.9684686748828536,0.183673469387755,0.0204081632653061,0.8472973714618527,0.4808470159487622,6,7,hhi_alto,False,0.3898326853567221,0.2881381329161758,0.544552266441708,0.9554446751940088,0.1604938271604938,0.0205761316872427,0.8522132945997725,0.6462755497954072,7,9,hhi_alto,False,-0.21767286292390708,-0.24086852502057926,0.004915923137919775,True
05380490000112,0.4149313667248309,0.3313501333998067,0.619970978619692,0.8718337433400303,0.1570247933884297,0.0365997638724911,0.4708683351287234,0.4864604011955206,8,11,hhi_alto,False,0.2848877710505083,0.2252950853047173,0.4995098454469465,0.782044013378336,0.09375,0.0182291666666666,0.417256523187362,0.4818546587919436,13,16,baixo_baixo,False,-0.1300435956743226,-0.10605504809508937,-0.05361181194136139,False
05419083000171,0.1665271342240044,0.0831798476464048,0.2687850512505896,0.7104257689604335,0.0909090909090909,0.0,0.5932681817471512,0.5892414426793807,11,11,baixo_baixo,False,0.1665271342240044,0.0831798476464048,0.2687850512505896,0.7104257689604335,0.0909090909090909,0.0,0.5863579752669986,0.588605795970172,11,11,baixo_baixo,False,0.0,0.0,-0.006910206480152614,True
05446297000137,0.1066219300532247,0.0758157897102324,0.2372814723742097,0.5349636024466738,0.0562265722615576,0.023682660960232,0.8324318178199277,0.574213017172008,30,49,baixo_baixo,False,0.0801287144534076,0.05968713033015,0.2010149204581453,0.4531987471159553,0.0501033057851239,0.0289944903581267,0.7984724906554238,0.6246563935948053,46,88,baixo_baixo,False,-0.0264932155998171,-0.016128659380082393,-0.033959327164503894,True
05448443000163,0.4801280419866699,0.3501600524833373,0.6590602640613255,0.9686623305813978,0.2222222222222222,0.0277777777777778,0.5259733380238986,0.4060703352497573,5,6,hhi_alto,False,0.2827341445889157,0.163189835353735,0.4501284520972492,0.8969853088223191,0.18,0.0433333333333334,0.4898116667103255,0.4014183565818778,7,10,baixo_baixo,False,-0.1973938973977542,-0.18697021712960232,-0.03616167131357306,False
05469074000195,0.1913938215366479,0.1105332036903127,0.346406394497087,0.7304432455392444,0.0909090909090909,0.0,0.8134789618421359,0.9254822030287364,11,11,baixo_baixo,False,0.1449076390758942,0.0791313036201937,0.2888692488367854,0.6267431023869541,0.0714285714285714,0.0,0.7276411726755198,0.8397251695892975,14,14,baixo_baixo,False,-0.0464861824607537,-0.031401900070119004,-0.08583778916661611,True
05472936000139,0.5468117097344605,0.5144411175726362,0.7013578004728841,0.96473125438869,0.0703125,0.00390625,0.980097148214544,0.5342824584395902,15,16,critico,False,0.4403449978755655,0.4216898311380843,0.6265687426398131,0.976681328706194,0.033203125,0.0009765625,0.992003666201642,0.7214234761857322,31,32,critico,False,-0.10646671185889495,-0.09275128643455194,0.011906517987098075,True
05478139000169,0.5673007552111651,0.4591259440139563,0.7022460168438723,0.9971993760042536,0.2,3.4694469519536136e-17,0.5527760363070333,0.5624497993007472,5,5,hhi_alto,False,0.6909579457807752,0.6291495349369303,0.8112106651862702,0.9985219777654172,0.183673469387755,0.0204081632653061,0.8119538571447912,0.9527374108980644,6,7,hhi_alto,False,0.12365719056961011,0.17002359092297398,0.25917782083775787,True
05522917000170,0.2703034757824207,0.221657040834582,0.3343745005571878,0.9407048079254084,0.0625,0.0,0.9772452313501864,0.584462890235072,16,16,oculta,True,0.2223574569509299,0.1791550934482037,0.3268103383047234,0.8470007197395067,0.0526315789473684,0.0,0.9922884750384958,0.4430950341581515,19,19,oculta,True,-0.0479460188314908,-0.042501947386378275,0.015043243688309449,True
05532421000187,0.2000320949998263,0.1826414883693878,0.3106934366415265,0.8088818238528128,0.0289283366206443,0.0078180830689191,0.8965914410984744,0.919408060289776,47,78,baixo_baixo,False,0.4992194993600832,0.4918550802330255,0.6962914500081389,0.8868369992912826,0.023002046004092,0.0086344290335639,0.9451517301812424,0.5603992500894271,69,127,critico,False,0.2991874043602569,0.3092135918636377,0.04856028908276799,False
05568854000192,0.3623653373313896,0.2348384047976675,0.5108382856267134,0.9634410066919816,0.1666666666666666,3.3306690738754695e-17,0.754531620571393,0.6475206147417681,6,6,baixo_baixo,False,0.2112011492737106,0.1394921628440479,0.3027019754907495,0.8223884146824872,0.0918367346938775,0.0092764378478664,0.7404695706995028,0.7384655533696718,12,14,baixo_baixo,False,-0.151164188057679,-0.0953462419536196,-0.014062049871890192,True
05593119000139,0.0545828982529073,0.0454923491976467,0.2110544420790885,0.2959605905254533,0.0118032136480857,0.0023013214716249,0.87404778424531,0.5290393048701498,105,142,baixo_baixo,False,0.0415872025896578,0.0339807518165599,0.1808138562294407,0.2599309114170373,0.0099591836734693,0.002101716877227,0.8626871023223697,0.5180440241475294,127,175,baixo_baixo,False,-0.012995695663249499,-0.0115115973810868,-0.011360681922940374,True
05606204000194,0.2848824180057074,0.1061030225071342,0.4005071599045346,0.9568914081145584,0.2222222222222222,0.0277777777777778,0.4991763309815069,0.6228609464442563,5,6,baixo_baixo,False,0.2848824180057074,0.1061030225071342,0.4005071599045346,0.9568914081145584,0.2222222222222222,0.0277777777777778,0.4931548607367375,0.6394320803616965,5,6,baixo_baixo,False,0.0,0.0,-0.0060214702447694,True
05613121000122,0.1248790315390276,0.0665376336416294,0.2713139807656889,0.5562637676788594,0.075,0.0133333333333333,0.3600225534781511,0.5731218953859676,16,20,baixo_baixo,False,0.1248790315390276,0.0665376336416294,0.2713139807656889,0.5562637676788594,0.075,0.0133333333333333,0.3569550861432322,0.6110446048072579,16,20,baixo_baixo,False,0.0,0.0,-0.0030674673349189163,True
05628919000148,0.4752235326069274,0.3702682391283129,0.6667056553014796,0.9301713550500028,0.1666666666666666,3.3306690738754695e-17,0.7369238823875299,0.4959981119696097,6,6,hhi_alto,False,0.1105553264081412,0.05496503430865,0.1810270905453044,0.5835741734684156,0.0588235294117647,0.0,0.7204895040030009,0.4738456773230483,17,17,baixo_baixo,False,-0.3646682061987862,-0.3153032048196629,-0.01643437838452899,False
05658440000154,0.2731562698139359,0.1520156481162586,0.4416656507040398,0.8797686096914825,0.1428571428571428,0.0,0.5728444351603939,0.6391801646146622,7,7,baixo_baixo,False,0.1831730671293053,0.1529202177637241,0.3530412227309999,0.7084814008049749,0.0405827263267429,0.0050487532277334,0.5048318534153519,0.6741462086436116,28,31,baixo_baixo,False,-0.08998320268463061,0.0009045696474655196,-0.06801258174504199,True
05722202000160,0.2319907201564207,0.0399884001955258,0.3382946043808304,0.896307361254536,0.2,3.4694469519536136e-17,0.4696721259334421,0.4763191597224495,5,5,baixo_baixo,False,0.5027058207246798,0.4032469848696158,0.6934757708234122,0.9207673516230268,0.1666666666666666,3.3306690738754695e-17,0.7996385289443353,0.814325636248243,6,6,hhi_alto,False,0.27071510056825915,0.36325858467409,0.3299664030108932,False
05774805000106,0.8346137258358182,0.8180750984194,0.9121152275166922,0.9844906207001132,0.0972222222222222,0.0069444444444444,0.8165240881631866,0.9761414089606952,11,12,hhi_alto,False,0.7516847269967174,0.732583552150311,0.8650451995127633,0.9570643826109336,0.078125,0.0072115384615384,0.8585475708013649,0.9804170421762144,14,16,hhi_alto,False,-0.08292899883910076,-0.08549154626908895,0.042023482638178344,True
05806495000164,0.1690874647153222,0.0859962111868544,0.2622620680760102,0.7407661480699492,0.0909090909090909,0.0,0.5324285929072026,0.5555038771386962,11,11,baixo_baixo,False,0.144253618095184,0.072941419603116,0.2331868024555635,0.6750246408189777,0.0844444444444444,0.0081481481481481,0.517040932423675,0.5514262094616718,13,15,baixo_baixo,False,-0.02483384662013821,-0.013054791583738401,-0.015387660483527577,True
05921795000194,0.2123126413439159,0.1138517215119054,0.3677197768112006,0.7553601039862381,0.1111111111111111,0.0,0.4880178479336215,0.528599657058187,9,9,baixo_baixo,False,0.1851910042257085,0.0946566713618983,0.2698224799072409,0.762084985890447,0.1,3.0839528461809905e-17,0.4966941503113775,0.4946211345603866,10,10,baixo_baixo,False,-0.027121637118207392,-0.019195050150007095,0.008676302377755962,True
06068089000104,0.2702044706251107,0.1659479664286979,0.3565908741633898,0.8999027391421024,0.125,0.0,0.4557136563241857,0.4756578988951858,8,8,baixo_baixo,False,0.1743047896477719,0.0917352686125491,0.2598089034134956,0.7496547571435224,0.0909090909090909,0.0,0.4086982023024631,0.4526584386460356,11,11,baixo_baixo,False,-0.09589968097733881,-0.07421269781614881,-0.04701545402172258,True
06069513000135,0.444430974282653,0.3333171691391836,0.6325034568995745,0.9698968553792002,0.1666666666666666,3.3306690738754695e-17,0.2287503835297314,0.4101473974484931,6,6,hhi_alto,False,0.1578832988488222,0.0813272351078061,0.2287215793681896,0.7284634329218781,0.0833333333333333,1.5139404881252137e-17,0.2313159181048028,0.4700264349634619,12,12,baixo_baixo,False,-0.28654767543383075,-0.2519899340313775,0.0025655345750713876,False
06073250000138,0.0889124236011529,0.0613037091648242,0.2079950478721708,0.4804428956667572,0.0437317784256559,0.0147539535294637,0.704445634780092,0.8634479012931446,34,49,baixo_baixo,False,0.0592827889649124,0.0379028523504786,0.1266689692551232,0.4011478888981781,0.0337499999999999,0.0117897727272727,0.7546224163408504,0.9150843590209512,45,80,baixo_baixo,False,-0.029629634636240493,-0.023400856814345602,0.05017678156075833,True
06079623000188,0.2480753515207981,0.221220899789398,0.4480197507298561,0.7601600814074373,0.0344827586206896,0.0,0.9447517821024632,0.5643287789202978,29,29,oculta,True,0.3638973790678367,0.3500690612214853,0.580684859979361,0.8142079587247715,0.0212765957446808,0.0,0.9702291676009984,0.7406356689692495,47,47,oculta,True,0.1158220275470386,0.1288481614320873,0.025477385498535177,True
06089125000116,0.0357033605962143,0.0258635989696451,0.1030154487237133,0.2968465920411749,0.0203402646502835,0.0103437367385517,0.8812371017135148,0.9937040088308216,99,230,baixo_baixo,False,0.0335400804353346,0.0249109740106501,0.0878935918738629,0.2943584566242411,0.0203510802469135,0.0116042148919753,0.895110329548111,0.9949003069297092,113,288,baixo_baixo,False,-0.002163280160879695,-0.0009526249589949971,0.013873227834596213,True
06091010000166,0.1994409016117536,0.1104898906797262,0.2957226403104924,0.8444793143418974,0.1,3.0839528461809905e-17,0.9034501818811744,0.4060703352497573,10,10,baixo_baixo,False,0.1994409016117536,0.1104898906797262,0.2957226403104924,0.8444793143418974,0.1,3.0839528461809905e-17,0.8974097065257162,0.4014183565818778,10,10,baixo_baixo,False,0.0,0.0,-0.0060404753554582635,True
06129491000151,0.0729521421665532,0.0527989278658261,0.1613183034787663,0.4566699752013545,0.0249928181557023,0.0037970098547393,0.4837126848389405,0.6059552588473939,47,59,baixo_baixo,False,0.0611871667941129,0.0450007386353907,0.1452237662191604,0.4111085492954034,0.0216286834083321,0.0047602124326137,0.4857820620512549,0.6331391415118414,59,83,baixo_baixo,False,-0.011764975372440298,-0.007798189230435404,0.002069377212314427,True
06216559000130,0.2933175184982323,0.1755371049146043,0.392231382986505,0.9060278978261498,0.256198347107438,0.1322314049586776,0.700948740167898,0.4410131896428937,7,11,baixo_baixo,False,0.2933175184982323,0.1755371049146043,0.392231382986505,0.9060278978261498,0.256198347107438,0.1322314049586776,0.6980677381367102,0.4377580532049834,7,11,baixo_baixo,False,0.0,0.0,-0.002881002031187796,True
06217954000137,0.1032503169327012,0.0605479510723536,0.2258387202460051,0.5262255286477767,0.0815999999999999,0.0378666666666666,0.9708596673894112,0.4060703352497573,22,50,oculta,True,0.0984433670617537,0.0637681119487442,0.2202284687608869,0.5131531132958504,0.0667674477198286,0.0308738880167451,0.9649872861922684,0.4021912234293125,27,63,oculta,True,-0.0048069498709474995,0.0032201608763905987,-0.00587238119714284,True
06231312000192,0.0792269291918286,0.0705403907879779,0.180987858665266,0.4592072926217634,0.0202120404240808,0.0109687577865721,0.932237324503662,0.9879211216820744,107,254,oculta,True,0.080912857644708,0.0731239835569513,0.1895025644510235,0.5004556169908854,0.0189858981067772,0.0106722192771736,0.9413967347445628,0.984175560044108,119,273,oculta,True,0.0016859284528794038,0.0025835927689733945,0.009159410240900723,True
06698248000154,0.2601619457183006,0.2166420601723183,0.4360456536158948,0.8671941389645922,0.0581717451523545,0.002770083102493,0.965799050977675,0.6410847717621795,18,19,oculta,True,0.2601619457183006,0.2166420601723183,0.4360456536158948,0.8671941389645922,0.0581717451523545,0.002770083102493,0.96807725894103,0.6495923007653852,18,19,oculta,True,0.0,0.0,0.0022782079633549834,True
06916689000185,0.4016904479158737,0.3418594927074612,0.4915881081559383,0.9494816749608506,0.1005917159763313,0.0106508875739645,0.7884794187409289,0.6057177607153327,11,13,baixo_baixo,False,0.3046407757377057,0.2549722597189705,0.4193456642081207,0.9027906428885872,0.074792243767313,0.0087059754649782,0.754388945924577,0.6366906759592833,15,19,baixo_baixo,False,-0.09704967217816801,-0.08688723298849071,-0.03409047281635191,True
07095193000150,0.2290935805095407,0.0749122966114488,0.333102157822414,0.8835948602463466,0.183673469387755,0.0204081632653061,0.8385029343930206,0.6430402248280331,6,7,baixo_baixo,False,0.2179359908970184,0.0875919893798548,0.3194859927752284,0.8782734924056415,0.1851851851851851,0.0493827160493827,0.8294076607045411,0.6351120770120199,7,9,baixo_baixo,False,-0.011157589612522306,0.012679692768405998,-0.00909527368847951,True
07104377000130,0.0640171443974405,0.047879508956017,0.1159808313089437,0.4082463323954813,0.029198044655833,0.0124600799085197,0.560306236708251,0.599225178386683,59,87,baixo_baixo,False,0.0640171443974405,0.047879508956017,0.1159808313089437,0.4082463323954813,0.029198044655833,0.0124600799085197,0.5578760753956208,0.6103944200947358,59,87,baixo_baixo,False,0.0,0.0,-0.0024301613126301858,True
07184109000175,0.1666666666666666,0.0277777777777778,0.2777777777777778,0.6666666666666667,0.1428571428571428,0.0,0.5134460787973817,0.4060703352497573,7,7,baixo_baixo,False,0.1666666666666666,0.0277777777777778,0.2777777777777778,0.6666666666666667,0.1428571428571428,0.0,0.4976311882155277,0.4014183565818778,7,7,baixo_baixo,False,0.0,0.0,-0.01581489058185398,True
07200263000193,0.2762076537473047,0.2205313194201743,0.4952545297670405,0.7536381938452689,0.0714285714285714,0.0,0.8078551652193363,0.4060703352497573,14,14,baixo_baixo,False,0.2762076537473047,0.2205313194201743,0.4952545297670405,0.7536381938452689,0.0714285714285714,0.0,0.799883702494012,0.4014183565818778,14,14,baixo_baixo,False,0.0,0.0,-0.00797146272532434,True
07222467000125,0.3813127327287878,0.3761136800626431,0.6150401734949625,0.6704288425505415,0.0248958333333333,0.0167016806722689,0.9507990905962695,0.7608232711960153,120,240,oculta,True,0.3546875640381353,0.3496851420539348,0.5925336160629678,0.6595039317441317,0.0345785123966942,0.0270946248958934,0.9472834224131522,0.7461831204236632,130,275,oculta,True,-0.026625168690652512,-0.026428538008708313,-0.0035156681831173264,True
07252975000156,0.3757384760920644,0.3341210411648687,0.5336495292866862,0.9650965435118316,0.0888468809073723,0.0281033396345305,0.8307609888006162,0.4146665175435104,16,23,baixo_baixo,False,0.790310842274614,0.7772052699167774,0.8862559727227495,0.9938369280283148,0.0833333333333333,0.0260416666666666,0.9718391840754572,0.402571133358301,17,24,critico,False,0.4145723661825496,0.4430842287519087,0.141078195274841,False
07276220000191,0.3184764291065315,0.2697961740427123,0.5013169407995317,0.88043208511229,0.1657142857142858,0.1061224489795919,0.7911083406654918,0.5332003163916597,15,35,baixo_baixo,False,0.2523808220862852,0.2224760549697366,0.4201395246190578,0.8029719381701659,0.1050347222222222,0.0692361111111111,0.7551494816505896,0.560258668499081,26,48,baixo_baixo,False,-0.0660956070202463,-0.047320119072975675,-0.035958859014902256,True
07314524000104,0.8150070577897639,0.7687588222372049,0.9003890967167955,0.9959696869004104,0.2,3.4694469519536136e-17,0.6311499031661064,0.4060703352497573,5,5,hhi_alto,False,0.8150070577897639,0.7687588222372049,0.9003890967167955,0.9959696869004104,0.2,3.4694469519536136e-17,0.6210944265631706,0.4014183565818778,5,5,hhi_alto,False,0.0,0.0,-0.01005547660293582,True
07343110000103,0.2454613305939943,0.1376700921074221,0.3056760897583449,0.930194948428782,0.1358024691358024,0.0123456790123456,0.8204311139638096,0.8288161663708498,8,9,baixo_baixo,False,0.2177612982991308,0.1199814605865221,0.2848175089664854,0.8667207444132824,0.12,0.01,0.8339213637711824,0.8429591696138123,9,10,baixo_baixo,False,-0.027700032294863508,-0.017688631520899986,0.01349024980737279,True
07381646000105,0.2137536495813311,0.1263929439792568,0.4042233995739118,0.7108804383741523,0.1074380165289256,0.0082644628099173,0.5217180766557891,0.7165164628776639,10,11,baixo_baixo,False,0.2065103867324994,0.1271614254057494,0.3970090779734852,0.6981930973956505,0.0972222222222222,0.0069444444444444,0.5084732698413353,0.7090548088862598,11,12,baixo_baixo,False,-0.0072432628488317,0.0007684814264926065,-0.013244806814453725,True
07420613000127,0.0811055686377711,0.0300558780065362,0.1310148134268217,0.4237019066223417,0.0578512396694214,0.0055096418732782,0.3802443042396181,0.6149309331924987,19,22,baixo_baixo,False,0.0682612665491312,0.0324251614164055,0.1441943746033198,0.3925766364475509,0.04,0.003076923076923,0.3881410900183186,0.640262868185085,27,30,baixo_baixo,False,-0.012844302088639903,0.0023692834098693015,0.00789678577870051,True
07460294000183,0.2130550209124448,0.185918987150805,0.3441083386961153,0.8266973512452559,0.0474799123447772,0.014634392080804,0.936457754797679,0.6727329192019137,30,37,oculta,True,0.2130550209124448,0.185918987150805,0.3441083386961153,0.8266973512452559,0.0474799123447772,0.014634392080804,0.9375086230167232,0.9100016058686352,30,37,oculta,True,0.0,0.0,0.0010508682190442098,True
07505809000114,0.5024755972635813,0.3780944965794765,0.6717307723072165,0.9916812866276684,0.2,3.4694469519536136e-17,0.8654445719105418,0.5028701175260561,5,5,hhi_alto,False,0.5024755972635813,0.3780944965794765,0.6717307723072165,0.9916812866276684,0.2,3.4694469519536136e-17,0.8589501289240367,0.4978923189548285,5,5,hhi_alto,False,0.0,0.0,-0.0064944429865051445,True
07556356000155,0.1434265613825254,0.0720454414977359,0.2915104214975685,0.5996574150253144,0.1,0.025,0.1702358575154335,0.5264279971756131,13,20,baixo_baixo,False,0.3123944932120311,0.2632798141557476,0.5326690169444145,0.7878085272213043,0.104,0.04,0.2957211830691202,0.7372067980078557,15,25,baixo_baixo,False,0.1689679318295057,0.1912343726580117,0.12548532555368672,True
07556717000163,0.3008538543491688,0.2758843491473534,0.5134308768138903,0.7751371029445423,0.0516581632653061,0.0177888119533527,0.886045715932183,0.8627510225920484,29,56,baixo_baixo,False,0.2574294287333732,0.2362131266971838,0.4735926027613859,0.7149924452508009,0.0408587257617728,0.0134546893549663,0.8765941565007624,0.8644980587729035,36,76,baixo_baixo,False,-0.04342442561579557,-0.039671222450169574,-0.009451559431420509,True
07581720000137,0.4950200283405096,0.368775035425637,0.5712266863557255,0.9973981642181604,0.2,3.4694469519536136e-17,0.9607708221619806,0.984622771719408,5,5,critico,False,0.4943338669093807,0.3679173336367259,0.5708268548211075,0.9973999853795632,0.2222222222222222,0.0277777777777778,0.95775567774553,0.985686397597168,5,6,critico,False,-0.0006861614311289288,-0.0008577017889110916,-0.003015144416450566,True
07633040000110,0.1775968980088783,0.1227700245428036,0.2597339181848547,0.7580983737020446,0.0625,0.0,0.7264498576696546,0.5839647813542882,16,16,baixo_baixo,False,0.4137521892757376,0.3858356268602965,0.6066855617616507,0.9203851886366452,0.0454545454545454,0.0,0.9649523746812187,0.9306255354813936,22,22,critico,False,0.2361552912668593,0.2630656023174929,0.2385025170115641,False
07676836000150,0.1477798037459189,0.0260340614239073,0.1671005729747588,0.6593919668856904,0.125,0.0,0.597215374190791,0.4060703352497573,8,8,baixo_baixo,False,0.1477798037459189,0.0260340614239073,0.1671005729747588,0.6593919668856904,0.125,0.0,0.5864198557494631,0.4014183565818778,8,8,baixo_baixo,False,0.0,0.0,-0.010795518441327867,True
07690399000129,0.1991332892954044,0.1375281577027432,0.4064975442508588,0.6353657061701152,0.0714285714285714,0.0,0.6930713251149978,0.4927594221456594,14,14,baixo_baixo,False,0.1855298357840581,0.1273533954829193,0.3907840960567235,0.6108051983652438,0.0666666666666666,0.0,0.6893300887655639,0.5118641655997138,15,15,baixo_baixo,False,-0.013603453511346286,-0.010174762219823913,-0.0037412363494339074,True
07711512000105,0.2717535862607264,0.1261043035128717,0.4362601639623044,0.887511090232362,0.1666666666666666,3.3306690738754695e-17,0.7900951747580256,0.4060703352497573,6,6,baixo_baixo,False,0.2163329460230402,0.0857217703602136,0.362948140188609,0.8209950741549498,0.1428571428571428,0.0,0.8182054539567298,0.4986937017566896,7,7,baixo_baixo,False,-0.05542064023768617,-0.04038253315265809,0.028110279198704236,True
07720960000175,0.3274644833794522,0.1593306042243152,0.3950641384007295,0.9871975926367312,0.2222222222222222,0.0277777777777778,0.6546731021655591,0.8564372626722416,5,6,baixo_baixo,False,0.5281098257189031,0.4606969436787463,0.6811741135355268,0.975748440451612,0.1358024691358024,0.0123456790123456,0.9245234225838944,0.5572030841878752,8,9,critico,False,0.20064534233945086,0.30136633945443114,0.26985032041833534,False
07733475000136,0.1664371952789773,0.0275100611588069,0.2475897740302699,0.7246621334805354,0.1604938271604938,0.0205761316872427,0.5533683210794129,0.4717192628830839,7,9,baixo_baixo,False,0.1664371952789773,0.0275100611588069,0.2475897740302699,0.7246621334805354,0.1604938271604938,0.0205761316872427,0.5394896511825826,0.4675897901751127,7,9,baixo_baixo,False,0.0,0.0,-0.013878669896830287,True
07742778000115,0.3054746415691896,0.2707483736476491,0.4915742846289668,0.9213978655699644,0.0476190476190476,0.0,0.9438927637998408,0.5365071047469726,21,21,oculta,True,0.3054746415691896,0.2707483736476491,0.4915742846289668,0.9213978655699644,0.0476190476190476,0.0,0.9413545095839524,0.5444887732782366,21,21,oculta,True,0.0,0.0,-0.0025382542158883803,True
07748322000162,0.1556972846782701,0.1189884709686296,0.2983974935605199,0.6817553845931323,0.0487514863258026,0.0073928552964896,0.6656261205341463,0.5175120138349509,24,29,baixo_baixo,False,0.1405336350278597,0.107477236375085,0.2815052350785706,0.643161266255901,0.0462962962962963,0.0096153846153846,0.640046447759926,0.5201196432003223,27,36,baixo_baixo,False,-0.015163649650410393,-0.011511234593544611,-0.02557967277422024,True
07750478000188,0.1500675564954031,0.1416523837874368,0.3596881474035717,0.5516248051047383,0.0288594833018273,0.0192442306612513,0.7747827528399954,0.6657768622240678,102,345,baixo_baixo,False,0.1064508460789678,0.0988136738232325,0.2760872749143984,0.5190843041309661,0.0258421639194872,0.0175160285683717,0.7855307293864309,0.6451354337978776,118,403,baixo_baixo,False,-0.04361671041643529,-0.0428387099642043,0.010747976546435445,True
07777639000127,0.2939037532057384,0.269555606764557,0.519381063712671,0.744576853224316,0.0401662049861495,0.0070684879167064,0.8653640443411581,0.4506511885987658,30,38,baixo_baixo,False,0.2128447299811737,0.1903545794092073,0.4263675793739561,0.6843709144801562,0.0477069867651585,0.0204986149584487,0.8532229011687961,0.4803079098475346,36,57,baixo_baixo,False,-0.08105902322456471,-0.07920102735534967,-0.012141143172362034,True
07789410000102,0.1992918160874177,0.0992032930983449,0.3187749042893976,0.8186186420814126,0.1111111111111111,0.0,0.6733247419259863,0.9098277530449472,9,9,baixo_baixo,False,0.1146318514293385,0.051391269388577,0.2074573743898511,0.5899569084211391,0.0666666666666666,0.0,0.6503027688471582,0.9351119609088118,15,15,baixo_baixo,False,-0.08465996465807919,-0.0478120237097679,-0.02302197307882814,True
07804588000185,0.0426748605716216,0.0272341325163252,0.0783953609524986,0.2926619270059584,0.0171428571428571,0.0012903225806451,0.7604262925066764,0.536004936579939,63,70,baixo_baixo,False,0.0398548615689026,0.0250833979007318,0.0709743429628461,0.264958126694183,0.0163257646838055,0.0011923149097102,0.7587790227457927,0.5212074830619736,66,73,baixo_baixo,False,-0.0028199990027190022,-0.0021507346155934005,-0.0016472697608836961,True
07821223000169,0.093583476523909,0.0661163091458456,0.2115179140302109,0.510528296277897,0.0439111111111111,0.0149387205387205,0.961644783284128,0.994944457783577,34,75,oculta,True,0.0920864801459365,0.064573949241268,0.204965691186822,0.5138057593418189,0.0434225284409549,0.0144353323331051,0.9656509837756728,0.9955457806882024,34,79,oculta,True,-0.001496996377972501,-0.0015423599045776004,0.004006200491544876,True
07852676000152,0.3414560344163453,0.1219413792217937,0.4345664318963931,1.0,0.28,0.04,0.7466817769278378,0.4060703352497573,4,5,baixo_baixo,False,0.216840102191779,0.0602081226301348,0.3086345252656199,0.8809821855839213,0.183673469387755,0.0204081632653061,0.7196699121463827,0.4014183565818778,6,7,baixo_baixo,False,-0.12461593222456632,-0.061733256591658896,-0.02701186478145512,True
07854402000100,0.1693327211584478,0.1204699400501212,0.321719443197428,0.7161501834220071,0.0581717451523545,0.002770083102493,0.91788755691112,0.5490157077006703,18,19,baixo_baixo,False,0.5188750177686928,0.5016919826890033,0.7087077801768494,0.9138210131350516,0.0355555555555555,0.0011111111111111,0.9844860122317454,0.4195767241545951,29,30,critico,False,0.34954229661024505,0.3812220426388821,0.06659845532062536,False
07861703000153,0.1602035968821784,0.040232682151061,0.2298808417114668,0.7262108579606806,0.125,0.0,0.3143511534109195,0.4150741752687862,8,8,baixo_baixo,False,0.859037816364266,0.849640337455217,0.9263971979989856,0.9686388052691012,0.07,0.008,0.968694349547853,0.4185675181958523,16,20,critico,False,0.6988342194820876,0.809407655304156,0.6543431961369335,False
07868234000102,0.1238393628964226,0.0972890405599506,0.234992966044036,0.592690354031057,0.0314097881665449,0.0020585696261371,0.7936215184493877,0.8654968017277158,34,37,baixo_baixo,False,0.1067381235493205,0.0819252936479127,0.1873229060218038,0.5879109265155775,0.02875,0.0017708333333333,0.8239866300145706,0.8585036501699371,37,40,baixo_baixo,False,-0.0171012393471021,-0.015363746912037887,0.030365111565182956,True
07900983000161,0.6419200751631676,0.5703040901958012,0.775106238249786,0.9938342909208654,0.1666666666666666,3.3306690738754695e-17,0.9671307340812824,0.4079658191038337,6,6,critico,False,0.589356084284604,0.5209154316653712,0.7417923605956439,0.9846909238533808,0.15625,0.015625,0.9567551431266462,0.4032262671745124,7,8,critico,False,-0.05256399087856367,-0.04938865853042995,-0.010375590954636138,True
07918201000111,0.2501375534950018,0.1001650641940021,0.3835531993588953,0.9124994794094564,0.1666666666666666,3.3306690738754695e-17,0.8202379351823947,0.4060703352497573,6,6,baixo_baixo,False,0.2501375534950018,0.1001650641940021,0.3835531993588953,0.9124994794094564,0.1666666666666666,3.3306690738754695e-17,0.8164026613009546,0.4964511224611647,6,6,baixo_baixo,False,0.0,0.0,-0.0038352738814401155,True
08013657000103,0.07696447590063,0.0192747556444193,0.0927024664762978,0.3647934615334969,0.0637119113573407,0.0051939058171745,0.6815143914325855,0.7318995231905203,17,19,baixo_baixo,False,0.062659830420859,0.0133261372851147,0.0741920706179064,0.2925497246865549,0.0537190082644628,0.0039147455415397,0.6838318764738117,0.7355609997151484,20,22,baixo_baixo,False,-0.014304645479771005,-0.005948618359304601,0.002317485041226197,True
08036438000131,0.2129036257825511,0.1473122612644303,0.3686203244835805,0.8222576525151897,0.0859375,0.0097656249999999,0.9255279725218076,0.4351369278441478,13,16,oculta,True,0.1903433434856538,0.1325107251632005,0.3459165530052657,0.771613809517238,0.074074074074074,0.0079365079365079,0.9127003930363684,0.4289812667690189,15,18,baixo_baixo,False,-0.0225602822968973,-0.014801536101229806,-0.012827579485439222,False
08046438000112,0.1103334554134004,0.0361945766978504,0.1420992881201408,0.5564241374541898,0.0839002267573695,0.0075585789871503,0.7247245191546915,0.4658480780029203,13,21,baixo_baixo,False,0.1103334554134004,0.0361945766978504,0.1420992881201408,0.5564241374541898,0.0839002267573695,0.0075585789871503,0.7165949283123589,0.4619681628297856,13,21,baixo_baixo,False,0.0,0.0,-0.008129590842332557,True
08082743000160,0.4144598116729677,0.3900623038260081,0.5811716365812608,0.9282443987953763,0.07421875,0.03564453125,0.9325152012233184,0.4223730682574429,25,32,critico,False,0.2688891467721035,0.2453049257002358,0.453650636596586,0.8425890711493331,0.0545693622616699,0.0240715997539818,0.9212853801134236,0.4575027211198882,32,39,baixo_baixo,False,-0.14557066490086418,-0.1447573781257723,-0.011229821109894789,False
08083086000175,0.0462121524735646,0.0384577797294472,0.1697049353789952,0.329644591229275,0.0251558956916099,0.0172303338679645,0.8820879120197112,0.614847622259187,124,336,baixo_baixo,False,0.0476361104617026,0.0401371821976215,0.1762274624433163,0.3319876774745685,0.0248983611524961,0.0172203954922795,0.8791748879620275,0.624037612460018,128,398,baixo_baixo,False,0.0014239579881380054,0.0016794024681743014,-0.0029130240576836774,True
08184785000101,0.1465063465136484,0.1266576568976867,0.2926916511468691,0.6418778348579292,0.0361159169550172,0.0137000080469944,0.7138835119655679,0.7797646379241707,44,136,baixo_baixo,False,0.1069762026947412,0.0952258895723036,0.2485449585518288,0.5450633772264609,0.0193466678312516,0.0064433345132417,0.676275802673072,0.7985095034885483,77,214,baixo_baixo,False,-0.03953014381890721,-0.03143176732538311,-0.037607709292495906,True
08184821000137,0.1752032433638312,0.1717949923033511,0.3720043570047529,0.652065119791993,0.0122871519520571,0.0082056939022722,0.9666734997285448,0.7867567452074637,243,623,oculta,True,0.1580119491559888,0.1550048489744031,0.3527757237896781,0.6183603505205303,0.0109795819291323,0.0074473661503077,0.9629733234099376,0.792244746792191,281,729,oculta,True,-0.017191294207842406,-0.016790143328948015,-0.0037001763186071956,True
08259606000158,0.0559971384081243,0.0463644561469827,0.1098834598462593,0.3781139498786756,0.0313111412580357,0.0214265610667911,0.9659228209117778,0.998047999603114,99,383,oculta,True,0.0596051781189033,0.0517027006241042,0.1280863478155815,0.4016670427654157,0.0289015146121387,0.0207410231382911,0.9659877764144604,0.6524547927970613,120,459,oculta,True,0.0036080397107789985,0.005338244477121501,6.495550268259542e-05,True
08281643000162,0.1837223322981178,0.1780928311415532,0.3767981144833859,0.6600547897875068,0.0179083855882665,0.0111353399716339,0.9451747079462748,0.6528844757371383,146,388,oculta,True,0.1257504698962669,0.120838955682201,0.2443781667367134,0.6168004184782239,0.018202604069769,0.0126868883622958,0.9461758920841516,0.6406902501093235,179,609,oculta,True,-0.0579718624018509,-0.05725387545935219,0.0010011841378768649,True
08289417000128,0.0469085232928803,0.0376552079850442,0.1297170255502526,0.3380536986671166,0.0294398979700286,0.0200169843580872,0.9405662219886836,0.997093238767389,104,291,oculta,True,0.0431229878178362,0.0345024741945734,0.1196698226469604,0.3139033966927166,0.0279787978414439,0.0192218500742497,0.9443143092439508,0.997456224995069,112,323,oculta,True,-0.003785535475044094,-0.0031527337904708047,0.0037480872552672073,True
08311485000146,0.3722451412897317,0.2825658757596933,0.5024395805142277,0.940250823357935,0.125,0.0,0.9173746244838884,0.428888549546323,8,8,baixo_baixo,False,0.2213598909814727,0.1564732152299287,0.3549126524213759,0.8514657416373924,0.0816326530612245,0.0051020408163265,0.9102789962974804,0.6674315112073815,13,14,baixo_baixo,False,-0.15088525030825897,-0.12609266052976456,-0.007095628186407965,True
08325807000106,0.1963686101422545,0.0356423321707054,0.2489240914903989,0.8176778646789757,0.1666666666666666,3.3306690738754695e-17,0.6097555086520579,0.807343379642629,6,6,baixo_baixo,False,0.1558862390154337,0.0352985588747813,0.220494516659976,0.7052154660463053,0.14,0.0171428571428571,0.6256106193972643,0.7595007245978418,8,10,baixo_baixo,False,-0.04048237112682082,-0.00034377329592410327,0.015855110745206402,True
08345495000100,0.0466777859558321,0.0344557062885991,0.1024264452500322,0.3391467038392835,0.0316050837471593,0.0191897643080203,0.8791282642937134,0.8872711014462947,79,218,baixo_baixo,False,0.048530945236856,0.0384089340159715,0.1281618412861472,0.3349396950394087,0.0319281529196612,0.0216295162485938,0.8815456684176547,0.9019170170289332,95,293,baixo_baixo,False,0.0018531592810238987,0.003953227727372402,0.0024174041239413135,True
08351513000159,0.1131710068936219,0.0825906967865054,0.2833231679444606,0.4617329905595223,0.0416326530612245,0.0085855031667839,0.8594043173335708,0.4508325393988477,30,35,baixo_baixo,False,0.1098455024112224,0.0811308411986812,0.2789711136791404,0.4546404289254609,0.0387143900657414,0.0077051768420556,0.857498975616579,0.5793310492023505,32,37,baixo_baixo,False,-0.0033255044823995022,-0.0014598555878241881,-0.0019053417169918596,True
08361788000173,0.8420220751967542,0.810426490236105,0.916426511617728,0.9875098119693436,0.1666666666666666,3.3306690738754695e-17,0.9499514075175222,0.4263969754139855,6,6,critico,False,0.8119065888758801,0.7805576870218601,0.8997044546706477,0.9809460632178983,0.1428571428571428,0.0,0.938117246613524,0.4215007876186165,7,7,critico,False,-0.03011548632087413,-0.0298688032142449,-0.011834160903998137,True
08418330000103,0.8599246886767874,0.8554061302470063,0.927021052288811,0.9611182710127976,0.0436390532544378,0.0127887001336133,0.9874596090231016,0.9285699651430152,32,52,critico,False,0.8596210237862683,0.8552341807795891,0.9268573417206464,0.960948538925449,0.0423638305446778,0.012437700249199,0.9869725273490196,0.9280167164451892,33,53,critico,False,-0.0003036648905191397,-0.0001719494674171651,-0.00048708167408195724,True
08418353000118,0.0931025034197661,0.0233411575289789,0.1550886525510144,0.4815270028730173,0.0714285714285714,0.0,0.5880769621422564,0.6070072169065092,14,14,baixo_baixo,False,0.0931025034197661,0.0233411575289789,0.1550886525510144,0.4815270028730173,0.0714285714285714,0.0,0.5744281523950275,0.6039268212765854,14,14,baixo_baixo,False,0.0,0.0,-0.013648809747228818,True
08434600000170,0.3829968389168562,0.2801629787363322,0.5718658698240516,0.9339784066017738,0.1428571428571428,0.0,0.6522832653630853,0.7847648273990917,7,7,baixo_baixo,False,0.3829968389168562,0.2801629787363322,0.5718658698240516,0.9339784066017738,0.1428571428571428,0.0,0.7039125069060628,0.8645031848393393,7,7,hhi_alto,False,0.0,0.0,0.05162924154297743,False
08438054000145,0.0464805092865066,0.0266155198966422,0.118402245451753,0.3054520476591916,0.0369524321418973,0.0168889411448535,0.9211983711802308,0.9967262828609068,49,122,baixo_baixo,False,0.0491741008623153,0.0333270025433539,0.1155343935737764,0.3413599525889622,0.0318549001676573,0.0157191485037849,0.93282749302361,0.997448014710101,61,162,oculta,True,0.0026935915758087015,0.006711482646711699,0.011629121843379164,False
08451635000117,0.7123836760751132,0.616511568100151,0.8345562477715486,1.0,0.28,0.04,0.956715091875241,0.4276036914163427,4,5,critico,False,0.4599071471946372,0.3998968302162636,0.661442952097452,0.8996995840313811,0.1074380165289256,0.0082644628099173,0.9171281342098332,0.458383784066831,10,11,hhi_alto,False,-0.252476528880476,-0.21661473788388735,-0.03958695766540776,False
08451643000163,0.4958839072141536,0.445472297935569,0.6940314641796204,0.8619271421191541,0.0909090909090909,0.0,0.8640400926695048,0.4060703352497573,11,11,hhi_alto,False,0.4958839072141536,0.445472297935569,0.6940314641796204,0.8619271421191541,0.0909090909090909,0.0,0.857380903092816,0.4014183565818778,11,11,hhi_alto,False,0.0,0.0,-0.006659189576688762,True
08543762000146,0.1740018622421327,0.110463543953066,0.3396462838783894,0.692292022957666,0.0986121256391526,0.0292745968421644,0.9600068362708004,0.9976142275827103,14,37,oculta,True,0.1599966084155471,0.0999963661595147,0.3236936878090654,0.6597762689851802,0.0933967876264128,0.0286394153140137,0.961812408370334,0.9978847480600392,15,41,oculta,True,-0.0140052538265856,-0.010467177793551302,0.0018055720995335811,True
08565566000172,0.5347406898515267,0.3796542531353689,0.6874110882926259,1.0000000000000002,0.3061224489795918,0.0748299319727891,0.8972581863327268,0.8450966899062057,4,7,hhi_alto,False,0.5347406898515267,0.3796542531353689,0.6874110882926259,1.0000000000000002,0.3061224489795918,0.0748299319727891,0.8917313907133709,0.8399848308005002,4,7,hhi_alto,False,0.0,0.0,-0.005526795619355873,True
08595042000124,0.1011753714677308,0.0946621495218448,0.1919588960831009,0.559486888685553,0.0214880075822042,0.014397340970481,0.9303489053284127,0.6133461623971997,139,443,oculta,True,0.0744375030475071,0.068652737441554,0.1612226248013577,0.4754262304026648,0.0190939847621077,0.0129633221668709,0.9285363862116702,0.6492081074702724,161,548,oculta,True,-0.0267378684202237,-0.02600941208029081,-0.001812519116742517,True
08595187000125,0.1697377119855651,0.1520725569214281,0.387599826386003,0.5697384284532409,0.021914648212226,0.0011043215784436,0.8460042787614849,0.5583862476816899,48,51,baixo_baixo,False,0.1697377119855651,0.1520725569214281,0.387599826386003,0.5697384284532409,0.021914648212226,0.0011043215784436,0.8529618770474016,0.5896476318844958,48,51,baixo_baixo,False,0.0,0.0,0.0069575982859166885,True
08638248000194,0.1694270760841464,0.0771411956490515,0.2562838836865451,0.753244619681288,0.1074380165289256,0.0082644628099173,0.7132259334647487,0.7742885211644868,10,11,baixo_baixo,False,0.1694270760841464,0.0771411956490515,0.2562838836865451,0.753244619681288,0.1074380165289256,0.0082644628099173,0.7082694831480477,0.7717163133932804,10,11,baixo_baixo,False,0.0,0.0,-0.004956450316701,True
08674396000164,0.2810666604762264,0.101333325595283,0.44200668807257,0.9196811451702936,0.2,3.4694469519536136e-17,0.8825574142375728,0.6977979660072107,5,5,baixo_baixo,False,0.2810666604762264,0.101333325595283,0.44200668807257,0.9196811451702936,0.2,3.4694469519536136e-17,0.8765668424703839,0.6921640567376064,5,5,baixo_baixo,False,0.0,0.0,-0.005990571767188979,True
08677428000185,0.286480521925581,0.1972905871662786,0.4448955794007448,0.9526497772566268,0.12,0.01,0.8965816495473397,0.915092087420148,9,10,baixo_baixo,False,0.2843660667502189,0.204851185278021,0.4432399022055528,0.9491044947583536,0.1074380165289256,0.0082644628099173,0.8919183737238084,0.9127246007117712,10,11,baixo_baixo,False,-0.0021144551753620733,0.007560598111742395,-0.00466327582353121,True
08677960000100,0.8275330138650671,0.8059746405982006,0.9087742622829672,0.972530070517984,0.1111111111111111,0.0,0.9781952587760456,0.4182254625053385,9,9,critico,False,0.7819086259577629,0.7637343447875764,0.8832404136212818,0.9452048736344788,0.0769230769230769,1.503427012513233e-17,0.9689389169430526,0.4149376570963597,13,13,critico,False,-0.045624387907304165,-0.04224029581062416,-0.009256341832993065,True
08678243000195,0.1105042674228687,0.0363796230414411,0.1926044058957513,0.5255380235058504,0.0816326530612245,0.0051020408163265,0.5940195491839819,0.6306116068760026,13,14,baixo_baixo,False,0.1516303763370757,0.0986072748581429,0.3368223882705081,0.570688945308533,0.0617283950617283,0.0030864197530864,0.6721158623404794,0.5967682335456392,17,18,baixo_baixo,False,0.04112610891420701,0.0622276518167018,0.07809631315649745,True
08682079000190,0.3632841950496655,0.2359410340595986,0.5345348802784238,0.9471851513154552,0.1666666666666666,3.3306690738754695e-17,0.7099783905071889,0.4569689331895351,6,6,baixo_baixo,False,0.2697217069855563,0.1653962365549215,0.4307451591940778,0.9102187793826392,0.125,0.0,0.6876859989287651,0.4912572797814442,8,8,baixo_baixo,False,-0.09356248806410922,-0.0705447975046771,-0.022292391578423776,True
08690876000119,0.5015759629747975,0.3354346172997299,0.6692485323761538,1.0,0.34375,0.125,0.6347216828700504,0.9411689358439,4,8,hhi_alto,False,0.4746150495437404,0.2994867327249872,0.6424590167097224,1.0,0.36,0.1466666666666666,0.6211178415684155,0.9392882645153672,4,10,hhi_alto,False,-0.026960913431057054,-0.03594788457474268,-0.013603841301634834,True
08692266000154,0.0350404412190425,0.0261056304895892,0.0919669289607372,0.2715928808061687,0.0257227891156462,0.01670170382968,0.892793516221894,0.9947594527886912,109,336,baixo_baixo,False,0.1464904049246971,0.1396072630289285,0.3640240312409347,0.499932652190894,0.0237906825744663,0.0159180267887765,0.920121099954098,0.9687133931007748,125,444,baixo_baixo,False,0.11144996370565459,0.11350163253933931,0.02732758373220401,True
08712299000119,0.4530264905866759,0.343631788704011,0.6415884703985516,0.9706753969748464,0.24,0.088,0.6607101737507721,0.4632535221443311,6,10,hhi_alto,False,0.2422562838263089,0.1475383193045976,0.4105742017068938,0.8201214546917683,0.1555555555555555,0.05,0.6226666628955165,0.5300386605097828,9,15,baixo_baixo,False,-0.21077020676036698,-0.1960934693994134,-0.03804351085525559,False
08715618000140,0.4421933374855473,0.4345521503278151,0.6583685117607544,0.7929009892379357,0.014375,0.0008732876712328,0.9643642931567896,0.4880517502445144,74,80,critico,False,0.3229005536644615,0.3169085231659169,0.5609107398270353,0.677956126112949,0.010689990281827,0.001935034443613,0.952279171439791,0.5079715470202845,114,147,oculta,True,-0.11929278382108577,-0.11764362716189819,-0.012085121716998604,False
08774605000141,0.5863363855206722,0.4829204819008402,0.755608028335301,0.9574970484061393,0.2,3.4694469519536136e-17,0.5156302465005111,0.4948260166216629,5,5,hhi_alto,False,0.5863363855206722,0.4829204819008402,0.755608028335301,0.9574970484061393,0.2,3.4694469519536136e-17,0.4994605409509343,0.4904607572604503,5,5,hhi_alto,False,0.0,0.0,-0.016169705549576863,True
08806026000133,0.2649210515731701,0.2240833322161239,0.4677521146926395,0.7818632530158311,0.0725326991676575,0.0210067380103051,0.6221399352767976,0.9698411790739014,19,29,baixo_baixo,False,0.2324960512514027,0.1941208538139729,0.4069741473171423,0.7571020878212907,0.0725308641975308,0.0261574074074074,0.6379479789818501,0.973636760273476,21,36,baixo_baixo,False,-0.03242500032176737,-0.029962478402150994,0.01580804370505251,True
08806043000170,0.075577587679422,0.0457575098626291,0.1753350043992075,0.4620759828589152,0.0469678953626634,0.01622492424533,0.7144332727572473,0.9924085431670412,32,58,baixo_baixo,False,0.068455706393631,0.0402270914358623,0.1615733068749274,0.4258085533679929,0.04443359375,0.0154770359848484,0.7561731219691006,0.9943403381166444,34,64,baixo_baixo,False,-0.007121881285791012,-0.005530418426766805,0.04173984921185325,True
08857731000160,0.0813767748123973,0.0727915110255973,0.2188793880810772,0.4517335549444994,0.0228532235939643,0.0137210107303565,0.9585644097790436,0.987923127041532,108,270,oculta,True,0.0719829171396574,0.0638424164128123,0.1958718646178354,0.4244785973942618,0.0261771237156084,0.0176348177832891,0.9595989786500618,0.9911249552666458,115,326,oculta,True,-0.009393857672739897,-0.008949094612785008,0.001034568871018271,True
08858200000191,0.0406849545891778,0.0335789172157643,0.0989150441352366,0.3036662983597243,0.030263269578995,0.0230800345388394,0.9184078561274648,0.9841218608701094,136,752,baixo_baixo,False,0.0363496907844209,0.0298822390447191,0.0951246935694418,0.2859145681271057,0.0283142211673196,0.0217928401013284,0.9203357819626928,0.9862835950890296,150,935,baixo_baixo,False,-0.004335263804756899,-0.0036966781710452007,0.0019279258352280504,True
08931506000126,0.0800904713700612,0.0730682612278479,0.2534448043188386,0.3996800074587255,0.0083234244946492,0.0007533742999518,0.844865727482073,0.5007367600909387,132,145,baixo_baixo,False,0.0665548421474295,0.0603318744284123,0.2289056720605191,0.3609820330007549,0.007457722068555,0.000840773549012,0.8310789685234325,0.5026761399282952,151,169,baixo_baixo,False,-0.013535629222631698,-0.012736386799435603,-0.013786758958640455,True
08971900000198,0.062525730942346,0.0463623814758348,0.1660058404864645,0.4053480367108271,0.0371719273904497,0.0205714433799402,0.9005642129832211,0.9936591162810072,59,186,baixo_baixo,False,0.0623193674167622,0.0469475537678566,0.1658746060209251,0.4043633007808191,0.0361558071324799,0.0203550826592419,0.9056581332277256,0.9943097415199031,62,191,baixo_baixo,False,-0.00020636352558379284,0.0005851722920217975,0.005093920244504502,True
08999257000100,0.0339042336192498,0.0271007423067094,0.0857896407380965,0.2756609593243732,0.0144914264783315,0.0075512252563479,0.880504112936829,0.975551762955295,143,418,baixo_baixo,False,0.3161645961988894,0.3119948681269314,0.5098826988599324,0.7803116116446561,0.0140253748558246,0.0080133344586041,0.9592513981478072,0.5497846049949274,165,510,oculta,True,0.2822603625796396,0.284894125820222,0.07874728521097829,False
09008389000196,0.259327064772937,0.1358815755684265,0.3673778051323156,0.9399561532204004,0.1851851851851851,0.0493827160493827,0.6460899864745001,0.6126985337577034,7,9,baixo_baixo,False,0.259327064772937,0.1358815755684265,0.3673778051323156,0.9399561532204004,0.1851851851851851,0.0493827160493827,0.6724266797474129,0.6973385461037094,7,9,baixo_baixo,False,0.0,0.0,0.02633669327291277,True
09097711000109,0.2135984252533708,0.1873850394284831,0.4193218797432096,0.7158001665475635,0.032258064516129,0.0,0.9609360265909788,0.4301924018177596,31,31,oculta,True,0.2088227653751712,0.1833009190969509,0.4144751052241376,0.707526517650218,0.03125,0.0,0.9583305090691372,0.4277556758701664,32,32,oculta,True,-0.004775659878199612,-0.004084120331532215,-0.0026055175218415716,True
09105181000195,0.6822003924958278,0.576267189994437,0.8173266598878749,1.0,0.28,0.04,0.9724997081968264,0.823098578298243,4,5,critico,False,0.6580753896972164,0.5896904676366597,0.80255586845696,0.9840391000879865,0.183673469387755,0.0204081632653061,0.9666720153230702,0.8101784781432325,6,7,critico,False,-0.024125002798611406,0.01342327764222262,-0.005827692873756174,True
09129733000103,0.1327099863496872,0.0538654396542042,0.2240665035842954,0.5956216487496353,0.0833333333333333,1.5139404881252137e-17,0.960085773113874,0.4353696396377993,12,12,oculta,True,0.0574709147685087,0.0249699118294918,0.0865165666714696,0.3223143012109464,0.0343392299687825,0.0010405827263267,0.9735441042618194,0.7130303019208148,30,31,oculta,True,-0.0752390715811785,-0.0288955278247124,0.013458331147945368,True
09149617000148,0.2993361286734896,0.1592033544081875,0.4123199435199013,0.9927684033683808,0.183673469387755,0.0204081632653061,0.6331572507303562,0.5794404029078531,6,7,baixo_baixo,False,0.2264882308040132,0.1159865494903008,0.3476979884026853,0.856805178111934,0.1358024691358024,0.0123456790123456,0.59621809655242,0.5738747278575009,8,9,baixo_baixo,False,-0.07284789786947637,-0.04321680491788671,-0.03693915417793625,True
09240588000125,0.1347394649115696,0.1259102757780142,0.33277459810716,0.5371042731520607,0.0172723355357655,0.007244502224906,0.9528248315976112,0.9971196335492876,99,236,oculta,True,0.11737104797438,0.1091221792638602,0.3058558650581248,0.5145395008576924,0.0206810957308038,0.0115285826067926,0.9494293156660656,0.9860217744574372,108,281,oculta,True,-0.0173684169371896,-0.016788096514154,-0.003395515931545634,True
09281224000193,0.3633708796525889,0.2042135995657361,0.4256056707389409,0.956915149930869,0.2,3.4694469519536136e-17,0.6165264855182819,0.4060703352497573,5,5,baixo_baixo,False,0.3633708796525889,0.2042135995657361,0.4256056707389409,0.956915149930869,0.2,3.4694469519536136e-17,0.605864605804536,0.4014183565818778,5,5,baixo_baixo,False,0.0,0.0,-0.010661879713745881,True
09290533000120,0.0421903106559035,0.0140194374399006,0.0506764534724763,0.1959283315394259,0.0285714285714285,0.0,0.9211148155415904,0.4372796261975437,35,35,baixo_baixo,False,0.0421903106559035,0.0140194374399006,0.0506764534724763,0.1959283315394259,0.0285714285714285,0.0,0.9162947831607006,0.4325225996884289,35,35,baixo_baixo,False,0.0,0.0,-0.004820032380889794,True
09297907000139,0.2558708703243867,0.0698385879054833,0.3299204448069715,0.9064000371704992,0.2,3.4694469519536136e-17,0.50793474577231,0.832349555088482,5,5,baixo_baixo,False,0.1783709937217058,0.0609954213962352,0.2442282709092242,0.7888298468205062,0.125,0.0,0.4795617623017107,0.8395324982949086,8,8,baixo_baixo,False,-0.0774998766026809,-0.008843166509248095,-0.0283729834705993,True
09328892000129,0.2246845589852149,0.1385383988724609,0.416087910736387,0.7274161362185697,0.1,3.0839528461809905e-17,0.8829029679784909,0.4369727443565797,10,10,baixo_baixo,False,0.132443020304845,0.074605888325168,0.3042504896255911,0.5348739146195695,0.0625,0.0,0.8543930166637556,0.423938661244563,16,16,baixo_baixo,False,-0.09224153868036988,-0.06393251054729289,-0.028509951314735327,True
09332615000190,0.2630951598990833,0.2499361448972812,0.4960659514813005,0.6786958017553683,0.0346680999731255,0.0174300303297884,0.852915224665368,0.5529626504724123,57,122,baixo_baixo,False,0.2161936635359611,0.2044950614991844,0.4464098809343796,0.6274678526566242,0.0300826446280991,0.0156062661897125,0.8416516333306879,0.570122385384033,68,165,baixo_baixo,False,-0.046901496363122186,-0.0454410833980968,-0.011263591334680023,True
09356616000174,0.3993698137473455,0.3786584280144954,0.6104611418926494,0.8535975440682261,0.0500685871056241,0.0173123314885767,0.915307952502854,0.4127160361156834,30,54,baixo_baixo,False,0.3875223900240976,0.3689624624490703,0.6012567736693685,0.8407272308395524,0.0447450572320499,0.0157979377542332,0.9062626951627376,0.4130186931359612,34,62,hhi_alto,False,-0.011847423723247874,-0.009695965565425069,-0.009045257340116408,False
09403680000169,0.0640164078531913,0.0406168180495211,0.1281798828940901,0.4224277443249744,0.0315500685871056,0.0073388203017832,0.4375373078774846,0.4060703352497573,41,54,baixo_baixo,False,0.052988998220552,0.0332596023501469,0.1119222306322252,0.3688492636933927,0.0260637112942748,0.0057733719462389,0.4149827932670437,0.413442099427823,49,67,baixo_baixo,False,-0.011027409632639304,-0.007357215699374205,-0.022554514610440946,True
09509569000151,0.7626303355423005,0.751327018187172,0.8708086647919417,0.9705194494084334,0.0472589792060491,0.0018903591682419,0.981577645311562,0.882254726062638,22,23,critico,False,0.7292567444323991,0.7205230910269926,0.8514795491169254,0.9489770791255756,0.0346020761245674,0.0034602076124567,0.9735164162474076,0.87449001322974,32,34,critico,False,-0.03337359110990146,-0.030803927160179323,-0.008061229064154407,True
09522642000125,0.3569809602065844,0.3517531631350932,0.5917017923524291,0.6998862305674606,0.0220414341121937,0.0140905514626993,0.9249388187306868,0.9790656918623508,124,341,oculta,True,0.1729648191107479,0.1668836780747976,0.3810896473624904,0.6403716424959787,0.0220794681161698,0.0148888759699652,0.8911407313931463,0.9484569978965914,137,422,baixo_baixo,False,-0.18401614109583647,-0.1848694850602956,-0.03379808733754053,False
09579148000105,0.1346810878642974,0.1076398718600567,0.2759397770178552,0.6386941607418376,0.0400390625,0.0100402832031249,0.7893332515454919,0.598008120265146,33,64,baixo_baixo,False,0.1325141128726549,0.1077288018118736,0.2605761802301903,0.6313178893508331,0.0378040762656147,0.010312764158918,0.8321080096417236,0.6907780150242891,36,78,baixo_baixo,False,-0.0021669749916424785,8.892995181689067e-05,0.04277475809623166,True
09664082000143,0.1238586776961816,0.0654492562092603,0.2287040981977656,0.5886314582083176,0.0625,0.0,0.9359186107108572,0.4587555623493417,16,16,oculta,True,0.1236467076385482,0.0688746268659575,0.2285076319576786,0.588125799541497,0.0588235294117647,0.0,0.9299703090305949,0.4544772913364787,17,17,oculta,True,-0.00021197005763340382,0.0034253706566971936,-0.005948301680262391,True
10237604000100,0.6103871204337559,0.5454516405060484,0.7687209136571352,0.964222148130724,0.1428571428571428,0.0,0.9302289095437856,0.7766447210624248,7,7,critico,False,0.5563621561344826,0.5119983717479308,0.7334905641066088,0.9223170273798204,0.0909090909090909,0.0,0.90546563605938,0.7538192233567782,11,11,hhi_alto,False,-0.05402496429927328,-0.033453268758117605,-0.024763273484405546,False
10277035000126,0.4500946554714372,0.3715367491102139,0.5627757170728298,0.9629191176444568,0.125,0.0,0.8608825185063775,0.694834383450231,8,8,hhi_alto,False,0.3966621802046143,0.3296246446717937,0.5259527885815409,0.9452367794255128,0.1,3.0839528461809905e-17,0.8489031422875175,0.7054952046304886,10,10,hhi_alto,False,-0.053432475266822876,-0.041912104438420195,-0.011979376218860027,True
10316445000139,0.1961741570127691,0.1068601744586323,0.3623850115417722,0.7587278453362764,0.1074380165289256,0.0082644628099173,0.8493863209924722,0.451317091749681,10,11,baixo_baixo,False,0.1693129866257831,0.0937959854099452,0.3328245026844041,0.6968368165186855,0.0918367346938775,0.0092764378478664,0.8386051310490673,0.4704397723111204,12,14,baixo_baixo,False,-0.026861170386986016,-0.0130641890486871,-0.010781189943404934,True
10324957000147,0.2240737932391491,0.215256449980503,0.4515321027076245,0.6456631189896316,0.0291628193290243,0.0181305786395814,0.7968225447123053,0.6594468567986603,89,228,baixo_baixo,False,0.1903530238712391,0.1827862297018114,0.365698458315341,0.689269049098141,0.0263809969250365,0.0172817539056443,0.8579681992438313,0.8131978552290413,108,317,baixo_baixo,False,-0.03372076936791002,-0.03247022027869159,0.061145654531525984,True
10377912000130,0.2928587867330326,0.2867627417910759,0.525296413740302,0.7210664782785072,0.0227352050713874,0.0143105085633821,0.9576745817944872,0.9900597092799284,117,351,oculta,True,0.2371140902038728,0.2316257023636129,0.4102779364643499,0.7514082684169824,0.0202113470811531,0.0131625078515211,0.9664236604281126,0.935325413135958,140,513,oculta,True,-0.05574469652915981,-0.05513703942746301,0.008749078633625396,True
10391817000191,0.2189852701713682,0.2131999758763413,0.3582207266340094,0.7069674718688594,0.0264965325407712,0.0192853957447769,0.9119334846092924,0.6110205894304589,136,648,baixo_baixo,False,0.1840722609185003,0.1784451730627658,0.3264691075934444,0.6533723313141828,0.0284923140624191,0.021792261055953,0.9122918235352392,0.6425634149850916,146,834,baixo_baixo,False,-0.034913009252867916,-0.034754802813575486,0.0003583389259468328,True
10396929000135,0.0389101126092467,0.0320938722731421,0.082477768165758,0.276730064842668,0.0152961242560603,0.0083124088252523,0.9402221647950912,0.9945644881506424,142,332,oculta,True,0.0376658695157985,0.0312072511904011,0.0856911134586398,0.27278546532706,0.0145573963336927,0.0079436875842544,0.9460018837858944,0.9952122759831749,150,404,oculta,True,-0.0012442430934481996,-0.0008866210827410022,0.0057797189908032065,True
10411736000106,0.2590007230770403,0.0737509038463004,0.3520735135632677,0.988202852639209,0.2,3.4694469519536136e-17,0.7100990485245865,0.6893443506177517,5,5,baixo_baixo,False,0.1055131709254548,0.0241961864641325,0.1237072385018124,0.4948289540072498,0.0833333333333333,1.5139404881252137e-17,0.7717420908928831,0.5297866675300112,12,12,baixo_baixo,False,-0.1534875521515855,-0.04955471738216789,0.06164304236829665,True
10414835000141,0.4230290295186021,0.3268672011050357,0.5382540994098968,0.992917909387745,0.15625,0.015625,0.988430820771487,0.7034504001033025,7,8,critico,False,0.4190169432921727,0.3360193637624831,0.5356809586086073,0.988171233816156,0.1358024691358024,0.0123456790123456,0.9859098817445868,0.7002625251738384,8,9,critico,False,-0.004012086226429401,0.009152162657447394,-0.002520939026900204,True
10423151000106,0.1680995808418882,0.0756662009354313,0.2549764397341393,0.7257593211194026,0.1242603550295858,0.0269559500328731,0.7913907463917527,0.9850178032023968,10,13,baixo_baixo,False,0.1680995808418882,0.0756662009354313,0.2549764397341393,0.7257593211194026,0.1242603550295858,0.0269559500328731,0.7918504181587293,0.9869284563108108,10,13,baixo_baixo,False,0.0,0.0,0.0004596717669765882,True
10429180000185,0.4519213674776169,0.4437410893802679,0.6631017746886456,0.8245484141925796,0.0321477128196131,0.0177021562945327,0.8455273509805982,0.5501636219441113,68,151,hhi_alto,False,0.4075513873494382,0.399207040692388,0.6287016245175757,0.7900110851233404,0.0328776041666666,0.0192561619718309,0.8474534221917868,0.5709140200279778,72,192,hhi_alto,False,-0.04436998012817872,-0.04453404868787991,0.0019260712111885958,True
10432684000154,0.7002414028701881,0.6627715782289617,0.8343108845279831,0.913776421926968,0.1111111111111111,0.0,0.9459959054272123,0.4194122717540497,9,9,critico,False,0.4300408502034363,0.3920435735503321,0.643896600521181,0.8201413292773723,0.0657439446366782,0.0034602076124567,0.9299496385402136,0.4691924927986572,16,17,critico,False,-0.2702005526667518,-0.2707280046786296,-0.016046266886998728,True
10441099000110,0.0404590784835431,0.0288983444893689,0.0977723585057178,0.3031126876707796,0.0255520869464678,0.013811750644618,0.9230786630279516,0.9968030984468124,84,186,oculta,True,0.0394119876427722,0.0283707461214247,0.0960812187347059,0.2978698365311256,0.0251886491656924,0.0139839209951831,0.929259376597471,0.997232149924662,88,194,oculta,True,-0.0010470908407708979,-0.0005275983679442001,0.006180713569519436,True
10455823000165,0.0590441566558932,0.0501672147375526,0.1642347403547157,0.3689253254465875,0.0299428571428571,0.0207913746630727,0.9377973892105728,0.9526217901103556,107,350,oculta,True,0.1138078246843135,0.1072434382004936,0.216040325298872,0.5960380567778746,0.024205877356888,0.0169777727447168,0.9492562750908106,0.5555019466190393,136,406,oculta,True,0.054763668028420295,0.05707622346294101,0.011458885880237801,True
10459525000143,0.1814181211653832,0.1754430709549116,0.3767602266780281,0.6757236085526641,0.0192658875091307,0.012107244352263,0.960307325035156,0.6478286826871257,138,296,oculta,True,0.1383198411269743,0.1334515916418159,0.2608884005550235,0.6489939033515456,0.0158822881603455,0.010322301087805,0.9605632617940832,0.7411635899387784,178,457,oculta,True,-0.043098280038408904,-0.041991479313095714,0.000255936758927211,True
10465435000165,0.0646777412339217,0.0438928021502311,0.1661351163772559,0.4032824960485102,0.0348878604485581,0.0134409240140817,0.9637122267491122,0.998186501231622,46,106,oculta,True,0.0482456206651022,0.0352078894413365,0.1191863961748056,0.3467734358546808,0.0305518657167008,0.0172717542881625,0.9526682952974178,0.9976132696524954,74,182,oculta,True,-0.0164321205688195,-0.008684912708894599,-0.011043931451694355,True
10465644000109,0.068161205473312,0.0415372399154066,0.1333770852161925,0.4206157529863643,0.152354570637119,0.1281361297981796,0.8369137820808665,0.4267662285203051,36,95,baixo_baixo,False,0.0478885395375995,0.0325319030785285,0.1044353021555305,0.3293454282893119,0.075977974503365,0.0610743934469676,0.8336566797902222,0.4935981590999855,63,283,baixo_baixo,False,-0.020272665935712503,-0.009005336836878104,-0.0032571022906443536,True
10467921000112,0.7009867917677778,0.6636101407387501,0.8316198192702434,0.982486905490542,0.1111111111111111,0.0,0.989480263785157,0.40735125957142,9,9,critico,False,0.6740850444318455,0.6378722715909394,0.8152724131594622,0.963173858746812,0.1,3.0839528461809905e-17,0.9867186852582118,0.4026698746497933,10,10,critico,False,-0.026901747335932313,-0.025737869147810732,-0.002761578526945141,True
10469199000155,0.0648421058373623,0.0563406704358838,0.1058299762096666,0.3628456327188569,0.0163262608235838,0.0073837722856164,0.873282250987655,0.5380211299127374,111,246,baixo_baixo,False,0.0516359956571237,0.0442843367087293,0.087926041598516,0.3014607140520551,0.0176480633162322,0.0100329320241099,0.8707420596794921,0.5484220003575259,130,367,baixo_baixo,False,-0.013206110180238602,-0.012056333727154499,-0.0025401913081628535,True
10476288000129,0.0361231346816938,0.0254133917337127,0.1284847447531794,0.2515785211950366,0.0123611111111111,0.0013873456790123,0.6657625286306011,0.5263848392988697,91,120,baixo_baixo,False,0.0267061888467143,0.0176099850041603,0.0735948941159379,0.2266173779187739,0.0110301768990634,0.0017874682719519,0.7085743246011034,0.5342544544276571,108,155,baixo_baixo,False,-0.009416945834979498,-0.0078034067295524,0.04281179597050222,True
10478051000187,0.2485708072753477,0.2373554461899051,0.4871271118588356,0.6130884817252521,0.027280299875052,0.0127620953955752,0.8921086501602797,0.921909396363128,68,196,baixo_baixo,False,0.1792082185239905,0.1696641280417113,0.4080132656011442,0.5367948639840598,0.0242117609985819,0.0128653861264724,0.8795613511962238,0.9123158499201576,87,239,baixo_baixo,False,-0.0693625887513572,-0.06769131814819379,-0.01254729896405593,True
10479670000196,0.0641044400921198,0.0558221785000147,0.1681078224582264,0.406756671200966,0.0283114443073182,0.0197124305401263,0.9536756586862392,0.9931283377736788,114,466,oculta,True,0.0682306810418411,0.0607765264901758,0.1599871272351802,0.4414296562498403,0.0283564814814814,0.0205833333333333,0.9618938887752544,0.9920248711743144,126,576,oculta,True,0.004126240949721305,0.004954347990161097,0.008218230089015233,True
10480867000145,0.3348128372078001,0.2836445939160924,0.5361682922154397,0.8725797075405257,0.0755555555555555,0.0044444444444444,0.9175992003538184,0.7517482811054103,14,15,baixo_baixo,False,0.1994101916289972,0.1646019390911276,0.4049565025783099,0.6811122375876277,0.0452674897119341,0.0037573805689747,0.8721126518534309,0.6927122320029777,24,27,baixo_baixo,False,-0.13540264557880288,-0.11904265482496482,-0.04548654850038747,True
10481963000108,0.2820472665598614,0.2649531538589057,0.4724719945253068,0.8756630601080623,0.0402892561983471,0.0174390003935458,0.9000991087578616,0.8331119812488841,43,88,baixo_baixo,False,0.2444922028371653,0.2310009921735433,0.4385381430585591,0.8127712473425691,0.0345130315500685,0.0172721928277483,0.9100158091662882,0.8839101114400345,57,135,baixo_baixo,False,-0.0375550637226961,-0.033952161685362414,0.009916700408426626,True
10485444000118,0.8140794243573859,0.7875193421227268,0.9011303942361072,0.9749588445283875,0.1805555555555555,0.0634920634920635,0.9443973262065836,0.8856307665634507,8,12,critico,False,0.6897222008717957,0.6658546778619339,0.8284025852730509,0.9032854998919926,0.0987654320987654,0.0294396961063627,0.9128642110552097,0.8471744025933673,14,18,hhi_alto,False,-0.1243572234855902,-0.12166466426079292,-0.031533115151373914,False
10491693000116,0.7194959069348791,0.6727452247573589,0.8421624087282223,0.983718468782704,0.1428571428571428,0.0,0.9347958983572872,0.4141219111356846,7,7,critico,False,0.614607411676441,0.5595513276302182,0.7742288638747697,0.9718794305047388,0.125,0.0,0.9200861876703258,0.7590775593052673,8,8,hhi_alto,False,-0.10488849525843813,-0.11319389712714067,-0.014709710686961364,False
10496025000181,0.0537887121165444,0.0295268842220968,0.1041646223565303,0.3444795928299259,0.0295138888888888,0.0046296296296296,0.8454768258517747,0.5983442178684436,40,48,baixo_baixo,False,0.0488177679081299,0.027680384972755,0.0987116215571724,0.326446142964053,0.0253772290809327,0.0037189452827312,0.8301505046178614,0.5948475906596108,46,54,baixo_baixo,False,-0.004970944208414499,-0.0018464992493417987,-0.01532632123391331,True
10496698000131,0.0865247021948996,0.076144301083478,0.2459669407626432,0.4432521262691902,0.0351946906585283,0.0242309939614662,0.956601843713334,0.994079844471712,89,397,oculta,True,0.0775624420976939,0.0681498139558337,0.2239972010812009,0.4319591810413319,0.0324072696354554,0.0225338744276539,0.9590856182395148,0.9952168539004062,99,485,oculta,True,-0.008962260097205701,-0.007994487127644306,0.0024837745261807598,True
10502372000170,0.3468828345189784,0.2652431888338508,0.5605898050501188,0.8312576699719397,0.1111111111111111,0.0,0.9239495614160016,0.5531350515317502,9,9,oculta,True,0.2229236718521491,0.1522803692932536,0.4275958064837623,0.6922307276695518,0.0887573964497041,0.0059171597633136,0.9027288214075964,0.5163581153577926,12,13,baixo_baixo,False,-0.1239591626668293,-0.1129628195405972,-0.021220740008405237,False
10518108000124,0.419852520850861,0.35539168983429,0.4815625209299802,0.9622482659597844,0.1,3.0839528461809905e-17,0.8170099097075006,0.9184907236757412,10,10,hhi_alto,False,0.419852520850861,0.35539168983429,0.4815625209299802,0.9622482659597844,0.1,3.0839528461809905e-17,0.8094569252590227,0.9164769233493892,10,10,hhi_alto,False,0.0,0.0,-0.007552984448477962,True
10519243000194,0.4898350436157601,0.3622938045197001,0.6202235877310751,0.9900728080140452,0.2,3.4694469519536136e-17,0.7464489455167317,0.4201306210887215,5,5,hhi_alto,False,0.4898350436157601,0.3622938045197001,0.6202235877310751,0.9900728080140452,0.2,3.4694469519536136e-17,0.7372385607069627,0.415431316684509,5,5,hhi_alto,False,0.0,0.0,-0.00921038480976899,True
10532003000120,0.0643174012161211,0.0566478717178926,0.2105702469134111,0.3738039698110406,0.0207094103780049,0.012682438331923,0.933364173383665,0.9939953896111582,123,382,oculta,True,0.0498046795836594,0.0428689473178467,0.1662508899262922,0.329038238425837,0.022833055582786,0.0157004501490837,0.9404317553123378,0.995533511692434,138,505,oculta,True,-0.0145127216324617,-0.013778924400045904,0.00706758192867285,True
10540697000147,0.339157555382422,0.3334606377564084,0.5734363999133898,0.7128497577075146,0.0356536848595406,0.0273403545566056,0.9426425118900218,0.6118091815357833,117,443,oculta,True,0.3181015307022548,0.3126023494982407,0.555145226430208,0.690111650067955,0.031936303933338,0.0241293386424778,0.9359464561041336,0.6163493661230965,125,476,oculta,True,-0.021056024680167207,-0.020858288258167712,-0.006696055785888166,True
10547985000123,0.72920545033296,0.675046540399552,0.8490594740965551,0.9823608607352304,0.1666666666666666,3.3306690738754695e-17,0.926314712950308,0.4060703352497573,6,6,critico,False,0.72920545033296,0.675046540399552,0.8490594740965551,0.9823608607352304,0.1666666666666666,3.3306690738754695e-17,0.9210032553535812,0.4014183565818778,6,6,hhi_alto,False,0.0,0.0,-0.0053114575967267985,False
10551277000166,0.6029262116091255,0.5764546257164006,0.7667600909743774,0.9470343606132412,0.0991735537190082,0.0391184573002754,0.9471857751359196,0.9217805555201318,16,22,critico,False,0.3493786976339654,0.3210908149223987,0.4393089969433411,0.9245523762738876,0.0622222222222222,0.0214492753623188,0.946504364463878,0.7059776522783653,24,30,oculta,True,-0.2535475139751601,-0.2553638107940019,-0.000681410672041638,False
10552903000139,0.0680723350073731,0.0520046166454313,0.1262483889428799,0.4141809156107356,0.0341727807521977,0.0175205873168908,0.8676492371923094,0.7665862946385147,59,123,baixo_baixo,False,0.1662769060517597,0.1568027799841661,0.3788054096935141,0.5721864669719743,0.0268916757848665,0.0158336266460582,0.9188526122024856,0.6749591198149454,89,218,baixo_baixo,False,0.09820457104438661,0.10479816333873482,0.051203375010176244,True
10559279000100,0.4274181153142135,0.3892459896684944,0.6292451009843841,0.9116685836630664,0.0625,0.0,0.951691800986327,0.47201562086546,16,16,critico,False,0.2985564321769817,0.2666726336395718,0.4439077701419928,0.8960565597837217,0.0451388888888888,0.0017361111111111,0.9513707224594768,0.4651852121569266,23,24,oculta,True,-0.1288616831372318,-0.12257335602892261,-0.00032107852685014926,False
10564533000150,0.0706267442951509,0.0527541816854423,0.1424231709383288,0.4507233488967145,0.0315976331360946,0.0129745106964041,0.7843090578498588,0.5482806748626818,53,130,baixo_baixo,False,0.0651231448466096,0.0484289152902991,0.1334791360245935,0.4224183663407966,0.0304040358542408,0.0130898222087808,0.7772163271845504,0.5599736530304326,57,149,baixo_baixo,False,-0.005503599448541299,-0.004325266395143197,-0.0070927306653084665,True
10565436000181,0.0558050466061056,0.0448260355201301,0.1408380082521096,0.3806188453216902,0.0298859897567389,0.018605594288794,0.9210952365867452,0.9812711500068688,87,391,baixo_baixo,False,0.056899499529296,0.047276025034697,0.1634633230168829,0.3819315505661809,0.0275281880106347,0.0176050062556412,0.9344470011878356,0.9855473414962156,99,454,oculta,True,0.0010944529231904018,0.0024499895145669026,0.013351764601090443,False
10568451000183,0.0685749217212201,0.060404526297722,0.1742423510863167,0.4166145704035739,0.0181748569884239,0.0095623557339364,0.8600174834234963,0.8699255796898734,115,298,baixo_baixo,False,0.0511619338058419,0.0438065999593755,0.1181045160034644,0.4057139321382641,0.019158651647447,0.0115552303423884,0.8844884867115826,0.9112525499077228,130,377,baixo_baixo,False,-0.017412987915378195,-0.016597926338346503,0.02447100328808638,True
10573381000151,0.195822517162141,0.0349870205945693,0.2689938239636394,0.838634624452157,0.183673469387755,0.0204081632653061,0.3258922831640834,0.698287772174609,6,7,baixo_baixo,False,0.195822517162141,0.0349870205945693,0.2689938239636394,0.838634624452157,0.183673469387755,0.0204081632653061,0.3574371601253305,0.731947831285656,6,7,baixo_baixo,False,0.0,0.0,0.03154487696124708,True
10589926000118,0.8569685978656735,0.8212107473320918,0.924690151741654,0.9940198966900936,0.2345679012345679,0.0432098765432098,0.7796899542639726,0.4447111154632211,5,9,hhi_alto,False,0.8513335555875887,0.8141669444844859,0.9215251152893742,0.9940403654329786,0.24,0.05,0.7737561262586619,0.4427704889121009,5,10,hhi_alto,False,-0.0056350422780847564,-0.007043802847605862,-0.005933828005310726,True
10589928000107,0.2802512418569568,0.2148195365712256,0.3903870424304989,0.9334491325962466,0.0833333333333333,1.5139404881252137e-17,0.8239176429471108,0.704872835075343,12,12,baixo_baixo,False,0.1238632761880599,0.0751890137540632,0.2448770701872452,0.5712442016606823,0.055,0.0025,0.8277735639113054,0.618166725928161,19,20,baixo_baixo,False,-0.15638796566889693,-0.1396305228171624,0.0038559209641946257,True
10594533000100,0.1243502726249595,0.116991871554581,0.2341936252530216,0.6106391711445784,0.0224367252066115,0.014221907771373,0.923837070442286,0.6542563655857201,120,352,oculta,True,0.0970989191143198,0.0906953653491732,0.204198006494504,0.5324282473549965,0.0183775013520822,0.0114156396595437,0.9128047674997666,0.6497541514165464,142,430,baixo_baixo,False,-0.027251353510639703,-0.0262965062054078,-0.011032302942519445,False
10596772000191,0.4558546635471147,0.4331819411949111,0.519784382151537,0.9662929035783784,0.0593132154006243,0.0201179327089836,0.956886892118665,0.9339517060097734,25,62,critico,False,0.4213701346342146,0.4007047822997222,0.4994223556179334,0.9417613067571436,0.0587654320987654,0.0251499118165784,0.9560793169481888,0.9353665264246578,29,90,critico,False,-0.0344845289129001,-0.03247715889518893,-0.000807575170476138,True
10606509000136,0.4718165215240812,0.423799841662634,0.6689356034766256,0.8717018457678162,0.0934256055363321,0.0110097514941805,0.9087863062205443,0.4081567638960898,12,17,hhi_alto,False,0.4049722135690569,0.3624702288239896,0.617559377273346,0.8195643353615315,0.075,0.0089285714285714,0.8903106632057964,0.4042429999189528,15,20,hhi_alto,False,-0.06684430795502433,-0.06132961283864441,-0.01847564301474791,True
10606542000166,0.2895555480985173,0.1119444351231466,0.3901895206243032,0.9832775919732442,0.2,3.4694469519536136e-17,0.4564581857392183,0.4136592844013008,5,5,baixo_baixo,False,0.244443460773494,0.0933321529281928,0.3510531594784353,0.884653961885657,0.1666666666666666,3.3306690738754695e-17,0.4298169975875346,0.4535884055871753,6,6,baixo_baixo,False,-0.04511208732502331,-0.018612282194953797,-0.026641188151683703,True
10624466000111,0.8260637947512246,0.8221985457456963,0.9077308065513152,0.963198948952738,0.0317780848124136,0.0102620422526894,0.9613499805061976,0.4601642878311461,46,97,critico,False,0.7696417211145861,0.7652953384941066,0.8760285083960657,0.9371554534451288,0.0311065197428833,0.0128255106814283,0.9514666496862948,0.4690557130124341,54,132,critico,False,-0.05642207363663854,-0.056903207251589705,-0.00988333081990278,True
10628610000198,0.1123519298984742,0.0973070473543806,0.2084124026151797,0.5883894586586031,0.017578125,0.000926906779661,0.8555048096157453,0.6508042099740419,60,64,baixo_baixo,False,0.1081345629207618,0.0935138180506104,0.204262602745347,0.5766737523555534,0.0169880624426079,0.000873112646585,0.8488151989084718,0.644553334050157,62,66,baixo_baixo,False,-0.004217366977712397,-0.0037932293037701986,-0.0066896107072734745,True
10631880000158,0.0722506789398972,0.0565261141761666,0.1771986744200616,0.4483120566321126,0.0419840720221606,0.0257465139208413,0.9647613136007196,0.9980229611983924,60,304,oculta,True,0.0659746362090806,0.0533526718335276,0.1703276329453685,0.4045623912588896,0.0383168967784352,0.025321179167333,0.9682890147269324,0.9983837547387292,75,390,oculta,True,-0.006276042730816597,-0.003173442342638999,0.003527701126212812,True
10635089000116,0.7029385894695589,0.6286732368369485,0.8263464541069889,0.999756918018482,0.2,3.4694469519536136e-17,0.9938620677444177,0.4062071403297014,5,5,critico,False,0.7029385894695589,0.6286732368369485,0.8263464541069889,0.999756918018482,0.2,3.4694469519536136e-17,0.9929955612025144,0.4015583117949503,5,5,critico,False,0.0,0.0,-0.0008665065419032336,True
10687065000100,0.3615364049974179,0.2019205062467723,0.5094601792230682,0.954084542572747,0.2,3.4694469519536136e-17,0.8356570049880332,0.4457142378997762,5,5,baixo_baixo,False,0.3034742546747886,0.1873866304539201,0.4629533080399264,0.8669894393069246,0.1428571428571428,0.0,0.8317439871963866,0.4820085575607037,7,7,baixo_baixo,False,-0.05806215032262929,-0.014533875792852202,-0.003913017791646545,True
10698251000145,0.2343843628201926,0.2088638415808656,0.4182038857635141,0.7775083438274857,0.0485537190082644,0.0168388429752065,0.9009088013427164,0.5225939592423157,31,44,baixo_baixo,False,0.2343843628201926,0.2088638415808656,0.4182038857635141,0.7775083438274857,0.0485537190082644,0.0168388429752065,0.8954593812537067,0.5177658506196853,31,44,baixo_baixo,False,0.0,0.0,-0.005449420089009727,True
10700103000118,0.6327263449275409,0.4490895173913113,0.7800104041346472,1.0,0.3600000000000001,0.0400000000000001,0.9913103799408034,0.9618494180371158,3,5,critico,False,0.6327263449275409,0.4490895173913113,0.7800104041346472,1.0,0.3600000000000001,0.0400000000000001,0.9920000697751572,0.9702114539062952,3,5,critico,False,0.0,0.0,0.0006896898343538016,True
10701551000136,0.5994514243097341,0.588910672317885,0.7723179475725774,0.8407225410115405,0.0687181122448979,0.0442106941460794,0.8819621617752857,0.8885030501719748,39,112,hhi_alto,False,0.4257239799803183,0.4150892388688427,0.6449939989782671,0.7863181322340868,0.0553124999999999,0.037818287037037,0.8570075146272289,0.8600962044897565,55,160,hhi_alto,False,-0.17372744432941578,-0.17382143344904227,-0.02495464714805684,True
10711980000194,0.8226533901369775,0.7871840681643729,0.9052814286467497,0.9942037650758768,0.2638888888888888,0.1166666666666666,0.9316027393469056,0.4060703352497573,6,12,critico,False,0.4184718251136392,0.370011143873109,0.5977533980987702,0.9174454802918554,0.1863905325443787,0.1185897435897436,0.9138440335691604,0.4249466647248863,13,26,hhi_alto,False,-0.4041815650233383,-0.4171729242912639,-0.017758705777745187,False
10714485000139,0.0562543942661405,0.0451515047869186,0.1189698423184544,0.3834929674385585,0.0351195915076592,0.0237680572901022,0.9428805321547796,0.9973764611434084,86,305,oculta,True,0.052590313995618,0.0432100200747826,0.1086145310986723,0.3612187849745065,0.0307658609645929,0.0211694833503809,0.9458057120994504,0.9975633291391384,102,411,oculta,True,-0.0036640802705225003,-0.0019414847121360032,0.002925179944670786,True
10721783000156,0.399350005990823,0.2491875074885287,0.5822406153302091,0.9716581467971908,0.2222222222222222,0.0277777777777778,0.8956175255851181,0.7726329320931823,5,6,baixo_baixo,False,0.2915889792980048,0.1735204758476723,0.4716565973887252,0.9023737305051284,0.15625,0.015625,0.8654758129057323,0.7031161253144379,7,8,baixo_baixo,False,-0.10776102669281817,-0.07566703164085639,-0.030141712679385813,True
10732371000111,0.1593393507761551,0.0542567696231745,0.3002995206891067,0.6597953601108165,0.12,0.01,0.7704381087832379,0.5925958738455694,9,10,baixo_baixo,False,0.1593393507761551,0.0542567696231745,0.3002995206891067,0.6597953601108165,0.12,0.01,0.7821936075325765,0.5994819543966867,9,10,baixo_baixo,False,0.0,0.0,0.011755498749338567,True
10759024000182,0.1708077322662337,0.1070237116713286,0.3226369325474273,0.6905592217912467,0.0795847750865051,0.0087836039393132,0.5668811221219947,0.7339547230170655,14,17,baixo_baixo,False,0.1316659486015537,0.0773950703891508,0.2648575384972553,0.6035464112316007,0.0775047258979206,0.0198487712665406,0.5225069304035332,0.7342464873862967,17,23,baixo_baixo,False,-0.03914178366467999,-0.029628641282177792,-0.044374191718461464,True
10769869000159,0.1979943913159292,0.1363016521863853,0.326192149791673,0.7871820135896417,0.0795847750865051,0.0087836039393132,0.8921608144739905,0.6653328706777003,14,17,baixo_baixo,False,0.1979943913159292,0.1363016521863853,0.326192149791673,0.7871820135896417,0.0795847750865051,0.0087836039393132,0.8910491282973964,0.661308363573316,14,17,baixo_baixo,False,0.0,0.0,-0.0011116861765941843,True
10778201000178,0.689165507652717,0.6503111961093067,0.8269884938334225,0.929344117546024,0.1111111111111111,0.0,0.9153897115600794,0.972939736084445,9,9,hhi_alto,False,0.6867224413405918,0.6519138237117686,0.8255194740043919,0.9276932784511054,0.1,3.0839528461809905e-17,0.9098560040614428,0.9747840339950594,10,10,hhi_alto,False,-0.0024430663121252083,0.0016026276024619923,-0.005533707498636575,True
10778974000154,0.3332346986298172,0.3075898793463486,0.5102541872244742,0.8764632527278359,0.0568,0.0205230769230769,0.8377180762609265,0.5897436123279592,27,50,baixo_baixo,False,0.3279008882330414,0.3030083285379689,0.5060785017904466,0.8692906808420787,0.0618311533888228,0.0270841590698903,0.8329202646424597,0.5885050376349883,28,58,baixo_baixo,False,-0.005333810396775773,-0.004581550808379742,-0.0047978116184668185,True
10788473000159,0.0996245958409446,0.0899431398822451,0.2761501616354655,0.4752763716274684,0.0251654064272211,0.0146833140232128,0.9230239552207372,0.9893309929612176,94,184,oculta,True,0.5049708766703647,0.5003007906012171,0.706260207502724,0.8066179502119273,0.0226167944336269,0.0133961981546989,0.969348469454929,0.894437692886869,107,271,critico,False,0.40534628082942004,0.410357650718972,0.046324514234191816,False
10817032000138,0.5182866579571892,0.438001100950054,0.6861159706757083,0.9684691593920584,0.1428571428571428,0.0,0.8992155571381704,0.8334136474966489,7,7,hhi_alto,False,0.4566673006965611,0.3790483436532127,0.6409806354194874,0.9389643994939444,0.125,0.0,0.9013401073933536,0.84461954896946,8,8,hhi_alto,False,-0.061619357260628116,-0.058952757296841296,0.0021245502551832107,True
10836939000144,0.227426286948227,0.0729115443378724,0.3776599523847047,0.8180484704587525,0.1666666666666666,3.3306690738754695e-17,0.1752439996529706,0.7739470013516181,6,6,baixo_baixo,False,0.2756886967888352,0.2153294215212381,0.4409345572356417,0.8794478422534807,0.0769230769230769,1.503427012513233e-17,0.7300707943293515,0.6096316277354429,13,13,baixo_baixo,False,0.04826240984060817,0.14241787718336568,0.554826794676381,True
10839115000128,0.1627441787760297,0.1134938363510903,0.3575452551733446,0.5803489188137714,0.0555555555555555,0.0,0.7069304205173371,0.606280118484998,18,18,baixo_baixo,False,0.1627441787760297,0.1134938363510903,0.3575452551733446,0.5803489188137714,0.0555555555555555,0.0,0.6997383948653437,0.6074201264776375,18,18,baixo_baixo,False,0.0,0.0,-0.0071920256519933945,True
10863375000139,0.0963954937058991,0.0533667076918943,0.1927134605860401,0.5106761808191278,0.0454545454545454,0.0,0.7159183625484935,0.9820160851561632,22,22,baixo_baixo,False,0.0790231578157293,0.0421840841283585,0.1667917814039453,0.4419856799850113,0.0384615384615384,0.0,0.7499901352805095,0.985817847377015,26,26,baixo_baixo,False,-0.0173723358901698,-0.011182623563535797,0.034071772732016004,True
10870672000101,0.3095488372574396,0.1369360465717995,0.3949905975779835,0.986846813100653,0.2,3.4694469519536136e-17,0.7377579506682506,0.940164436212273,5,5,baixo_baixo,False,0.3095488372574396,0.1369360465717995,0.3949905975779835,0.986846813100653,0.2,3.4694469519536136e-17,0.7512458710670303,0.9450641007745266,5,5,baixo_baixo,False,0.0,0.0,0.013487920398779774,True
10873273000102,0.5087424648983693,0.3859280811229615,0.6901606951890594,0.9776981423381186,0.2,3.4694469519536136e-17,0.7026107863131861,0.4060703352497573,5,5,hhi_alto,False,0.5087424648983693,0.3859280811229615,0.6901606951890594,0.9776981423381186,0.2,3.4694469519536136e-17,0.6918194893710954,0.4014183565818778,5,5,hhi_alto,False,0.0,0.0,-0.010791296942090689,True
10971858000157,0.0606078791544349,0.0518285135390557,0.1512758895998611,0.4028915341206985,0.0229996760609005,0.013868831911937,0.927235661649232,0.9938751868607776,108,294,oculta,True,0.0441231427770815,0.0366553548300275,0.1081015246742349,0.319470219864072,0.021724818959842,0.0140820441079657,0.9287099326359152,0.9948701520681542,129,434,oculta,True,-0.0164847363773534,-0.015173158709028203,0.0014742709866831794,True
11084263000142,0.0286336611123203,0.0178407017913461,0.0615845184407777,0.2163461685582411,0.0116618075801749,0.0006802721088435,0.8742958282549463,0.5137945497772619,91,98,baixo_baixo,False,0.0272294869700298,0.0170964607926342,0.0589880193867762,0.207224677699487,0.0113168724279835,0.0010180898491083,0.8697899797346879,0.5142028242933564,97,108,baixo_baixo,False,-0.0014041741422905,-0.0007442409987119016,-0.004505848520258482,True
11111771000172,0.2570399495680605,0.2496103490637411,0.501133258554212,0.5778691859104614,0.0203609587369627,0.0105645683243323,0.8261212340580192,0.4923733259887197,101,307,baixo_baixo,False,0.21713393720317,0.2097484083088603,0.4579092100439227,0.5552275623147751,0.0196154002190758,0.0103664889003878,0.8150297257384382,0.5039735014379499,107,314,baixo_baixo,False,-0.03990601236489047,-0.03986194075488081,-0.011091508319580945,True
11112312000103,0.1582226771446447,0.0379687738795939,0.2341944446341476,0.6950417584152319,0.125,0.0,0.7996876249181136,0.429636235829591,8,8,baixo_baixo,False,0.6074404317869672,0.5638227019855191,0.7749263623804805,0.8932038078190814,0.1,3.0839528461809905e-17,0.9517444018660144,0.8522150788841923,10,10,critico,False,0.4492177546423225,0.5258539281059252,0.15205677694790076,False
11124654000143,0.1631034820457793,0.0435468366237477,0.2295139659248265,0.7234471467588802,0.125,0.0,0.3815688756825416,0.4060703352497573,8,8,baixo_baixo,False,0.1631034820457793,0.0435468366237477,0.2295139659248265,0.7234471467588802,0.125,0.0,0.365431046728578,0.4014183565818778,8,8,baixo_baixo,False,0.0,0.0,-0.016137828953963596,True
11135974000107,0.4536454274295345,0.3625863320011235,0.6354742018096177,0.9569683700480384,0.15625,0.015625,0.928413498796372,0.4060703352497574,7,8,critico,False,0.4536454274295345,0.3625863320011235,0.6354742018096177,0.9569683700480384,0.15625,0.015625,0.922816796229528,0.4014183565818778,7,8,hhi_alto,False,0.0,0.0,-0.005596702566844081,False
11136549000124,0.2120936485764053,0.1136053546484559,0.2493479496148556,0.9035334484804604,0.12,0.01,0.9696728941047156,0.5626533185234549,9,10,oculta,True,0.0683310515848685,0.0165716655618057,0.0714141198332121,0.2856564793328484,0.055,0.0025,0.9701013492136562,0.4460286402242651,19,20,oculta,True,-0.14376259699153682,-0.09703368908665021,0.00042845510894062855,True
11148262000114,0.0410654158725462,0.0306422138711608,0.0866815686724315,0.2892037876861196,0.0277397183351676,0.0171716717953325,0.913830691100274,0.9954307481003374,93,211,baixo_baixo,False,0.039945019096584,0.0315967149148152,0.0719690854898134,0.2727110417114302,0.0278150475876625,0.0193612653927726,0.9319463071401932,0.9967150569725124,116,357,oculta,True,-0.0011203967759622,0.0009545010436543995,0.01811561603991918,False
11149280000110,0.138330047698213,0.1008661367285701,0.2020636748450224,0.7237502704285033,0.0668934240362811,0.0263235729074238,0.5093164418162889,0.5641947202929656,24,42,baixo_baixo,False,0.1140767023117399,0.0824365845371592,0.1694001423778577,0.6067562561684338,0.059592464436755,0.026006481023782,0.4904893689812513,0.5490848682540908,29,51,baixo_baixo,False,-0.0242533453864731,-0.018429552191410903,-0.018827072835037595,True
11151349000140,0.229308339856619,0.1779288958470603,0.4239060612056766,0.7429700604737322,0.074074074074074,0.0123456790123456,0.6034592621773893,0.5245934823589415,16,18,baixo_baixo,False,0.229308339856619,0.1779288958470603,0.4239060612056766,0.7429700604737322,0.074074074074074,0.0123456790123456,0.5947839621497767,0.5248287937151729,16,18,baixo_baixo,False,0.0,0.0,-0.008675300027612631,True
11151460000137,0.3285471412227689,0.2768969213168281,0.5090706144561696,0.9068785253283856,0.0755555555555555,0.0044444444444444,0.8026316016468386,0.5237229552907374,14,15,baixo_baixo,False,0.3053804683133089,0.2738068532366411,0.5096135412064023,0.8131019253540716,0.0502958579881656,0.0071274878967186,0.8582798569845559,0.4851659333689614,23,26,baixo_baixo,False,-0.023166672909460007,-0.0030900680801869695,0.055648255337717334,True
11152150000137,0.0393960271112578,0.0111429690851183,0.0675279107626912,0.2632087899505788,0.03125,0.0027573529411764,0.8027655773635022,0.4422259066334367,35,40,baixo_baixo,False,0.0393960271112578,0.0111429690851183,0.0675279107626912,0.2632087899505788,0.03125,0.0027573529411764,0.7952774026053455,0.4376499828268441,35,40,baixo_baixo,False,0.0,0.0,-0.007488174758156663,True
11166368000140,0.1424759076953368,0.1210378053877202,0.3537287247096597,0.4763255471114277,0.0368,0.0127199999999999,0.7203147687879922,0.5708329931570226,41,75,baixo_baixo,False,0.1367017891797006,0.1161470698744554,0.3443958641790707,0.4751683982308716,0.035625,0.0126636904761904,0.7142921139542271,0.5705747672994494,43,80,baixo_baixo,False,-0.005774118515636195,-0.004890735513264799,-0.006022654833765073,True
11168270000122,0.0342607443127126,0.0141411764858941,0.0663246470430275,0.2200839985073638,0.022633744855967,0.0022719478737997,0.6482351733020565,0.5606294338015264,49,54,baixo_baixo,False,0.0300335196842645,0.0127126896786264,0.0586377537259421,0.1945767053252957,0.01953125,0.0020228794642857,0.6561733988389454,0.6093564448482732,57,64,baixo_baixo,False,-0.004227224628448101,-0.0014284868072676985,0.007938225536888943,True
11170888000127,0.080760387311692,0.0194777464658048,0.129522529132322,0.4400077057707204,0.0625,0.0,0.6803581265790027,0.60993953329687,16,16,baixo_baixo,False,0.080760387311692,0.0194777464658048,0.129522529132322,0.4400077057707204,0.0625,0.0,0.7132218451511203,0.6970625862596256,16,16,baixo_baixo,False,0.0,0.0,0.03286371857211756,True
11171868000170,0.0662515479132044,0.0498699961222079,0.174667348562766,0.4224345638306467,0.0204081632653061,0.0032223415682062,0.9188117000765073,0.686888540975992,58,70,baixo_baixo,False,0.0602130291532017,0.045055174784705,0.164448254520237,0.3977195923713481,0.0186980609418282,0.0028706103118577,0.9145271029165114,0.6866482779571093,63,76,baixo_baixo,False,-0.006038518760002692,-0.0048148213375029045,-0.004284597159995851,True
11188015000141,0.4910246383898308,0.4783002543495765,0.6918154056209478,0.8424603509509657,0.0607195032870708,0.0372374908692476,0.9703236649906738,0.564660003745689,41,148,critico,False,0.4103447536921477,0.3963053430657703,0.6300183209776934,0.794229837375579,0.057174515235457,0.0347262894077298,0.9711282162948685,0.6138777724571527,43,190,critico,False,-0.08067988469768311,-0.0819949112838062,0.0008045513041946561,True
11206573000192,0.1188889680272409,0.0209877422524899,0.2207612989154868,0.5332838378447254,0.1,3.0839528461809905e-17,0.7606983529940669,0.8875688428372533,10,10,baixo_baixo,False,0.1998094185381779,0.133126870083026,0.3959481093188502,0.6589372051248775,0.0769230769230769,1.503427012513233e-17,0.8058733734466832,0.8726442676749212,13,13,baixo_baixo,False,0.080920450510937,0.11213912783053612,0.04517502045261634,True
11208059000196,0.1909500989424256,0.1235292738542944,0.328834113763172,0.7700559584642772,0.1080332409972299,0.033702677746999,0.7896219558129033,0.470330108846539,13,19,baixo_baixo,False,0.1718053742306524,0.1126486152471276,0.2978660834100174,0.7361520400193573,0.107750472589792,0.0440183634890629,0.7935428543193386,0.4875038589399124,15,23,baixo_baixo,False,-0.019144724711773198,-0.01088065860716679,0.003920898506435289,True
11214458000160,0.0660420288876342,0.0558903118103258,0.1374463385204031,0.4367906365618083,0.0308537616229924,0.020319563379764,0.9455693807609812,0.9446573178773794,93,364,oculta,True,0.0595055276179075,0.0507158596517197,0.1199154336126464,0.4099552118855271,0.0286746790606252,0.0195968723228741,0.9508907091088517,0.8905395768801894,108,442,oculta,True,-0.006536501269726706,-0.0051744521586060965,0.005321328347870469,True
11221619000142,0.0230413007820642,0.0156957466526061,0.0585885951413573,0.1848264379786075,0.0130688578227245,0.005648322919136,0.7838130183530452,0.7519303891443287,134,328,baixo_baixo,False,0.0230413007820642,0.0156957466526061,0.0585885951413573,0.1848264379786075,0.0130688578227245,0.005648322919136,0.797209933811457,0.7758094030437821,134,328,baixo_baixo,False,0.0,0.0,0.013396915458411818,True
11224030000106,0.1075891446443658,0.0858230262210577,0.2269221295934344,0.5868788122900558,0.0281207133058984,0.0044163404597008,0.8117673159043037,0.9880613233486486,42,54,baixo_baixo,False,0.0733170814006785,0.056468301062509,0.1703199886463677,0.4476233604084662,0.0255800118976799,0.0078632848412741,0.8193624479722692,0.9902728688006808,56,82,baixo_baixo,False,-0.0342720632436873,-0.029354725158548693,0.007595132067965471,True
11231203000105,0.3992908122375249,0.3923058216821473,0.4657932321376479,0.941383137932095,0.0242271105826397,0.0128809141940657,0.9678017919259596,0.464314237822151,87,232,oculta,True,0.2813941129011567,0.2748013983406168,0.3785958641972711,0.8895736578140645,0.0207351303185564,0.0117510489453322,0.9503437735243452,0.466882370186376,110,335,oculta,True,-0.1178966993363682,-0.1175044233415305,-0.017458018401614428,True
11232665000147,0.0946006395105221,0.0849687314202085,0.2406385976107488,0.4964431794856958,0.0462039487075106,0.0360571822043991,0.8029887550692902,0.4973321526679501,95,289,baixo_baixo,False,0.0893616010648619,0.0804337736243214,0.2338259684294917,0.4834293656795844,0.0539178734378099,0.0446425584715139,0.7951521722515884,0.505166015428131,103,355,baixo_baixo,False,-0.005239038445660191,-0.0045349577958870985,-0.007836582817701832,True
11237287000194,0.1118980177490018,0.0563916438583144,0.17866437319689,0.5657572023209613,0.0657596371882086,0.0073696145124716,0.727209799249162,0.604159971991407,17,21,baixo_baixo,False,0.1118980177490018,0.0563916438583144,0.17866437319689,0.5657572023209613,0.0657596371882086,0.0073696145124716,0.7182767159345584,0.6006002514659551,17,21,baixo_baixo,False,0.0,0.0,-0.008933083314603518,True
11241709000103,0.5760022154458257,0.5716311042648549,0.7559967308766005,0.8557952059891123,0.0376311145966081,0.0277097858811092,0.9444253604794804,0.5142707070558756,98,404,critico,False,0.521452259482473,0.5168508389005737,0.7188707364524247,0.8137682411251939,0.0386244722187153,0.0293804767592799,0.93982141107025,0.5350030413638664,105,534,critico,False,-0.05454995596335277,-0.054780265364281155,-0.004603949409230479,True
11243552000147,0.1317801033782035,0.1179988351778575,0.2952049594048605,0.602144785739301,0.040439106774254,0.0252079814849565,0.8680188995167961,0.9740996283980212,64,146,baixo_baixo,False,0.1249165416645772,0.1114537192286476,0.2866583528813041,0.5885238995556091,0.0412234610619847,0.0264730527706306,0.8747360515103902,0.9780141777788736,66,153,baixo_baixo,False,-0.006863561713626301,-0.006545115949209909,0.006717151993594128,True
11246073000184,0.1077656471895385,0.0672095402436084,0.2195613454820295,0.5694048885512505,0.0594787257741145,0.016727758763847,0.9581832356277732,0.9971288515070876,23,67,oculta,True,0.1084607288579936,0.0713132592270767,0.2064228248799597,0.5848531937091563,0.0582639714625445,0.0190249702734839,0.967526123611686,0.9977741351731994,25,87,oculta,True,0.000695081668455097,0.004103718983468299,0.009342887983912807,True
11252074000131,0.173855337619329,0.1463171822066399,0.3785253860222972,0.6078697194280119,0.0433057851239669,0.0114159779614324,0.9205119522278926,0.983958422460894,31,55,baixo_baixo,False,0.1691549136881634,0.1466996410851408,0.3733132237452519,0.599499565832094,0.0355253212396069,0.0094584380298665,0.9159825358621736,0.9835979806325944,38,63,baixo_baixo,False,-0.004700423931165598,0.0003824588785009131,-0.004529416365719019,True
11257200000140,0.0936247715141129,0.0483060100898186,0.1751146354801469,0.5093568325704484,0.0692621095518333,0.022725215029425,0.9661050080238794,0.9960360674544037,21,47,oculta,True,0.0899927190582156,0.04862875174268,0.1620574091295892,0.4806364448133101,0.0682397959183673,0.0258870593692022,0.9727099566676785,0.9970409862942043,23,56,oculta,True,-0.0036320524558973027,0.0003227416528613983,0.0066049486437990135,True
11258723000101,0.1257608611919496,0.0383369473111445,0.2030368437807707,0.6428339295252732,0.0909090909090909,0.0,0.7987833004653337,0.5801817320129861,11,11,baixo_baixo,False,0.1257608611919496,0.0383369473111445,0.2030368437807707,0.6428339295252732,0.0909090909090909,0.0,0.7912982003451714,0.5756738611938245,11,11,baixo_baixo,False,0.0,0.0,-0.007485100120162347,True
11259476000168,0.6863200644475623,0.6514667382750693,0.8263328724558306,0.8921890065276068,0.1,3.0839528461809905e-17,0.9074117902122264,0.8321349978620695,10,10,hhi_alto,False,0.6863200644475623,0.6514667382750693,0.8263328724558306,0.8921890065276068,0.1,3.0839528461809905e-17,0.924171581924314,0.8327926612444283,10,10,critico,False,0.0,0.0,0.016759791712087635,False
11261188000148,0.3266264625066615,0.2424547703199942,0.4159744839106878,0.958148478581665,0.1111111111111111,0.0,0.9634395005470396,0.5012381399048109,9,9,oculta,True,0.3266264625066615,0.2424547703199942,0.4159744839106878,0.958148478581665,0.1111111111111111,0.0,0.9587823591228908,0.4964574232936149,9,9,oculta,True,0.0,0.0,-0.0046571414241488585,True
11265919000123,0.0490631978282279,0.0264218453955666,0.0862714043976201,0.3120788788650114,0.0445475429034728,0.021798674877365,0.8755489995849357,0.9902264241273472,43,149,baixo_baixo,False,0.046526563540111,0.028869648050113,0.0875396204811158,0.3095004657037447,0.0417389293559949,0.0239933539736985,0.8865645128870926,0.9934679698799236,55,186,baixo_baixo,False,-0.0025366342881169013,0.0024478026545463986,0.011015513302156887,True
11267244000151,0.3305961704727768,0.1632452130909709,0.4894769906482634,0.9951369667562526,0.2,3.4694469519536136e-17,0.7353256631667268,0.4648177429449284,5,5,baixo_baixo,False,0.1393918343672313,0.0915802696098553,0.2075183131605101,0.6905202058034265,0.0526315789473684,0.0,0.7648284066926894,0.607947013508351,19,19,baixo_baixo,False,-0.1912043361055455,-0.0716649434811156,0.029502743525962605,True
11268671000154,0.0497090549943881,0.034381781687846,0.1187001966280051,0.3373781911756521,0.0262573964497041,0.0105518705859896,0.7660987746097062,0.6394593104117198,63,104,baixo_baixo,False,0.0381039713609311,0.0243625995232301,0.0929338741940697,0.2641433061210574,0.0243055555555555,0.0103670634920634,0.7792404374982329,0.6417832787755456,71,120,baixo_baixo,False,-0.011605083633457004,-0.010019182164615902,0.013141662888526695,True
11270247000144,0.5002395262317078,0.4502634788548785,0.6772516608169163,0.9297396033479872,0.0972222222222222,0.0069444444444444,0.9230162125065888,0.7314588108351714,11,12,critico,False,0.5002395262317078,0.4502634788548785,0.6772516608169163,0.9297396033479872,0.0972222222222222,0.0069444444444444,0.91728737547935,0.7260045294259664,11,12,hhi_alto,False,0.0,0.0,-0.005728837027238809,False
11271704000115,0.0768811706059154,0.0439126409846981,0.1504738656714003,0.4588762655887474,0.037109375,0.0027204241071428,0.8153235580711232,0.426170373809259,29,32,baixo_baixo,False,0.0753830317435192,0.0434996880105371,0.148891181418468,0.4540498046192546,0.0358126721763085,0.0025648332858364,0.8064126376812586,0.4457674413808697,30,33,baixo_baixo,False,-0.001498138862396206,-0.0004129529741609961,-0.00891092038986463,True
11272232000115,0.7425236544023365,0.6910283852828037,0.8576778804853467,0.9947195374981852,0.1666666666666666,3.3306690738754695e-17,0.9564859170706732,0.8877626268053976,6,6,critico,False,0.6493551625927831,0.5909143563582471,0.7991889513832653,0.9674075526204864,0.1428571428571428,0.0,0.941897045703384,0.853893692795255,7,7,critico,False,-0.09316849180955333,-0.10011402892455668,-0.014588871367289258,True
11279755000193,0.1758494237190677,0.1453253283012554,0.2899702359831601,0.7278911946440915,0.0555555555555555,0.0205761316872428,0.8308465819596712,0.5106496800827284,28,42,baixo_baixo,False,0.142669414781232,0.1131062911529986,0.2531916849894168,0.6425698066019291,0.0516528925619834,0.018951268167569,0.8375812243768438,0.5627890732107586,30,44,baixo_baixo,False,-0.03318000893783571,-0.032219037148256816,0.006734642417172587,True
11280020000180,0.2246746723723547,0.1650342625548435,0.4407465701034541,0.6670166881459866,0.0714285714285714,0.0,0.7171647010986326,0.4863984477515684,14,14,baixo_baixo,False,0.1348366818081611,0.0893017703243801,0.3251875978897856,0.5070309200602553,0.05,1.460819769243627e-17,0.6793628992045679,0.4940249537391534,20,20,baixo_baixo,False,-0.08983799056419359,-0.0757324922304634,-0.03780180189406468,True
11283510000130,0.3625412545218845,0.2714757194535823,0.5568945253308817,0.8920604574830495,0.125,0.0,0.7946888997879618,0.7058247254714317,8,8,baixo_baixo,False,0.3625412545218845,0.2714757194535823,0.5568945253308817,0.8920604574830495,0.125,0.0,0.7921276960209805,0.7018907639454006,8,8,baixo_baixo,False,0.0,0.0,-0.0025612037669812127,True
11285282000137,0.0482124196555144,0.032861007069313,0.113042605800249,0.3250917991545217,0.0165289256198347,0.0006664889362836,0.8089149848320454,0.679010912564761,63,66,baixo_baixo,False,0.0458366417995673,0.0339095998220619,0.1072363345738533,0.348324177568672,0.0139900566539484,0.0016649323621227,0.8466762196739444,0.732471365584664,81,93,baixo_baixo,False,-0.0023757778559471004,0.0010485927527489058,0.03776123484189897,True
11290422000165,0.1459057001909955,0.1345177761935421,0.2706730271723558,0.6791613119610881,0.0310875255477069,0.0181686925550097,0.8561450066825109,0.6706587420947218,76,167,baixo_baixo,False,0.0875245601981517,0.0774973575629666,0.1957913594641464,0.508583494953311,0.0281975014872099,0.0175183531519046,0.7972191739629637,0.6324630715423057,92,205,baixo_baixo,False,-0.05838113999284379,-0.0570204186305755,-0.05892583271954721,True
11291694000180,0.4539693026222978,0.3447631631467574,0.5504633277662551,0.9915662051130716,0.1666666666666666,3.3306690738754695e-17,0.9652342779029116,0.714216163323793,6,6,critico,False,0.4439639045980521,0.3512912220310608,0.5442862709712332,0.9804392862865942,0.1428571428571428,0.0,0.9599816235263572,0.7204278558083361,7,7,critico,False,-0.010005398024245715,0.006528058884303356,-0.005252654376554422,True
11293409000160,0.067866278595401,0.0576230508876582,0.071692271510506,0.286769086042024,0.0253513169973872,0.0146408919094464,0.9900313045507844,0.4157654413841975,92,238,oculta,True,0.0629916627387506,0.0546995535594475,0.0685969040279923,0.2743876161119692,0.0231165626360865,0.0144715764647244,0.988041504904717,0.4126244159625247,114,332,oculta,True,-0.004874615856650388,-0.002923497328210699,-0.0019897996460673806,True
11299998000193,0.0328244394146649,0.0231526838088115,0.0739233892197699,0.2470945905515474,0.0228937327310205,0.0131226700583307,0.8977853129153534,0.9946067491116948,101,302,baixo_baixo,False,0.0326736014301333,0.0241131908233203,0.071800958223845,0.2456166300444567,0.0260725739249008,0.0174537471454752,0.9091406945782384,0.995655970195365,114,398,baixo_baixo,False,-0.00015083798453159603,0.0009605070145087997,0.011355381662885078,True
11301658000150,0.2023708247193417,0.179581419711323,0.4184445100804087,0.6424265449791996,0.0363520408163265,0.0088192419825072,0.9504458542329842,0.9771732890077643,36,56,oculta,True,0.1781786490100789,0.1553502781492478,0.2916784011773861,0.6862672954103298,0.0389360679378304,0.0122398476027702,0.9352943952674176,0.977775858858268,37,79,oculta,True,-0.024192175709262798,-0.024231141562075204,-0.015151458965566578,True
11303923000139,0.0501611602871647,0.0400564917795813,0.1578589813904541,0.337724944059634,0.019676091808112,0.0092471140613898,0.9094189473203084,0.9942677991306088,95,221,baixo_baixo,False,0.0454372447887481,0.0372082555196856,0.1396977806318206,0.3313774806674094,0.0168987194812566,0.0084237084423019,0.92142289804347,0.9952468910946652,117,341,baixo_baixo,False,-0.004723915498416595,-0.0028482362598956992,0.012003950723161627,True
11306530000189,0.1939569278879119,0.1760448596187544,0.35740904532487,0.7487119544630589,0.0287603305785123,0.0071772268135904,0.8683490046908598,0.4499391007952998,46,55,baixo_baixo,False,0.1240982870716491,0.1094999251895099,0.1965141620595248,0.6522718799276854,0.0208294239069243,0.0045099143053731,0.8976768444446723,0.5354584213137583,61,73,baixo_baixo,False,-0.06985864081626281,-0.0665449344292445,0.02932783975381248,True
11307015000113,0.0939814843827835,0.0577407437580948,0.2000795316138164,0.5307381906530068,0.04296875,0.0046874999999999,0.42518549589493,0.6035809544841872,26,32,baixo_baixo,False,0.074054822434967,0.0509061929958411,0.1556310645842719,0.4538550983230052,0.0301637460499856,0.0059178397012352,0.5175049486421217,0.6761847840888675,41,59,baixo_baixo,False,-0.019926661947816504,-0.006834550762253699,0.09231945274719172,True
11307776000175,0.4655668455140928,0.4169820132881012,0.6159192005332231,0.955900870988056,0.0887573964497041,0.0059171597633136,0.9083433443567244,0.8933125952580774,12,13,hhi_alto,False,0.3224543838721719,0.2825987593940644,0.4640940508662488,0.9497410075492828,0.0581717451523545,0.002770083102493,0.9009900697121472,0.9187559982248252,18,19,baixo_baixo,False,-0.14311246164192087,-0.13438325389403677,-0.007353274644577135,False
11308894000106,0.2246920556069554,0.1139337778365204,0.3586192865535373,0.8383346388359196,0.125,0.0,0.8511641721334312,0.630272921615463,8,8,baixo_baixo,False,0.3654870177576221,0.3020357195333844,0.5739929078074626,0.8570068211859012,0.0909090909090909,0.0,0.9087723306957908,0.4988295153060888,11,11,baixo_baixo,False,0.1407949621506667,0.18810194169686398,0.05760815856235957,True
11310394000109,0.186188212004059,0.179172593142025,0.4192724840846466,0.5362018004827022,0.0162231987943415,0.0077423643011892,0.945030788355202,0.9866949674260188,117,281,oculta,True,0.1367987294041573,0.1304046459182622,0.3520254066010478,0.4823855214302057,0.0144941013922839,0.0071940576988934,0.9485870696294122,0.9911836750550956,136,388,oculta,True,-0.049389482599901696,-0.04876794722376279,0.003556281274210149,True
11312860000187,0.1589437382072272,0.0888557163911628,0.2537823429415137,0.7173278688557302,0.0816326530612245,0.0051020408163265,0.9267095550353852,0.5911058487114011,13,14,oculta,True,0.1492349341156735,0.0837914675091868,0.244897336285382,0.6922139747386726,0.0755555555555555,0.0044444444444444,0.9249519469150604,0.6073442146083993,14,15,oculta,True,-0.009708804091553697,-0.0050642488819759995,-0.0017576081203247718,True
11315213000129,0.1602103400813982,0.150445344035833,0.3742388372228757,0.5605366683579521,0.0167576366944364,0.0053245859583252,0.9111622891027286,0.6354884253171217,87,177,baixo_baixo,False,0.1426277566491512,0.1339674309587386,0.2944023678739705,0.6274139232493059,0.0143900604236938,0.0044344044683776,0.9293929643743646,0.5598702280841638,100,203,oculta,True,-0.017582583432247,-0.016477913077094425,0.01823067527163602,False
11318061000118,0.8045664355876574,0.771994174852267,0.8955252502561462,0.9749716458553636,0.1428571428571428,0.0,0.8446200802269236,0.8235675090891111,7,7,hhi_alto,False,0.5454024694509174,0.4948916327232416,0.7221771844898813,0.9232246275034648,0.1074380165289256,0.0082644628099173,0.8666005313556722,0.8887275782619468,10,11,hhi_alto,False,-0.25916396613674,-0.27710254212902535,0.02198045112874858,True
11319184000173,0.1920507531167017,0.030460903740042,0.2294683218981619,0.8260859588333831,0.1666666666666666,3.3306690738754695e-17,0.4814421388241816,0.5560160572450012,6,6,baixo_baixo,False,0.1620011165409303,0.0223346359644187,0.1884578856217061,0.7471275070299261,0.1428571428571428,0.0,0.4663777492155972,0.5230000962942719,7,7,baixo_baixo,False,-0.030049636575771393,-0.008126267775623301,-0.015064389608584361,True
11320964000133,0.0716516135010023,0.0556456068372265,0.1952352387571755,0.4466537692630885,0.0246181037747759,0.0078011745295134,0.6987093447176873,0.8335983148066421,59,89,baixo_baixo,False,0.0918018981723071,0.0812414551277991,0.2083873293796167,0.5373200763802322,0.0198902606310013,0.0084936357546176,0.8144147498155355,0.8768524390525073,87,162,baixo_baixo,False,0.020150284671304808,0.025595848290572598,0.11570540509784821,True
11323077000119,0.1998824345784998,0.1198706780363497,0.3774887995367516,0.7363474884167542,0.0909090909090909,0.0,0.7841445022586726,0.5947396192132004,11,11,baixo_baixo,False,0.1550057152251701,0.0845895248272676,0.3153707721164013,0.6457956506687798,0.0769230769230769,1.503427012513233e-17,0.7594439321200889,0.5608012672688959,13,13,baixo_baixo,False,-0.04487671935332971,-0.035281153209082095,-0.024700570138583733,True
11323261000169,0.4489169942255835,0.4165003468270884,0.5434875617147001,0.9719111769162362,0.0555555555555555,0.0,0.9962126376219864,0.4102199647517674,18,18,critico,False,0.3788646993097546,0.3492868278483143,0.4940753800216976,0.966717226382982,0.0454545454545454,0.0,0.9956962660502852,0.4573039335010658,22,22,oculta,True,-0.07005229491582893,-0.06721351897877414,-0.0005163715717012574,False
11323964000197,0.0654530865651915,0.058151938803982,0.1937026046818331,0.4074135294007947,0.0253252551020408,0.0177106086575255,0.8594487020491919,0.8196128039559469,129,560,baixo_baixo,False,0.052178636311917,0.0454564989807958,0.1640125063042951,0.3650509770851096,0.0241475270095284,0.0172265874847733,0.8846556066066482,0.9203391923207354,142,679,baixo_baixo,False,-0.013274450253274499,-0.012695439823186203,0.025206904557456333,True
11323985000102,0.23423660112636,0.2297054567543267,0.4697883561991986,0.6300263814096198,0.0188647959183673,0.013059262166405,0.93646325143113,0.7084172865382038,170,560,oculta,True,0.202045856354238,0.1977787218962393,0.4345441599524262,0.5895054023256947,0.0187183673469387,0.0134708719851576,0.9362833480806736,0.7289042294877378,188,700,oculta,True,-0.032190744772122,-0.03192673485808739,-0.0001799033504563674,True
11324516000108,0.0417219945816594,0.030176476444089,0.0997324466857931,0.3001126900450224,0.0269332222684992,0.0152095261512522,0.7802837875674307,0.6349242158785054,84,294,baixo_baixo,False,0.0356847163020571,0.0257433216247588,0.0879914163788479,0.2754056276439384,0.0253655210727001,0.015317742939429,0.7741585823497656,0.6538548070790892,98,398,baixo_baixo,False,-0.0060372782796023,-0.004433154819330199,-0.00612520521766502,True
11329956000158,0.052032640249364,0.0430895519498297,0.129963308785071,0.3684621116476151,0.0237328686200378,0.0145228013428683,0.9462862642855568,0.9978916383734298,107,368,oculta,True,0.0493097595089656,0.041580570561884,0.1239797114586914,0.3572052072985046,0.0211195820679988,0.0131612046864379,0.9467459395468923,0.9980945654055828,124,434,oculta,True,-0.0027228807403983993,-0.001508981387945696,0.0004596752613355015,True
11331930000144,0.22189749706313,0.066276996475756,0.2833396297695504,0.8802417831507368,0.1666666666666666,3.3306690738754695e-17,0.8337483302079636,0.4060703352497574,6,6,baixo_baixo,False,0.22189749706313,0.066276996475756,0.2833396297695504,0.8802417831507368,0.1666666666666666,3.3306690738754695e-17,0.8433759239896523,0.5295705030437007,6,6,baixo_baixo,False,0.0,0.0,0.009627593781688759,True
11333647000151,0.3479495185102117,0.3408620132766271,0.5854530864347799,0.6668308488241249,0.0238161582717304,0.0132054643399013,0.9473765880441328,0.9888266814539262,93,247,oculta,True,0.2740096091363308,0.267469155164586,0.5172397837980159,0.6089381606935568,0.0243930338299636,0.0156037818824858,0.9489263909668836,0.9912569970471176,112,374,oculta,True,-0.0739399093738809,-0.07339285811204105,0.0015498029227507537,True
11335530000107,0.1042140428783709,0.0615575687297219,0.1561054475759521,0.5677628752916207,0.0472589792060491,0.0018903591682419,0.6610133020841875,0.6535233333227048,22,23,baixo_baixo,False,0.0723766078739732,0.041455828136439,0.1094700927313822,0.3986845967404812,0.0422367638310529,0.0103113226254213,0.665086334265058,0.6772290156455089,31,41,baixo_baixo,False,-0.0318374350043977,-0.020101740593282902,0.004073032180870517,True
11336672000199,0.927460310417242,0.9194003449080468,0.9624775756332876,0.9993745592639528,0.1074380165289256,0.0082644628099173,0.996872818038206,0.9234070081641464,10,11,critico,False,0.8899320087026564,0.8820700093242747,0.9426573629494756,0.9946017664891044,0.1065759637188208,0.042759961127308,0.9953708986718725,0.9457360168045914,15,21,critico,False,-0.037528301714585544,-0.03733033558377208,-0.0015019193663335928,True
11337362000199,0.4299622664242675,0.3349559774949787,0.5066277241069422,0.965625702089418,0.1428571428571428,0.0,0.939937960814526,0.4140231311209008,7,7,critico,False,0.4276077889709229,0.3458374731096262,0.5052342011178839,0.9629696658113814,0.125,0.0,0.9451745759544864,0.6394454027023793,8,8,critico,False,-0.0023544774533446056,0.010881495614647518,0.005236615139960432,True
11342435000130,0.0826896666836674,0.0444684027954869,0.1447696430427788,0.4789855036902454,0.051984877126654,0.0124842470069313,0.9347419174611178,0.9970464076497064,25,46,oculta,True,0.2180740268147979,0.1891138055857164,0.3322274206938782,0.7461074833807073,0.0538627269929208,0.0188206057704364,0.697156258344025,0.6138317000931689,28,57,baixo_baixo,False,0.1353843601311305,0.14464540279022947,-0.23758565911709284,False
11344805000179,0.0869063593651979,0.0454021029727069,0.1912312721581003,0.474451322832537,0.056640625,0.0137606534090909,0.5051777480017667,0.5566241826885888,23,32,baixo_baixo,False,0.0869063593651979,0.0454021029727069,0.1912312721581003,0.474451322832537,0.056640625,0.0137606534090909,0.5056402106495264,0.5808263514287612,23,32,baixo_baixo,False,0.0,0.0,0.00046246264775962054,True
11344960000195,0.5253718370944171,0.5215441906193721,0.7230596901515092,0.778009122448656,0.0167754176500532,0.008846187147231,0.9311694018877806,0.5544041938680153,125,294,critico,False,0.4391475164976235,0.4351978511208463,0.6597358986776432,0.733166462661749,0.0153831079757005,0.0084491862008815,0.9306326655288336,0.5901656010300025,143,378,critico,False,-0.08622432059679364,-0.08634633949852577,-0.0005367363589470209,True
11347518000112,0.464820002455754,0.4480956275324964,0.6625441802901738,0.8948036903623439,0.0407999999999999,0.0108249999999999,0.9223935623605076,0.4764179747536843,33,50,hhi_alto,False,0.3703496486633127,0.3546083898798955,0.5893962133262753,0.8028806541934881,0.0346680999731255,0.0105348024724536,0.8914111469168924,0.4758243083318167,41,61,baixo_baixo,False,-0.09447035379244129,-0.09348723765260086,-0.03098241544361524,False
11352368000135,0.1390632013407445,0.0884198602431412,0.2177441675212245,0.6612890367619589,0.074829931972789,0.020408163265306,0.7829662695797925,0.5057022713910394,18,21,baixo_baixo,False,0.21033393254301,0.1774311797323021,0.3702124790646557,0.7575016805932603,0.0511296076099881,0.0115933412604042,0.8741155661334453,0.436543358202027,25,29,baixo_baixo,False,0.07127073120226549,0.0890113194891609,0.09114929655365278,True
11354232000164,0.1214888106877395,0.0876999187911141,0.2787578533707231,0.5893236614760489,0.04,0.003076923076923,0.8372018232620096,0.6845269127011894,27,30,baixo_baixo,False,0.1202832497033218,0.0877011478404819,0.2773415513138664,0.5863294487433485,0.0385015608740894,0.0028905075731298,0.8354117786603573,0.6934609065236454,28,31,baixo_baixo,False,-0.0012055609844177084,1.2290493677930003e-06,-0.0017900446016523297,True
11355483000163,0.382132158644025,0.3777501172159685,0.60037922186037,0.7894274409403895,0.016919881444141,0.009947682021759,0.959764621781927,0.5578028091629761,142,414,oculta,True,0.37351279481597,0.3691621892244142,0.5934963200257869,0.7803772416935167,0.0165495328676037,0.0097200157347398,0.9591206094881564,0.5598799977030772,145,436,oculta,True,-0.008619363828055004,-0.008587927991554334,-0.0006440122937706461,True
11355924000127,0.2898861690308799,0.2741058616760106,0.4653479692320384,0.9001159419708191,0.0255463219452139,0.0038917957662186,0.8593354917696551,0.5667730689076819,46,57,baixo_baixo,False,0.2394062042614829,0.2265147839947283,0.4137722159501018,0.8136571014332116,0.0204674118159384,0.0038651645585814,0.8418633577392567,0.5509754728582346,60,83,baixo_baixo,False,-0.05047996476939698,-0.04759107768128229,-0.01747213403039838,True
11359214000175,0.0420867073528621,0.0338288341403868,0.1094159670686884,0.3221849424163303,0.022358902353408,0.0139309618564546,0.9383855602209348,0.9968892407547456,117,362,oculta,True,0.0385048400443657,0.030934012013219,0.0938255145112567,0.2941291599892515,0.0226346716897688,0.0149388817030741,0.9456438769149044,0.997519744188224,128,442,oculta,True,-0.0035818673084964045,-0.0028948221271678024,0.007258316693969591,True
11359904000124,0.6798499558481488,0.6341142352550272,0.8214590649363578,0.9187519061495228,0.125,0.0,0.9362541122949488,0.8127214801321077,8,8,critico,False,0.3812553080686275,0.3125058978540306,0.5611016102755233,0.9087602517323736,0.1074380165289256,0.0082644628099173,0.9237552907734417,0.6795024233469112,10,11,hhi_alto,False,-0.29859464777952127,-0.3216083374009966,-0.012498821521507164,False
11360515000119,0.1450637011882773,0.1183469418504109,0.3068736813011549,0.6296061506431028,0.0343316289262235,0.004154492330168,0.8304055925982816,0.5458225915138356,33,37,baixo_baixo,False,0.1354291496795713,0.1107271253847019,0.2950357085026624,0.6053184357322817,0.0315288518738845,0.0038582476417098,0.824916653667128,0.5563179555439893,36,41,baixo_baixo,False,-0.009634551508706013,-0.007619816465709001,-0.005488938931153653,True
11364954000108,0.0516641376957877,0.0314867789233576,0.0978885940162328,0.3416361995573012,0.0465116279069767,0.0262246412666996,0.9386917067304836,0.997944052220012,48,86,oculta,True,0.052167542962089,0.0342839116972228,0.1061054392002449,0.3517709433189582,0.0432,0.0251471698113207,0.9383737170593004,0.9980501413822568,54,100,oculta,True,0.0005034052663013058,0.002797132773865202,-0.0003179896711832386,True
11366503000100,0.2977890847160502,0.1807539321687253,0.4748845388885347,0.9042349096967386,0.15625,0.015625,0.6915812764994808,0.4060703352497573,7,8,baixo_baixo,False,0.2351565577830847,0.1395511275059704,0.4142456788104449,0.7931518226478222,0.12,0.01,0.6555242694676046,0.4014183565818778,9,10,baixo_baixo,False,-0.0626325269329655,-0.04120280466275489,-0.0360570070318762,True
11375809000114,0.0606682324250124,0.0506753412805977,0.1969229573554966,0.3851791634409103,0.0187560843699296,0.0083173193100353,0.8361711607346892,0.9712158173057384,95,215,baixo_baixo,False,0.0534503699921392,0.0444356116111119,0.1363164602463293,0.3971179774909414,0.01837158203125,0.0090227399553571,0.8127591522459122,0.9069247662424028,106,256,baixo_baixo,False,-0.007217862432873201,-0.0062397296694857995,-0.023412008488777003,True
11381097000146,0.1293607138455033,0.0422967852300536,0.1846229485373918,0.6334473447934936,0.0909090909090909,0.0,0.775379786162466,0.6082813700729774,11,11,baixo_baixo,False,0.1293607138455033,0.0422967852300536,0.1846229485373918,0.6334473447934936,0.0909090909090909,0.0,0.7687343682783342,0.6053938668064002,11,11,baixo_baixo,False,0.0,0.0,-0.006645417884131755,True
11382690000107,0.2515158930417232,0.064394866302154,0.3433521736833764,0.9308767931661598,0.2,3.4694469519536136e-17,0.8153410290868118,0.6595261917544282,5,5,baixo_baixo,False,0.2515158930417232,0.064394866302154,0.3433521736833764,0.9308767931661598,0.2,3.4694469519536136e-17,0.8124008355268364,0.6597408662846801,5,5,baixo_baixo,False,0.0,0.0,-0.0029401935599754347,True
11386903000179,0.1579927005287489,0.1136765268723673,0.2847477181681405,0.7152123926040989,0.0559999999999999,0.0063157894736842,0.3617139504739026,0.5672916895442767,20,25,baixo_baixo,False,0.1497404101368962,0.1092518582386532,0.2489479620469822,0.6815068114175227,0.0572320499479708,0.0123383380407313,0.3825683182099745,0.5914309472182511,22,31,baixo_baixo,False,-0.008252290391852685,-0.004424668633714102,0.02085436773607191,True
11389851000194,0.4823725510374006,0.4176691199170757,0.6786913648759233,0.9213357584264014,0.1111111111111111,0.0,0.9246232682066752,0.7887745286849984,9,9,critico,False,0.4823725510374006,0.4176691199170757,0.6786913648759233,0.9213357584264014,0.1111111111111111,0.0,0.9282629302461806,0.8660550499166824,9,9,critico,False,0.0,0.0,0.003639662039505387,True
11391482000174,0.0440925415231112,0.030436720687727,0.1331901521508922,0.2943561361341019,0.0307622268470343,0.0169159729448491,0.9159352000918154,0.9964026631159394,71,248,baixo_baixo,False,0.0425092607892221,0.029392949293184,0.1246179770743187,0.2861119390992026,0.0309777777777777,0.017703500761035,0.9303686068877584,0.997256041881156,74,300,oculta,True,-0.0015832807338891017,-0.0010437713945430013,0.01443340679594296,False
11395609000123,0.2173315967789369,0.1390647564568306,0.3801754894695678,0.7701231117187635,0.1326530612244898,0.0459183673469387,0.923683262961374,0.5433411086458297,11,14,oculta,True,0.2173315967789369,0.1390647564568306,0.3801754894695678,0.7701231117187635,0.1326530612244898,0.0459183673469387,0.9222556751671904,0.5717603968368637,11,14,baixo_baixo,False,0.0,0.0,-0.0014275877941836157,False
11395801000110,0.0611937363090882,0.0538015610044354,0.1725526647270817,0.4022310701193977,0.0192873247720811,0.0115651777230424,0.9369219504273268,0.992303816397215,128,404,oculta,True,0.0546837011493121,0.0479314418718071,0.1548985784621795,0.3837181542227033,0.0199679370168727,0.0129677079955647,0.9449772340774673,0.9937341419329696,141,502,oculta,True,-0.006510035159776099,-0.005870119132628304,0.00805528365014041,True
11396412000109,0.3927264408713001,0.2712717290455601,0.5900206017096306,0.9506140813262584,0.1666666666666666,3.3306690738754695e-17,0.802698208723927,0.8114050656322664,6,6,baixo_baixo,False,0.3216816372904209,0.2247790140461953,0.5260703663113256,0.8475804006418756,0.125,0.0,0.8111067280108863,0.8304802900454118,8,8,baixo_baixo,False,-0.07104480358087922,-0.046492714999364776,0.008408519286959293,True
11400251000180,0.2722621323845652,0.1509724877819928,0.4078847762859078,0.9128445107374796,0.15625,0.015625,0.5634025140195442,0.4668261345231175,7,8,baixo_baixo,False,0.1454140429416789,0.0843721888660845,0.273884040623959,0.675081104496752,0.0703125,0.00390625,0.5392492369523463,0.5822582150536708,15,16,baixo_baixo,False,-0.1268480894428863,-0.0666002989159083,-0.024153277067197942,True
11407443000118,0.310670430063617,0.3052426381743541,0.530028360264671,0.7421986871264351,0.0244518123675607,0.0167703305751793,0.9489224851104956,0.6794107812552267,128,509,oculta,True,0.2235189042908296,0.2187258111074397,0.4450169851008532,0.664446025431556,0.0240993026859504,0.0180752243074686,0.9436510808301928,0.7272424929530258,163,704,oculta,True,-0.0871515257727874,-0.08651682706691441,-0.005271404280302816,True
11408074000188,0.0857556617373618,0.0752471061251475,0.2196575144201526,0.4823633676950783,0.0255019947541272,0.0143008682570482,0.9418657864326336,0.9964323645480856,88,213,oculta,True,0.1400038578602533,0.1307565875146646,0.3245191770050367,0.5819067460679854,0.0270666666666666,0.0166050179211469,0.9597985515794216,0.9937452939898735,94,300,oculta,True,0.0542481961228915,0.0555094813895171,0.017932765146787988,True
11409678000149,0.10698943150696,0.0325718841325399,0.1651406350859643,0.5125973239818816,0.0844444444444444,0.0081481481481481,0.8473446285669609,0.4072471037657317,13,15,baixo_baixo,False,0.1031963969458532,0.047146171754969,0.1620281569938773,0.5029361770441488,0.0637119113573407,0.0051939058171745,0.836597706996149,0.4120703660011218,17,19,baixo_baixo,False,-0.0037930345611068006,0.0145742876224291,-0.010746921570811918,True
11414598000181,0.4905405223155894,0.3207206964207859,0.5759015887913996,1.0,0.28,0.04,0.9644785698079312,0.7178002365372398,4,5,critico,False,0.4817885698993815,0.3522357123742268,0.5706925477506316,0.9915612328606204,0.2222222222222222,0.0277777777777778,0.9600209580424388,0.7179801555798565,5,6,critico,False,-0.008751952416207909,0.03151501595344092,-0.00445761176549242,True
11418721000132,0.1457814016072011,0.1272114320769229,0.2242839949326525,0.6881890673700909,0.0489501953125,0.0282751995584239,0.9278293236516644,0.7467325449304724,47,128,oculta,True,0.1337173240026821,0.1167313891792052,0.2139538184618811,0.6564921354810216,0.0480823973914393,0.0294173463598989,0.9187795145894554,0.7552327540130246,52,139,baixo_baixo,False,-0.012064077604518997,-0.0104800428977177,-0.00904980906220898,False
11420595000150,0.2967332975658935,0.2706863826609266,0.4076854285955267,0.9110305765580275,0.0416326530612245,0.0061375661375661,0.8260735138537715,0.8459717772316078,28,35,baixo_baixo,False,0.1515984359934624,0.1266454488167995,0.2530099618609153,0.6890051798642808,0.034074074074074,0.0056644880174291,0.7708701329121468,0.6162813894734033,35,45,baixo_baixo,False,-0.1451348615724311,-0.14404093384412708,-0.05520338094162469,True
11420709000162,0.2624237489949068,0.1953713625398983,0.4249988239485668,0.8689437413030742,0.0833333333333333,1.5139404881252137e-17,0.9446262927376468,0.4461793655311765,12,12,oculta,True,0.2482720285870679,0.1981568304928724,0.4127047568876477,0.8438075479167162,0.0625,0.0,0.9414756016943948,0.6279874743189547,16,16,oculta,True,-0.01415172040783888,0.0027854679529740745,-0.003150691043251941,True
11420915000172,0.0482871273482918,0.0292528698952576,0.080723650264517,0.2988197190263628,0.0196078431372549,3.5388358909926865e-18,0.7253702273911768,0.5281505111880174,51,51,baixo_baixo,False,0.0467903036233311,0.028099917419867,0.077233872283545,0.2796504240369753,0.0195799216803132,0.0003559985760056,0.7327073831181022,0.5220594573021926,52,53,baixo_baixo,False,-0.001496823724960697,-0.0011529524753906006,0.007337155726925393,True
11420927000105,0.283025947700482,0.2612994612671633,0.5005076016573472,0.7611781025041661,0.0294117647058823,0.0,0.8393013767183564,0.5884504497383641,34,34,baixo_baixo,False,0.2799937993220034,0.2588171463608859,0.4977931845239569,0.757049983618145,0.0285714285714285,0.0,0.8318523046612362,0.5853034775423372,35,35,baixo_baixo,False,-0.003032148378478594,-0.0024823149062774275,-0.0074490720571201985,True
11421459000185,0.0816026998427345,0.0203762131655835,0.136737826147621,0.4529556764801636,0.0657439446366782,0.0034602076124567,0.7697186109322773,0.4060703352497573,16,17,baixo_baixo,False,0.066951345799547,0.0225204575042873,0.1220063470689655,0.404156399355325,0.0472589792060491,0.0018903591682419,0.7381511888685343,0.4014183565818778,22,23,baixo_baixo,False,-0.0146513540431875,0.002144244338703801,-0.03156742206374308,True
11422955000153,0.8698572303215732,0.8665202362272546,0.9324855475541312,0.9566924810804232,0.0332018408941485,0.008412144506819,0.9855739227583832,0.4390196366043769,40,78,critico,False,0.8455120987359348,0.8417441011441283,0.9192994502461224,0.9442696798402804,0.0324046797407625,0.0088047938807811,0.9844697478782198,0.4426199848889682,42,109,critico,False,-0.024345131585638446,-0.02477613508312626,-0.0011041748801633444,True
11423181000185,0.531182195215616,0.2967732928234241,0.6433675926149289,1.0,0.4285714285714285,0.1428571428571428,0.962592340521186,0.6002003330517786,3,7,critico,False,0.4577375233165563,0.3221719041456954,0.5953419445002855,0.986576033324845,0.2839506172839506,0.1049382716049382,0.9449731936062892,0.6070085988039138,5,9,critico,False,-0.07344467189905973,0.025398611322271336,-0.017619146914896855,True
11423342000130,0.3500743937281074,0.3334096345929307,0.5821200162000414,0.7068549373585412,0.0486334090375127,0.0242393938846284,0.8255712145073236,0.650775659156976,40,113,baixo_baixo,False,0.3252628946716661,0.3095713340826351,0.5604807986690737,0.6805789335677976,0.0451019821890261,0.0228950515422593,0.8143369420232425,0.6607902722301541,44,118,baixo_baixo,False,-0.02481149905644131,-0.023838300510295618,-0.011234272484081154,True
11427286000102,0.3246757735107153,0.1896109282128583,0.4696101236978494,0.9760220604474424,0.183673469387755,0.0204081632653061,0.3309545072423661,0.8359389860407063,6,7,baixo_baixo,False,0.3246757735107153,0.1896109282128583,0.4696101236978494,0.9760220604474424,0.183673469387755,0.0204081632653061,0.3352507734655409,0.8361767090206821,6,7,baixo_baixo,False,0.0,0.0,0.004296266223174805,True
11429759000100,0.3430777011996135,0.3274366940853186,0.5762701965535221,0.7019289542195687,0.0325181402848696,0.0094828579106998,0.9148332699260584,0.9753550872833296,43,61,baixo_baixo,False,0.2872821384872213,0.2714439637869373,0.5229858716624879,0.6646199608772503,0.0326530612244898,0.011156462585034,0.8884935749985972,0.9586844619225412,46,70,baixo_baixo,False,-0.05579556271239222,-0.05599273029838131,-0.026339694927461244,True
11430652000182,0.4581720628867648,0.322715078608456,0.5669867968619549,0.9997210424959438,0.2222222222222222,0.0277777777777778,0.9297468233701452,0.9037047684451568,5,6,critico,False,0.2452528840852032,0.1509094945958536,0.3580850684792933,0.9406171417112706,0.12,0.01,0.9108738025095384,0.9102049440526904,9,10,baixo_baixo,False,-0.2129191788015616,-0.1718055840126024,-0.018873020860606826,False
11431615000199,0.4037865221682067,0.3953891492409983,0.5729332162815377,0.9665422780052152,0.0329029571012078,0.0192818719899572,0.9663375193525928,0.4847017256556379,72,147,critico,False,0.3980024702517972,0.3917316626502534,0.5688113972113289,0.9595887408730842,0.0258101144204733,0.0156623031123533,0.9621778726164076,0.4838317514597913,97,214,critico,False,-0.005784051916409516,-0.0036574865907449405,-0.004159646736185185,True
11431661000198,0.9597269304217358,0.9463025738956478,0.9795727604747976,1.0,0.3877551020408163,0.1836734693877551,0.9879016039556808,0.9623871135011524,4,7,critico,False,0.9597269304217358,0.9463025738956478,0.9795727604747976,1.0,0.3877551020408163,0.1836734693877551,0.9890485630729844,0.9635010723017482,4,7,critico,False,0.0,0.0,0.0011469591173035587,True
11433441000101,0.1670610558268896,0.1561013328772434,0.3127043116974075,0.672440844114536,0.0296530371221552,0.016885313926394,0.8165279618761726,0.7729337244719461,77,177,baixo_baixo,False,0.1377101977779651,0.128129199975498,0.2807154360440755,0.603651813257115,0.028869623769043,0.0180792862553657,0.7979108198537529,0.7570744403554733,91,218,baixo_baixo,False,-0.02935085804892451,-0.02797213290174541,-0.018617142022419708,True
11435485000162,0.06704650698904,0.0483874371288208,0.1995195150290969,0.3982986486026957,0.0324645633287608,0.013113854595336,0.5792378988218947,0.5840698798790835,51,81,baixo_baixo,False,0.06704650698904,0.0483874371288208,0.1995195150290969,0.3982986486026957,0.0324645633287608,0.013113854595336,0.5811463931480987,0.6252919373778233,51,81,baixo_baixo,False,0.0,0.0,0.001908494326203991,True
11436906000170,0.236577793701835,0.2312015809814253,0.4437212061611871,0.7289751559133606,0.0181160123425643,0.0112013363731458,0.9623256958136772,0.8141859154059956,143,454,oculta,True,0.1664555519447357,0.1613417823247648,0.368629921866335,0.6071688103558208,0.0168661157024793,0.0108346194797951,0.948042058396185,0.8494262270180941,164,550,oculta,True,-0.07012224175709927,-0.0698597986566605,-0.014283637417492168,True
11436910000138,0.0538980269556695,0.0432676677079804,0.1269370194715821,0.3816620047255514,0.0221529170070047,0.0111658711306789,0.941618123429957,0.9966019618135564,90,201,oculta,True,0.0478579001101505,0.0389593758121145,0.1126754878698848,0.3598948471735724,0.0208799048751486,0.0117292497805238,0.939118521057704,0.9967139111496524,108,290,oculta,True,-0.006040126845518995,-0.004308291895865901,-0.002499602372252996,True
11443806000170,0.3605242494243514,0.2326290993092217,0.5612452284071844,0.90128687131663,0.1666666666666666,3.3306690738754695e-17,0.6569353647826716,0.5140179518474107,6,6,baixo_baixo,False,0.3605242494243514,0.2326290993092217,0.5612452284071844,0.90128687131663,0.1666666666666666,3.3306690738754695e-17,0.6456826745864042,0.5095005500188341,6,6,baixo_baixo,False,0.0,0.0,-0.0112526901962674,True
11444466000100,0.6418377850432694,0.617960304046154,0.7969390542801993,0.924353961841586,0.0702479338842975,0.0082644628099173,0.7060682619031886,0.5252792064051531,16,22,hhi_alto,False,0.5662902969468895,0.5421953134439389,0.745958474311146,0.8965462941374306,0.0644718792866941,0.0124980948026215,0.7113397873808356,0.5521946206964907,19,27,hhi_alto,False,-0.0755474880963799,-0.07576499060221509,0.005271525477646977,True
11447284000185,0.7008499846824291,0.6260624808530363,0.8299949547880621,0.9903867096082858,0.2,3.4694469519536136e-17,0.9912290355605938,0.4895539979328402,5,5,critico,False,0.691671027470345,0.6402828653820692,0.8245276468755451,0.9838628758636871,0.1428571428571428,0.0,0.9883289412913746,0.4877194435753463,7,7,critico,False,-0.00917895721208406,0.014220384529032959,-0.002900094269219222,True
11448444000100,0.2039846548181858,0.1571602227486673,0.3970610993731385,0.7145259114781977,0.0612244897959183,0.0060024009603841,0.7464793661228094,0.7172619904808986,18,21,baixo_baixo,False,0.1785135891549499,0.1411732977529022,0.3689354920438943,0.6639128565994059,0.0473372781065088,0.0040344271113502,0.7272270823288933,0.7294487785523845,23,26,baixo_baixo,False,-0.025471065663235926,-0.015986924995765123,-0.01925228379391608,True
11455792000105,0.0381340086059142,0.028610582948547,0.0978464561062238,0.3050246854090486,0.0258979869303978,0.01625341254357,0.9146734075415276,0.9956352930867076,102,302,baixo_baixo,False,0.0378838245642115,0.0290570706611309,0.0841007971430706,0.3140503509939792,0.0254144967584227,0.0164733453525367,0.9302846910790576,0.9966395595181404,110,388,oculta,True,-0.00025018404170269737,0.0004464877125839005,0.015611283537530052,False
11456532000154,0.1876242725284322,0.0522283179498376,0.3135288411312589,0.7664751386712435,0.1666666666666666,0.0277777777777777,0.7768141049885264,0.9964123949177888,7,12,baixo_baixo,False,0.4497785511588856,0.4039267637554594,0.5444408082776634,0.9587829757189223,0.0926275992438563,0.0170132325141777,0.4343101238010279,0.4380017850282854,13,23,hhi_alto,False,0.2621542786304534,0.35169844580562176,-0.34250398118749853,False
11460487000101,0.1940941951560221,0.0933559695505248,0.2845260963529846,0.8332686642847196,0.125,0.015625,0.7905294775606605,0.991308555152328,9,12,baixo_baixo,False,0.1940941951560221,0.0933559695505248,0.2845260963529846,0.8332686642847196,0.125,0.015625,0.8069760406654325,0.993618619356506,9,12,baixo_baixo,False,0.0,0.0,0.016446563104771994,True
11463194000188,0.2193179706584455,0.1412497677242901,0.2907595486428171,0.8886467794387201,0.1122448979591836,0.023469387755102,0.8999782529174889,0.6049819811344084,11,14,baixo_baixo,False,0.2033756633340198,0.1369903019451881,0.2791456201881438,0.8531511949736486,0.09375,0.0182291666666666,0.8876091016751213,0.6012818755899618,13,16,baixo_baixo,False,-0.015942307324425697,-0.004259465779101995,-0.012369151242367593,True
11470270000182,0.0429496091182676,0.0211984638709555,0.0948557706847236,0.2999967191062845,0.0452607709750567,0.0235621521335807,0.5752195697984128,0.6067458640444349,45,105,baixo_baixo,False,0.1009878011127728,0.085215657272646,0.2086723615020908,0.5623728977043646,0.036771042803792,0.0198722891687708,0.7512337409117399,0.55349444550751,58,118,baixo_baixo,False,0.058038191994505196,0.0640171934016905,0.17601417111332707,True
11479852000120,0.1175232959876364,0.0496404726020699,0.2097550035571107,0.5613515379886544,0.0795847750865051,0.0087836039393132,0.8461353966389689,0.5630763439004658,14,17,baixo_baixo,False,0.1117704105473372,0.0525551045838263,0.2042209041544019,0.5465410440389982,0.0692520775623268,0.0072022160664819,0.8407406505016259,0.5705683131001869,16,19,baixo_baixo,False,-0.005752885440299199,0.0029146319817563993,-0.005394746137342921,True
11481782000144,0.0800450602862329,0.0695910268803947,0.2415284671102215,0.4198839670812141,0.0206758034026465,0.0095471193504038,0.8042620019070744,0.9880017093803783,89,184,baixo_baixo,False,0.0691204647267724,0.0590022089085851,0.2190613275232958,0.3860738554167471,0.0195057847406529,0.0088482389226165,0.8174277435764011,0.9880830859523908,93,197,baixo_baixo,False,-0.010924595559460501,-0.010588817971809598,0.013165741669326714,True
11483837000155,0.3619926987287549,0.3221172423993021,0.5891339604614046,0.7423763138801894,0.0637119113573407,0.0051939058171745,0.8528784130364068,0.7628057981830526,17,19,baixo_baixo,False,0.3846789314134036,0.3627031789638822,0.6018417583988768,0.8238368902583899,0.0385802469135802,0.0042438271604938,0.9386777617864446,0.6957054045679508,29,36,critico,False,0.0226862326846487,0.040585936564580094,0.08579934875003781,False
11485410000196,0.2057901439537364,0.2000350000693431,0.3094202992974054,0.7519877181621825,0.0166743319896473,0.0095487836707317,0.9538479500723608,0.6226683751951395,139,333,oculta,True,0.1702452899096633,0.1650593229715987,0.2486356536299029,0.7700076600671695,0.0147055254920041,0.0085474350263292,0.9579209207290296,0.6879876088709347,161,406,oculta,True,-0.03554485404407309,-0.034975677097744406,0.004072970656668784,True
11491075000139,0.083960902416703,0.0744188284835436,0.1780257101226419,0.5057325889050392,0.0305911088229307,0.0204930995398362,0.8814552318135163,0.7564752454165341,97,289,baixo_baixo,False,0.0628398067593757,0.0539986728608793,0.1447099219231761,0.4118203134434588,0.0299488677867056,0.0207974420111085,0.8690668893555538,0.7758967318148312,107,370,baixo_baixo,False,-0.021121095657327296,-0.020420155622664297,-0.012388342457962498,True
11497013000134,0.364171873347603,0.2846933575160534,0.5729313673319875,0.8744431558897522,0.1239669421487603,0.0144628099173553,0.894228621237075,0.4786119936783312,9,11,baixo_baixo,False,0.2975807098704482,0.2606112735478403,0.4147886411692185,0.9339316875604556,0.0644718792866941,0.0152335571438885,0.989192106953508,0.4039003220455551,20,27,oculta,True,-0.06659116347715477,-0.024082083968213097,0.09496348571643298,False
11500340000106,0.5441911038089202,0.3162866557133803,0.6932409012131716,1.0,0.44,0.1600000000000001,0.9081409220600896,0.8125528856288387,3,5,hhi_alto,False,0.3835267107911159,0.1780356143881546,0.5390835579514824,1.0,0.3877551020408163,0.1836734693877551,0.8775757890755801,0.7215762333092469,4,7,hhi_alto,False,-0.16066439301780433,-0.13825104132522573,-0.03056513298450947,True
11503081000169,0.1222973753882506,0.0491554900039381,0.2210536953309682,0.601674095092072,0.0816326530612245,0.0051020408163265,0.9110826727210304,0.5468410606271223,13,14,baixo_baixo,False,0.0937274186463183,0.0404172668019841,0.1709906322782106,0.526287285351072,0.065,0.01,0.9067251928317618,0.616260775863818,18,20,baixo_baixo,False,-0.0285699567419323,-0.008738223201954005,-0.004357479889268601,True
11505079000129,0.312784780816011,0.2503106699811029,0.5006503136417814,0.8785247970891504,0.0918367346938775,0.0092764378478664,0.4314188685736737,0.4155076886137205,12,14,baixo_baixo,False,0.312784780816011,0.2503106699811029,0.5006503136417814,0.8785247970891504,0.0918367346938775,0.0092764378478664,0.4189656670207232,0.4152320635955502,12,14,baixo_baixo,False,0.0,0.0,-0.012453201552950488,True
11508942000100,0.0338037767183046,0.016852965783538,0.0740479877310775,0.2570996030959907,0.0286241920590951,0.0115825112180265,0.9045381315210366,0.4060703352497573,58,114,baixo_baixo,False,0.0320870252295214,0.0159551423166801,0.0783819529215532,0.2415098711432758,0.0265980531961063,0.0103746874160414,0.904910496041614,0.4039129988459463,61,127,baixo_baixo,False,-0.001716751488783197,-0.0008978234668578985,0.0003723645205774284,True
11513839000140,0.3537228538026197,0.2460099961030563,0.5078750509720157,0.962443113737938,0.1428571428571428,0.0,0.8071622699626053,0.6433014424085934,7,7,baixo_baixo,False,0.3537228538026197,0.2460099961030563,0.5078750509720157,0.962443113737938,0.1428571428571428,0.0,0.8008672576403413,0.63807368415236,7,7,baixo_baixo,False,0.0,0.0,-0.0062950123222640375,True
11520158000109,0.0703898049242543,0.0540808541334517,0.1628725581443775,0.438015490636766,0.0387661094146265,0.0219023569482165,0.8522552905651675,0.9346317577773748,58,139,baixo_baixo,False,0.0606127952395057,0.049015422341228,0.1472048380446832,0.3974265331059911,0.0335447904652056,0.0216132446684798,0.8697546954096436,0.9433176640199472,82,204,baixo_baixo,False,-0.009777009684748601,-0.0050654317922236985,0.017499404844476096,True
11520287000105,0.0856003457784341,0.0440367251319992,0.1544441298360318,0.4970812919537468,0.0451388888888888,0.0017361111111111,0.8384110098189816,0.4408805496558657,23,24,baixo_baixo,False,0.0793049697410888,0.0392747510341796,0.1391067799098897,0.4851992962227357,0.044378698224852,0.0028299459737586,0.8369102025041054,0.432731681044654,24,26,baixo_baixo,False,-0.006295376037345299,-0.004761974097819602,-0.001500807314876229,True
11534361000134,0.3457829580920775,0.1277106107894366,0.4094890137728126,1.0,0.28,0.04,0.7651786992801044,0.7068523944817943,4,5,baixo_baixo,False,0.3314299759525176,0.164287469940647,0.4006162187815888,0.9863608762793368,0.2222222222222222,0.0277777777777778,0.7496431443332476,0.707340012007715,5,6,baixo_baixo,False,-0.014352982139559878,0.036576859151210395,-0.015535554946856767,True
11552935000105,0.9665430390624584,0.95985164687495,0.9830922762208142,0.9973942096632826,0.183673469387755,0.0204081632653061,0.9704252935082012,0.9837549094968956,6,7,critico,False,0.8074251743867275,0.7899183720582481,0.8966495589284942,0.9758833674838217,0.0887573964497041,0.0059171597633136,0.9506145855182708,0.9859877213499386,12,13,critico,False,-0.15911786467573097,-0.16993327481670184,-0.019810707989930343,True
11553540000119,0.1587608633436062,0.149811510825985,0.2704751873618976,0.7637353326276997,0.0196183821553345,0.009188790476136,0.8457280217315274,0.6933040461325136,95,183,baixo_baixo,False,0.1135576851723786,0.105781875393189,0.2067324587118009,0.6096150054370658,0.0208501919732786,0.0122611585695355,0.8389564037876448,0.679243025514921,115,241,baixo_baixo,False,-0.0452031781712276,-0.044029635432796005,-0.006771617943882591,True
11598317000198,0.3740158706499905,0.2845895664571319,0.5676610037518215,0.9473706505603648,0.1570247933884297,0.0365997638724911,0.8972435282709815,0.8631941281944651,8,11,baixo_baixo,False,0.3414939585034287,0.290839647619077,0.5386552785625841,0.8497814000263235,0.0864197530864197,0.0161443494776828,0.8613666026116265,0.5830805675153801,14,18,baixo_baixo,False,-0.032521912146561804,0.006250081161945087,-0.035876925659355074,True
11607258000177,0.1568137687715029,0.0801604750234577,0.2628967001665221,0.7081971817056445,0.1022222222222222,0.0206060606060606,0.6960141008699495,0.703914354415605,12,15,baixo_baixo,False,0.1294181158532705,0.0568696255077097,0.2051196229966446,0.6580460532624033,0.0934256055363321,0.0178777393310265,0.6960599455931296,0.6614239991639356,13,17,baixo_baixo,False,-0.0273956529182324,-0.023290849515748002,4.5844723180032965e-05,True
11627479000107,0.6637161443934778,0.6263512715483087,0.8092102723751359,0.94190181690979,0.125,0.0277777777777777,0.937645780805026,0.4196351777571887,10,12,critico,False,0.6637161443934778,0.6263512715483087,0.8092102723751359,0.94190181690979,0.125,0.0277777777777777,0.932947652904014,0.4150166308078876,10,12,critico,False,0.0,0.0,-0.004698127901011984,True
11632895000101,0.1243109573104195,0.0805265051759405,0.2388689433638489,0.5781734697554959,0.051039697542533,0.0035916824196597,0.9686975102678412,0.9987205204420248,21,23,oculta,True,0.1243109573104195,0.0805265051759405,0.2388689433638489,0.5781734697554959,0.051039697542533,0.0035916824196597,0.973665595418566,0.9989185886203348,21,23,oculta,True,0.0,0.0,0.004968085150724777,True
11639339000159,0.0774514657947002,0.0445033038587966,0.1633847597159903,0.4554823407801157,0.0397923875432525,0.0054992585269401,0.3740576227443785,0.6470578136317992,29,34,baixo_baixo,False,0.0649861320110942,0.0382714500685541,0.1447129057880038,0.4080279555439052,0.0330578512396694,0.0054309327036599,0.352032960150514,0.6648838005732627,36,44,baixo_baixo,False,-0.012465333783606009,-0.006231853790242499,-0.022024662593864486,True
11643598000153,0.5960215762057359,0.573578330439388,0.7606904011448867,0.9761062482074934,0.0711111111111111,0.0195061728395061,0.7466574855646949,0.4791695329835764,19,30,hhi_alto,False,0.5300392637404091,0.5126333105456095,0.71037250117947,0.9554858852277258,0.0680507497116494,0.0335341108120808,0.7431233969745464,0.5078607776257765,28,51,hhi_alto,False,-0.06598231246532682,-0.06094501989377854,-0.0035340885901484764,True
11682696000108,0.5742718164149269,0.4891261796979123,0.7478438726347101,0.9425450248751568,0.1666666666666666,3.3306690738754695e-17,0.9054774562363388,0.8391628046817818,6,6,hhi_alto,False,0.5591129085149599,0.4856317266007865,0.7377882215799366,0.929871385068273,0.1428571428571428,0.0,0.9003697613427486,0.843446518157207,7,7,hhi_alto,False,-0.015158907899966989,-0.0034944530971257604,-0.005107694893590198,True
11688879000122,0.0233782321632796,0.0158075207847003,0.061894923329066,0.2027316634540783,0.0160798658741045,0.0084525780126635,0.5798785061948152,0.4610518261343141,130,162,baixo_baixo,False,0.04855593127657,0.0417110099188475,0.1629705377232919,0.3482657766008926,0.011198591618172,0.0040849124211804,0.8052147366217178,0.5531389910085056,140,286,baixo_baixo,False,0.0251776991132904,0.0259034891341472,0.22533623042690265,True
11692044000146,0.2219804972459875,0.17011253039572,0.4055220413235373,0.770621072071348,0.1307523739956172,0.0728025322619917,0.8234502412882911,0.5037173085543627,16,37,baixo_baixo,False,0.1426313761628942,0.1069076835030148,0.2972617764786151,0.6253417339990134,0.09521484375,0.0575154622395833,0.797350371723306,0.4946309824440091,25,64,baixo_baixo,False,-0.0793491210830933,-0.0632048468927052,-0.026099869564985112,True
11694100000181,0.5921764733711707,0.4562352978282276,0.7252756434258695,1.0,0.2839506172839506,0.0452674897119341,0.7574329937585649,0.8785207066010416,4,9,hhi_alto,False,0.5866153558856113,0.4488204745141484,0.7217589091393588,1.0,0.3,0.0666666666666667,0.8253672002711185,0.9231909724643884,4,10,hhi_alto,False,-0.00556111748555943,-0.007414823314079166,0.06793420651255366,True
11696615000110,0.295208241408409,0.1542498896900908,0.4564186113373903,0.9493812293353778,0.183673469387755,0.0204081632653061,0.6716239990841346,0.4081470868770298,6,7,baixo_baixo,False,0.2452851273080734,0.1374687169235125,0.4062729719840929,0.8450749465667068,0.1358024691358024,0.0123456790123456,0.6801004244815171,0.4514900803407528,8,9,baixo_baixo,False,-0.04992311410033562,-0.016781172766578284,0.00847642539738247,True
11701924000131,0.4145724916525568,0.3560297408178124,0.6217474258093302,0.8783519522766762,0.1005917159763313,0.0106508875739645,0.9487955851815704,0.7011202064214341,11,13,critico,False,0.4145724916525568,0.3560297408178124,0.6217474258093302,0.8783519522766762,0.1005917159763313,0.0106508875739645,0.9459130169711656,0.6956210825560559,11,13,critico,False,0.0,0.0,-0.002882568210404779,True
11701954000148,0.1947503084481916,0.1052781204979907,0.2475181152320585,0.8650242464620378,0.1074380165289256,0.0082644628099173,0.7299799391569837,0.6304113970400269,10,11,baixo_baixo,False,0.1947503084481916,0.1052781204979907,0.2475181152320585,0.8650242464620378,0.1074380165289256,0.0082644628099173,0.7365191957864962,0.6763239706374413,10,11,baixo_baixo,False,0.0,0.0,0.006539256629512491,True
11712986000149,0.14873835081692,0.0832566854951446,0.2933799896419891,0.6523665339263649,0.078125,0.0072115384615384,0.7997215028488877,0.9947705341309808,14,16,baixo_baixo,False,0.1353383940813508,0.0873016381969813,0.277999357764749,0.6247836994792901,0.0623818525519848,0.0102919554715395,0.8543887239593149,0.996933441715098,19,23,baixo_baixo,False,-0.013399956735569207,0.00404495270183669,0.05466722111042721,True
11715955000141,0.3025161047863636,0.1281451309829545,0.3647750542291957,0.993119508330113,0.2,3.4694469519536136e-17,0.8856883806540679,0.786986814424158,5,5,baixo_baixo,False,0.2666821158435712,0.1444624684841664,0.4017933795807905,0.9263970378749788,0.1428571428571428,0.0,0.8998051557139117,0.6363969601011954,7,7,baixo_baixo,False,-0.03583398894279238,0.01631733750121192,0.014116775059843878,True
11718406000120,0.9318484464625734,0.923329502270395,0.9651044956698056,0.9939229718311248,0.12,0.01,0.9950802287063898,0.4083262382678133,9,10,critico,False,0.4876181913880448,0.4363800105268493,0.619279767111934,0.9896163429744336,0.0972222222222222,0.0069444444444444,0.9949555722789644,0.4029119891148865,11,12,critico,False,-0.44423025507452857,-0.4869494917435457,-0.00012465642742542915,True
11722278000199,0.0640065097780377,0.028006760154116,0.122108698370761,0.3507874002402142,0.037037037037037,0.0,0.7361794713800588,0.4069478893967279,27,27,baixo_baixo,False,0.0625364650037163,0.0278155933371872,0.1205386688729215,0.3462771026676751,0.0357142857142857,7.195889974422309e-18,0.7238042605189142,0.4022817116601879,28,28,baixo_baixo,False,-0.0014700447743214023,-0.00019116681692879847,-0.01237521086114457,True
11732185000145,0.0911479679036135,0.0561921205152909,0.1609767976846381,0.5203150933086056,0.0512943104979168,0.014805630132452,0.945350147367336,0.997712846753057,27,121,oculta,True,0.0873694230990931,0.0522682470644429,0.1507064153481115,0.5167503887827535,0.0509299307958477,0.0144272358264572,0.9512131936349024,0.998017634677839,27,136,oculta,True,-0.0037785448045204034,-0.003923873450847999,0.005863046267566396,True
11738894000138,0.1852924513314525,0.1561957531647186,0.2959706506697058,0.734175501105218,0.0376492194674012,0.0032795487340941,0.8400939826654228,0.991827138872166,29,33,baixo_baixo,False,0.200855557165259,0.1732988522399232,0.3830096497329273,0.6980496825064546,0.0478967097042898,0.0150655617630584,0.8239375112079269,0.9934056269930196,30,49,baixo_baixo,False,0.01556310583380649,0.017103099075204603,-0.01615647145749588,True
11750074000161,0.1023994438524704,0.0691549788099693,0.2809083619604258,0.4155441201741137,0.0368608799048751,0.0011890606420927,0.818258658861522,0.5662139613829845,28,29,baixo_baixo,False,0.0912966697788983,0.0619836591266047,0.2633305617904528,0.3895415068832467,0.0328719723183391,0.0016742940060274,0.8174732598029523,0.6107641394412511,32,34,baixo_baixo,False,-0.011102774073572103,-0.007171319683364603,-0.0007853990585697801,True
11772824000104,0.3649191734736673,0.1532255646315564,0.4944688777706046,1.0,0.28,0.04,0.751701254930577,0.9387979441209754,4,5,baixo_baixo,False,0.2904578729498169,0.1890947119426479,0.4918456258481476,0.8374804776372397,0.1358024691358024,0.0123456790123456,0.7438240610394015,0.5937604595797341,8,9,baixo_baixo,False,-0.07446130052385042,0.035869147311091504,-0.007877193891175582,True
11800731000138,0.2183069069828306,0.0880247248133024,0.3010414838314187,0.9096050844224132,0.1428571428571428,0.0,0.9620830074527268,0.5896584524003444,7,7,oculta,True,0.1964894337467324,0.1072104819408137,0.2839012644858597,0.8578154424554386,0.1,3.0839528461809905e-17,0.9536762819813234,0.6361495528271834,10,10,oculta,True,-0.0218174732360982,0.019185757127511305,-0.00840672547140342,True
11809185000104,0.140154247718109,0.0923850392580039,0.3142612651545824,0.5928985452964626,0.0526315789473684,0.0,0.936467347674322,0.7879819842649752,19,19,oculta,True,0.1950286167193635,0.1614881424160036,0.3854792969152871,0.7141074296505747,0.04,0.0,0.9654520920877072,0.8543488486767162,25,25,oculta,True,0.0548743690012545,0.0691031031579997,0.028984744413385166,True
11810130000106,0.1460354033454072,0.089104430235101,0.2508619027207697,0.7024909558026253,0.0692520775623268,0.0072022160664819,0.6705315775593506,0.816892299006114,16,19,baixo_baixo,False,0.1944869978558055,0.1542113477485958,0.3679777429312186,0.7410867764304085,0.0527999999999999,0.0054399999999999,0.7077885473282182,0.8408730093542229,21,25,baixo_baixo,False,0.048451594510398294,0.06510691751349479,0.03725696976886761,True
11816419000132,0.5492556428862365,0.4365695536077956,0.6981576851184158,0.9992204492163904,0.2,3.4694469519536136e-17,0.9623257978539984,0.4060703352497573,5,5,critico,False,0.5492556428862365,0.4365695536077956,0.6981576851184158,0.9992204492163904,0.2,3.4694469519536136e-17,0.9578826343608324,0.4014183565818778,5,5,critico,False,0.0,0.0,-0.00444316349316598,True
11822633000100,0.2576228312852905,0.1648256851959518,0.2890297884908868,0.9711586818586876,0.1388888888888888,0.0312499999999999,0.977641148396488,0.7733793333556804,9,12,oculta,True,0.2553781594121652,0.1809159753533817,0.2877623545504122,0.9669000222879872,0.1122448979591836,0.023469387755102,0.9750032870151172,0.7718100247101038,11,14,oculta,True,-0.0022446718731253257,0.016090290157429882,-0.0026378613813707874,True
11839890000146,0.2042852795554073,0.147448513809365,0.3197877555607247,0.8026475830771663,0.074792243767313,0.0087059754649782,0.8230218864093154,0.6227479991367282,15,19,baixo_baixo,False,0.1964474302466613,0.142877258929772,0.3132603615975568,0.7862642259997741,0.07,0.008,0.8248976521477018,0.6242316297645235,16,20,baixo_baixo,False,-0.007837849308745981,-0.004571254879593006,0.0018757657383864368,True
11840546000177,0.0505405890015519,0.0445313522230807,0.0538211726104983,0.2152846904419934,0.0203507954081929,0.0141504839867258,0.9789087236989812,0.4294457452024663,159,655,oculta,True,0.0187380653834641,0.0142777838624799,0.019269276063592,0.0770771042543682,0.0199193765116904,0.0154644645867435,0.9783650157625846,0.4134205458985123,221,915,oculta,True,-0.0318025236180878,-0.0302535683606008,-0.0005437079363965758,True
11850969000178,0.1648468576872891,0.1449622590607961,0.2627398939614102,0.7239860598814063,0.0248981439565414,0.0016814330983638,0.9158997536644168,0.5007479291449167,43,47,baixo_baixo,False,0.1520840122857983,0.1354582086051277,0.2515134972889497,0.6930514554290114,0.0214030915576694,0.0022149168823296,0.9061336559038494,0.5134030930906562,52,58,baixo_baixo,False,-0.012762845401490808,-0.009504050455668406,-0.00976609776056736,True
11873495000180,0.061768223048482,0.041805844815471,0.1224917342130232,0.412390992659214,0.0390929705215419,0.0186481401071066,0.8797347951660497,0.9829150136547324,48,105,baixo_baixo,False,0.0575778684077473,0.0383447636813748,0.111183076111377,0.3743183115093887,0.0401652892561983,0.0205768257716309,0.8665886860659043,0.9829334969597848,50,110,baixo_baixo,False,-0.004190354640734702,-0.0034610811340961972,-0.013146109100145353,True
11877880000103,0.1109539088866508,0.0722997310121574,0.1651501743128103,0.6231530801724354,0.0416666666666666,0.0,0.8360463134432243,0.6925297757217977,24,24,baixo_baixo,False,0.1109539088866508,0.0722997310121574,0.1651501743128103,0.6231530801724354,0.0416666666666666,0.0,0.8369533996534021,0.6910143982032617,24,24,baixo_baixo,False,0.0,0.0,0.0009070862101777655,True
11888327000168,0.0376544416759593,0.0300167785146574,0.0832211210448056,0.2832812719369061,0.0237190082644628,0.0159707464252918,0.9219622092931918,0.9880626544748136,127,440,baixo_baixo,False,0.0347130993608011,0.0278670929732891,0.0866617903588697,0.2672449081795346,0.0213618382291053,0.0144211420463329,0.9287261576346884,0.9911237822018868,142,545,oculta,True,-0.0029413423151581977,-0.0021496855413682993,0.006763948341496517,False
11892520000172,0.0809677353267843,0.061821229812759,0.2321231801982206,0.4178936042081109,0.025390625,0.0050862630208333,0.4617796421760755,0.6002657885042568,49,64,baixo_baixo,False,0.0650366309776406,0.0477224945142636,0.1997363573784588,0.3678183333145047,0.0258774538964901,0.0078381474871659,0.4426559148107563,0.5837030593605965,55,82,baixo_baixo,False,-0.015931104349143688,-0.014098735298495396,-0.0191237273653192,True
11902878000139,0.29833984375,0.1229248046874999,0.46875,0.921875,0.2,3.4694469519536136e-17,0.6920872844022997,0.4060703352497573,5,5,baixo_baixo,False,0.29833984375,0.1229248046874999,0.46875,0.921875,0.2,3.4694469519536136e-17,0.7177568390282499,0.4932900964130817,5,5,baixo_baixo,False,0.0,0.0,0.02566955462595022,True
11924138000101,0.0258126782939747,0.0219772951376517,0.118764875226394,0.2060169634959173,0.011936255983875,0.008046241243654,0.8651402428179816,0.5208696996669704,255,756,baixo_baixo,False,0.0218425693015383,0.0184343552572928,0.1075452762799036,0.1865547470603608,0.0110852207484928,0.0076395246535398,0.8589800419221031,0.5423121928880379,288,929,baixo_baixo,False,-0.0039701089924364,-0.003542939880358899,-0.006160200895878543,True
11926843000130,0.1458518128757456,0.084841228081156,0.281254963253856,0.6434156357983475,0.0703125,0.00390625,0.6069042176316075,0.4060703352497573,15,16,baixo_baixo,False,0.1252228901499577,0.07054932078433,0.2343293408120835,0.619715771531795,0.0617283950617283,0.0030864197530864,0.6053646923259791,0.4014183565818778,17,18,baixo_baixo,False,-0.020628922725787924,-0.014291907296826,-0.0015395253056283975,True
11934211000118,0.1789652446695987,0.1584393757863386,0.3547031386623246,0.6700238191808905,0.0523356401384083,0.0286440311418685,0.8758110646706939,0.4714650429183353,41,68,baixo_baixo,False,0.1207392691522575,0.1002913451790542,0.2298446795502156,0.6421360844774996,0.0500365230094959,0.0279443491259958,0.8993422851323845,0.4681341658545005,44,74,baixo_baixo,False,-0.05822597551734121,-0.05814803060728439,0.02353122046169054,True
11960753000165,0.2226228469166089,0.2026900994016502,0.4470611619748614,0.6564213123703493,0.0391649489057497,0.0145281527238459,0.9315739199690706,0.9442768245022942,40,151,oculta,True,0.2026568907708558,0.1822121956624162,0.4213124843468719,0.6336864807158628,0.0415984496642052,0.0170240509376464,0.9358068381809096,0.948417865273796,40,173,oculta,True,-0.01996595614575311,-0.020477903739234,0.004232918211839021,True
12008540000109,0.3201510590017605,0.1501888237522006,0.4094111122869011,0.941731420695124,0.2,3.4694469519536136e-17,0.6426866036803749,0.8296566768816152,5,5,baixo_baixo,False,0.3201510590017605,0.1501888237522006,0.4094111122869011,0.941731420695124,0.2,3.4694469519536136e-17,0.6337421257745814,0.8270377057970241,5,5,baixo_baixo,False,0.0,0.0,-0.008944477905793446,True
12053489000149,0.0571717080124491,0.0465781316979822,0.1448851166239525,0.4097978788179957,0.0115436849253055,0.0004374341941292,0.941069773975298,0.4448869134550717,90,94,oculta,True,0.0557179731980249,0.0472868836730073,0.1428724537118204,0.4041051961506096,0.0094060736361193,0.0005614850078703,0.937346650287652,0.4425176406201735,113,122,oculta,True,-0.0014537348144241999,0.0007087519750250959,-0.003723123687646046,True
12092636000190,0.7647440552754493,0.6863254070339324,0.8703541798861045,1.0,0.3333333333333333,0.1111111111111111,0.958069681680487,0.4278577046156292,4,6,critico,False,0.390296078489744,0.3225511983219378,0.575405000984406,0.9098008251545208,0.125,0.0277777777777777,0.940165155556256,0.441770371339192,10,12,critico,False,-0.3744479767857053,-0.3637742087119946,-0.01790452612423099,True
12094507000130,0.2151129305885777,0.1980501682100685,0.3330871494752258,0.7571544403765906,0.0446280991735537,0.0238591448077614,0.9574310527201486,0.9471123664425402,47,110,oculta,True,0.3357101851937265,0.3256451879996921,0.5424981422794477,0.8797765327944842,0.0325054784514243,0.0178464705491732,0.9663959942319184,0.6591720498823639,67,148,oculta,True,0.12059725460514878,0.12759501978962362,0.008964941511769742,True
12105376000140,0.2565459981257917,0.2242219110877826,0.4537478113841775,0.8006207392950275,0.0487514863258026,0.0073928552964896,0.8926150837115905,0.6786179445676711,24,29,baixo_baixo,False,0.2143275172152844,0.1829006179038957,0.4086922473166474,0.7239077915433507,0.0447450572320499,0.0065348595213319,0.8716620329663112,0.6605569368297194,26,31,baixo_baixo,False,-0.04221848091050731,-0.041321293183886915,-0.02095305074527931,True
12115907000185,0.0918486862060337,0.0750310692839232,0.1995517319140981,0.522478553575177,0.0303069719042663,0.0123496936061972,0.7851146345726628,0.9942765914839804,55,124,baixo_baixo,False,0.0975725578226845,0.0830172764972439,0.2378575129704937,0.5285678920406143,0.0309037396121883,0.0152731547672236,0.7730523824747989,0.9892949125913456,63,152,baixo_baixo,False,0.005723871616650791,0.007986207213320703,-0.012062252097863935,True
12139961000160,0.0874487085016269,0.0794438726112903,0.2507341010098746,0.4554255174656642,0.0305486177784003,0.0220446582852284,0.9348763888797252,0.9926442114894842,115,541,oculta,True,0.0682470953568633,0.0609104583124292,0.1990566733232878,0.4188514547212393,0.0294123288401086,0.0217699062325504,0.9425517673545512,0.9945317828322672,128,685,oculta,True,-0.01920161314476361,-0.018533414298861094,0.007675378474825911,True
12157728000100,0.4239458121037229,0.3087349745244674,0.5726025602650644,0.9857578152542592,0.1666666666666666,3.3306690738754695e-17,0.9793801574919926,0.566090618118823,6,6,critico,False,0.4239458121037229,0.3087349745244674,0.5726025602650644,0.9857578152542592,0.1666666666666666,3.3306690738754695e-17,0.9780124975826756,0.5645558990605081,6,6,critico,False,0.0,0.0,-0.0013676599093169761,True
12219015000124,0.4421781832448949,0.4179250607772816,0.6456289893889984,0.9084493209934996,0.0523415977961432,0.0111390585698886,0.9632792699088616,0.450738378472374,24,33,critico,False,0.2942936615647179,0.2715289409700314,0.4071230163942764,0.8717161140278288,0.0473251028806584,0.0165936545864861,0.968758670508486,0.4344299088438693,32,54,oculta,True,-0.14788452168017696,-0.1463961198072502,0.005479400599624373,False
12251189000174,0.5040022466221857,0.4331454247110694,0.6687422411729889,0.950978853000504,0.125,0.0,0.8908454191367297,0.8682204944454386,8,8,hhi_alto,False,0.3006178178663084,0.2306795996529392,0.4020834367236433,0.9374309121855464,0.0972222222222222,0.0069444444444444,0.8830647554146966,0.8901695786186576,11,12,baixo_baixo,False,-0.2033844287558773,-0.20246582505813024,-0.00778066372203301,False
12259049000142,0.4291525482357097,0.286440685294637,0.50330277394481,0.9787456336913192,0.2,3.4694469519536136e-17,0.9037787180183878,0.4060703352497573,5,5,hhi_alto,False,0.4291525482357097,0.286440685294637,0.50330277394481,0.9787456336913192,0.2,3.4694469519536136e-17,0.9087496672991558,0.6290579947563064,5,5,hhi_alto,False,0.0,0.0,0.004970949280768022,True
12273240000149,0.0668368118437516,0.0440767340838431,0.1474916252733291,0.4288644852572414,0.0422180214240705,0.018857485361243,0.8445833594355685,0.9730516908364264,42,69,baixo_baixo,False,0.0651535243061439,0.0428952748848616,0.144671741960594,0.4231037544940492,0.0437230249577781,0.020954525552011,0.8532936712980154,0.9904354253769204,43,73,baixo_baixo,False,-0.0016832875376077,-0.0011814591989815007,0.008710311862446862,True
12298037000127,0.3236462523493747,0.3053664213317902,0.5388522269486107,0.8291419077031887,0.0790624999999999,0.0541722972972972,0.8333383210865115,0.4697873032962454,38,80,baixo_baixo,False,0.3057571328063615,0.2909860079724543,0.5235280496078517,0.8055623120388089,0.0791331872412953,0.0595402763315356,0.8135697054339119,0.4723235361382197,48,111,baixo_baixo,False,-0.0178891195430132,-0.01438041335933593,-0.019768615652599575,True
12306202000145,0.3371415664950002,0.1714269581187502,0.4838508542212246,0.9966329966329966,0.2,3.4694469519536136e-17,0.8294265829697551,0.4407052430273516,5,5,baixo_baixo,False,0.3207602643861961,0.223726016441367,0.471788621188027,0.9717872836429668,0.125,0.0,0.8082472414998325,0.4350761562636525,8,8,baixo_baixo,False,-0.01638130210880412,0.052299058322616804,-0.02117934146992262,True
12321353000172,0.1447321022397801,0.0734597774264284,0.2328871874668499,0.647102171141264,0.0816326530612245,0.0051020408163265,0.9006201794389374,0.4060703352497573,13,14,baixo_baixo,False,0.1494192606172343,0.0927138779917166,0.2851144744565425,0.6701754949243652,0.0657439446366782,0.0034602076124567,0.9199989446051028,0.5439828223241694,16,17,baixo_baixo,False,0.004687158377454176,0.0192541005652882,0.019378765166165435,True
12334083000134,0.1773721060484292,0.169462222452741,0.3729315311716178,0.6090714737250937,0.0239669421487603,0.0145820089001907,0.9523828574358024,0.9858923019836948,105,330,oculta,True,0.1426886750671292,0.135938192193642,0.3308687193631838,0.5501548969088625,0.0240778913205561,0.016393465267962,0.9518008673924844,0.9897727870155484,128,453,oculta,True,-0.0346834309813,-0.033524030259099,-0.000581990043318048,True
12366625000150,0.1434200678727641,0.0210515061403019,0.1914559222746106,0.6734743618836304,0.125,0.0,0.6973815636362092,0.623675292884317,8,8,baixo_baixo,False,0.1396908668890998,0.0536599535780098,0.1889073723631333,0.6645094627832575,0.0909090909090909,0.0,0.6878842661229435,0.6264439728288578,11,11,baixo_baixo,False,-0.0037292009836643047,0.0326084474377079,-0.009497297513265668,True
12403446000146,0.2838607577649256,0.2241824875786693,0.4863480381785822,0.819838611855086,0.0844444444444444,0.0081481481481481,0.8803860016553164,0.994089846927928,13,15,baixo_baixo,False,0.1763052468111739,0.1278526142706547,0.355700161956282,0.6994379478966122,0.0816,0.0275764705882353,0.8442738318380862,0.9951676761422624,18,25,baixo_baixo,False,-0.10755551095375168,-0.0963298733080146,-0.0361121698172302,True
12448797000173,0.2111668661500179,0.0534002393800215,0.2480897092388607,0.8885663722668784,0.1666666666666666,3.3306690738754695e-17,0.6156832462588406,0.5146200471556056,6,6,baixo_baixo,False,0.2111668661500179,0.0534002393800215,0.2480897092388607,0.8885663722668784,0.1666666666666666,3.3306690738754695e-17,0.6038225346483311,0.5096026993121976,6,6,baixo_baixo,False,0.0,0.0,-0.0118607116105095,True
12457020000175,0.458798785010894,0.3911486331372558,0.6557159091814457,0.9154364208241614,0.1111111111111111,0.0,0.9123189361748923,0.4824447952305295,9,9,hhi_alto,False,0.458798785010894,0.3911486331372558,0.6557159091814457,0.9154364208241614,0.1111111111111111,0.0,0.913696827193068,0.4837282204089544,9,9,hhi_alto,False,0.0,0.0,0.0013778910181756476,True
12462982000112,0.2376562502365477,0.0470703127956846,0.3576754598866971,0.8898089502079262,0.2,3.4694469519536136e-17,0.6190848320010107,0.4060703352497573,5,5,baixo_baixo,False,0.1858354117425749,0.0695261848486571,0.3222534377927191,0.7490254666334063,0.1632653061224489,0.0437317784256559,0.7024560479057244,0.4014183565818778,8,14,baixo_baixo,False,-0.051820838493972815,0.022455872052972496,0.08337121590471364,True
12488175000179,0.3145010387270402,0.3085401781942319,0.5253355521317816,0.8087793668220341,0.0227393247645261,0.014241405849435,0.9613737371798192,0.6721524616309775,116,398,oculta,True,0.2917042883891364,0.2859922261987262,0.5055834208567601,0.7804495398037531,0.023114186851211,0.0152360754548498,0.9579061658699104,0.682473464598329,125,510,oculta,True,-0.022796750337903793,-0.02254795199550569,-0.0034675713099088235,True
12489912000158,0.2183763198426152,0.1402139518268767,0.4242979396227125,0.6631921595055039,0.0972222222222222,0.0069444444444444,0.7354912952856265,0.6818873785042275,11,12,baixo_baixo,False,0.2183763198426152,0.1402139518268767,0.4242979396227125,0.6631921595055039,0.0972222222222222,0.0069444444444444,0.7253196754310091,0.6768589254242665,11,12,baixo_baixo,False,0.0,0.0,-0.010171619854617453,True
12560864000147,0.470485553146678,0.2057283297200171,0.6354608947033034,1.0,0.40625,0.109375,0.862819925014028,0.6199271285675054,3,8,hhi_alto,False,0.470485553146678,0.2057283297200171,0.6354608947033034,1.0,0.40625,0.109375,0.9676013577510972,0.90520226251764,3,8,critico,False,0.0,0.0,0.10478143273706919,False
12570642000105,0.2127845512282413,0.182507033967789,0.4141465384667251,0.706339810174741,0.0416171224732461,0.0047562425683709,0.7864172015477737,0.6047987963389863,27,29,baixo_baixo,False,0.173225497438203,0.1502595390337086,0.3707414579327734,0.6446685518920658,0.03,0.0030555555555555,0.7522358253831253,0.6139015877905799,37,40,baixo_baixo,False,-0.039559053790038295,-0.03224749493408041,-0.03418137616464845,True
12592033000157,0.239955001821419,0.1449493770490963,0.4155981276336111,0.7924611194793474,0.12,0.01,0.8794385364449605,0.6310295397804722,9,10,baixo_baixo,False,0.2287401389456904,0.1430445988285449,0.4052160455096833,0.7726646000164217,0.1111111111111111,0.0123456790123456,0.8673841261016848,0.6225035850222508,10,12,baixo_baixo,False,-0.011214862875728593,-0.0019047782205514063,-0.012054410343275701,True
12652188000131,0.2102272688769285,0.0522727226523142,0.3305647147209817,0.7916440586001084,0.1666666666666666,3.3306690738754695e-17,0.4956842307392977,0.5077132315254942,6,6,baixo_baixo,False,0.1745629604916364,0.0369901205735758,0.2643612937681498,0.7437497913815547,0.1428571428571428,0.0,0.4781622720903031,0.4828061778597123,7,7,baixo_baixo,False,-0.03566430838529211,-0.015282602078738404,-0.017521958648994584,True
12652881000104,0.2677131192594609,0.0846413990743261,0.3406399954569976,0.976149237627417,0.2,3.4694469519536136e-17,0.6186858973474942,0.5824691024036442,5,5,baixo_baixo,False,0.1919839821999663,0.0573146458999607,0.2924976382195239,0.810238447298469,0.1428571428571428,0.0,0.6419823811861081,0.7113704000709831,7,7,baixo_baixo,False,-0.0757291370594946,-0.027326753174365406,0.023296483838613824,True
12710978000126,0.2948214878337899,0.2828693096614812,0.5286472715704648,0.7058670626080448,0.0212191358024691,0.0046296296296296,0.9101726320246042,0.7422503517693685,60,72,baixo_baixo,False,0.2026147916953323,0.195092289730194,0.4192639688003637,0.6718182723953597,0.0118672547784079,0.0025452477480155,0.9607966409717826,0.7822464469044326,107,138,oculta,True,-0.09220669613845761,-0.08777701993128723,0.050624008947178445,False
12769172000103,0.3073285103287008,0.134160637910876,0.4455583402951824,0.9540517961570592,0.2,3.4694469519536136e-17,0.7272858511211617,0.5336477346580818,5,5,baixo_baixo,False,0.3073285103287008,0.134160637910876,0.4455583402951824,0.9540517961570592,0.2,3.4694469519536136e-17,0.7174669879742401,0.5285663412232766,5,5,baixo_baixo,False,0.0,0.0,-0.009818863146921597,True
12770455000175,0.2062400091582044,0.0928457247522336,0.2959933092256213,0.8534471188836457,0.125,0.0,0.7097232075391537,0.608079256446477,8,8,baixo_baixo,False,0.4181063327370157,0.3765424993610883,0.6098198497469199,0.932531109671505,0.0666666666666666,0.0,0.968131069710638,0.9284522338859328,15,15,critico,False,0.2118663235788113,0.2836967746088547,0.25840786217148426,False
12816116000182,0.1255085495326216,0.0953536719302982,0.2926693828632003,0.5597799497419393,0.0427350427350427,0.0097259062776304,0.7163702961954811,0.9814464069396328,30,39,baixo_baixo,False,0.079329428365537,0.0574087004694784,0.1955803890882951,0.4734864958146449,0.0335097001763668,0.0104980263710422,0.698912767886463,0.9857023284863132,43,63,baixo_baixo,False,-0.046179121167084614,-0.0379449714608198,-0.017457528309018144,True
12877385000159,0.1158760715867433,0.0716698751660805,0.22180598630378,0.5999752016910809,0.054820415879017,0.0075614366729678,0.5427797994484205,0.431766318522953,21,23,baixo_baixo,False,0.192900218721796,0.16686474190637,0.4066469549974089,0.6274847805363901,0.0401753104455807,0.0092132236857607,0.6494269549385521,0.4131781761954344,32,37,baixo_baixo,False,0.07702414713505269,0.09519486674028949,0.1066471554901316,True
12998458000160,0.6007415428743673,0.5009269285929591,0.7579859231185706,0.9880304860272374,0.2,3.4694469519536136e-17,0.9281617695923812,0.4060703352497573,5,5,critico,False,0.6007415428743673,0.5009269285929591,0.7579859231185706,0.9880304860272374,0.2,3.4694469519536136e-17,0.926702396018712,0.4164800780144914,5,5,critico,False,0.0,0.0,-0.0014593735736692093,True
13018648000137,0.4243205930825892,0.1364808896238838,0.5658769353958477,1.0,0.44,0.1600000000000001,0.867372782669108,0.7888829860360773,3,5,hhi_alto,False,0.3102564912556432,0.0803419883408576,0.4499795303518572,1.0,0.3333333333333333,0.1111111111111111,0.8526194428661588,0.8008515055705874,4,6,baixo_baixo,False,-0.11406410182694598,-0.056138901283026205,-0.014753339802949239,False
13019421000106,0.5989428989912939,0.5878024239632743,0.7701632987511187,0.890025815360332,0.0433057851239669,0.0167309458218548,0.9625762344830636,0.9932141710643628,37,55,critico,False,0.5864255343130964,0.575821060833945,0.762036596655147,0.8806343334877389,0.0394444444444444,0.0148148148148148,0.95904048235066,0.9915777217630452,40,60,critico,False,-0.012517364678197529,-0.011981363129329292,-0.0035357521324036467,True
13019629000125,0.2791967548532217,0.159062880662092,0.4294549683551247,0.8865267124125024,0.15625,0.015625,0.4637621827660816,0.8650537830697012,7,8,baixo_baixo,False,0.2791967548532217,0.159062880662092,0.4294549683551247,0.8865267124125024,0.15625,0.015625,0.5282376385523531,0.9323828337582046,7,8,baixo_baixo,False,0.0,0.0,0.06447545578627145,True
13102858000109,0.1969512531612217,0.0822300036128248,0.2609496122573746,0.8299803402622254,0.125,0.0,0.8528437973255577,0.6112827255929768,8,8,baixo_baixo,False,0.1969512531612217,0.0822300036128248,0.2609496122573746,0.8299803402622254,0.125,0.0,0.8471264424604422,0.621104953501117,8,8,baixo_baixo,False,0.0,0.0,-0.005717354865115487,True
13128780003389,0.556096570442056,0.4926817947909211,0.7129338965428047,0.9976655291756,0.1358024691358024,0.0123456790123456,0.997604282577144,0.4071898578893855,8,9,critico,False,0.556096570442056,0.4926817947909211,0.7129338965428047,0.9976655291756,0.1358024691358024,0.0123456790123456,0.9974348514699204,0.4026407462786243,8,9,critico,False,0.0,0.0,-0.00016943110722356103,True
13128780003974,0.3745604453981919,0.1660805938642559,0.5172871559377923,1.0,0.3191836734693877,0.0922448979591836,0.8281797763602267,0.662077562057094,4,35,baixo_baixo,False,0.3745604453981919,0.1660805938642559,0.5172871559377923,1.0,0.3191836734693877,0.0922448979591836,0.8364281060839321,0.6703985730445345,4,35,baixo_baixo,False,0.0,0.0,0.008248329723705483,True
13128780009581,0.4971234606564902,0.3965481527877883,0.6773905186426865,0.9689937232450084,0.24,0.088,0.906779997355308,0.5000674199293479,6,10,hhi_alto,False,0.4971234606564902,0.3965481527877883,0.6773905186426865,0.9689937232450084,0.24,0.088,0.9029949215082548,0.8020886496190475,6,10,hhi_alto,False,0.0,0.0,-0.003785075847053232,True
13128780009905,0.3512993314623567,0.1891241643279459,0.4991571922791901,0.9990823187003482,0.2,3.4694469519536136e-17,0.5513876466592768,0.4065773450889848,5,5,baixo_baixo,False,0.1311129559665114,0.0521232246907397,0.1922880230586236,0.6508099007176548,0.140625,0.0625,0.6186621812041139,0.5841598470141899,12,16,baixo_baixo,False,-0.2201863754958453,-0.13700093963720622,0.06727453454483712,True
13128814001049,0.4225692893246375,0.2782116116557968,0.5696015448221737,0.9838908917708014,0.2,3.4694469519536136e-17,0.8939518016974566,0.7263682572041197,5,5,hhi_alto,False,0.8420652931108644,0.815742841962675,0.9163878068933228,0.990612303075054,0.1428571428571428,0.0,0.9871845941024328,0.4316611775313422,7,7,critico,False,0.4194960037862269,0.5375312303068782,0.09323279240497617,False
13133909000160,0.1974596545009301,0.1528740797509817,0.3206516710625827,0.7466338422403795,0.055,0.0025,0.9138899421866472,0.582623941720284,19,20,baixo_baixo,False,0.107054056270257,0.0880552064036667,0.1897798474657522,0.6097310554409036,0.0229289940828402,0.0021402492760921,0.8953045517762384,0.6999897303808634,48,52,baixo_baixo,False,-0.09040559823067308,-0.064818873347315,-0.018585390410408853,True
13170158000151,0.4868432612575884,0.4784308557044341,0.6684684259221494,0.9170442440495956,0.039857227840571,0.0241171823953345,0.9070019236708396,0.5989890864785833,62,164,hhi_alto,False,0.6519167995239306,0.6472129724904702,0.7966364973272312,0.965870028097144,0.0367793440447223,0.0237628486939753,0.9606360637332536,0.8074525886386676,75,223,critico,False,0.16507353826634213,0.16878211678603605,0.05363414006241396,False
13183513000127,0.3352708060901985,0.2877901493823556,0.4591946362657054,0.8893762139493353,0.0726643598615916,0.0064260998517053,0.9468620590950932,0.4162756631751607,15,17,oculta,True,0.3075515569399191,0.2690821989921368,0.4554078637246676,0.8651371807212143,0.0619834710743801,0.0098714416896235,0.9518257391156872,0.4506477587707604,19,22,oculta,True,-0.0277192491502794,-0.018707950390218775,0.004963680020593997,True
13240198000122,0.4094848999803698,0.3110657166437648,0.599897084322423,0.9561130845997088,0.15625,0.015625,0.4859289237069106,0.4060703352497573,7,8,hhi_alto,False,0.3678067297519032,0.2774934054307465,0.5660885295368222,0.9022291727643488,0.1358024691358024,0.0123456790123456,0.4694468969485939,0.4307431565456974,8,9,baixo_baixo,False,-0.04167817022846659,-0.03357231121301829,-0.016482026758316726,False
13244984000106,0.2745642361191763,0.0932052951489704,0.3791020021324487,0.9960510208111204,0.2,3.4694469519536136e-17,0.6611970518530689,0.5117898302501825,5,5,baixo_baixo,False,0.5859200766384889,0.5031040919661867,0.7545740542237919,0.9611261118939948,0.1666666666666666,3.3306690738754695e-17,0.8722164666315827,0.7685747788856023,6,6,hhi_alto,False,0.3113558405193126,0.40989879681721625,0.21101941477851383,False
13286669000133,0.6425548621499424,0.4638322932249136,0.7833805816026783,1.0,0.5,0.25,0.7322974117239912,0.9806721522422456,3,6,hhi_alto,False,0.6060297732459667,0.4090446598689501,0.7519901819741538,1.0,0.5510204081632654,0.326530612244898,0.8102986338767935,0.986803106674387,3,7,hhi_alto,False,-0.036525088903975655,-0.05478763335596348,0.07800122215280225,True
13358623000182,0.1605081846050359,0.0405807824057553,0.1872823093896456,0.7002328111797995,0.125,0.0,0.5852084529640575,0.7038588907632128,8,8,baixo_baixo,False,0.1277913656568651,0.0405705022225516,0.161123313460935,0.6024265244221316,0.0909090909090909,0.0,0.5537690790882072,0.7026906962948065,11,11,baixo_baixo,False,-0.0327168189481708,-1.0280183203703608e-05,-0.031439373875850385,True
13417917000138,0.0887680375615024,0.0508000391265651,0.1691105110790519,0.5171444644760679,0.0870052876141644,0.0489638412647545,0.9228426294975104,0.9887531234873752,25,79,oculta,True,0.0938997321840681,0.0561455543584043,0.1855460341588299,0.53325178594123,0.083829096809086,0.0456553091761312,0.9134982941656032,0.9932571655742162,25,86,baixo_baixo,False,0.0051316946225656995,0.005345515231839203,-0.00934433533190715,False
13449811000116,0.2092209410402011,0.121356601155779,0.349751369170625,0.804263659963664,0.1,3.0839528461809905e-17,0.5746290791950173,0.7724115538626348,10,10,baixo_baixo,False,0.1846585809115609,0.1105366337217028,0.3204293061957213,0.7619487192869151,0.0833333333333333,1.5139404881252137e-17,0.565565020993297,0.6639146186393814,12,12,baixo_baixo,False,-0.024562360128640215,-0.010819967434076191,-0.009064058201720293,True
13469368000145,0.1547412064284568,0.0702153270713025,0.2108339674561854,0.723197215928708,0.125,0.0375,0.6083341562139766,0.6750095329134137,11,16,baixo_baixo,False,0.1547412064284568,0.0702153270713025,0.2108339674561854,0.723197215928708,0.125,0.0375,0.6078091721705323,0.6984389079462564,11,16,baixo_baixo,False,0.0,0.0,-0.0005249840434442543,True
13497205000176,0.0860575182084683,0.06320895616368,0.1865949375381915,0.4999498986625512,0.0336110313128411,0.0094513070956621,0.7598140460379375,0.989779934986246,41,59,baixo_baixo,False,0.0847425310365474,0.0634574736187927,0.1870192552093886,0.4868688608044472,0.0327467141902428,0.0102524517295507,0.7965996257459157,0.9915925403883984,44,67,baixo_baixo,False,-0.0013149871719208978,0.0002485174551127012,0.036785579707978244,True
13509695000183,0.3214731911524416,0.2366573400464968,0.3954100929047928,0.9467555855820384,0.1466666666666666,0.04,0.7628837821022015,0.9890348770188137,9,15,baixo_baixo,False,0.31839337047188,0.2426593005243111,0.3934969879331715,0.942174916423137,0.1328125,0.0364583333333333,0.8006725823763737,0.991252494185128,10,16,baixo_baixo,False,-0.003079820680561618,0.006001960477814289,0.037788800274172196,True
13571334000167,0.2758584702782081,0.0948230878477601,0.3734848383433809,0.9992314946738636,0.2,3.4694469519536136e-17,0.9748745054643289,0.9372631314460702,5,5,oculta,True,0.2194877451521409,0.0633852941825691,0.3116509946345213,0.8733552167091789,0.1666666666666666,3.3306690738754695e-17,0.9576579611737052,0.848246838251865,6,6,oculta,True,-0.056370725126067195,-0.031437793665191005,-0.017216544290623692,True
13577818000113,0.6442688793932463,0.5731226552718955,0.7740737503191805,0.9956297929404712,0.1666666666666666,3.3306690738754695e-17,0.943271821722701,0.4102373227505835,6,6,critico,False,0.6442688793932463,0.5731226552718955,0.7740737503191805,0.9956297929404712,0.1666666666666666,3.3306690738754695e-17,0.9387329652291704,0.4055713183542071,6,6,critico,False,0.0,0.0,-0.004538856493530585,True
13617528000156,0.2826068856132733,0.139128262735928,0.3936321300217803,0.9202390623432738,0.1666666666666666,3.3306690738754695e-17,0.7533014021357419,0.578456486186719,6,6,baixo_baixo,False,0.2060599641758085,0.0926399590580669,0.2890092596399219,0.8456410937064116,0.125,0.0,0.8386090296389678,0.7336274182612097,8,8,baixo_baixo,False,-0.0765469214374648,-0.04648830367786108,0.08530762750322585,True
13633606000106,0.2589042445189369,0.1662672750838041,0.4309909424559749,0.8300665566741867,0.12,0.01,0.5824676293509774,0.6678626585036641,9,10,baixo_baixo,False,0.1543027764015985,0.0938958318588555,0.2587520871994533,0.7024041033768496,0.0726643598615916,0.0064260998517053,0.5181214676760707,0.5888764522798996,15,17,baixo_baixo,False,-0.10460146811733839,-0.0723714432249486,-0.0643461616749067,True
13659627000109,0.250864022280679,0.0635800278508488,0.332205349139838,0.8952850101901888,0.2,3.4694469519536136e-17,0.8087287719471657,0.4060703352497573,5,5,baixo_baixo,False,0.250864022280679,0.0635800278508488,0.332205349139838,0.8952850101901888,0.2,3.4694469519536136e-17,0.8013650140380169,0.4014183565818778,5,5,baixo_baixo,False,0.0,0.0,-0.007363757909148894,True
13667230000150,0.6926041463962898,0.6618645610359187,0.8238617472151906,0.9739271678104046,0.1171875,0.0289062499999999,0.9160142612071214,0.4396681750147437,11,16,hhi_alto,False,0.3644553108009503,0.3355669158373571,0.5550053100529241,0.9232876664102716,0.0540123456790123,0.0110129068462401,0.8846225066452672,0.4447595773582847,23,36,baixo_baixo,False,-0.32814883559533947,-0.32629764519856164,-0.03139175456185417,False
13769209000166,0.1774323349383984,0.0403377240947982,0.2677618124797086,0.7691458063479633,0.1428571428571428,0.0,0.6015640361222551,0.425798583455393,7,7,baixo_baixo,False,0.137785348923094,0.0419837210256599,0.2121548836728253,0.6556911873513258,0.1,3.0839528461809905e-17,0.608409031250986,0.5029263643315606,10,10,baixo_baixo,False,-0.03964698601530442,0.001645996930861697,0.006844995128730935,True
13792329000184,0.1986428816029879,0.1515042275796342,0.3155288667996417,0.7900697148980328,0.1022222222222222,0.0494117647058823,0.9681179536050152,0.5129182305705178,18,30,oculta,True,0.3849300267746175,0.3569723007189183,0.5935616367361555,0.8920880955805819,0.0791836734693877,0.0373283858998144,0.9847692020860104,0.7847338308567612,23,35,critico,False,0.18628714517162961,0.20546807313928409,0.016651248480995196,False
13806951000102,0.4604155527290294,0.3929674968201582,0.6604926400422096,0.8997881423931532,0.1388888888888888,0.0312499999999999,0.8804677991232646,0.9939411369524948,9,12,hhi_alto,False,0.2772009017576289,0.2049209919333918,0.457901947259146,0.8465777021361581,0.1122448979591836,0.023469387755102,0.863356906506905,0.9921956239391364,11,14,baixo_baixo,False,-0.1832146509714005,-0.18804650488676639,-0.017110892616359563,False
13817576000198,0.2354044597520966,0.1261765254309675,0.3026196372535717,0.9451749495941394,0.125,0.0,0.8380396648734836,0.5348261746874811,8,8,baixo_baixo,False,0.3038609971446031,0.2168436217876784,0.4934032053709398,0.8895794478715132,0.1111111111111111,0.0,0.8845957362590848,0.466767555278142,9,9,baixo_baixo,False,0.06845653739250648,0.09066709635671091,0.04655607138560125,True
13823697000142,0.5449560939059327,0.5222038986012294,0.7323024174862975,0.8757173350662191,0.0495867768595041,0.0020661157024793,0.8995341858315865,0.4868863429387612,21,22,hhi_alto,False,0.3717306469413833,0.3520972296583016,0.5930624627570064,0.8089682702658743,0.033469387755102,0.0032653061224489,0.8759495489880563,0.4734508373596626,33,35,baixo_baixo,False,-0.1732254469645494,-0.1701066689429278,-0.023584636843530182,False
13843029000187,0.5060823618190224,0.407298834182827,0.6947277950456815,0.9442097579353868,0.1875,0.025,0.4995441304548975,0.7634633661581153,6,8,hhi_alto,False,0.7916959183360871,0.7619381923840995,0.8874262436638826,0.9835772895403154,0.140495867768595,0.0177095631641086,0.9100216710250214,0.921453900745448,8,11,hhi_alto,False,0.28561355651706466,0.35463935820127257,0.4104775405701239,True
13843252000124,0.2115464605779766,0.167743486165642,0.4237589927680792,0.6702067490013078,0.0710059171597633,0.0193951347797501,0.85738484103539,0.9961146419616052,19,26,baixo_baixo,False,0.1578817722869595,0.1196036710272758,0.356339062746795,0.5903881372781009,0.0591672753834916,0.0164021515372867,0.8451292972280449,0.9965614967351168,23,37,baixo_baixo,False,-0.053664688291017115,-0.048139815138366196,-0.01225554380734517,True
13844779000173,0.1867806737127648,0.1542519006612754,0.3269641928071328,0.760598026562503,0.0397805212620027,0.0013717421124828,0.8898867951983364,0.4119376787107212,26,27,baixo_baixo,False,0.185919569287421,0.1546087834907834,0.3262048986907563,0.7588317242602899,0.0382653061224489,0.0012755102040816,0.8825188151285152,0.4073197244813222,27,28,baixo_baixo,False,-0.0008611044253437894,0.00035688282950802064,-0.007367980069821201,True
13864377000130,0.4961503447885886,0.4457653792674475,0.6486479548789006,0.992587415341428,0.1326530612244898,0.0459183673469387,0.9993580918110188,0.5298540659771004,11,14,critico,False,0.3188416405110272,0.3106349132882685,0.5109773778504338,0.8567061356909108,0.0180146368924751,0.0061834879393724,0.9964095485490656,0.5412798552097979,84,146,oculta,True,-0.1773087042775614,-0.13513046597917905,-0.0029485432619531515,False
13872416000141,0.1749028948579683,0.0373867106676297,0.2746566791510612,0.7550561797752808,0.1428571428571428,0.0,0.6936946971095987,0.6146262962892152,7,7,baixo_baixo,False,0.1078572626011891,0.048381080107935,0.1750872110235846,0.5328515380079485,0.0625,0.0,0.6836654561389719,0.6481907327078982,16,16,baixo_baixo,False,-0.06704563225677922,0.010994369440305303,-0.010029240970626851,True
13886006000150,0.0494914248127921,0.0406081671007622,0.1220050701974216,0.3505308785084786,0.0265303140978816,0.0174324665660861,0.9444345003267184,0.993690237844094,108,370,oculta,True,0.0446192494435568,0.0361645525359776,0.1123079385663437,0.3229657728680083,0.0252074987982695,0.0165810164867497,0.9486184133991158,0.9953400260527058,114,395,oculta,True,-0.0048721753692352945,-0.0044436145647845995,0.004183913072397405,True
13917262000167,0.7646639594923047,0.7478542423131836,0.8689946494016978,0.9881032071108576,0.0703125,0.00390625,0.9799093919754782,0.9111726555086572,15,16,critico,False,0.4422715077987,0.4190328206236459,0.5901034745751829,0.9698883524811625,0.0439952437574316,0.0041617122473246,0.9729589463166476,0.7568335984673155,25,29,critico,False,-0.3223924516936047,-0.32882142168953776,-0.0069504456588306285,True
13927758000111,0.4435135205496938,0.3507657739746427,0.6127681865276855,0.9796764451222354,0.1851851851851851,0.0493827160493827,0.9808442215052922,0.8885976556084474,7,9,critico,False,0.440137938639955,0.3601576441599485,0.6104216739433541,0.975924907171026,0.16,0.04,0.9796957270098984,0.8962112965939034,8,10,critico,False,-0.0033755819097388007,0.009391870185305795,-0.0011484944953937815,True
13953949000158,0.0212013042071041,0.011213562413299,0.0545137149486105,0.1891725024562145,0.0178562446557014,0.0078343696011677,0.4289639022012568,0.4285897730565356,99,141,baixo_baixo,False,0.0198252047224752,0.0104004470755759,0.0523048363904717,0.1815072922451898,0.0183842131894079,0.0089455998546907,0.4135020709498029,0.446766297547113,105,154,baixo_baixo,False,-0.0013760994846288982,-0.0008131153377231009,-0.015461831251453895,True
13954199000139,0.1395329028107118,0.1246972632039999,0.2800034238299454,0.5918896878484744,0.0298792116973935,0.0131529912094175,0.7918354147141093,0.8905082746324771,59,143,baixo_baixo,False,0.139248769996609,0.1244082315482747,0.2796922392553355,0.5912318853894554,0.0301890432098765,0.0134681646445295,0.7910322923833919,0.8907958739251842,59,144,baixo_baixo,False,-0.0002841328141027777,-0.0002890316557252054,-0.0008031223307174429,True
13959466000160,0.9782658087887997,0.9710210783850662,0.9890500579675064,1.0,0.3333333333333333,0.1111111111111111,0.9944744666196887,0.9704416304722058,4,6,critico,False,0.9623754884034222,0.9548505860841068,0.9809673949460916,0.9944787468491728,0.21875,0.0625,0.9886652760615098,0.967775424474286,6,8,critico,False,-0.01589032038537741,-0.01617049230095946,-0.005809190558178967,True
13959501000141,0.1713776786164181,0.0793085317960201,0.2486892365580104,0.7622851250735694,0.1,3.0839528461809905e-17,0.6272625667517139,0.7733758442029995,10,10,baixo_baixo,False,0.1713776786164181,0.0793085317960201,0.2486892365580104,0.7622851250735694,0.1,3.0839528461809905e-17,0.6579581874768795,0.7765219185971771,10,10,baixo_baixo,False,0.0,0.0,0.03069562072516563,True
14004655000142,0.0261110740480898,0.0106525196679007,0.0563185106976979,0.1927512257319345,0.0160697887970615,0.0004518489366974,0.7837000101005661,0.4234765344611493,64,66,baixo_baixo,False,0.0243524301800834,0.0100046718003787,0.0522881438003826,0.1789572146690904,0.0151998498780258,0.0007174947291733,0.7768062215723814,0.4225623740251573,69,73,baixo_baixo,False,-0.0017586438680064,-0.0006478478675219987,-0.0068937885281846745,True
14007211000160,0.2743561427836611,0.2691729723749729,0.5158312751381573,0.6176253937567112,0.0143363130376117,0.0072958581307375,0.9508730525205816,0.6851219179025241,141,385,oculta,True,0.1802157980175498,0.1756102687929293,0.4118170340754974,0.5185907646760718,0.0125956346308114,0.0070484190950294,0.9400398122377824,0.7206303351796032,179,578,oculta,True,-0.0941403447661113,-0.0935627035820436,-0.010833240282799195,True
14008675000191,0.1589360165323009,0.0538030185988386,0.240202703057732,0.6873800685835432,0.12,0.01,0.8136637129188854,0.6006761545036524,9,10,baixo_baixo,False,0.1371370031495773,0.0586949125268117,0.2178228494263098,0.6233363874416232,0.0887573964497041,0.0059171597633136,0.8060027515595349,0.6206270867760548,12,13,baixo_baixo,False,-0.02179901338272361,0.0048918939279731025,-0.00766096135935046,True
14016436000183,0.4404767061422341,0.2539689415229789,0.6145147437732608,1.0,0.28,0.04,0.8043662631125655,0.9933848401007837,4,5,hhi_alto,False,0.3975038386963679,0.2468797983704598,0.5816679086782738,0.9588781247882934,0.2222222222222222,0.0277777777777778,0.8277183637821331,0.9948468304316695,5,6,hhi_alto,False,-0.0429728674458662,-0.007089143152519073,0.02335210066956761,True
14088281000190,0.7807119278969336,0.7258899098711669,0.8803835437516895,0.99391689927673,0.2,3.4694469519536136e-17,0.9384173565895864,0.9121521425465864,5,5,critico,False,0.7631705221662817,0.715804626599538,0.8703630353337442,0.983321501942484,0.1666666666666666,3.3306690738754695e-17,0.9479456307975456,0.9547299228963532,6,6,critico,False,-0.017541405730651882,-0.010085283271628831,0.009528274207959209,True
14120591000145,0.3596565310203573,0.1462087080271431,0.4699916973075554,1.0,0.2777777777777778,0.037037037037037,0.8500517686448121,0.9268998586104198,4,6,baixo_baixo,False,0.3289867527952911,0.1947841033543494,0.4487883952098563,0.9783339261728932,0.1875,0.025,0.8512951838864697,0.9295616566612428,6,8,baixo_baixo,False,-0.03066977822506617,0.04857539532720628,0.0012434152416576083,True
14153138000135,0.7116929201960673,0.6705061945097912,0.8402301077699581,0.9616187255967245,0.14,0.0171428571428571,0.941158750631545,0.4120034487684066,8,10,critico,False,0.7116929201960673,0.6705061945097912,0.8402301077699581,0.9616187255967245,0.14,0.0171428571428571,0.936394788274053,0.4073314997408038,8,10,critico,False,0.0,0.0,-0.004763962357491991,True
14164340000162,0.1127782186195258,0.0494052342352062,0.2078931330299496,0.5661375497690592,0.0666666666666666,0.0,0.7947636858446645,0.6035643738501326,15,15,baixo_baixo,False,0.1127782186195258,0.0494052342352062,0.2078931330299496,0.5661375497690592,0.0666666666666666,0.0,0.7864391961112025,0.5984222077759559,15,15,baixo_baixo,False,0.0,0.0,-0.008324489733462004,True
14285358000112,0.148882610142514,0.0715083019736516,0.2189616605922195,0.737380531527163,0.0918367346938775,0.0092764378478664,0.5527329724191341,0.9566912280149376,12,14,baixo_baixo,False,0.0855014985100263,0.0373699984316067,0.1383183728111575,0.4831207135031677,0.0727023319615912,0.023897191538517,0.65710531426144,0.9769688440893344,20,27,baixo_baixo,False,-0.0633811116324877,-0.0341383035420449,0.10437234184230593,True
14355640000129,0.2073862604495756,0.1083095430057725,0.2988456489119478,0.8782054557859357,0.1111111111111111,0.0,0.6523629801983857,0.5608261030410523,9,9,baixo_baixo,False,0.1645594060608814,0.0810153466669696,0.2459353647430504,0.724195785208906,0.0909090909090909,0.0,0.6333914008024094,0.5400551616458301,11,11,baixo_baixo,False,-0.042826854388694185,-0.027294196338802895,-0.018971579395976268,True
14381482000181,0.6323338893427716,0.5404173616784644,0.7874310614829441,0.9710628446925852,0.2,3.4694469519536136e-17,0.901151899617022,0.8467572590190049,5,5,hhi_alto,False,0.1733101693904293,0.0906411863294722,0.3000209936869123,0.7274705538733871,0.0909090909090909,0.0,0.8273768078327586,0.5687603749166603,11,11,baixo_baixo,False,-0.45902371995234226,-0.4497761753489922,-0.07377509178426345,False
14387430000112,0.1032809681718001,0.0712552884636501,0.2316617171389125,0.5446081995192856,0.0437317784256559,0.0095793419408579,0.7354520225156241,0.8398309421711516,29,49,baixo_baixo,False,0.0748180586458935,0.0498131413119987,0.1915136319818506,0.4435346593982489,0.0354967443814324,0.0094290888241739,0.6995181037191888,0.7896043226746506,38,69,baixo_baixo,False,-0.028462909525906605,-0.0214421471516514,-0.03593391879643537,True
14444354000130,0.4147238476479961,0.2684048095599951,0.4984956248543899,0.9894187249441286,0.2,3.4694469519536136e-17,0.9247731255061494,0.612384730256872,5,5,critico,False,0.4147238476479961,0.2684048095599951,0.4984956248543899,0.9894187249441286,0.2,3.4694469519536136e-17,0.9197506763937494,0.6074946611180375,5,5,hhi_alto,False,0.0,0.0,-0.005022449112400018,False
14454427000174,0.1120204235409518,0.0380221255026977,0.2106078956676034,0.5333035041299332,0.109375,0.0351562499999999,0.6735481489112877,0.6603692417817624,13,16,baixo_baixo,False,0.0998691107902607,0.0355740472752793,0.1880232556911993,0.4922275479220847,0.0925925925925925,0.0277777777777777,0.6535992710953831,0.6318365624368486,15,18,baixo_baixo,False,-0.012151312750691104,-0.002448078227418403,-0.019948877815904598,True
14464143000169,0.2622845578948324,0.1803161754387027,0.3731016239454889,0.8984820191701284,0.1074380165289256,0.0082644628099173,0.712169523988723,0.419885867967413,10,11,baixo_baixo,False,0.2572702289490319,0.1829972518439351,0.3694491233868601,0.8896862759561661,0.0972222222222222,0.0069444444444444,0.6995409257349223,0.41552121243906,11,12,baixo_baixo,False,-0.005014328945800506,0.00268107640523238,-0.012628598253800694,True
14491667000149,0.100193500889951,0.035921608096376,0.149734214282937,0.5269148248401674,0.0976,0.0331428571428571,0.6508811521490246,0.7158391738093389,15,25,baixo_baixo,False,0.100193500889951,0.035921608096376,0.149734214282937,0.5269148248401674,0.0976,0.0331428571428571,0.6418072175668087,0.7107715913760024,15,25,baixo_baixo,False,0.0,0.0,-0.009073934582215948,True
14491945000168,0.7978940652325972,0.7574728782791167,0.8905834176573054,0.989424200954324,0.183673469387755,0.0204081632653061,0.9522844516620056,0.9096378676515492,6,7,critico,False,0.7978940652325972,0.7574728782791167,0.8905834176573054,0.989424200954324,0.183673469387755,0.0204081632653061,0.9504054487022978,0.9099004907404664,6,7,critico,False,0.0,0.0,-0.0018790029597077762,True
14492062000172,0.2372062985208779,0.1736401567309511,0.3823367164489025,0.8261544695185418,0.0859375,0.0097656249999999,0.8960456300960963,0.7079727630775664,13,16,baixo_baixo,False,0.2297553731133514,0.1869640049529821,0.3762413542238001,0.812983590215152,0.0578512396694214,0.0055096418732782,0.8818728412450019,0.7024285570522646,19,22,baixo_baixo,False,-0.00745092540752651,0.013323848222031004,-0.014172788851094409,True
14498649000199,0.2491983582014543,0.1657759535571715,0.4308891260261189,0.7896484979512266,0.1074380165289256,0.0082644628099173,0.8440922500784693,0.7130055505251899,10,11,baixo_baixo,False,0.2458277251497281,0.1704104976647009,0.4279238981332379,0.7842144138440434,0.0972222222222222,0.0069444444444444,0.8346607831465651,0.7084056545800784,11,12,baixo_baixo,False,-0.0033706330517262184,0.0046345441075293925,-0.00943146693190422,True
14499742000118,0.1932797906988179,0.1312243899833424,0.3308554634245192,0.7413484541867217,0.0714285714285714,0.0,0.7879830184051129,0.7996179976292108,14,14,baixo_baixo,False,0.1455208541762419,0.092115907562257,0.2750673339155536,0.6657244445040146,0.0617283950617283,0.0030864197530864,0.7876801296237773,0.8287709892537019,17,18,baixo_baixo,False,-0.04775893652257601,-0.0391084824210854,-0.00030288878133555297,True
14524513000106,0.251748599830884,0.1837257452700552,0.3590433664914926,0.868249125466978,0.1022222222222222,0.0206060606060606,0.8550152584901665,0.9052961194169862,12,15,baixo_baixo,False,0.1619234001266618,0.1126247766047007,0.2711153570198309,0.7235684036605695,0.0657596371882086,0.0108043217286914,0.8282680707335911,0.920643280591824,18,21,baixo_baixo,False,-0.0898251997042222,-0.0711009686653545,-0.026747187756575364,True
14567169000132,0.3959892833081989,0.2449866041352486,0.5071688314322955,0.961962337642578,0.2,3.4694469519536136e-17,0.7937817718878585,0.9157374092292048,5,5,baixo_baixo,False,0.3959892833081989,0.2449866041352486,0.5071688314322955,0.961962337642578,0.2,3.4694469519536136e-17,0.8553870574091926,0.9258759049612886,5,5,hhi_alto,False,0.0,0.0,0.06160528552133415,False
14572082000153,0.1537857948719918,0.0768572307694456,0.2448489302236123,0.7146125438845395,0.0833333333333333,1.5139404881252137e-17,0.5812934883514975,0.5374732564374148,12,12,baixo_baixo,False,0.1482400641038289,0.0772600694458146,0.240086671288335,0.7007134838834713,0.0769230769230769,1.503427012513233e-17,0.5639355765633369,0.5386288055692379,13,13,baixo_baixo,False,-0.005545730768162893,0.0004028386763689912,-0.017357911788160596,True
14601748000154,0.0882556586466366,0.0231310628356821,0.1322321494061404,0.5030234981137585,0.0666666666666666,0.0,0.6141222164455166,0.6084506855703357,15,15,baixo_baixo,False,0.0815019102765212,0.0202687042949559,0.1240549759775997,0.4719167634718394,0.0625,0.0,0.609235679574882,0.6242782472655297,16,16,baixo_baixo,False,-0.0067537483701154005,-0.0028623585407262023,-0.004886536870634561,True
14608771000170,0.0449440038316832,0.0323774775663106,0.1076709365058796,0.3020543556320015,0.0383399502167337,0.0256865285090592,0.939561354869464,0.996772570775806,77,419,oculta,True,0.0450805846413393,0.0344703689151319,0.120322652843812,0.3124625699065946,0.0381393751092654,0.0274520348327016,0.9413187667320556,0.9970557783553212,91,571,oculta,True,0.0001365808096561033,0.0020928913488213047,0.0017574118625915958,True
14621774000144,0.2517534044827265,0.168614893869696,0.4197165632372955,0.8581528792950338,0.1428571428571428,0.0476190476190476,0.8768272334639465,0.9724451958360398,10,14,baixo_baixo,False,0.2129894354683141,0.1414430205108881,0.3778301562981065,0.7725118923372083,0.1171875,0.0369318181818181,0.8244389386864701,0.9170163063101228,12,16,baixo_baixo,False,-0.0387639690144124,-0.027171873358807885,-0.05238829477747642,True
14645035000192,0.3809519466974508,0.2261899333718135,0.4492126166623093,0.9851932893105488,0.3553719008264462,0.1942148760330577,0.9498552263994706,0.6741084603483356,5,11,oculta,True,0.3798399613979788,0.2558079536775746,0.4485552552163168,0.98375159319334,0.3055555555555554,0.1666666666666665,0.9463652738745884,0.6737331562222502,6,12,critico,False,-0.0011119852994719848,0.029618020305761078,-0.003489952524882267,False
14645822000134,0.185809294634563,0.0229711535614756,0.28938819707634,0.7468868435300487,0.1666666666666666,3.3306690738754695e-17,0.4929921007390142,0.4817704915063833,6,6,baixo_baixo,False,0.167349475733595,0.0285743883558608,0.2714748269951114,0.7006539267348105,0.1428571428571428,0.0,0.5143355434129432,0.5610916699838934,7,7,baixo_baixo,False,-0.01845981890096801,0.005603234794385199,0.02134344267392896,True
14662198000183,0.1153972032054037,0.0564236834190972,0.2116403940955954,0.573192579272704,0.1331360946745562,0.0753451676528599,0.6135022592224121,0.5278067067859106,16,26,baixo_baixo,False,0.1101010926343317,0.0656061472660484,0.2392493624955926,0.5392384898155562,0.1445568114217728,0.1017846519928614,0.6122411940674563,0.5416477581168941,21,41,baixo_baixo,False,-0.005296110571072002,0.009182463846951198,-0.0012610651549558316,True
14674100000108,0.2337255834859152,0.1640642728937257,0.3721103307130564,0.8000372110330713,0.0833333333333333,1.5139404881252137e-17,0.7916487146226507,0.5749411326867735,12,12,baixo_baixo,False,0.2328259967743834,0.1688948298389154,0.3713905481105506,0.7984896784376838,0.0769230769230769,1.503427012513233e-17,0.7835162220399887,0.570505717258408,13,13,baixo_baixo,False,-0.0008995867115318135,0.004830556945189718,-0.008132492582662021,True
14674999000169,0.6750519776478501,0.5125779664717751,0.7986416249787012,1.0,0.3600000000000001,0.0400000000000001,0.9946441217648098,0.9725147023605104,3,5,critico,False,0.6750519776478501,0.5125779664717751,0.7986416249787012,1.0,0.3600000000000001,0.0400000000000001,0.9940595833514908,0.9747970088617042,3,5,critico,False,0.0,0.0,-0.000584538413318958,True
14675553000159,0.4399613591149471,0.3777348434610524,0.5899572516312201,0.9464857269474658,0.1111111111111111,0.0123456790123456,0.9368929201909784,0.4235641819905875,10,12,critico,False,0.4399613591149471,0.3777348434610524,0.5899572516312201,0.9464857269474658,0.1111111111111111,0.0123456790123456,0.9314623626422276,0.4190827768331592,10,12,critico,False,0.0,0.0,-0.00543055754875077,True
14682109000160,0.306646280646165,0.2835344900010372,0.4448126482381357,0.9575224549190255,0.0468256248204539,0.0150531456478023,0.958766170206844,0.4143581420989756,31,59,oculta,True,0.306646280646165,0.2835344900010372,0.4448126482381357,0.9575224549190255,0.0468256248204539,0.0150531456478023,0.9552546124631632,0.4100271063033907,31,59,oculta,True,0.0,0.0,-0.0035115577436807266,True
14700048000117,0.8586064915996016,0.8303277899195218,0.9252276397442956,0.9932450158244668,0.24,0.088,0.9901393096502458,0.9422163551101448,6,10,critico,False,0.5578956215211971,0.4842115584413966,0.7080102985142543,0.9877390193063226,0.2066115702479339,0.0743801652892562,0.9877919909316368,0.8237659772831215,7,11,critico,False,-0.30071087007840447,-0.34611623147812526,-0.0023473187186089373,True
14706049000179,0.1968225734939336,0.0361870881927204,0.3089453728408931,0.7883022047465243,0.1666666666666666,3.3306690738754695e-17,0.633800052516708,0.4060703352497573,6,6,baixo_baixo,False,0.1161384812828477,0.0277523294111325,0.1878017843212794,0.571573423481395,0.0972222222222222,0.0069444444444444,0.6698842012740369,0.4622338463777324,11,12,baixo_baixo,False,-0.08068409221108588,-0.008434758781587903,0.036084148757328904,True
14720662000140,0.3993932857619491,0.1991910476825988,0.5530005310674455,1.0,0.28,0.04,0.6992970464077131,0.5190510542856563,4,5,baixo_baixo,False,0.3993932857619491,0.1991910476825988,0.5530005310674455,1.0,0.28,0.04,0.6891217672101865,0.5163673417985812,4,5,hhi_alto,False,0.0,0.0,-0.010175279197526588,False
14741000000157,0.4276656933867392,0.2368875911823189,0.4787242836258345,1.0,0.28,0.04,0.413982898299077,0.4390303883076984,4,5,hhi_alto,False,0.3717338774006355,0.2146673467507943,0.5244039281714773,0.9956328689512484,0.2222222222222222,0.0277777777777778,0.4836279973187343,0.4170412653543824,5,6,baixo_baixo,False,-0.055931815986103695,-0.022220244431524594,0.06964509901965732,False
14752037000180,0.2079726961684008,0.0759681455298009,0.3478002333476081,0.8118851911781034,0.15625,0.015625,0.8058006148856357,0.426870181206763,7,8,baixo_baixo,False,0.1173227028579143,0.0370793122086338,0.2243175863917124,0.5644646173929637,0.0933333333333333,0.0109090909090909,0.7888278167071628,0.4727109982188229,12,15,baixo_baixo,False,-0.09064999331048651,-0.0388888333211671,-0.01697279817847286,True
14756846000160,0.2894876451201693,0.2539620273761778,0.5172630235561442,0.733740292087674,0.0622222222222222,0.0153333333333333,0.8263807164108712,0.990795261923451,21,30,baixo_baixo,False,0.2789550639082921,0.2476052840782179,0.5076605239800108,0.7201190964427101,0.054178145087236,0.0130554557432027,0.8366923020653814,0.9933297201328104,24,33,baixo_baixo,False,-0.010532581211877168,-0.006356743297959877,0.01031158565451018,True
14763412000198,0.2627659814370942,0.0784574767963677,0.3364389233954451,0.9324871725627868,0.2,3.4694469519536136e-17,0.76778297687656,0.5937139543857468,5,5,baixo_baixo,False,0.1745252137087615,0.0369460826602217,0.2156343044717915,0.7896242136218847,0.1428571428571428,0.0,0.7429005798481656,0.5200025915322456,7,7,baixo_baixo,False,-0.08824076772833267,-0.041511394136146004,-0.024882397028394454,True
14784810000190,0.2783997431871655,0.1340796918245985,0.4651006729004362,0.8440493789311255,0.1666666666666666,3.3306690738754695e-17,0.5638469238310645,0.4900560486433714,6,6,baixo_baixo,False,0.2611652923023574,0.1380261743527503,0.449503656475791,0.8157444273508503,0.1428571428571428,0.0,0.5445681489034033,0.4983238997291496,7,7,baixo_baixo,False,-0.017234450884808072,0.003946482528151801,-0.01927877492766117,True
14785598000186,0.7592907087968723,0.719172493596351,0.8663305020248198,0.9967260694431468,0.256198347107438,0.1322314049586776,0.9913100066071971,0.904841068517475,7,11,critico,False,0.5216632888456483,0.4618711999513543,0.6484711306982051,0.997367978752286,0.171875,0.068359375,0.993561070352645,0.7785116605902512,9,16,critico,False,-0.23762741995122405,-0.25730129364499676,0.002251063745447812,True
14792165000158,0.2166208405707087,0.1948603083643395,0.3869238349005168,0.7709566647894812,0.0303390838786436,0.0034040584308282,0.9768905679961226,0.5066555560623865,37,41,oculta,True,0.1582693152830718,0.1417647920533282,0.3193827189576323,0.6754605193686058,0.0221200804366561,0.0029459643667866,0.9691789838954408,0.499941946060462,52,59,oculta,True,-0.0583515252876369,-0.05309551631101131,-0.007711584100681845,True
14798463000155,0.2498385072601604,0.0998062087121925,0.3305701188826856,0.9140226153388644,0.1666666666666666,3.3306690738754695e-17,0.925160651483524,0.9062599191997716,6,6,oculta,True,0.2344533051539919,0.1068621893463239,0.3194573386096812,0.8832959043973279,0.1428571428571428,0.0,0.9171666276942252,0.9102867552518272,7,7,baixo_baixo,False,-0.015385202106168505,0.00705598063413139,-0.00799402378929881,False
14801752000166,0.1640370893157063,0.1175947053888011,0.3438769684623945,0.6422352595330708,0.0566893424036281,0.0042831947593852,0.4948248750810348,0.65001601253379,19,21,baixo_baixo,False,0.1316537452282523,0.0921834609204456,0.2990951791189831,0.5689041484965057,0.0463999999999999,0.0030545454545454,0.5714965823169941,0.8074124959411249,23,25,baixo_baixo,False,-0.032383344087454,-0.025411244468355493,0.07667170723595929,True
14804981000134,0.321994421929774,0.2372437246709957,0.520258103009214,0.8910547741134689,0.1111111111111111,0.0,0.6326967760024269,0.5275978592103591,9,9,baixo_baixo,False,0.321994421929774,0.2372437246709957,0.520258103009214,0.8910547741134689,0.1111111111111111,0.0,0.6277635435301566,0.5305512928968297,9,9,baixo_baixo,False,0.0,0.0,-0.004933232472270288,True
14806879000178,0.3709338879253223,0.266089535912876,0.5349389270145453,0.9760455781432084,0.1428571428571428,0.0,0.856102469546668,0.8853633856806213,7,7,baixo_baixo,False,0.3545694076704887,0.2623650373377014,0.5181010423079893,0.9547615247537604,0.125,0.0,0.8757379748737564,0.632745811781747,8,8,baixo_baixo,False,-0.016364480254833558,-0.003724498575174595,0.019635505327088354,True
14807623000185,0.6009960529182471,0.5439954890494253,0.7648891039925153,0.9769890950015238,0.125,0.0,0.9480170229474324,0.4770521573162727,8,8,critico,False,0.6009960529182471,0.5439954890494253,0.7648891039925153,0.9769890950015238,0.125,0.0,0.949446983520664,0.8225598814483558,8,8,critico,False,0.0,0.0,0.0014299605732316367,True
14808407000154,0.3997760843507921,0.2497201054384901,0.4931294895632304,0.9698589879720546,0.2244897959183673,0.0306122448979591,0.9710438495713468,0.6277350519048156,5,7,oculta,True,0.3997760843507921,0.2497201054384901,0.4931294895632304,0.9698589879720546,0.2244897959183673,0.0306122448979591,0.967002472069862,0.6228161045664262,5,7,critico,False,0.0,0.0,-0.004041377501484811,False
14810479000136,0.1714943311604594,0.0531363784690965,0.2613947596031991,0.7270203869348962,0.1570247933884297,0.0365997638724911,0.6975075311418076,0.8255823299563023,8,11,baixo_baixo,False,0.1650323543447365,0.0457512621082703,0.2332217783451113,0.740764967527034,0.1527777777777778,0.0317460317460317,0.7030057046209397,0.8253577840551781,8,12,baixo_baixo,False,-0.006461976815722886,-0.007385116360826199,0.0054981734791320624,True
14813630000190,0.2589910711341017,0.1848901782475118,0.4414422693992586,0.8488803112459026,0.1280276816608996,0.0408304498269896,0.6006289120225223,0.5359280659907131,11,17,baixo_baixo,False,0.2589910711341017,0.1848901782475118,0.4414422693992586,0.8488803112459026,0.1280276816608996,0.0408304498269896,0.5888793204295302,0.5324095669181208,11,17,baixo_baixo,False,0.0,0.0,-0.011749591592992159,True
14814139000183,0.1976949599900053,0.1642655833229222,0.363069382068335,0.7086332096277246,0.0459183673469387,0.0061649659863945,0.8512704789878582,0.4433774391264024,25,28,baixo_baixo,False,0.4421158746673724,0.4252102951118383,0.6543337255116359,0.8313586489820287,0.0335305719921104,0.004243619628235,0.9439111697440318,0.4180324265885565,34,39,critico,False,0.2444209146773671,0.2609447117889161,0.09264069075617354,False
14823518000130,0.1972750914914778,0.1500559792262706,0.39870910703606,0.6663642641072237,0.0752,0.0208,0.8539133478856,0.9972586888807928,18,25,baixo_baixo,False,0.62368574426495,0.6038797308052105,0.7842572784892997,0.90920862880585,0.0663265306122449,0.0171858216970998,0.5396156201563898,0.5301047860020379,20,28,hhi_alto,False,0.42641065277347223,0.45382375157893995,-0.3142977277292103,False
14830853000165,0.8502264318859719,0.8335849243177466,0.9210160278656015,0.9870552207188036,0.1,3.0839528461809905e-17,0.9700502188820056,0.4480307084029967,10,10,critico,False,0.8502264318859719,0.8335849243177466,0.9210160278656015,0.9870552207188036,0.1,3.0839528461809905e-17,0.9665630187363264,0.4439460342031472,10,10,critico,False,0.0,0.0,-0.003487200145679159,True
14836800000151,0.2071468368884599,0.1542899593476905,0.3960796971426945,0.7223419561449819,0.0679012345679012,0.0057613168724279,0.4411693045431775,0.4117796368152895,16,18,baixo_baixo,False,0.1896609912646232,0.1419939907507776,0.377477709301473,0.6884169749294661,0.0657596371882086,0.0108043217286914,0.433062878739081,0.4383506958039621,18,21,baixo_baixo,False,-0.017485845623836677,-0.012295968596912898,-0.008106425804096484,True
14870896000174,0.3256756284435742,0.190810754132289,0.4119249257833818,0.9766535503736616,0.1666666666666666,3.3306690738754695e-17,0.9239516053763072,0.4166654013909419,6,6,oculta,True,0.3256756284435742,0.190810754132289,0.4119249257833818,0.9766535503736616,0.1666666666666666,3.3306690738754695e-17,0.918444268017827,0.4119777606239862,6,6,baixo_baixo,False,0.0,0.0,-0.005507337358480191,False
14871353000171,0.2431883941942253,0.0918260730330704,0.3497347562728823,0.9276580081082636,0.4666666666666665,0.3599999999999997,0.5712994612925232,0.6637238188167116,6,15,baixo_baixo,False,0.220444045444659,0.0905180530187689,0.3098306558024725,0.8943098301251342,0.4648526077097504,0.3756613756613755,0.5865937016200726,0.6329249184376785,7,21,baixo_baixo,False,-0.022744348749566295,-0.0013080200143014975,0.015294240327549447,True
14876872000122,0.3206567695889799,0.1508209619862248,0.3697937820147336,0.9996222640780886,0.2,3.4694469519536136e-17,0.8875293871051979,0.8624986603729599,5,5,baixo_baixo,False,0.3196307244041365,0.1835568692849638,0.369200182311527,0.998017652242696,0.1666666666666666,3.3306690738754695e-17,0.8803087650834536,0.8557522654350906,6,6,baixo_baixo,False,-0.0010260451848433938,0.032735907298738987,-0.007220622021744338,True
14914258000108,0.1263996923448367,0.0171996538879412,0.1528133698735137,0.5887184296696154,0.1111111111111111,0.0,0.520252527086781,0.5829646975533892,9,9,baixo_baixo,False,0.0824865549745326,0.0119085976648813,0.1065370409374254,0.4104373818484815,0.0714285714285714,0.0,0.5145727717717103,0.6243223365608664,14,14,baixo_baixo,False,-0.0439131373703041,-0.005291056223059899,-0.0056797553150707,True
14969199000175,0.2172487678451252,0.1846341331720054,0.3824158533674884,0.7925321859843164,0.07275390625,0.03411865234375,0.8956299899423931,0.8419138452351361,25,64,baixo_baixo,False,0.4102133178947594,0.3891495078195722,0.6112085015990694,0.8940322551390824,0.064252523634033,0.030832970906677,0.9397062757526516,0.8848331346996716,29,79,critico,False,0.1929645500496342,0.2045153746475668,0.044076285810258575,False
14986862000140,0.0391976139293807,0.0214049771502952,0.0787766230638797,0.2762674904680898,0.0344939534128723,0.016614211809407,0.5091643109222541,0.6317094425529463,55,111,baixo_baixo,False,0.0382361114297399,0.0238814265257061,0.0925009626098764,0.287821830974834,0.0304888888888888,0.0160185737976782,0.5887178714151766,0.6991304278097932,68,150,baixo_baixo,False,-0.000961502499640797,0.0024764493754109024,0.0795535604929225,True
14994916000119,0.4395319046513294,0.3694733927327456,0.6439956448773968,0.8844239843671602,0.1111111111111111,0.0,0.7955605818385705,0.7855260630398389,9,9,hhi_alto,False,0.2038724209228973,0.1754392930987151,0.4241826340411827,0.6239583142705092,0.0489408327246165,0.0149744338933528,0.7049372252066124,0.7937874905139444,29,37,baixo_baixo,False,-0.2356594837284321,-0.1940340996340305,-0.09062335663195809,False
15071063000106,0.3130532178697556,0.1413165223371945,0.4567553735926305,0.9488229273285568,0.2,3.4694469519536136e-17,0.7089953114877454,0.7287899444255126,5,5,baixo_baixo,False,0.3130532178697556,0.1413165223371945,0.4567553735926305,0.9488229273285568,0.2,3.4694469519536136e-17,0.6996155390653654,0.7234495464611154,5,5,baixo_baixo,False,0.0,0.0,-0.009379772422379973,True
15111217000146,0.3239582888783535,0.1549478610979419,0.4328503641186492,0.9759206588086424,0.3632,0.204,0.600268673363737,0.4992851869851745,5,25,baixo_baixo,False,0.3239582888783535,0.1549478610979419,0.4328503641186492,0.9759206588086424,0.3632,0.204,0.672979625306823,0.7304386560556214,5,25,baixo_baixo,False,0.0,0.0,0.07271095194308597,True
15163648000156,0.3889000780016386,0.3418923916940724,0.5655667582921421,0.8988132890251129,0.0969529085872576,0.0274877477093543,0.6354525792342727,0.4377998195075454,14,19,baixo_baixo,False,0.2254608308728365,0.1798997032771211,0.3122494236269741,0.8764218843393777,0.0729166666666666,0.0183823529411764,0.6400386908466461,0.4221704264315948,18,24,baixo_baixo,False,-0.16343924712880212,-0.16199268841695127,0.0045861116123734336,True
15196311000145,0.1243647263951196,0.0368011990346316,0.1943021835247602,0.6145692675039683,0.0909090909090909,0.0,0.6717895173903152,0.8101584436674957,11,11,baixo_baixo,False,0.0938265291025442,0.0241208774950476,0.1308237435324051,0.4809493389289827,0.0714285714285714,0.0,0.682470114093344,0.7816861076161359,14,14,baixo_baixo,False,-0.030538197292575398,-0.012680321539584004,0.010680596703028788,True
15345471000109,0.6376623128188912,0.5470778910236139,0.7819878228204574,0.9918542935122868,0.2,3.4694469519536136e-17,0.5258837297468112,0.4996792274672214,5,5,hhi_alto,False,0.6376623128188912,0.5470778910236139,0.7819878228204574,0.9918542935122868,0.2,3.4694469519536136e-17,0.5118564729855736,0.4949982206814174,5,5,hhi_alto,False,0.0,0.0,-0.014027256761237616,True
15358498000136,0.4049021637602049,0.2858825965122458,0.6027432638919795,0.912894864252875,0.183673469387755,0.0204081632653061,0.3985287697923289,0.5361787497874142,6,7,hhi_alto,False,0.3521529120705727,0.2441783974156681,0.5576215019794407,0.8570317247023976,0.15625,0.015625,0.4272368044939432,0.5687509124228628,7,8,baixo_baixo,False,-0.05274925168963218,-0.04170419909657769,0.028708034701614316,False
15372714000106,0.2540746986339385,0.1475139412959297,0.386905084208464,0.9150748262618964,0.1358024691358024,0.0123456790123456,0.5801955090491078,0.8070901590051882,8,9,baixo_baixo,False,0.3639098862070143,0.3003008748277158,0.5702066807044875,0.8739042448719564,0.1020408163265306,0.0122448979591836,0.798731435277266,0.9114325511218292,11,14,baixo_baixo,False,0.10983518757307581,0.15278693353178607,0.2185359262281582,True
15408168000108,0.100038042330964,0.0710070114384145,0.197234581259316,0.5577933413268993,0.0589849108367626,0.028629585379884,0.8533120083307032,0.9957529611541662,32,54,baixo_baixo,False,0.0516952514800467,0.0338027090551419,0.1292377064611965,0.3688270570354078,0.0332736355924215,0.0150335155092596,0.8249027187036146,0.9960640181474988,54,103,baixo_baixo,False,-0.0483427908509173,-0.037204302383272596,-0.028409289627088552,True
15442776000139,0.2813402777475902,0.1615636573721886,0.4042277270522393,0.9277075833121594,0.1428571428571428,0.0,0.7396255807602694,0.9888835876431196,7,7,baixo_baixo,False,0.1170580289518817,0.0786692476019635,0.2089946730580551,0.5882433806257685,0.0505050505050505,0.0092226613965744,0.8233888287391442,0.9921713220290076,24,33,baixo_baixo,False,-0.16428224879570846,-0.08289440977022511,0.0837632479788748,True
15462287000149,0.2756273561753096,0.1548985822045279,0.450065274151436,0.8440600522193211,0.1428571428571428,0.0,0.917467129958969,0.9260579793154096,7,7,baixo_baixo,False,0.2322015692953963,0.1810150072484227,0.4123201413971945,0.7646948606728287,0.0657439446366782,0.0034602076124567,0.8864460749778387,0.6896007776550148,16,17,baixo_baixo,False,-0.0434257868799133,0.026116425043894803,-0.03102105498113028,True
15470555000174,0.5066890106203742,0.3833612632754677,0.6884058707229898,0.9940118300391964,0.2,3.4694469519536136e-17,0.5294291787598386,0.7935010266986138,5,5,hhi_alto,False,0.6237107094369774,0.5609958276764736,0.7791718635560638,0.9713665186524004,0.1428571428571428,0.0,0.8565566506191947,0.8441127434818363,7,7,hhi_alto,False,0.11702169881660318,0.1776345644010059,0.3271274718593561,True
15487793000192,0.2607686986346208,0.1375634817403909,0.4184213673076714,0.83386843608992,0.1428571428571428,0.0,0.6716208351615409,0.4060703352497573,7,7,baixo_baixo,False,0.2607686986346208,0.1375634817403909,0.4184213673076714,0.83386843608992,0.1428571428571428,0.0,0.6602906141329796,0.4014183565818779,7,7,baixo_baixo,False,0.0,0.0,-0.011330221028561294,True
15513690000150,0.1977624265127717,0.1718837951099579,0.3804750026352236,0.7235337765604265,0.0351020408163265,0.0039763001974983,0.8737713325799046,0.4532385527361604,32,35,baixo_baixo,False,0.1348985177281046,0.1199829749303133,0.3101325309505864,0.5897663704547076,0.0185546875,0.0016332165948275,0.8275255493028592,0.4585179065267158,59,64,baixo_baixo,False,-0.0628639087846671,-0.051900820179644605,-0.04624578327704543,True
15609665000174,0.2026775379992952,0.0697904609991778,0.2463605823068309,0.8734602463605823,0.1428571428571428,0.0,0.7818589360205466,0.4060703352497573,7,7,baixo_baixo,False,0.2026775379992952,0.0697904609991778,0.2463605823068309,0.8734602463605823,0.1428571428571428,0.0,0.7938545188531175,0.5128451889380972,7,7,baixo_baixo,False,0.0,0.0,0.011995582832570961,True
15710935000139,0.2699498184768832,0.087437273096104,0.349546197849227,0.912498708198834,0.2,3.4694469519536136e-17,0.5552678224263802,0.5116069332204146,5,5,baixo_baixo,False,0.2510136593678165,0.0637670742097706,0.2902888595024007,0.9273324946509542,0.2222222222222222,0.0277777777777778,0.661399486821431,0.6333921685566256,5,6,baixo_baixo,False,-0.018936159109066708,-0.0236701988863334,0.10613166439505084,True
15913253000123,0.2025342733634228,0.0886105981296261,0.2928930260803669,0.8380441890905113,0.125,0.0,0.5910051384139577,0.6514105998790872,8,8,baixo_baixo,False,0.1890334353403892,0.0876626147579378,0.2819078340898599,0.8066126578011251,0.1111111111111111,0.0,0.5887193378396037,0.6629844437362576,9,9,baixo_baixo,False,-0.013500838023033618,-0.0009479833716883046,-0.0022858005743540133,True
16098402000100,0.3265040119768214,0.2703793463082232,0.433273569610869,0.8800873998285395,0.0816326530612245,0.0051020408163265,0.8204109728468125,0.431822769777514,13,14,baixo_baixo,False,0.2909853402247101,0.2364457510112262,0.4062941115428221,0.8544385023478714,0.0755555555555555,0.0044444444444444,0.8020820514931287,0.4258246813352159,14,15,baixo_baixo,False,-0.035518671752111264,-0.03393359529699699,-0.018328921353683802,True
16176067000111,0.185400262763572,0.122738744514616,0.3010953771902415,0.7748488254338888,0.0714285714285714,0.0,0.712422385777117,0.4172278268240993,14,14,baixo_baixo,False,0.1622162433957673,0.1129348459484595,0.2905991465156822,0.7149930081995485,0.0555555555555555,0.0,0.7422823285774222,0.4325450767247215,18,18,baixo_baixo,False,-0.023184019367804704,-0.009803898566156502,0.029859942800305128,True
16236457000130,0.5885819402021764,0.5298079316596301,0.7537762869419105,0.9506872564348328,0.16,0.04,0.8618168766291525,0.4060703352497573,8,10,hhi_alto,False,0.5885819402021764,0.5298079316596301,0.7537762869419105,0.9506872564348328,0.16,0.04,0.8552576976123967,0.4014183565818778,8,10,hhi_alto,False,0.0,0.0,-0.006559179016755845,True
16501189000136,0.1994955847796981,0.1698472731048721,0.3874572328488415,0.7061136486497578,0.039485766758494,0.0039111655273271,0.4592155409980558,0.4572348373392906,28,33,baixo_baixo,False,0.1883442285506832,0.1621617843103827,0.3760173847323197,0.6852653273159097,0.0343316289262235,0.0031810363109404,0.4601521506169982,0.4690234273746197,32,37,baixo_baixo,False,-0.011151356229014892,-0.007685488794489409,0.00093660961894243,True
16673998000125,0.1938169389259423,0.131802857304861,0.3640293181179099,0.6882871953154682,0.0714285714285714,0.0,0.941422498829665,0.4946405971608041,14,14,oculta,True,0.4503869227397604,0.421459918673432,0.5893591909466938,0.9433525415075226,0.05,1.460819769243627e-17,0.9952085745372902,0.423994446385361,20,20,critico,False,0.2565699838138181,0.28965706136857106,0.05378607570762517,False
16692121000181,0.2724263442752369,0.2646029716330351,0.4402385155563443,0.7956031042760622,0.0116494082840236,0.0010219825666475,0.9619248996160789,0.4707614061919652,94,104,oculta,True,0.1955381270469112,0.189397196719025,0.3429190934560245,0.7709698201954486,0.008601787822567,0.0010338625387698,0.9711685131439348,0.4553691857318437,132,154,oculta,True,-0.07688821722832567,-0.07520577491401009,0.009243613527855965,True
16978926000196,0.2447359511033126,0.0559199388791407,0.3029606869023347,0.9555466214857996,0.2,3.4694469519536136e-17,0.4326933000438293,0.5357403991345432,5,5,baixo_baixo,False,0.2447359511033126,0.0559199388791407,0.3029606869023347,0.9555466214857996,0.2,3.4694469519536136e-17,0.4551701702694194,0.5500947785871173,5,5,baixo_baixo,False,0.0,0.0,0.02247687022559014,True
17058108000138,0.1858676557968217,0.1044544213765039,0.2869369846418386,0.8136044833828144,0.0909090909090909,0.0,0.8752106940877211,0.5536732115436093,11,11,baixo_baixo,False,0.1559664998111595,0.1090757498006684,0.2676752624196946,0.7209689753940376,0.055,0.0025,0.8673428550539547,0.5844731388113561,19,20,baixo_baixo,False,-0.029901155985662203,0.004621328424164503,-0.007867839033766422,True
17257474000116,0.0732532788105699,0.0114701640646079,0.1181291823732395,0.3924616779975611,0.0625,0.0,0.5898707267305958,0.5291802752124051,16,16,baixo_baixo,False,0.0671466898734563,0.0153215059775372,0.1349408533955482,0.389940178548417,0.0566893424036281,0.0042831947593852,0.650831419528024,0.5732933846319441,19,21,baixo_baixo,False,-0.006106588937113591,0.0038513419129292993,0.06096069279742822,True
17323405000163,0.1673917659977724,0.0286237269974011,0.2602235315586464,0.7196064657999048,0.15625,0.015625,0.6254869429604968,0.6534803166687677,7,8,baixo_baixo,False,0.1465213487710339,0.0245958271668959,0.2066189464546935,0.671143386247237,0.14,0.0171428571428571,0.6398862536325647,0.6971282611657049,8,10,baixo_baixo,False,-0.02087041722673849,-0.004027899830505201,0.0143993106720679,True
17380242000150,0.4433211046314685,0.3319853255577621,0.6339115295511644,0.9646971859779048,0.1666666666666666,3.3306690738754695e-17,0.7588015762751993,0.510694701169874,6,6,hhi_alto,False,0.4386096164110287,0.3450445524795335,0.6305133620742714,0.9595257977799942,0.1428571428571428,0.0,0.7481307902134237,0.5078789292630296,7,7,hhi_alto,False,-0.004711488220439819,0.01305922692177136,-0.010670786061775628,True
17387125000119,0.987689605314606,0.9866637390908232,0.993818540009637,0.99913718267893,0.0769230769230769,1.503427012513233e-17,0.9989289813261444,0.8581952435066925,13,13,critico,False,0.9876221852483872,0.9866700456521093,0.993784619629863,0.9991030807666408,0.0714285714285714,0.0,0.9988801734840892,0.8521234825360249,14,14,critico,False,-6.742006621884844e-05,6.306561286084644e-06,-4.88078420551874e-05,True
17391027000155,0.2983541663652927,0.1981190472746203,0.463050999554197,0.9158740232957012,0.125,0.0,0.4086201584366648,0.5350794176043412,8,8,baixo_baixo,False,0.2862037426061971,0.1969792104319717,0.4531627049375047,0.8963158489631932,0.1111111111111111,0.0,0.4086310157451936,0.5508455269109489,9,9,baixo_baixo,False,-0.012150423759095641,-0.001139836842648595,1.0857308528788856e-05,True
17444886000165,0.2630965799546322,0.1157158959455587,0.3345074717766026,0.9295160774753292,0.21875,0.0625,0.3962234144670764,0.5792934048015104,6,8,baixo_baixo,False,0.2462261195634294,0.1624734661815882,0.3233847818926168,0.8986087885677689,0.1224489795918367,0.0249433106575963,0.4702324162128328,0.687325975759418,10,14,baixo_baixo,False,-0.016870460391202796,0.0467575702360295,0.07400900174575642,True
17455641000133,0.6491523332608309,0.4737284998912463,0.78943955957664,1.0,0.5,0.25,0.7118036775623976,0.9754769409331784,3,6,hhi_alto,False,0.6491523332608309,0.4737284998912463,0.78943955957664,1.0,0.5,0.25,0.7019913836176999,0.9777624303914356,3,6,hhi_alto,False,0.0,0.0,-0.009812293944697736,True
17509587000161,0.3369646123899292,0.2264587144549174,0.440313832269868,0.9569931414615844,0.18,0.0433333333333334,0.8622177063700014,0.6637542849001247,7,10,baixo_baixo,False,0.3362081535119675,0.2413807468708199,0.4398184919431229,0.9559165518551652,0.1570247933884297,0.0365997638724911,0.8569827910512963,0.6623654462408449,8,11,baixo_baixo,False,-0.0007564588779617187,0.014922032415902509,-0.0052349153187051245,True
17526555000174,0.1975634922384456,0.0829297054153664,0.2527242090206115,0.8339898897680181,0.16,0.04,0.8601493610387698,0.6276400411845564,8,10,baixo_baixo,False,0.1740885462986137,0.0823206069984597,0.2351899423373059,0.7761268097131094,0.125,0.0277777777777777,0.8469581631167004,0.6312339955605685,10,12,baixo_baixo,False,-0.023474945939831904,-0.000609098416906706,-0.013191197922069464,True
17527397000177,0.8913456712342915,0.8732366164400068,0.9434039701880548,0.9957883883745264,0.1428571428571428,0.0,0.9932374838336324,0.9132842439752958,7,7,critico,False,0.5464727323442111,0.5011200055786322,0.6884408692763905,0.9918596659733168,0.0909090909090909,0.0,0.9920130646740292,0.7978225079797546,11,11,critico,False,-0.3448729388900804,-0.3721166108613746,-0.0012244191596032517,True
17572121000100,0.2366339475018057,0.0457924343772571,0.3252476612436529,0.9379496725104124,0.2,3.4694469519536136e-17,0.9962372021995471,0.4060703352497573,5,5,oculta,True,0.2366339475018057,0.0457924343772571,0.3252476612436529,0.9379496725104124,0.2,3.4694469519536136e-17,0.995715568062711,0.4014183565818778,5,5,oculta,True,0.0,0.0,-0.0005216341368361466,True
17710115000172,0.0524791910885952,0.0411991814586975,0.1361126894455818,0.3727550698041426,0.0225368489449745,0.0109003828609861,0.8974117678757235,0.987452798852934,85,171,baixo_baixo,False,0.051597802000452,0.040941597528547,0.1183554179149897,0.37288147857994,0.023277142108481,0.0123027279748685,0.9158188522352048,0.9895503396339008,90,214,baixo_baixo,False,-0.0008813890881432043,-0.000257583930150497,0.01840708435948124,True
17714486000122,0.3142413366899518,0.1428016708624398,0.4081447786263221,0.9341812397705416,0.2222222222222222,0.0277777777777778,0.4397891017474761,0.4497577667622913,5,6,baixo_baixo,False,0.3142413366899518,0.1428016708624398,0.4081447786263221,0.9341812397705416,0.2222222222222222,0.0277777777777778,0.4224132888824705,0.4454535004510535,5,6,baixo_baixo,False,0.0,0.0,-0.017375812865005613,True
17718490000169,0.2550611249593741,0.1486412856678562,0.3617293323563518,0.9258146050653544,0.185,0.0685714285714286,0.9041647577249536,0.5583395960958397,8,20,baixo_baixo,False,0.253483110178582,0.1601684989509047,0.3606017085957255,0.9229285506229185,0.1700680272108843,0.0663265306122449,0.9004654076971167,0.5549867175858127,9,21,baixo_baixo,False,-0.001578014780792114,0.01152721328304851,-0.003699350027836945,True
17756464000125,0.0330605710576056,0.0227739813880057,0.108942320403603,0.2640003532697492,0.0351700156363042,0.0249058668664776,0.8395948507542936,0.989620064345582,95,207,baixo_baixo,False,0.0284914542374643,0.0195785317992759,0.084001690964709,0.2429306695457225,0.0283328836050221,0.0194185063903893,0.8482288903334427,0.989718989989354,110,251,baixo_baixo,False,-0.004569116820141297,-0.0031954495887298005,0.0086340395791491,True
17799033000146,0.0287693496803812,0.0240084151199909,0.0846974465826469,0.2365589113121138,0.0148917612742714,0.0100627993197336,0.902524599085622,0.9934798345049946,205,748,baixo_baixo,False,0.0341053490209443,0.0299239868954938,0.0913063341812626,0.2744120013706248,0.0134671312066717,0.0091964261469603,0.8636507151345624,0.8128485408931048,232,963,baixo_baixo,False,0.005335999340563103,0.005915571775502899,-0.03887388395105962,True
17819061000188,0.2600457591414575,0.198382905736579,0.4526005159456397,0.8267947325038609,0.0816326530612245,0.0051020408163265,0.7265029311941562,0.4801663763523473,13,14,baixo_baixo,False,0.1315679767859895,0.0902140709186556,0.2472677405567668,0.6130723996380786,0.0527999999999999,0.007695238095238,0.7448876345573759,0.4747753020037167,22,25,baixo_baixo,False,-0.128477782355468,-0.10816883481792339,0.018384703363219734,True
17851361000144,0.1157309332673401,0.0880975249319445,0.2396381837614488,0.5737547399769027,0.0303030303030303,3.5778671692021654e-18,0.8669952119646998,0.5860637528969965,33,33,baixo_baixo,False,0.0897409353129027,0.0680681004394003,0.2066541014235989,0.4947824606511307,0.0241975308641975,0.0009641387419165,0.8504684339427392,0.5762901023086372,43,45,baixo_baixo,False,-0.025989997954437405,-0.020029424492544204,-0.016526778021960564,True
17932766000107,0.0350955669445454,0.0242539441012257,0.0902378467306203,0.2625750446108469,0.0249290991211792,0.013973246302316,0.9291397954119042,0.996231572360232,90,338,oculta,True,0.029767222869168,0.021681949726411,0.0692609246297858,0.2481426835799715,0.0213984636172285,0.0132434508140388,0.932368621138009,0.99680558393369,121,431,oculta,True,-0.005328344075377401,-0.002571994374814701,0.0032288257261048336,True
18009906000132,0.4492902547584648,0.311612818448081,0.6270420669981908,0.9870411306153708,0.2222222222222222,0.0277777777777778,0.699840043224528,0.91153925492188,5,6,hhi_alto,False,0.4492902547584648,0.311612818448081,0.6270420669981908,0.9870411306153708,0.2222222222222222,0.0277777777777778,0.6966117420747437,0.9114442380089014,5,6,hhi_alto,False,0.0,0.0,-0.0032283011497842296,True
18070772000165,0.1992103280542054,0.0848118034905205,0.2421623923549987,0.8662868716785846,0.125,0.0,0.655488116883629,0.7630020779339372,8,8,baixo_baixo,False,0.1992103280542054,0.0848118034905205,0.2421623923549987,0.8662868716785846,0.125,0.0,0.6513414792139252,0.760387839766131,8,8,baixo_baixo,False,0.0,0.0,-0.004146637669703801,True
18091059000106,0.304964687985221,0.1312058599815262,0.4577249580736918,0.9899216522992949,0.2,3.4694469519536136e-17,0.7858023502538538,0.8675325170819457,5,5,baixo_baixo,False,0.0780283764001075,0.0543880783590846,0.1501172168017259,0.486533748813799,0.0347107438016528,0.0099597372324645,0.6060153343415516,0.7070343924102268,40,55,baixo_baixo,False,-0.22693631158511346,-0.0768177816224416,-0.17978701591230217,True
18097936000148,0.1137842903260735,0.0504831682065073,0.1505020175397459,0.5728082707239923,0.1232,0.0605714285714286,0.4870428669411915,0.5144649961996746,15,25,baixo_baixo,False,0.0841759867525647,0.0425476225140449,0.1552973294033134,0.4723223742919745,0.1235853327297419,0.0837483023992756,0.4790249907643358,0.5776606751905856,23,47,baixo_baixo,False,-0.0296083035735088,-0.007935545692462402,-0.008017876176855676,True
18137082000186,0.1671768120053308,0.0977748796724417,0.2635868708082549,0.710659491129145,0.1234567901234568,0.0504115226337448,0.6804515690120265,0.4060703352497573,13,18,baixo_baixo,False,0.0917896184386518,0.0505073283676815,0.1734483209619552,0.5120111372323213,0.0622222222222222,0.0195959595959596,0.6422198149025057,0.4130693741199799,23,30,baixo_baixo,False,-0.075387193566679,-0.047267551304760194,-0.038231754109520844,True
18180942000164,0.1971071346800046,0.1301993959033383,0.3018899778096212,0.7924038424243738,0.0859375,0.0097656249999999,0.8292254642190604,0.9393738046357114,13,16,baixo_baixo,False,0.4758689349925331,0.4557100478768613,0.6794727403985347,0.8715909456188049,0.04,0.003076923076923,0.9063471506835052,0.5377602005044687,27,30,hhi_alto,False,0.2787618003125285,0.325510651973523,0.07712168646444484,False
18180975000104,0.4737042081970502,0.3684450498364602,0.6646530625608787,0.9497908634760046,0.1666666666666666,3.3306690738754695e-17,0.8604850377780218,0.9570490865840068,6,6,hhi_alto,False,0.4737042081970502,0.3684450498364602,0.6646530625608787,0.9497908634760046,0.1666666666666666,3.3306690738754695e-17,0.8561430315875772,0.9637709770588904,6,6,hhi_alto,False,0.0,0.0,-0.004342006190444558,True
18184942000132,0.6324685687486451,0.625117940123618,0.7876421877303782,0.9363536534459128,0.0359055742908153,0.0166236857766316,0.9444975014758498,0.5265136540602429,51,71,critico,False,0.5554894949493475,0.548544018307931,0.73614961769628,0.9192340905040808,0.0285916824196597,0.0134134274574669,0.9364452071286012,0.5516227188997749,65,92,critico,False,-0.07697907379929758,-0.07657392181568701,-0.008052294347248523,True
18196469000103,0.4384224804737975,0.3581971205414828,0.6438915898668129,0.8659196766704694,0.125,0.0,0.808210728438695,0.4060703352497573,8,8,hhi_alto,False,0.3431054384469441,0.2774159822916384,0.4927320991090567,0.8817573408590191,0.0909090909090909,0.0,0.8591255067369336,0.4014183565818778,11,11,baixo_baixo,False,-0.09531704202685343,-0.0807811382498444,0.05091477829823854,False
18208903000128,0.1394969675596862,0.031934088504647,0.2204055462050172,0.640398332932596,0.1111111111111111,0.0,0.5048742523546395,0.5126643701630442,9,9,baixo_baixo,False,0.1118366383791207,0.0230203022170328,0.186811133943583,0.5427882410882597,0.0909090909090909,0.0,0.5055950366104613,0.5641328922461033,11,11,baixo_baixo,False,-0.027660329180565518,-0.008913786287614196,0.0007207842558218935,True
18212310000135,0.8039290699612879,0.7712505816215024,0.8942611697450644,0.9894160613515992,0.1733333333333333,0.0355555555555555,0.8877689692631594,0.4499477953049147,7,15,hhi_alto,False,0.7801774474306974,0.7487742256350828,0.8808244397505988,0.9791352881429471,0.15625,0.0357142857142857,0.8817667198689805,0.4545320417200757,8,16,hhi_alto,False,-0.023751622530590488,-0.022476355986419616,-0.006002249394178927,True
18245821000153,0.1664784023878439,0.1302383329264458,0.3385035422599854,0.6785170486537964,0.048828125,0.0074728260869565,0.7729478725267492,0.9893014657897936,24,32,baixo_baixo,False,0.1628300915153121,0.1329311662122875,0.3476703485729298,0.6475714788705528,0.0425,0.0083035714285714,0.8044073552411457,0.9901175185833472,29,40,baixo_baixo,False,-0.0036483108725317848,0.002692833285841717,0.03145948271439647,True
18250800000126,0.6485509841091086,0.5899761481272934,0.7882397906389832,0.9897064515771136,0.1428571428571428,0.0,0.7360239993509138,0.7767978627822855,7,7,hhi_alto,False,0.5711084775034162,0.5098382600039042,0.721724699889077,0.9926068377495486,0.125,0.0,0.8330521274766932,0.5042981069560207,8,8,hhi_alto,False,-0.07744250660569241,-0.08013788812338918,0.09702812812577943,True
18251780000108,0.242065097804684,0.052581372255855,0.3562945368171021,0.8746634996041172,0.2,3.4694469519536136e-17,0.5759048743807329,0.5905757306126344,5,5,baixo_baixo,False,0.242065097804684,0.052581372255855,0.3562945368171021,0.8746634996041172,0.2,3.4694469519536136e-17,0.5623405923142026,0.5868117980226369,5,5,baixo_baixo,False,0.0,0.0,-0.013564282066530264,True
18256417000185,0.2670995090268644,0.162399438887845,0.3869860899171746,0.8860874066967337,0.125,0.0,0.5261537842699879,0.4789263023806811,8,8,baixo_baixo,False,0.145213601554011,0.0882278416576118,0.2669165411093611,0.6447312847466535,0.0657439446366782,0.0034602076124567,0.5279902897412161,0.5691531636995592,16,17,baixo_baixo,False,-0.12188590747285341,-0.0741715972302332,0.0018365054712281559,True
18302582000126,0.1382737522183813,0.0808253356996067,0.227316274451741,0.670304307686948,0.075,0.0133333333333333,0.4018312519676298,0.5846568969431651,16,20,baixo_baixo,False,0.1161557235774822,0.0740679008906956,0.1944899627693492,0.6265464696068326,0.0532544378698224,0.0081713158636235,0.4450041733466789,0.6343111132384376,22,26,baixo_baixo,False,-0.02211802864089911,-0.0067574348089110975,0.0431729213790491,True
18319753000120,0.3427712993359936,0.178464124169992,0.5356382007425893,0.9148456996773996,0.2,3.4694469519536136e-17,0.4833770953623959,0.5087009666982811,5,5,baixo_baixo,False,0.2021423481344821,0.0691660728235624,0.2825838261121763,0.8326968832745221,0.15625,0.015625,0.5664377274482875,0.6267763599012873,7,8,baixo_baixo,False,-0.1406289512015115,-0.1092980513464296,0.08306063208589154,True
18346935000190,0.2882312736521282,0.2091458596134757,0.4204727561912499,0.9263812403804088,0.1074380165289256,0.0082644628099173,0.8962559087532609,0.5368867170125583,10,11,baixo_baixo,False,0.2448072217626983,0.1608969130696648,0.3724596998933,0.9208120927210734,0.1111111111111111,0.0123456790123456,0.8980689702723154,0.5764398630876559,10,12,baixo_baixo,False,-0.04342405188942988,-0.0482489465438109,0.0018130615190544708,True
18504687000168,0.483185115473942,0.3109134872985893,0.6604773564938156,1.0,0.2777777777777778,0.037037037037037,0.8660454004593594,0.4465627323501856,4,6,hhi_alto,False,0.483185115473942,0.3109134872985893,0.6604773564938156,1.0,0.2777777777777778,0.037037037037037,0.8597104696971125,0.4417744596886694,4,6,hhi_alto,False,0.0,0.0,-0.006334930762246893,True
19110162000100,0.4881855655255051,0.3858226786306061,0.5383321183074667,0.9987736718341008,0.1666666666666666,3.3306690738754695e-17,0.9434347151040188,0.4060703352497573,6,6,critico,False,0.4881855655255051,0.3858226786306061,0.5383321183074667,0.9987736718341008,0.1666666666666666,3.3306690738754695e-17,0.9379059248704964,0.4014183565818778,6,6,critico,False,0.0,0.0,-0.005528790233522374,True
19116243000118,0.108903830682315,0.0593984879424437,0.2455878033983254,0.526464033581507,0.0625,0.0104166666666666,0.2965790566277431,0.5049453391822182,19,24,baixo_baixo,False,0.0901135031130778,0.0487550259818541,0.1777167249332397,0.5136319758717066,0.051129607609988,0.0079991352286239,0.3819711544650732,0.5842419243504096,23,29,baixo_baixo,False,-0.01879032756923721,-0.0106434619605896,0.0853920978373301,True
19130038000107,0.8379921000804926,0.824491441753867,0.9140807230591742,0.9845794732105854,0.0769230769230769,1.503427012513233e-17,0.9812504091569124,0.9013715969534748,13,13,critico,False,0.8316734068053881,0.8228141124267243,0.9106245958907854,0.9808567911968868,0.05,1.460819769243627e-17,0.9790872184452648,0.9219450022333372,20,20,critico,False,-0.006318693275104481,-0.001677329327142707,-0.0021631907116476112,True
19164089000150,0.3932828747102929,0.3174432340490795,0.600449084077559,0.8791035367171016,0.12,0.01,0.7743893466640771,0.4775428836292839,9,10,baixo_baixo,False,0.3726590264350582,0.3029544738167313,0.583897010984993,0.8548700315265177,0.1074380165289256,0.0082644628099173,0.766873951254673,0.4768369513996489,10,11,baixo_baixo,False,-0.02062384827523467,-0.014488760232348186,-0.0075153954094041575,True
19305362000119,0.3783241555763768,0.2747115148391062,0.5714905101143343,0.93846990273803,0.1428571428571428,0.0,0.85502890796303,0.9425128290299144,7,7,baixo_baixo,False,0.1762209466790238,0.1075726922356092,0.2751807197238816,0.7416391406787053,0.0769230769230769,1.503427012513233e-17,0.8500943481242459,0.8973729937214241,13,13,baixo_baixo,False,-0.20210320889735298,-0.16713882260349702,-0.004934559838784103,True
19313140000148,0.5039302642991133,0.4047163171589359,0.6762723212786175,0.9860042979867836,0.183673469387755,0.0204081632653061,0.610778437452327,0.4663249360007601,6,7,hhi_alto,False,0.2498453439757235,0.156076011972689,0.3296322556735416,0.9247789261834783,0.12,0.01,0.637374867355707,0.5882953213751511,9,10,baixo_baixo,False,-0.25408492032338975,-0.2486403051862469,0.02659642990338007,False
19344044000167,0.3692335133155799,0.2791240152178056,0.5801747399633043,0.8552858255835382,0.125,0.0,0.8292553598202378,0.4060703352497573,8,8,baixo_baixo,False,0.3857153199517692,0.3384626522557515,0.586237405469365,0.8786848077510445,0.0755555555555555,0.0044444444444444,0.9391314161950048,0.4241684138194143,14,15,critico,False,0.01648180663618931,0.059338637037945896,0.10987605637476705,False
19459498000183,0.3894808960588001,0.3022638812100572,0.5740261253615027,0.9526208345063828,0.1358024691358024,0.0123456790123456,0.934978877927986,0.4060703352497573,8,9,oculta,True,0.3894808960588001,0.3022638812100572,0.5740261253615027,0.9526208345063828,0.1358024691358024,0.0123456790123456,0.9297758415472164,0.4014183565818778,8,9,critico,False,0.0,0.0,-0.005203036380769577,False
19459687000156,0.2418215547733633,0.090185865728036,0.3735734262874456,0.9044958365726304,0.1666666666666666,3.3306690738754695e-17,0.6499311059681028,0.5005152507520325,6,6,baixo_baixo,False,0.586537346033544,0.534854514287737,0.7595960388732869,0.8979199669080492,0.1111111111111111,0.0,0.8810269143334847,0.4642536497861952,9,9,hhi_alto,False,0.3447157912601807,0.444668648559701,0.2310958083653819,False
19498254000100,0.5182343799682908,0.4744375054199536,0.7021112950849018,0.937283763502224,0.0918367346938775,0.0092764378478664,0.5244716779930132,0.5380097250564096,12,14,hhi_alto,False,0.5019272467752157,0.4687223965602301,0.6881772891330225,0.9408200023977896,0.0692520775623268,0.0072022160664819,0.719112642337565,0.4929392438194152,16,19,hhi_alto,False,-0.016307133193075085,-0.005715108859723483,0.1946409643445518,True
19500817000157,0.1455322443168712,0.1188301269517734,0.262622571256118,0.6764271804907216,0.0729785969084423,0.0440091780618311,0.9392982144172152,0.6064673506703229,33,116,oculta,True,0.1100303199665973,0.0859770853711,0.2197841450361935,0.5660898407639547,0.0887156976917794,0.0640863922239896,0.9360891393883582,0.6060738226326929,38,183,oculta,True,-0.0355019243502739,-0.0328530415806734,-0.0032090750288569225,True
19572240000199,0.3254065919286525,0.2129743572500946,0.5294490547226427,0.8490572068669355,0.1604938271604938,0.0205761316872427,0.957235679057832,0.4060703352497573,7,9,oculta,True,0.3254065919286525,0.2129743572500946,0.5294490547226427,0.8490572068669355,0.1604938271604938,0.0205761316872427,0.9564557500635168,0.4342035843684171,7,9,oculta,True,0.0,0.0,-0.0007799289943152266,True
19620562000166,0.4808303443487521,0.4687566314266301,0.687267820844348,0.8102644984284184,0.0317750182615047,0.0092581582210746,0.899678177060418,0.9005723743574465,44,74,hhi_alto,False,0.3602846002510524,0.346957196089616,0.5831159032253981,0.7905254126410596,0.0299907517505615,0.0097822257453648,0.8848106589206937,0.8911725199770798,49,87,baixo_baixo,False,-0.12054574409769969,-0.1217994353370141,-0.014867518139724312,False
19724762000169,0.3047201492748662,0.1656641791298395,0.4042110164748326,0.9696124038527956,0.1666666666666666,3.3306690738754695e-17,0.9164013213729134,0.8275514574584758,6,6,baixo_baixo,False,0.3047201492748662,0.1656641791298395,0.4042110164748326,0.9696124038527956,0.1666666666666666,3.3306690738754695e-17,0.914547433059054,0.8278644272783265,6,6,baixo_baixo,False,0.0,0.0,-0.0018538883138594642,True
19843891000176,0.2658753918288599,0.1610004478044113,0.4347313849562881,0.8756106860687004,0.1428571428571428,0.0204081632653061,0.7465472227044871,0.4060703352497573,8,14,baixo_baixo,False,0.2514243035550581,0.1682492261722868,0.4223147999087311,0.8506019222012956,0.1141868512110726,0.0157631680123029,0.7354550116947687,0.4137943945280741,10,17,baixo_baixo,False,-0.01445108827380176,0.007248778367875491,-0.011092211009718467,True
19893791000154,0.3706872533934988,0.2658017956257486,0.5628574557364645,0.9514277074549896,0.1428571428571428,0.0,0.7648561469349905,0.8956841368747194,7,7,baixo_baixo,False,0.3000067628764833,0.2000077290016952,0.4173113906038746,0.914471295192128,0.1358024691358024,0.0123456790123456,0.7894647183984813,0.7008555248222332,8,9,baixo_baixo,False,-0.07068049051701547,-0.06579406662405343,0.024608571463490825,True
19958329000198,0.7651560131382281,0.731606872157975,0.8721272491798371,0.9721660588424256,0.125,0.0,0.9142389411877956,0.9725723641010788,8,8,hhi_alto,False,0.7651560131382281,0.731606872157975,0.8721272491798371,0.9721660588424256,0.125,0.0,0.9093257446361904,0.9744652189986908,8,8,hhi_alto,False,0.0,0.0,-0.004913196551605159,True
20067146000161,0.3687023261452486,0.3160941866573526,0.5829486484052353,0.8448975107847772,0.0769230769230769,1.503427012513233e-17,0.7014417449910798,0.4602849126713844,13,13,baixo_baixo,False,0.0844821963073289,0.0597384718832027,0.1466849908723743,0.4876492829834811,0.0269559500328731,0.0006574621959237,0.772622794692384,0.6074636556011045,38,39,baixo_baixo,False,-0.2842201298379197,-0.2563557147741499,0.07118104970130423,True
20080606000191,0.511909589971055,0.4508982887174368,0.6722610442855429,0.9688841700186992,0.1111111111111111,0.0,0.9025624868436782,0.9540068661702416,9,9,hhi_alto,False,0.511909589971055,0.4508982887174368,0.6722610442855429,0.9688841700186992,0.1111111111111111,0.0,0.9065962560298932,0.9649596894661596,9,9,hhi_alto,False,0.0,0.0,0.004033769186215008,True
20260121000180,0.1833072003725959,0.1477988177801001,0.3110789271529134,0.7650675314716942,0.044378698224852,0.0028299459737586,0.8597161945645785,0.4552211342543534,24,26,baixo_baixo,False,0.1819310744235773,0.1578702236713295,0.3099073020957466,0.7621860367381842,0.0299488677867056,0.0014179521333734,0.8505528905728473,0.4518946218992089,35,37,baixo_baixo,False,-0.0013761259490185918,0.010071405891229401,-0.009163303991731153,True
20266755000140,0.1952024877395518,0.1616692580620331,0.3410036640035447,0.7599567807499442,0.2216441207075962,0.1892126257370794,0.8940748314876278,0.7262022322374868,25,124,baixo_baixo,False,0.1725149291778365,0.1449320934837643,0.3149630871391732,0.7199173308039009,0.1792039129701468,0.151844043402485,0.8788394549148953,0.7406628742067658,31,154,baixo_baixo,False,-0.022687558561715282,-0.01673716457826882,-0.01523537657273244,True
20267427000168,0.0947853946145727,0.0755255093936061,0.1868222073256835,0.5368214479801395,0.0224279102883588,0.0016285041242813,0.854178765639016,0.6466370949133337,48,53,baixo_baixo,False,0.0568281577214355,0.0451840609031816,0.1281298928603345,0.3839522661394531,0.0152606310013717,0.0031033548408948,0.8552971389785794,0.6919061653215688,82,108,baixo_baixo,False,-0.037957236893137195,-0.0303414484904245,0.0011183733395634388,True
20273620000101,0.2513313904504138,0.1015976685404965,0.3719831584625006,0.9154427172198666,0.1666666666666666,3.3306690738754695e-17,0.6053401068496578,0.641526351600733,6,6,baixo_baixo,False,0.20520415432416,0.0727381800448533,0.3192095661786824,0.8379251112190413,0.1428571428571428,0.0,0.5648355948942049,0.6060585501834338,7,7,baixo_baixo,False,-0.0461272361262538,-0.028859488495643196,-0.040504511955452904,True
20420399000177,0.2356245079379652,0.0445306349224565,0.3147543392876412,0.9479431726328404,0.2,3.4694469519536136e-17,0.6185111444057891,0.6524101747688642,5,5,baixo_baixo,False,0.2356245079379652,0.0445306349224565,0.3147543392876412,0.9479431726328404,0.2,3.4694469519536136e-17,0.6071612729560122,0.7445971071113963,5,5,baixo_baixo,False,0.0,0.0,-0.01134987144977695,True
20477137000149,0.2783828457194698,0.1340594148633638,0.3518771814054923,0.9200222833489474,0.2189349112426035,0.0627218934911243,0.6563153961667577,0.6846360393557342,6,13,baixo_baixo,False,0.2640320990813237,0.1413707822615443,0.3421958807370284,0.8947094389320096,0.1938775510204081,0.0595238095238095,0.6442177075582234,0.8400990323094188,7,14,baixo_baixo,False,-0.014350746638146117,0.007311367398180474,-0.01209768860853433,True
20516886000138,0.1409029620640692,0.0795388879257884,0.2132368039111435,0.7101871272503557,0.0666666666666666,0.0,0.5403863897650207,0.5728525580811219,15,15,baixo_baixo,False,0.1353747226553659,0.0777330374990569,0.2086551492844035,0.694927884578656,0.0625,0.0,0.5319247909711768,0.575122747391012,16,16,baixo_baixo,False,-0.005528239408703284,-0.001805850426731509,-0.008461598793843894,True
20918579000183,0.5278502030809404,0.4491585702610972,0.7085345845383214,0.935347800527922,0.15625,0.015625,0.862356342209601,0.4070067351553345,7,8,hhi_alto,False,0.5222661479187342,0.4426438392385232,0.704541050931824,0.9300758731489562,0.1604938271604938,0.0205761316872427,0.8552076817804487,0.4023993809517919,7,9,hhi_alto,False,-0.005584055162206281,-0.006514731022573994,-0.007148660429152298,True
20940143000190,0.3719552597471495,0.319618198059412,0.5560599142546715,0.8917240134963303,0.0769230769230769,1.503427012513233e-17,0.5051565229041376,0.4093892509036856,13,13,baixo_baixo,False,0.2226672134014623,0.1794820585904324,0.4039754806920403,0.7933554888568695,0.0526315789473684,0.0,0.4930355699522353,0.5865361543473347,19,19,baixo_baixo,False,-0.14928804634568718,-0.1401361394689796,-0.012120952951902297,True
20955386000100,0.2918178917487914,0.1501814700985497,0.41221866491555,0.959582983616656,0.1666666666666666,3.3306690738754695e-17,0.7818989500077801,0.6672144344567957,6,6,baixo_baixo,False,0.2529141566475714,0.1283998494221666,0.3705138047805925,0.9277334590423304,0.1428571428571428,0.0,0.8339654299425533,0.7349110669643356,7,7,baixo_baixo,False,-0.03890373510122003,-0.021781620676383118,0.0520664799347732,True
20959219000120,0.8752914903115124,0.8441143628893905,0.9347204063807448,0.998604151974945,0.2,3.4694469519536136e-17,0.932637327244669,0.4253090469410273,5,5,critico,False,0.4316818595357838,0.380016574039037,0.6436258280396284,0.8303094094238329,0.0887573964497041,0.0059171597633136,0.8855689431758589,0.5014017196041405,12,13,hhi_alto,False,-0.4436096307757286,-0.46409778885035347,-0.04706838406881009,False
21260443000191,0.1389036389080107,0.0997628952220112,0.2808342351683559,0.6195762663688871,0.0780532598714417,0.0361465898655981,0.8835164562445051,0.7091398236415821,23,33,baixo_baixo,False,0.1304487754061183,0.095666726422363,0.2713476322555072,0.5986469305642854,0.0679012345679012,0.0306172839506172,0.8761366896989061,0.703690959371922,26,36,baixo_baixo,False,-0.008454863501892396,-0.004096168799648206,-0.00737976654559902,True
21337238000187,0.945092817736466,0.9405172192145048,0.9720592459957816,0.9925906319320776,0.0769230769230769,1.503427012513233e-17,0.9878250572180164,0.4086151452221048,13,13,critico,False,0.945092817736466,0.9405172192145048,0.9720592459957816,0.9925906319320776,0.0769230769230769,1.503427012513233e-17,0.987351469912732,0.4039919416948528,13,13,critico,False,0.0,0.0,-0.0004735873052843509,True
21417423000181,0.2237935543790681,0.1683502368347158,0.3957320009918185,0.7867463235438655,0.0703125,0.00390625,0.7772536105216402,0.4527602762478515,15,16,baixo_baixo,False,0.1794009058821437,0.1465769421174294,0.3492262887759654,0.7041255984875054,0.0397805212620027,0.0013717421124828,0.7430263702241148,0.4821018737753438,26,27,baixo_baixo,False,-0.0443926484969244,-0.021773294717286423,-0.03422724029752544,True
21611579000107,0.2231575846225272,0.2003092782878956,0.4598031336670699,0.5765889012367528,0.0285714285714285,0.0,0.6538691787005856,0.4299082790831156,35,35,baixo_baixo,False,0.1842019018939667,0.1627335308911764,0.4011811599750622,0.5979737906781211,0.0256410256410256,0.0,0.6607250909556427,0.4252641614145525,39,39,baixo_baixo,False,-0.03895568272856048,-0.037575747396719206,0.006855912255057106,True
21750924000185,0.1104359843727446,0.0548382333960411,0.1767264509091198,0.5742946420175201,0.1272189349112426,0.0726701183431952,0.5542395574290738,0.5176962674888862,17,26,baixo_baixo,False,0.0982453876497427,0.0507846185786765,0.1861255128576402,0.511121564408013,0.1058263971462544,0.0587646285750046,0.5797686143212055,0.6072325875180977,20,29,baixo_baixo,False,-0.012190596723001906,-0.004053614817364604,0.025529056892131696,True
21857115000177,0.1441449755994271,0.0663399733811932,0.2143847396178234,0.6628458541961446,0.0833333333333333,1.5139404881252137e-17,0.6855097984761903,0.5139449075940993,12,12,baixo_baixo,False,0.1056016044272885,0.049701704703994,0.2089846291805237,0.5747077302464404,0.0588235294117647,0.0,0.6953821636062321,0.4973127681915565,17,17,baixo_baixo,False,-0.0385433711721386,-0.016638268677199197,0.00987236513004175,True
21857271000138,0.1522878398957441,0.1169664998914001,0.28692736605627,0.6610879138948487,0.0433673469387755,0.0035076530612244,0.5354744662727502,0.5925409061883091,25,28,baixo_baixo,False,0.130179217285715,0.0979636327407414,0.2559238549477501,0.6364412009196855,0.0385015608740894,0.0028905075731298,0.5203449560803078,0.5729210173696041,28,31,baixo_baixo,False,-0.022108622610029105,-0.0190028671506587,-0.015129510192442353,True
22040711000122,0.1303843989584727,0.0820724211228323,0.2575500806131752,0.6228604810901132,0.0619834710743801,0.0098714416896235,0.6915939559860041,0.6668845047088428,19,22,baixo_baixo,False,0.1248335263162828,0.0831589323313439,0.2516078177130678,0.6084896809726641,0.0532544378698224,0.0081713158636235,0.7095852868133157,0.807304822551518,22,26,baixo_baixo,False,-0.005550872642189897,0.0010865112085115952,0.017991330827311525,True
22050561000138,0.1391932674913557,0.0853928467095654,0.2385471087319834,0.6601746115697,0.0617283950617283,0.0030864197530864,0.6201649798197323,0.5256959682362485,17,18,baixo_baixo,False,0.1184127738554771,0.0720134461636602,0.2161124979678747,0.5980872506050644,0.0521541950113378,0.0022675736961451,0.5888042967826764,0.5116253912327534,20,21,baixo_baixo,False,-0.020780493635878583,-0.013379400545905196,-0.03136068303705586,True
22224976000180,0.4930288130202583,0.4469405232948273,0.6229127407024828,0.9822234167099372,0.0887573964497041,0.0059171597633136,0.6653595121076801,0.414440732677273,12,13,hhi_alto,False,0.3529087390707451,0.3066879347186555,0.5044011434095679,0.9563912441625482,0.0703125,0.00390625,0.624382264258729,0.4082518786512614,15,16,baixo_baixo,False,-0.1401200739495132,-0.1402525885761718,-0.04097724784895107,False
22228688000102,0.2576413430674669,0.1515901063628193,0.3576315623106692,0.9313465168441027,0.125,0.0,0.8833488543137543,0.5702039408821103,8,8,baixo_baixo,False,0.2504769572968066,0.1567865769589074,0.3953108456776185,0.8927508333006289,0.1111111111111111,0.0,0.8992465044585156,0.5024743523386004,9,9,baixo_baixo,False,-0.007164385770660309,0.005196470596088104,0.0158976501447613,True
22257307000105,0.211022496290188,0.1124003083264616,0.3100117952484415,0.8230509230713526,0.2088888888888889,0.11,0.4854259669471569,0.4297933924997199,9,15,baixo_baixo,False,0.2911852935531384,0.22674759296706,0.4969753793754783,0.8238162061270842,0.154320987654321,0.0774410774410774,0.6435549945902013,0.410317762486852,12,18,baixo_baixo,False,0.08016279726295039,0.11434728464059842,0.15812902764304437,True
22310261000140,0.174745776647133,0.0715889987280246,0.2855239011316017,0.7353538290052978,0.12,0.01,0.891057900932505,0.558765216524701,9,10,baixo_baixo,False,0.1669304879563713,0.1206488483983919,0.2788352685810654,0.7181275599001439,0.055,0.0025,0.8772465908910793,0.5538426245104208,19,20,baixo_baixo,False,-0.007815288690761701,0.049059849670367306,-0.013811310041425773,True
22405608000139,0.4363812547804269,0.3737569497560299,0.6403970423025954,0.893098608660153,0.1,3.0839528461809905e-17,0.8611503570346696,0.4143981266147359,10,10,hhi_alto,False,0.2116731597722247,0.1510326336008574,0.3667384873674977,0.7945115173205375,0.0755555555555555,0.0044444444444444,0.9137000342546026,0.6112735978406294,14,15,baixo_baixo,False,-0.22470809500820219,-0.22272431615517252,0.05254967721993298,False
22604896000150,0.0837099584777249,0.0754550932387855,0.210513628243896,0.4754580812337903,0.0291035694970254,0.0203567548078094,0.5756190143376452,0.4284344986703447,112,344,baixo_baixo,False,0.0595253304400315,0.0522348291256132,0.1698479181740669,0.3959289424249527,0.0292239996017172,0.0216986042497925,0.5688791850797309,0.453752059785881,130,511,baixo_baixo,False,-0.024184628037693404,-0.02322026411317231,-0.006739829257914276,True
22794608000178,0.3200760938320826,0.2445289931467584,0.4386675945298638,0.9467817526187366,0.1,3.0839528461809905e-17,0.9052801304668352,0.4156595796193863,10,10,baixo_baixo,False,0.3200760938320826,0.2445289931467584,0.4386675945298638,0.9467817526187366,0.1,3.0839528461809905e-17,0.9007032059599619,0.4112143746731659,10,10,baixo_baixo,False,0.0,0.0,-0.004576924506873303,True
22859490000119,0.385773703196736,0.1810316042623146,0.5618838992332968,1.0,0.2653061224489796,0.0204081632653061,0.240329890661524,0.4060703352497573,4,7,baixo_baixo,False,0.385773703196736,0.1810316042623146,0.5618838992332968,1.0,0.2653061224489796,0.0204081632653061,0.2296504353749864,0.4014183565818778,4,7,hhi_alto,False,0.0,0.0,-0.010679455286537604,False
22936439000163,0.1377831671334965,0.105849210360663,0.2563078958510225,0.6867372274294308,0.0390625,0.0034722222222222,0.7801049965063174,0.6498605668497326,28,32,baixo_baixo,False,0.1377831671334965,0.105849210360663,0.2563078958510225,0.6867372274294308,0.0390625,0.0034722222222222,0.7728897078477237,0.646530742973461,28,32,baixo_baixo,False,0.0,0.0,-0.007215288658593666,True
22988000000184,0.5045518040043709,0.3806897550054636,0.6504306062603207,0.998159468724074,0.2,3.4694469519536136e-17,0.8929768563473703,0.4120230189295299,5,5,hhi_alto,False,0.4903293479048147,0.4053842392222838,0.6411222587589198,0.983874754709588,0.1428571428571428,0.0,0.8790855018243539,0.4073140920225854,7,7,hhi_alto,False,-0.014222456099556247,0.02469448421682019,-0.013891354523016486,True
23278690000140,0.2911566642233676,0.2616215252326747,0.4948265331214116,0.7948845531545222,0.04,0.0,0.8991415046718975,0.8138633037575779,25,25,baixo_baixo,False,0.2669777540604872,0.2433318751592126,0.4734522329934889,0.7605490843206274,0.03125,0.0,0.8798780790044803,0.8284232429855999,32,32,baixo_baixo,False,-0.02417891016288043,-0.018289650073462088,-0.019263425667417122,True
23283347000194,0.2653636067723661,0.0817045084654576,0.391436464395713,0.9440669080916086,0.2222222222222222,0.0277777777777778,0.925290139758548,0.4060703352497573,5,6,oculta,True,0.1128943855819744,0.0322484206348812,0.198864466854428,0.5718449432075098,0.0887573964497041,0.0059171597633136,0.927517943415772,0.4014183565818779,12,13,oculta,True,-0.1524692211903917,-0.049456087830576395,0.00222780365722397,True
23441261000142,0.2302602870013513,0.037825358751689,0.3017452291632686,0.9290490947643124,0.2,3.4694469519536136e-17,0.5830638503526925,0.5029088390860132,5,5,baixo_baixo,False,0.5774963848903005,0.5070791157053506,0.7507372239539227,0.936759898220052,0.15625,0.015625,0.8929522634856545,0.8513872687215159,7,8,hhi_alto,False,0.34723609788894927,0.46925375695366156,0.309888413132962,False
23535271000147,0.4224535891540968,0.3069443069849162,0.4637981914005807,0.9928476668012048,0.1666666666666666,3.3306690738754695e-17,0.9838382922514058,0.914549938182433,6,6,critico,False,0.4224535891540968,0.3069443069849162,0.4637981914005807,0.9928476668012048,0.1666666666666666,3.3306690738754695e-17,0.9829511306365633,0.9216954431644244,6,6,critico,False,0.0,0.0,-0.0008871616148425909,True
23782816000110,0.9540347729874518,0.944841727584942,0.976613747966556,0.9993662861902084,0.1666666666666666,3.3306690738754695e-17,0.9908321617405508,0.916051084315782,6,6,critico,False,0.9540347729874518,0.944841727584942,0.976613747966556,0.9993662861902084,0.1666666666666666,3.3306690738754695e-17,0.992651805660816,0.9206970874235202,6,6,critico,False,0.0,0.0,0.0018196439202652348,True
23802507000164,0.8774243390374595,0.8529092068449514,0.9353747204505952,0.9945895131730608,0.1666666666666666,3.3306690738754695e-17,0.9697759337672718,0.8963530843043973,6,6,critico,False,0.8774243390374595,0.8529092068449514,0.9353747204505952,0.9945895131730608,0.1666666666666666,3.3306690738754695e-17,0.9694186539456364,0.918191293932169,6,6,critico,False,0.0,0.0,-0.000357279821635359,True
23848604000198,0.5896227971261685,0.5738390585540981,0.7627912560235592,0.8861815597912394,0.1097654748173779,0.075525685387277,0.8196025666273777,0.7992773186740635,27,102,hhi_alto,False,0.557584060138521,0.5428368621431384,0.7416043480551237,0.8615674245316163,0.0989368998628257,0.0689014631915866,0.8028463299787882,0.7975639238334105,31,108,hhi_alto,False,-0.032038736987647476,-0.031002196410959693,-0.016756236648589495,True
23848859000150,0.8340269277401411,0.8276433480378388,0.9127091556352508,0.9548604829835984,0.0589507842076798,0.0227565836002829,0.9103323102132052,0.8553463810731541,27,43,hhi_alto,False,0.7621753278847972,0.7533670066953453,0.871483834165269,0.9462171228197218,0.0637234485630987,0.0290465392506208,0.8857528744787079,0.8380922745303702,28,49,hhi_alto,False,-0.07185159985534384,-0.0742763413424935,-0.02457943573449728,True
23982047000101,0.8006010968749564,0.775676233984326,0.8935233482292572,0.9621544511194378,0.1111111111111111,0.0,0.9315950807426802,0.408703439241151,9,9,critico,False,0.4849027159897836,0.433392987588762,0.6598218933337298,0.9451017330533372,0.1022222222222222,0.0124444444444444,0.920567193248502,0.4052940959029912,11,15,hhi_alto,False,-0.3156983808851728,-0.34228324639556396,-0.011027887494178157,False
24073730000180,0.1842996795257946,0.0936663105842162,0.3406170531360154,0.7038924252497389,0.1288888888888889,0.0320987654320987,0.6870039355215872,0.4060703352497573,10,15,baixo_baixo,False,0.1771285804375639,0.1023220877500697,0.3337094862199393,0.6896177904821423,0.1072664359861591,0.0261088392576282,0.673615843633146,0.4054193958810227,12,17,baixo_baixo,False,-0.007171099088230687,0.008655777165853501,-0.013388091888441256,True
24089583000137,0.2075375800406677,0.0754605100474457,0.3347250384381335,0.8041479386743866,0.1428571428571428,0.0,0.6460478491362238,0.7982232744563751,7,7,baixo_baixo,False,0.2075375800406677,0.0754605100474457,0.3347250384381335,0.8041479386743866,0.1428571428571428,0.0,0.6372631410581758,0.7933783781204105,7,7,baixo_baixo,False,0.0,0.0,-0.008784708078047987,True
24121284000132,0.3176982254913654,0.1471227818642067,0.4655388126820531,0.9670437315522163,0.2,3.4694469519536136e-17,0.5789772792429636,0.6006518708074267,5,5,baixo_baixo,False,0.6611692773370951,0.6046974902266108,0.8068642729726438,0.9643154339419454,0.1428571428571428,0.0,0.9027200421213823,0.922494732430301,7,7,hhi_alto,False,0.3434710518457297,0.4575747083624041,0.32374276287841874,False
24513574000121,0.0372858089216721,0.019121390222081,0.085466530276044,0.288346448827475,0.0216262975778546,0.0031664164000783,0.8812996190704322,0.4666461908333784,54,68,baixo_baixo,False,0.0178297978989099,0.0084757959741376,0.0484628256563705,0.1820338705291145,0.0115940231880463,0.0021806329326944,0.8648948901760719,0.4388349779603373,106,127,baixo_baixo,False,-0.019456011022762204,-0.010645594247943401,-0.016404728894360288,True
24767074000116,0.320304086466539,0.1503801080831737,0.5023314963967783,0.9168079694785928,0.2,3.4694469519536136e-17,0.6349572627308395,0.989339088988392,5,5,baixo_baixo,False,0.937631574866294,0.9313947323529236,0.9682244541881636,0.9895286854607594,0.1005917159763313,0.0106508875739645,0.8619619288945776,0.9485064477574606,11,13,hhi_alto,False,0.617327488399755,0.7810146242697499,0.22700466616373804,False
24810277000148,0.1460924751500306,0.1302793728379942,0.3294053894591942,0.6367157942017541,0.0187750076946752,0.0006041745038359,0.8804611142480768,0.7845761362771047,55,57,baixo_baixo,False,0.1405619964983951,0.1252148892930093,0.3228830011214885,0.6241085090648818,0.0180982476299913,0.0005642877662412,0.8763239710404318,0.7811597289500655,57,59,baixo_baixo,False,-0.005530478651635501,-0.005064483544984899,-0.004137143207645022,True
24811911000167,0.388506058860515,0.2356325735756437,0.5338691159586682,0.9899540757749712,0.2,3.4694469519536136e-17,0.6244614156186085,0.5087237339655901,5,5,baixo_baixo,False,0.3857355568424253,0.2321694460530315,0.5318882748661343,0.9899913496664976,0.2222222222222222,0.0277777777777778,0.6300598291849356,0.6286160947405363,5,6,hhi_alto,False,-0.0027705020180897044,-0.003463127522612214,0.005598413566327176,False
24996845000147,0.5625679044156319,0.5228013502715985,0.7243383613990342,0.9499004865177006,0.0918367346938775,0.0092764378478664,0.9357043332790728,0.4164535092043942,12,14,critico,False,0.5549043367182007,0.5178130314447175,0.7193571472194252,0.943368100515777,0.0844444444444444,0.0081481481481481,0.927456760916735,0.4121826253972633,13,15,critico,False,-0.007663567697431151,-0.004988318826881,-0.008247572362337752,True
25107871000130,0.0925195987582964,0.0276995700981747,0.2146174797020445,0.4321327444261426,0.0666666666666666,0.0,0.7914030813630553,0.4234065986455724,15,15,baixo_baixo,False,0.0861367080603248,0.0353665251747873,0.1734308262531572,0.4824099121630253,0.0526315789473684,0.0,0.8163462868774731,0.5115567240256383,19,19,baixo_baixo,False,-0.006382890697971613,0.007666955076612598,0.024943205514417865,True
25141524000123,0.071731297654204,0.047303173908262,0.1696300984651838,0.4189299274869296,0.0275824770146024,0.0019925421991972,0.906563461142399,0.8692056439470099,39,43,baixo_baixo,False,0.0717292530565151,0.0479274390323232,0.1696276806764914,0.4189239563529696,0.0268595041322314,0.0019071837253655,0.9122650698009368,0.8830625697851822,40,44,baixo_baixo,False,-2.044597688891092e-06,0.0006242651240612046,0.005701608658537749,True
25269069000146,0.438484117761407,0.2513121570152094,0.5984459686572713,1.0000000000000002,0.28,0.04,0.8323416555689798,0.8404159365167139,4,5,hhi_alto,False,0.4629274777195266,0.4216142067748748,0.6617469811590839,0.9169291344713972,0.0795847750865051,0.0087836039393132,0.8779529221626315,0.9264815231407808,14,17,hhi_alto,False,0.02444335995811958,0.1703020497596654,0.04561126659365178,True
25769548000121,0.1600217746489516,0.1514505682678184,0.3489376905254708,0.6308559738031855,0.0162089527168892,0.0061702685609391,0.9765975465485608,0.7680234991866015,99,189,oculta,True,0.1490300197560257,0.142111564632091,0.3324636327734256,0.6209408140607164,0.0138888888888888,0.0058717253839205,0.9747690062946084,0.7721687779396258,124,228,oculta,True,-0.010991754892925892,-0.0093390036357274,-0.0018285402539524043,True
25838855000117,0.4023378758977807,0.3525326988892625,0.6102737777973183,0.8797896642285922,0.0933333333333333,0.0177777777777777,0.93510291012849,0.4082497160424433,13,15,oculta,True,0.3117537421347068,0.2625932951443287,0.4453062460295443,0.8653337973614609,0.0925925925925925,0.0277777777777777,0.95217008331139,0.4025683169332834,15,18,oculta,True,-0.09058413376307389,-0.08993940374493375,0.017067173182899964,True
25947276000102,0.539398603205298,0.4882206702281089,0.7170899346835384,0.9612471460154016,0.1,3.0839528461809905e-17,0.8051460001782039,0.4863457846471628,10,10,hhi_alto,False,0.539398603205298,0.4882206702281089,0.7170899346835384,0.9612471460154016,0.1,3.0839528461809905e-17,0.7998532750544025,0.4818986286002029,10,10,hhi_alto,False,0.0,0.0,-0.005292725123801412,True
26063838000118,0.0473645650828569,0.0266550991063972,0.1566747477662196,0.3169756783738209,0.0231399074403702,0.0019038184716826,0.509317857497576,0.4150825229860583,47,53,baixo_baixo,False,0.0630491285140515,0.0431140035888185,0.1768714427685777,0.4033312064006366,0.0235969387755102,0.0028224055579678,0.5518553611797891,0.4087465871244499,48,56,baixo_baixo,False,0.015684563431194606,0.016458904482421297,0.042537503682213096,True
26141515000103,0.6761027344327444,0.6437130078760188,0.8173528361572339,0.9510477035668992,0.0909090909090909,0.0,0.7561019447698405,0.7770007121752905,11,11,hhi_alto,False,0.6674309443915781,0.6418487093447764,0.8120852181659847,0.9449184583104706,0.0714285714285714,0.0,0.7445422381566501,0.7687177135498127,14,14,hhi_alto,False,-0.00867179004116625,-0.0018642985312423699,-0.01155970661319039,True
26938926000116,0.4381280677794578,0.4273228383136782,0.5756442021993126,0.9768896947554264,0.0223725286160249,0.0035720003201793,0.9824987628953656,0.576155894106818,53,62,critico,False,0.4345003936158407,0.4249156545245838,0.5732528673029142,0.9728315101892042,0.0195918367346938,0.0029747492217225,0.979598713631862,0.572333392325617,60,70,critico,False,-0.0036276741636170895,-0.0024071837890943804,-0.0029000492635036235,True
27108141000189,0.5409853744292261,0.5168267099255012,0.7222088838342141,0.9428067515673176,0.0521541950113378,0.0022675736961451,0.950762528864703,0.8228416133355775,20,21,critico,False,0.4037935211112159,0.388506175498683,0.6190128235234167,0.8301958623915439,0.0265008112493239,0.0015392935890502,0.9317601556081516,0.8038214420600589,40,43,critico,False,-0.1371918533180102,-0.12832053442681818,-0.019002373256551408,True
27142702001138,0.0330536457586072,0.0186216106206759,0.0797625493077577,0.2581406141232887,0.0186148687709561,0.0039673294988808,0.5904768963099658,0.4345897928180626,68,93,baixo_baixo,False,0.0328293602512097,0.0186062626078451,0.0794744092402246,0.2572080880865452,0.0184461805555555,0.0040115655637254,0.576379778959542,0.4297391410626789,69,96,baixo_baixo,False,-0.0002242855073974967,-1.5348012830800756e-05,-0.014097117350423849,True
27142702001480,0.8713437359060422,0.8499010252237158,0.9329995108929487,0.9786983293208374,0.1428571428571428,0.0,0.7100060949013334,0.4239562059739568,7,7,hhi_alto,False,0.8713437359060422,0.8499010252237158,0.9329995108929487,0.9786983293208374,0.1428571428571428,0.0,0.7078627093559309,0.4280557420139249,7,7,hhi_alto,False,0.0,0.0,-0.0021433855454024986,True
27562511000153,0.3052195050614508,0.2059651486416581,0.5074837643961514,0.8097844612649111,0.1358024691358024,0.0123456790123456,0.91539257239306,0.889097691995847,8,9,baixo_baixo,False,0.2749236290673436,0.194359587852604,0.4794716280776357,0.7650859027907112,0.1074380165289256,0.0082644628099173,0.8921844174780914,0.8639582110639535,10,11,baixo_baixo,False,-0.030295875994107213,-0.011605560789054115,-0.023208154914968637,True
27611852000171,0.0649015282946829,0.0436492903013802,0.1624040204092756,0.4203269154495231,0.0371191135734072,0.0152354570637119,0.8994975478073894,0.9977385309358976,45,95,baixo_baixo,False,0.049689539636454,0.0341106796304942,0.1325739978084332,0.3575553353286927,0.0318394446959408,0.0159679601827595,0.8829389476333601,0.9956121972737386,62,141,baixo_baixo,False,-0.015211988658228905,-0.009538610670885996,-0.016558600174029325,True
27780220000131,0.2064385592961972,0.1703675847187516,0.334985885821532,0.7996205207639557,0.0451388888888888,0.0017361111111111,0.9116800985960388,0.5650652868847585,23,24,baixo_baixo,False,0.2064385592961972,0.1703675847187516,0.334985885821532,0.7996205207639557,0.0451388888888888,0.0017361111111111,0.9078254966665712,0.5662661156858783,23,24,baixo_baixo,False,0.0,0.0,-0.003854601929467627,True
27834977000160,0.4331405089604694,0.3997958330169677,0.4792334115564106,0.9683124102899162,0.0581717451523545,0.002770083102493,0.9593030681893232,0.423475258367183,18,19,critico,False,0.4310656418481464,0.3994581775063767,0.478080994286774,0.9659838999709104,0.055,0.0025,0.9538784310641572,0.4207238857812469,19,20,critico,False,-0.00207486711232302,-0.0003376555105910062,-0.005424637125166054,True
27998368000147,0.6425461663633943,0.5710553996360732,0.7954165036484251,0.9454008552329892,0.1666666666666666,3.3306690738754695e-17,0.8979587389385365,0.7670455841988448,6,6,hhi_alto,False,0.6425461663633943,0.5710553996360732,0.7954165036484251,0.9454008552329892,0.1666666666666666,3.3306690738754695e-17,0.8922255461845154,0.7611785932865371,6,6,hhi_alto,False,0.0,0.0,-0.005733192754021066,True
28052214000120,0.6102717939399326,0.5669686599332584,0.77245689877951,0.9589475524103162,0.1,3.0839528461809905e-17,0.624239155484971,0.452319963916631,10,10,hhi_alto,False,0.6102717939399326,0.5669686599332584,0.77245689877951,0.9589475524103162,0.1,3.0839528461809905e-17,0.6425589112121067,0.4916213524114459,10,10,hhi_alto,False,0.0,0.0,0.018319755727135734,True
28164691000188,0.1965009689069458,0.1429343668340755,0.3751439432466005,0.7116390134345136,0.0866666666666666,0.0257777777777777,0.9865272006939394,0.514408013132228,16,30,oculta,True,0.3137590279180436,0.2756345294690461,0.5337906699936462,0.7751328995493021,0.0857142857142857,0.0349206349206349,0.9882284924155856,0.7597001732549924,19,35,oculta,True,0.11725805901109781,0.1327001626349706,0.0017012917216462364,True
28199862000104,0.3988678644949734,0.3320754049944149,0.605199270210576,0.8991873927679258,0.1,3.0839528461809905e-17,0.7837612032325387,0.6095020335031134,10,10,baixo_baixo,False,0.3218951847860345,0.2602492924938559,0.5360599075327682,0.818621039256122,0.0833333333333333,1.5139404881252137e-17,0.7776147480218618,0.6453884416698221,12,12,baixo_baixo,False,-0.0769726797089389,-0.07182611250055898,-0.0061464552106769155,True
28543098000142,0.7057344862389365,0.6730383180432629,0.834378463412885,0.970331907530768,0.1074380165289256,0.0082644628099173,0.8459145752432322,0.4211327324099395,10,11,hhi_alto,False,0.7005298755427388,0.6672554172697098,0.8312144695630648,0.9666523732159036,0.1111111111111111,0.0123456790123456,0.8446129760410697,0.427969284279843,10,12,hhi_alto,False,-0.005204610696197709,-0.005782900773553035,-0.001301599202162551,True
28550176000136,0.0694767003831893,0.0177809615155887,0.1466009756220181,0.3696027625685218,0.0591715976331361,0.0069033530571992,0.6502811334087745,0.4060703352497573,19,26,baixo_baixo,False,0.0653101978899888,0.0161159977789356,0.1206379106971176,0.3790929569237439,0.0613943808532778,0.0119940851087134,0.6637184404426381,0.4014183565818778,20,31,baixo_baixo,False,-0.004166502493200497,-0.0016649637366531016,0.013437307033863588,True
28553049000190,0.2840651433851281,0.2124716577236409,0.4677010616486767,0.8965698897286216,0.0909090909090909,0.0,0.9853706373841622,0.409395628747967,11,11,oculta,True,0.2778572044710465,0.2122078594229598,0.4624576477466504,0.8865184115314808,0.0833333333333333,1.5139404881252137e-17,0.9829726154714572,0.404695302915506,12,12,oculta,True,-0.006207938914081612,-0.00026379830068110066,-0.002398021912704995,True
28725566000108,0.2731278232427654,0.2004406055670419,0.4344131603318725,0.883147633641719,0.0909090909090909,0.0,0.8209904884104663,0.4397425775233979,11,11,baixo_baixo,False,0.1523817094510471,0.0958738234144503,0.2716948323642884,0.6779831047613474,0.0625,0.0,0.8366326202987868,0.4162398061478403,16,16,baixo_baixo,False,-0.12074611379171832,-0.1045667821525916,0.015642131888320532,True
28841729000100,0.1811420840793562,0.1329739713781418,0.3070833993549173,0.7748199034249862,0.0555555555555555,0.0,0.8708508925600058,0.4174870005863786,18,18,baixo_baixo,False,0.1811420840793562,0.1329739713781418,0.3070833993549173,0.7748199034249862,0.0555555555555555,0.0,0.864444744599386,0.4128169421038854,18,18,baixo_baixo,False,0.0,0.0,-0.006406147960619779,True
28842189000189,0.4287664527592602,0.3573622593541677,0.5846507646263057,0.9434827829502366,0.1111111111111111,0.0,0.9052932163349204,0.4378744778377505,9,9,hhi_alto,False,0.3872454814453527,0.3191616460503918,0.5535937657340607,0.914479001401972,0.1,3.0839528461809905e-17,0.8944892022160699,0.4480852912895461,10,10,hhi_alto,False,-0.04152097131390747,-0.03820061330377589,-0.010804014118850569,True
28842205000133,0.2618394989572523,0.1142073987487028,0.431271976676524,0.8724101623634769,0.1666666666666666,3.3306690738754695e-17,0.7281702157508345,0.4060703352497573,6,6,baixo_baixo,False,0.2527267828262349,0.1459734660871256,0.3383564893812401,0.885160365168933,0.14,0.0171428571428571,0.8418183296605164,0.4116258620209482,8,10,baixo_baixo,False,-0.009112716131017384,0.03176606733842281,0.11364811390968188,True
28983143000180,0.3674066983170702,0.2092583728963377,0.4885204772304749,0.9871396855765936,0.2,3.4694469519536136e-17,0.6553618150621178,0.6398796673579485,5,5,baixo_baixo,False,0.4619308785611933,0.3722526916547255,0.6556171409860203,0.9481941446835364,0.15625,0.015625,0.7998226980483192,0.4633381276746283,7,8,hhi_alto,False,0.09452418024412312,0.16299431875838782,0.1444608829862014,False
28997560000181,0.2846936221259524,0.2296700545971794,0.439289372568145,0.8384142110016295,0.1074380165289255,0.0387794024157659,0.919915353202206,0.6438924657627279,14,22,baixo_baixo,False,0.239746037476268,0.1854421830102871,0.3968201668499848,0.7865237969932017,0.1041666666666666,0.0401785714285713,0.9133604358633292,0.6610226295447527,15,24,baixo_baixo,False,-0.0449475846496844,-0.044227871586892314,-0.006554917338876809,True
29063294000182,0.3342592880835547,0.2787808954238509,0.4574463262524056,0.9106773401182268,0.0769230769230769,1.503427012513233e-17,0.9527907148463322,0.4111327834718358,13,13,oculta,True,0.2021164393870784,0.1522487168487707,0.2999389165260168,0.835642497166125,0.0588235294117647,0.0,0.9547949633449686,0.6066646652125699,17,17,oculta,True,-0.1321428486964763,-0.12653217857508023,0.0020042484986364517,True
29112760000172,0.3763110380495288,0.3548045221202022,0.5617942958943349,0.9332450394825388,0.0541344437834622,0.0215183901208229,0.9555980224836772,0.5996549659397215,30,41,oculta,True,0.245938645257943,0.2260949253963099,0.437668747556212,0.7986295219225683,0.0426446280991735,0.0174510656807307,0.9420499680204786,0.5621500489611375,39,55,oculta,True,-0.1303723927915858,-0.1287095967238923,-0.013548054463198622,True
29355454000167,0.2945678566633815,0.2725231021841122,0.4908930352531691,0.8123421057608149,0.0343316289262235,0.004154492330168,0.9047737934066522,0.6751993433701104,33,37,baixo_baixo,False,0.2813643120195038,0.2614022095756012,0.4795562125100756,0.7935816471712728,0.0303390838786436,0.0034040584308282,0.897172264106986,0.6770506448075098,37,41,baixo_baixo,False,-0.013203544643877685,-0.011120892608511013,-0.0076015292996661765,True
29578965000148,0.2524217067456877,0.0655271334321096,0.2825744352082722,0.999999529042608,0.2,3.4694469519536136e-17,0.6933758381929898,0.5257590620868002,5,5,baixo_baixo,False,0.2524217067456877,0.0655271334321096,0.2825744352082722,0.999999529042608,0.2,3.4694469519536136e-17,0.6830184575527872,0.5207042212585637,5,5,baixo_baixo,False,0.0,0.0,-0.01035738064020253,True
29937718000190,0.1051248541597194,0.0625117519768489,0.2293389442307165,0.5337270042333976,0.0507544581618655,0.0055522895029067,0.3485518647084183,0.4890743052620618,22,27,baixo_baixo,False,0.066466552864998,0.0412359191586466,0.1431721513001017,0.4014487114907075,0.0303819444444444,0.004176051051051,0.4796800266183465,0.4715349629798289,38,48,baixo_baixo,False,-0.03865830129472139,-0.0212758328182023,0.1311281619099282,True
29957183000110,0.1111111111111111,0.0,0.1111111111111111,0.4444444444444444,0.1111111111111111,0.0,0.0252246198262774,0.4564946862789019,9,9,baixo_baixo,False,0.1111111111111111,0.0,0.1111111111111111,0.4444444444444444,0.1111111111111111,0.0,0.0244174839474335,0.4516729834980919,9,9,baixo_baixo,False,0.0,0.0,-0.0008071358788439009,True
30024283000172,0.2514867806601233,0.101784136792148,0.3873123720040307,0.9292200970297584,0.1666666666666666,3.3306690738754695e-17,0.9270546290979772,0.4060703352497573,6,6,oculta,True,0.2514867806601233,0.101784136792148,0.3873123720040307,0.9292200970297584,0.1666666666666666,3.3306690738754695e-17,0.9217677792046488,0.4014183565818778,6,6,baixo_baixo,False,0.0,0.0,-0.005286849893328394,False
30078127000194,0.2885969211566728,0.1463163053880073,0.439376503818391,0.9345468493914983,0.183673469387755,0.0204081632653061,0.6446094619974505,0.4060703352497573,6,7,baixo_baixo,False,0.2885969211566728,0.1463163053880073,0.439376503818391,0.9345468493914983,0.183673469387755,0.0204081632653061,0.631908965350874,0.4014183565818778,6,7,baixo_baixo,False,0.0,0.0,-0.012700496646576465,True
30391653000100,0.2483202807741409,0.0979843369289691,0.2888940268831163,0.967960751631014,0.1666666666666666,3.3306690738754695e-17,0.976605965007866,0.5790372175727808,6,6,oculta,True,0.2112537677174432,0.1126604886821237,0.2587057088253045,0.8668125646886162,0.12,0.01,0.9700578683895938,0.608425375427692,9,10,oculta,True,-0.0370665130566977,0.014676151753154593,-0.006548096618272159,True
30499841000156,0.2597285393199414,0.1980392509299365,0.459451037277245,0.7598279039982136,0.0769230769230769,1.503427012513233e-17,0.913701831955071,0.4060703352497573,13,13,baixo_baixo,False,0.2597285393199414,0.1980392509299365,0.459451037277245,0.7598279039982136,0.0769230769230769,1.503427012513233e-17,0.9078984687324662,0.4014183565818778,13,13,baixo_baixo,False,0.0,0.0,-0.005803363222604885,True
30543746000102,0.5268475726443008,0.432217087173161,0.7128543650617627,0.917709334294462,0.1666666666666666,3.3306690738754695e-17,0.8905832826672686,0.7919314357884901,6,6,hhi_alto,False,0.5268475726443008,0.432217087173161,0.7128543650617627,0.917709334294462,0.1666666666666666,3.3306690738754695e-17,0.8867742820119366,0.7903505617371908,6,6,hhi_alto,False,0.0,0.0,-0.003809000655331962,True
30613786000183,0.2150746123659178,0.1278606804065754,0.3882613496137332,0.7479491236619554,0.1,3.0839528461809905e-17,0.7612857153648883,0.6443853991031235,10,10,baixo_baixo,False,0.6066300796567208,0.5672930876223928,0.7716303233677355,0.923553271835148,0.0909090909090909,0.0,0.9320438289825738,0.8062001861502183,11,11,critico,False,0.391555467290803,0.43943240721581744,0.17075811361768545,False
30629684000156,0.4486140801131598,0.3383368961357918,0.6502602183957197,0.8886251360193016,0.1666666666666666,3.3306690738754695e-17,0.7934989806734116,0.4060703352497573,6,6,hhi_alto,False,0.4486140801131598,0.3383368961357918,0.6502602183957197,0.8886251360193016,0.1666666666666666,3.3306690738754695e-17,0.7858932284063505,0.4014183565818778,6,6,hhi_alto,False,0.0,0.0,-0.007605752267061172,True
30649011000168,0.2440869021321661,0.1684955923453827,0.4574016586433916,0.7011142604340067,0.0909090909090909,0.0,0.8481426040926028,0.9867308209538354,11,11,baixo_baixo,False,0.2139197743682739,0.1353117518051012,0.3757036745051181,0.7509515773395252,0.0972222222222222,0.0069444444444444,0.884749767444861,0.9890045759116488,11,12,baixo_baixo,False,-0.030167127763892215,-0.033183840540281506,0.03660716335225822,True
30695182000123,0.2714306873457232,0.089288359182154,0.3844458738807586,0.9656975928245812,0.22,0.025,0.6699608421007707,0.59910679625666,5,10,baixo_baixo,False,0.2875659433543475,0.198511686273641,0.4192746204551237,0.9451912410764184,0.1377777777777778,0.03,0.7013767283024692,0.5477879480871509,9,15,baixo_baixo,False,0.01613525600862431,0.109223327091487,0.03141588620169855,True
30704185000186,0.5372250553215795,0.4600958978751761,0.7100952584347499,0.9491086575023888,0.1428571428571428,0.0,0.9612669587832272,0.4189476512609064,7,7,critico,False,0.5287523184484068,0.4698463582544576,0.7044523249052747,0.941566349617752,0.1111111111111111,0.0,0.9581728785601004,0.4355340884816923,9,9,critico,False,-0.008472736873172737,0.009750460379281511,-0.0030940802231268494,True
30746268000138,0.2209387265719133,0.1096442589393295,0.409313075927768,0.7252188088874043,0.125,0.0,0.7163884191691967,0.4811746834089968,8,8,baixo_baixo,False,0.1857809662581121,0.0953121847312357,0.3707447357059802,0.6568836214688009,0.1,3.0839528461809905e-17,0.6909789558578703,0.5084599212460293,10,10,baixo_baixo,False,-0.03515776031380119,-0.014332074208093792,-0.02540946331132643,True
30747548000160,0.2092184410107335,0.1894489020360018,0.4021024795210287,0.7031596148685417,0.0313128411376041,0.0070956621660442,0.89432008809054,0.983431364972628,41,59,baixo_baixo,False,0.1577921729849882,0.1430165970724441,0.283894998628053,0.7261109135127686,0.0251826220684352,0.0080805628064779,0.9181491561947086,0.7924213695242968,58,102,baixo_baixo,False,-0.05142626802574529,-0.046432304963557686,0.023829068104168627,True
30753960000193,0.1875421544413873,0.1661616848214238,0.3506468131106041,0.7509845089554532,0.0337359433569346,0.0083079418663276,0.8070723879214726,0.5726841053761975,39,49,baixo_baixo,False,0.144082336126335,0.126250718128967,0.273965506572113,0.669422334293481,0.0289256198347107,0.0086949035812672,0.8249287114097452,0.6174831087121402,49,66,baixo_baixo,False,-0.0434598183150523,-0.039910966692456806,0.017856323488272596,True
30753994000188,0.1912099899638458,0.1372906559614355,0.2659915695981881,0.7976268998471023,0.074074074074074,0.0123456790123456,0.9648213700265796,0.5267824057356669,16,18,oculta,True,0.1522520442022804,0.1023845173906499,0.2295326173637484,0.6882977166464485,0.0657596371882086,0.0108043217286914,0.963637883137048,0.6308058300746295,18,21,oculta,True,-0.038957945761565416,-0.0349061385707856,-0.0011834868895316264,True
30755320000112,0.2451394860118811,0.1507819217633662,0.4004635110582688,0.8586534158869584,0.1111111111111111,0.0,0.8216347587567749,0.4060703352497573,9,9,baixo_baixo,False,0.2451394860118811,0.1507819217633662,0.4004635110582688,0.8586534158869584,0.1111111111111111,0.0,0.8140780301631373,0.4014183565818778,9,9,baixo_baixo,False,0.0,0.0,-0.007556728593637652,True
30773502000116,0.2202039335991942,0.1902117771991632,0.3954401352238458,0.7329709601418777,0.0466666666666666,0.01,0.8768793743418253,0.7792834322659066,27,30,baixo_baixo,False,0.1951932285164349,0.1674412708790706,0.3704987375794424,0.6867406497856708,0.0413223140495867,0.0082644628099173,0.861763533893353,0.7580295462085951,30,33,baixo_baixo,False,-0.02501070508275932,-0.022770506320092615,-0.01511584044847225,True
30784957000137,0.2408890945236532,0.1987162664416339,0.4233060238495968,0.8235773989415388,0.0526315789473684,0.0,0.9291830161983938,0.7869187662189522,19,19,oculta,True,0.2402399284025072,0.2002525562131655,0.4227336519611527,0.822463801391414,0.05,1.460819769243627e-17,0.9294705969859642,0.7935643208018485,20,20,oculta,True,-0.0006491661211459887,0.0015362897715316126,0.0002875807875704073,True
30899445000116,0.7069481950271425,0.6581062275316661,0.8317314168623227,0.9841452737059082,0.1604938271604938,0.0205761316872427,0.9674082070262804,0.4060703352497573,7,9,critico,False,0.3957243137680368,0.340790160474222,0.5863045776403975,0.9393561430560348,0.0918367346938775,0.0092764378478664,0.9564734118278364,0.4955837790987378,12,14,critico,False,-0.31122388125910566,-0.31731606705744414,-0.01093479519844398,True
30985841000166,0.5554493036663625,0.5060547818515139,0.7347299964935734,0.9251085417314964,0.1074380165289256,0.0082644628099173,0.8955116759089171,0.4060703352497574,10,11,hhi_alto,False,0.5258618570681609,0.4863503451571743,0.7146947854834151,0.8998819347747292,0.0816326530612245,0.0051020408163265,0.8799091971435082,0.4085304265381383,13,14,hhi_alto,False,-0.02958744659820156,-0.019704436694339578,-0.015602478765408878,True
31010615000122,0.3135104985748613,0.1418881232185766,0.4853761236814966,0.9102761213415654,0.2244897959183673,0.0306122448979591,0.9155353885573716,0.4060703352497573,5,7,baixo_baixo,False,0.2973092497473966,0.180194124705296,0.4723771330206401,0.8858977676838476,0.1604938271604938,0.0205761316872427,0.8997096907452061,0.451794848885075,7,9,baixo_baixo,False,-0.01620124882746471,0.03830600148671939,-0.015825697812165473,True
31030781000190,0.170337688761652,0.051814501441888,0.2244986139468656,0.7509697946121733,0.125,0.0,0.852852439626011,0.4060703352497573,8,8,baixo_baixo,False,0.170337688761652,0.051814501441888,0.2244986139468656,0.7509697946121733,0.125,0.0,0.8465624534140845,0.4014183565818778,8,8,baixo_baixo,False,0.0,0.0,-0.006289986211926446,True
31030892000105,0.0797254666796618,0.0588101363769269,0.1821057717537934,0.4542435904333791,0.064835646457268,0.0435819111494787,0.8719548391073046,0.9337543215078722,45,185,baixo_baixo,False,0.0751682532741398,0.0559009252173511,0.1683439552430231,0.4568210024339769,0.0595585172844648,0.0399659863945578,0.8767065056825513,0.9381851010128456,49,196,baixo_baixo,False,-0.004557213405521995,-0.002909211159575799,0.004751666575246616,True
31178434000100,0.2764168234258567,0.0955210292823208,0.3549896402367256,0.9916569562369608,0.2,3.4694469519536136e-17,0.7842123069572904,0.4663563610201773,5,5,baixo_baixo,False,0.2764168234258567,0.0955210292823208,0.3549896402367256,0.9916569562369608,0.2,3.4694469519536136e-17,0.7751744322749691,0.4615014646738912,5,5,baixo_baixo,False,0.0,0.0,-0.009037874682321312,True
31294097000116,0.1685189398831493,0.0992288515400784,0.3103433229598802,0.7271735265265484,0.0859375,0.0097656249999999,0.814204220487422,0.622454215887079,13,16,baixo_baixo,False,0.1638476146264833,0.099528200366982,0.3058126652233234,0.7165576243303773,0.0795847750865051,0.0087836039393132,0.8128595858826433,0.7309535173595241,14,17,baixo_baixo,False,-0.004671325256665998,0.0002993488269035921,-0.0013446346047787383,True
31417180000135,0.3294781805785577,0.1059709074380769,0.4818371802711977,1.0,0.4814814814814814,0.3086419753086419,0.2176752596490892,0.4673095338483,4,9,baixo_baixo,False,0.2893779132035863,0.1472534958443035,0.4318791307853645,0.943772621641578,0.3061224489795919,0.1673469387755103,0.2040589376978491,0.4675402267046455,6,14,baixo_baixo,False,-0.04010026737497141,0.0412825884062266,-0.013616321951240101,True
31442430000197,0.2943362219489376,0.1935271107987858,0.3765664364355037,0.94438384332331,0.14,0.0171428571428571,0.9546056348008084,0.7352863616504557,8,10,oculta,True,0.2943362219489376,0.1935271107987858,0.3765664364355037,0.94438384332331,0.14,0.0171428571428571,0.9508444021501544,0.7331922003786746,8,10,oculta,True,0.0,0.0,-0.0037612326506539784,True
31724255000120,0.077867075332417,0.0359519423929814,0.1106894655168617,0.4129058735746048,0.0473372781065088,0.0040344271113502,0.6768159509516216,0.6647126869145619,23,26,baixo_baixo,False,0.0689780950775965,0.0331695602728886,0.1029343518550733,0.3839769057976006,0.0405827263267429,0.0036820619546946,0.6455572831344623,0.6433732472095948,27,31,baixo_baixo,False,-0.008888980254820503,-0.0027823821200927967,-0.03125866781715936,True
32001836000105,0.0912115695028902,0.0705572869915922,0.2151097475526374,0.5161417663136365,0.0363636363636363,0.0144628099173553,0.8617015311688888,0.4147663186564103,45,110,baixo_baixo,False,0.0831494973114049,0.0651720364743737,0.204137781135543,0.4898152507052852,0.0357666015625,0.0168600643382352,0.8547541115090327,0.477410169942718,52,128,baixo_baixo,False,-0.00806207219148529,-0.005385250517218498,-0.006947419659856124,True
32370759000152,0.085435559102182,0.0678477813926086,0.160850011241003,0.5281055143352253,0.0204081632653061,0.0015698587127158,0.8190364572345973,0.5694015473912716,53,56,baixo_baixo,False,0.2711013554827988,0.2597123141622176,0.4707209759722495,0.7549086783374387,0.0170132325141776,0.0016540642722117,0.9355119194941004,0.469212208047318,65,69,oculta,True,0.1856657963806168,0.19186453276960896,0.11647546225950312,False
32402447000183,0.2877947489351288,0.1690938737576502,0.3763039502032041,0.9153354122542812,0.1428571428571428,0.0,0.6013207544003363,0.6256246595424375,7,7,baixo_baixo,False,0.2853353394299633,0.183240387919958,0.374680386276555,0.9113861963204116,0.125,0.0,0.5873073353636635,0.6194719612226052,8,8,baixo_baixo,False,-0.0024594095051654885,0.014146514162307805,-0.014013419036672747,True
32467800000103,0.3618460846095787,0.042769126914368,0.4474803500191298,1.0,0.3888888888888889,0.0833333333333333,0.7610543743702476,0.980305250713762,3,6,baixo_baixo,False,0.3618460846095787,0.042769126914368,0.4474803500191298,1.0,0.3888888888888889,0.0833333333333333,0.7530474435334172,0.9820094835636756,3,6,baixo_baixo,False,0.0,0.0,-0.00800693083683035,True
32504706000187,0.0786323390714892,0.070620446367763,0.2236320043148435,0.4426095324467646,0.0109454529075266,0.0023449785849834,0.8129947073993913,0.6280549395108257,116,149,baixo_baixo,False,0.0759148186346559,0.0684625187849354,0.219574667862232,0.4345793053074446,0.0102233710119208,0.0022413014233072,0.8119606503529997,0.6622383851816147,125,161,baixo_baixo,False,-0.002717520436833293,-0.0021579275828276095,-0.00103405704639159,True
32531313000162,0.2124515644852639,0.1408562521657425,0.3365393057954005,0.8640666518079305,0.0887573964497041,0.0059171597633136,0.9517112590711372,0.5015726281093935,12,13,oculta,True,0.2059716532995205,0.1492553428209148,0.3254292208811334,0.8523370995192817,0.0726643598615916,0.0064260998517053,0.9447436830833584,0.6107271605033401,15,17,oculta,True,-0.006479911185743398,0.008399090655172303,-0.006967575987778751,True
32538167000105,0.4573118554288259,0.2764158072384346,0.4894303863376028,1.0,0.28,0.04,0.5298005129793316,0.4248937659705402,4,5,hhi_alto,False,0.4573118554288259,0.2764158072384346,0.4894303863376028,1.0,0.28,0.04,0.5127197991721343,0.4204615367591934,4,5,hhi_alto,False,0.0,0.0,-0.017080713807197334,True
32557811000184,0.2069411247753899,0.0747646455712883,0.3479362490516386,0.798677315647389,0.1428571428571428,0.0,0.4282171312028121,0.4162003572115027,7,7,baixo_baixo,False,0.1657437540079214,0.0614617232589116,0.2951777764002815,0.6820361745949424,0.1111111111111111,0.0,0.4013913332648469,0.4101876805973369,9,9,baixo_baixo,False,-0.04119737076746849,-0.013302922312376696,-0.02682579793796519,True
32579624000100,0.1250904545840811,0.0926863973464544,0.2407679034009845,0.6083737735409593,0.0415224913494809,0.0060233243624247,0.8122996682450423,0.9935324936878048,28,34,baixo_baixo,False,0.116770275845462,0.0852263571256571,0.1970310686390314,0.6161164508638376,0.04,0.0057142857142857,0.8268846539884549,0.993713107274216,29,35,baixo_baixo,False,-0.008320178738619108,-0.007460040220797298,0.014584985743412604,True
32988237000119,0.4535639418534601,0.3169549273168251,0.6140907509160187,0.9781588389590868,0.2222222222222222,0.0277777777777778,0.6331245886425977,0.4696725549133344,5,6,hhi_alto,False,0.4535639418534601,0.3169549273168251,0.6140907509160187,0.9781588389590868,0.2222222222222222,0.0277777777777778,0.6206689278473649,0.4653170344029909,5,6,hhi_alto,False,0.0,0.0,-0.012455660795232748,True
33002067000114,0.2306643560144353,0.1207592640164974,0.3336769214504704,0.8754493075377947,0.1358024691358024,0.0123456790123456,0.2651851466905705,0.60877096234045,8,9,baixo_baixo,False,0.1611609326947199,0.0679565918830221,0.2508145263827082,0.722643833439288,0.1074380165289256,0.0082644628099173,0.4366424297342186,0.7016670375731513,10,11,baixo_baixo,False,-0.0695034233197154,-0.05280267213347531,0.1714572830436481,True
33103241000115,0.0943753380205516,0.0120458232951472,0.1511627906976744,0.4418604651162791,0.0833333333333333,1.5139404881252137e-17,0.180567252243883,0.4060703352497573,12,12,baixo_baixo,False,0.0943753380205516,0.0120458232951472,0.1511627906976744,0.4418604651162791,0.0833333333333333,1.5139404881252137e-17,0.1733765773526372,0.4014183565818778,12,12,baixo_baixo,False,0.0,0.0,-0.007190674891245807,True
33840043000134,0.8982994102296835,0.8953936790933887,0.9476407898731152,0.97049132586394,0.03125,0.0035714285714285,0.9678435736899176,0.9043292409948088,36,40,critico,False,0.8934888954617242,0.8914406049898342,0.9450993941396448,0.9678886492577008,0.020808561236623,0.0019779566450196,0.9645053040170686,0.901630593013052,53,58,critico,False,-0.004810514767959351,-0.003953074103554499,-0.0033382696728490036,True
34481804000171,0.4909269321785254,0.3636586652231567,0.5194709823252536,0.9999999848369648,0.2,3.4694469519536136e-17,0.8672786740040546,0.6451441962796692,5,5,hhi_alto,False,0.4909269321785254,0.3636586652231567,0.5194709823252536,0.9999999848369648,0.2,3.4694469519536136e-17,0.8842543553112472,0.7019670964589402,5,5,hhi_alto,False,0.0,0.0,0.016975681307192625,True
34550730000188,0.0963125396871451,0.0615553296751122,0.2450691741781503,0.4709072256603763,0.041015625,0.004131610576923,0.5323569991348017,0.5343415685936626,27,32,baixo_baixo,False,0.0939355178560184,0.060377574072908,0.2417894027734587,0.4646050538015003,0.0397923875432525,0.0042291426374471,0.523766974722552,0.572655356851489,28,34,baixo_baixo,False,-0.0023770218311266883,-0.0011777556022041988,-0.008590024412249764,True
34833539000143,0.1967293266149296,0.1297901038328404,0.3499585305550789,0.793099975149465,0.0844444444444444,0.0081481481481481,0.8057343974223908,0.6321803892055121,13,15,baixo_baixo,False,0.1334377207377691,0.0824634690164614,0.2719843250494774,0.6340556440931822,0.0659722222222222,0.0110294117647058,0.7686151343144764,0.6027541345323572,18,24,baixo_baixo,False,-0.06329160587716048,-0.047326634816379,-0.03711926310791447,True
35001011000170,0.3244834557022153,0.1893801468426584,0.4774228713405039,0.9722239351978024,0.1875,0.025,0.4398969888058632,0.5556910271140673,6,8,baixo_baixo,False,0.279585914961903,0.1766696170993177,0.4407507086444988,0.8975447430836573,0.14,0.0171428571428571,0.4013278573153355,0.5390813450356251,8,10,baixo_baixo,False,-0.044897540740312325,-0.012710529743340693,-0.03856913149052771,True
35250517000113,0.4184490109007662,0.1276735163511493,0.5687124368333941,1.0,0.4285714285714285,0.1428571428571428,0.6730690879864493,0.4060703352497573,3,7,hhi_alto,False,0.4184490109007662,0.1276735163511493,0.5687124368333941,1.0,0.4285714285714285,0.1428571428571428,0.6608246553748527,0.4014183565818778,3,7,hhi_alto,False,0.0,0.0,-0.012244432611596578,True
35306813000199,0.3337480424703791,0.200497650964455,0.5034814439271246,0.9476736884700716,0.183673469387755,0.0204081632653061,0.4969126700298151,0.4812429854408193,6,7,baixo_baixo,False,0.3337480424703791,0.200497650964455,0.5034814439271246,0.9476736884700716,0.183673469387755,0.0204081632653061,0.4837611238529664,0.4764897244621857,6,7,baixo_baixo,False,0.0,0.0,-0.013151546176848716,True
35607532000176,0.7818645143710655,0.7650848616303783,0.883093030920099,0.9507080817870984,0.0714285714285714,0.0,0.9804252822631911,0.4153711103147886,14,14,critico,False,0.7337743638448398,0.720463082037082,0.8551956075747058,0.9206746595916274,0.0476190476190476,0.0,0.9755404859443269,0.410394998082328,21,21,critico,False,-0.04809015052622567,-0.044621779593296274,-0.004884796318864293,True
36975571000199,0.5092635482397058,0.4601899030636763,0.7016545949502255,0.8939951317096788,0.0909090909090909,0.0,0.9259995392143628,0.4274214904817189,11,11,critico,False,0.3000687360402337,0.2709049333752435,0.4841018531513548,0.8322273566225336,0.0425240054869684,0.0026291723822587,0.9203048921159124,0.5697211834034701,25,27,baixo_baixo,False,-0.20919481219947206,-0.18928496968843278,-0.005694647098450467,False
37382116000142,0.1872323498581988,0.1133443816634896,0.3689000901842115,0.6989833918382724,0.0887573964497041,0.0059171597633136,0.8339731553955861,0.7909205228213823,12,13,baixo_baixo,False,0.1706184385348138,0.101503308412715,0.3491964152669657,0.661649322555563,0.0816326530612245,0.0051020408163265,0.8273355581405689,0.7757550775128574,13,14,baixo_baixo,False,-0.016613911323385022,-0.011841073250774603,-0.006637597255017225,True
37622644000121,0.1310057052947103,0.0641599903173803,0.2205277914445862,0.6393492593395713,0.0714285714285714,0.0,0.5755705371520897,0.6730098141297017,14,14,baixo_baixo,False,0.1310057052947103,0.0641599903173803,0.2205277914445862,0.6393492593395713,0.0714285714285714,0.0,0.5637171168294671,0.670534460226264,14,14,baixo_baixo,False,0.0,0.0,-0.011853420322622599,True
39223581000166,0.6022146748654382,0.552491509223618,0.7372712355533201,0.9925594050359268,0.1388888888888888,0.0312499999999999,0.9929938182188942,0.7406581475168431,9,12,critico,False,0.5946210488921236,0.5675957854849318,0.7325949280920311,0.9862638753479164,0.074792243767313,0.0131117266851338,0.991176356594281,0.7339777411572062,16,19,critico,False,-0.007593625973314588,0.015104276261313831,-0.0018174616246131592,True
39563911000162,0.2925491073897882,0.2532462800225541,0.502199245552211,0.8278052982793597,0.0578512396694214,0.0055096418732782,0.9670977869279356,0.4174164063062959,19,22,oculta,True,0.153776667391191,0.1264791405328423,0.350538399196063,0.602755443048589,0.0383991346673877,0.0073797519147228,0.9574771270790629,0.4206033330711874,32,43,oculta,True,-0.13877243999859717,-0.12676713948971183,-0.009620659848872726,True
39750948000108,0.5891491360589497,0.5069789632707397,0.7566836514632025,0.9626477640745968,0.183673469387755,0.0204081632653061,0.8106313711499754,0.749467873784316,6,7,hhi_alto,False,0.3989915519420918,0.3131332022195335,0.596208785541623,0.9002306845041324,0.1358024691358024,0.0123456790123456,0.7373519279582389,0.7170215534829942,8,9,hhi_alto,False,-0.1901575841168579,-0.19384576105120616,-0.07327944319173652,True
39754247000139,0.1548738810625763,0.0703612691688339,0.2413107957782272,0.7137157240175194,0.0909090909090909,0.0,0.4493323528778863,0.416883090259001,11,11,baixo_baixo,False,0.1548738810625763,0.0703612691688339,0.2413107957782272,0.7137157240175194,0.0909090909090909,0.0,0.4336935299490176,0.4126408355710217,11,11,baixo_baixo,False,0.0,0.0,-0.0156388229288687,True
39758701000120,0.2330020518454787,0.1234309163948328,0.3734975571341002,0.8668345112309171,0.258026159334126,0.1520298963818583,0.9104540776236828,0.4060703352497573,8,29,baixo_baixo,False,0.237908630249455,0.1532318113882834,0.3296625787130481,0.874461730595703,0.219467401285583,0.1327415569839811,0.9103952613166072,0.4014183565818778,10,33,baixo_baixo,False,0.004906578403976292,0.029800894993450608,-5.881630707560426e-05,True
40637159000136,0.0621736028164761,0.0430342885882409,0.1155387912135016,0.3958766898421779,0.0223214285714285,0.002368804664723,0.9034919657985188,0.4703152358277667,50,56,baixo_baixo,False,0.0671721717114473,0.0525967368944387,0.170451456658835,0.4240025005023112,0.0171658144631117,0.0018090303140978,0.9053894882826856,0.5473128788040182,65,74,baixo_baixo,False,0.004998568894971203,0.009562448306197804,0.001897522484166858,True
41464724000173,0.3243846773613297,0.2117821235882179,0.4304325200001176,0.9344060825054468,0.1428571428571428,0.0,0.9192145328443476,0.9786370639178856,7,7,baixo_baixo,False,0.3243846773613297,0.2117821235882179,0.4304325200001176,0.9344060825054468,0.1428571428571428,0.0,0.9139691892709972,0.9798219431028072,7,7,baixo_baixo,False,0.0,0.0,-0.005245343573350381,True
41593983000102,0.8953799917125049,0.8849179908837554,0.9455452541825122,0.9972293782097824,0.0909090909090909,0.0,0.9777054430605254,0.4086653358565588,11,11,critico,False,0.6454018385813256,0.626738777454027,0.800372045450058,0.8951006183875411,0.05,1.460819769243627e-17,0.9461471146668065,0.4227781656087316,20,20,critico,False,-0.24997815313117933,-0.2581792134297285,-0.03155832839371897,True
41683884000103,0.1530492803836325,0.1059964626271676,0.2837351859747092,0.6664793481692391,0.0566893424036281,0.0042831947593852,0.8816327947561909,0.8466569999103499,19,21,baixo_baixo,False,0.1481850315307468,0.1033526647692072,0.2789182735052337,0.6551646687021302,0.0537190082644628,0.0039147455415397,0.8739279059751017,0.8495713974543615,20,22,baixo_baixo,False,-0.004864248852885694,-0.0026437978579604005,-0.007704888781089214,True
41714199000105,0.2708016251592011,0.2045108638100376,0.458123729973411,0.8318837400030298,0.0887573964497041,0.0059171597633136,0.6691669869988242,0.5662041035424319,12,13,baixo_baixo,False,0.2233397181437381,0.1635966195394103,0.4021534514854366,0.7947139152797952,0.0755555555555555,0.0044444444444444,0.6583160583648167,0.6143838680584744,14,15,baixo_baixo,False,-0.04746190701546299,-0.040914244270627315,-0.010850928634007495,True
41761645000124,0.5060076642054999,0.3825095802568748,0.6876306900434294,0.9941826175540188,0.2,3.4694469519536136e-17,0.8584825046408556,0.9585969282554666,5,5,hhi_alto,False,0.5060076642054999,0.3825095802568748,0.6876306900434294,0.9941826175540188,0.2,3.4694469519536136e-17,0.8539866237099211,0.9638934012330622,5,5,hhi_alto,False,0.0,0.0,-0.004495880930934559,True
41779117000100,0.1232667155508011,0.0851478770964881,0.2498637194685089,0.6139995864206365,0.0416666666666666,0.0,0.6964079473322047,0.7719604324924267,24,24,baixo_baixo,False,0.3815292296138355,0.3622020180392679,0.6051891002347504,0.7869327798094065,0.0303030303030303,3.5778671692021654e-18,0.8678487877037261,0.887374299637435,33,33,hhi_alto,False,0.2582625140630344,0.2770541409427798,0.1714408403715214,False
41851556000179,0.6020074144523165,0.5622081558975481,0.7692874346921591,0.9265010351966874,0.0909090909090909,0.0,0.8419541036244027,0.9103337267370292,11,11,hhi_alto,False,0.4772353250441606,0.4336716021311739,0.6740759644120573,0.8973169870138925,0.0769230769230769,1.503427012513233e-17,0.8249425284320775,0.9156044281012624,13,13,hhi_alto,False,-0.12477208940815593,-0.12853655376637424,-0.017011575192325212,True
41863890000142,0.2438393088847907,0.1682232397732698,0.4322000567622741,0.8117797566137412,0.1005917159763313,0.0106508875739645,0.6315545552044999,0.6728618500581067,11,13,baixo_baixo,False,0.1595478233742213,0.1070195623351102,0.3300324813842772,0.6286087418866154,0.0637119113573407,0.0051939058171745,0.5694968909843537,0.6136173342233282,17,19,baixo_baixo,False,-0.08429148551056939,-0.061203677438159604,-0.062057664220146136,True
41923828000107,0.1530328449448149,0.1000973977538658,0.3051523635832359,0.6738078964847416,0.0617283950617283,0.0030864197530864,0.8936013143331243,0.5888299936706837,17,18,baixo_baixo,False,0.1404225844923429,0.0974437137169601,0.2913732510364712,0.6433821946106368,0.0495867768595041,0.0020661157024793,0.8828381057894878,0.5987793932583747,21,22,baixo_baixo,False,-0.012610260452471989,-0.00265368403690569,-0.010763208543636438,True
42399307000157,0.2608181954008862,0.1552207947438699,0.4501518575228535,0.823568859438008,0.125,0.0,0.8393282664062088,0.9800883093169304,8,8,baixo_baixo,False,0.2608181954008862,0.1552207947438699,0.4501518575228535,0.823568859438008,0.125,0.0,0.8328224733668906,0.9810989740584684,8,8,baixo_baixo,False,0.0,0.0,-0.006505793039318197,True
43008975000179,0.9953560390132072,0.994775543889858,0.99767478473693,0.9992170412706636,0.1111111111111111,0.0,0.9934927967344902,0.4074043880920365,9,9,critico,False,0.9698409276965008,0.9668250204661508,0.9847197718291644,0.9988081638526604,0.0909090909090909,0.0,0.9904750035404278,0.4086294249576093,11,11,critico,False,-0.025515111316706474,-0.027950523423707185,-0.003017793194062368,True
43355376000121,0.2471687273410267,0.2053447677488615,0.3515821613414466,0.8070910339161822,0.055,0.0025,0.9244711242951597,0.8768836456697301,19,20,oculta,True,0.2300496019882636,0.1933852973210381,0.3388389005434208,0.7778376397914623,0.0495999999999999,0.0043428571428571,0.9102718211233748,0.875722370796545,22,25,baixo_baixo,False,-0.01711912535276311,-0.011959470427823415,-0.01419930317178486,False
43467992000174,0.3599415714904311,0.1999269643630389,0.5288696010160583,0.9520313938140996,0.2,3.4694469519536136e-17,0.7795834271504678,0.4060703352497573,5,5,baixo_baixo,False,0.3253453889187437,0.2289661587642786,0.5018691345806201,0.9034271790042931,0.125,0.0,0.7523146077926417,0.4116826480173431,8,8,baixo_baixo,False,-0.034596182571687395,0.0290391944012397,-0.027268819357826102,True
43939047000128,0.1053255414776647,0.0414202230117837,0.2158001224737628,0.5212292291482952,0.0703125,0.00390625,0.6583056632310251,0.6939150724081569,15,16,baixo_baixo,False,0.5568461870645682,0.5291490737561038,0.7417951009502634,0.846656655764575,0.0617283950617283,0.0030864197530864,0.8558286215766614,0.4781052594862524,17,18,hhi_alto,False,0.4515206455869035,0.48772885074432004,0.19752295834563627,False
44239770000167,0.0950049313720684,0.0588051286269512,0.2012110140361526,0.5175039296321047,0.0439952437574316,0.0057550535077288,0.8621485276420473,0.7961273906473152,26,29,baixo_baixo,False,0.221375041133578,0.197780345410353,0.3616368995376737,0.806475640461894,0.03625,0.0070454545454545,0.9469339141485568,0.6234155185212158,34,40,oculta,True,0.12637010976150959,0.1389752167834018,0.08478538650650946,False
44318534000136,0.2070149336893025,0.1836918435036937,0.356839331338976,0.777822557810166,0.0404663923182441,0.0122448156217219,0.833200974595697,0.8461512320142065,35,54,baixo_baixo,False,0.2002281464912465,0.179721175888458,0.3508556812873709,0.7647796626485922,0.0346680999731255,0.0099159999724364,0.8217003505817554,0.8430540317051469,40,61,baixo_baixo,False,-0.006786787198055977,-0.003970667615235679,-0.011500624013941585,True
44392215000170,0.0924360595345768,0.0665056612355647,0.1954001400159243,0.5205716876608485,0.0317460317460317,0.0040816326530612,0.604256194929712,0.4732531741444908,36,42,baixo_baixo,False,0.3017400041854542,0.2899050890021568,0.4777752151720414,0.8114889592643676,0.0184896413455112,0.0018538725547572,0.8695850767695276,0.4307992970863807,60,67,baixo_baixo,False,0.20930394465087743,0.22339942776659208,0.2653288818398155,True
44483469000102,0.1469373777506924,0.0250712888579342,0.2110148471566848,0.6747629113465404,0.125,0.0,0.7016565601166944,0.4060703352497573,8,8,baixo_baixo,False,0.1854708851383727,0.0949676501537474,0.3481207943952789,0.7138374245138182,0.1074380165289256,0.0082644628099173,0.7323674280250442,0.4049977569679956,10,11,baixo_baixo,False,0.0385335073876803,0.0698963612958132,0.03071086790834976,True
44497659000170,0.0807861698610895,0.0545229175714063,0.1630377592445708,0.4592622136412569,0.0340136054421768,0.0064139941690962,0.4325362188597356,0.4304112535493485,36,42,baixo_baixo,False,0.0560089464147997,0.035924030381072,0.1183265973847688,0.3418481946080001,0.0248724489795918,0.0041250542770299,0.408665781101478,0.4195013029847347,48,56,baixo_baixo,False,-0.024777223446289798,-0.0185988871903343,-0.02387043775825759,True
44534082000120,0.3667866977753957,0.2401440373304749,0.5502050918852819,0.9810426479678458,0.1666666666666666,3.3306690738754695e-17,0.9684333100281296,0.7366004102345637,6,6,oculta,True,0.3591796267620204,0.2523762312223571,0.5443848139613694,0.970664807139767,0.1428571428571428,0.0,0.9627925609767428,0.7273511916766945,7,7,oculta,True,-0.007607071013375266,0.012232193891882182,-0.005640749051386784,True
44544005000150,0.3681663021023474,0.2628606857860719,0.4633471940078895,0.9595239964106588,0.2346938775510204,0.1071428571428571,0.9053680292669656,0.4118123224406905,7,14,baixo_baixo,False,0.3601074716331475,0.2686942532950258,0.4581685202656953,0.948799723577073,0.2088888888888889,0.0958730158730158,0.8972969237936633,0.4134984302322819,8,15,baixo_baixo,False,-0.008058830469199918,0.005833567508953863,-0.008071105473302254,True
44616474000138,0.0357694771969076,0.0168629963576313,0.0723986229819518,0.2443961256243605,0.0255190311418685,0.006411561164258,0.4053282962787017,0.5359821531025291,52,68,baixo_baixo,False,0.044121653039547,0.0279203251249631,0.1305255593071081,0.3121961584315846,0.0225,0.0059322033898305,0.4662802929884029,0.5587683813185752,60,80,baixo_baixo,False,0.008352175842639399,0.0110573287673318,0.060951996709701195,True
44699908000100,0.0587265671909646,0.0363152949812257,0.1390126418403172,0.3842590882397563,0.0360292265054169,0.0130775414222126,0.4207418586496431,0.664847853498204,43,63,baixo_baixo,False,0.1606597628405275,0.1471220170798909,0.2775484331112465,0.7359471209072747,0.0288022106493782,0.0131377301759811,0.7751028042678664,0.5251460277276805,63,97,baixo_baixo,False,0.1019331956495629,0.11080672209866518,0.3543609456182233,True
44848243000150,0.1594220671086793,0.0660245190096437,0.2826227426754494,0.6940883758215851,0.1,3.0839528461809905e-17,0.5478289162834473,0.5487737554231156,10,10,baixo_baixo,False,0.1680900227941227,0.1126293576470642,0.2171266240290016,0.7594777299177988,0.0657439446366782,0.0034602076124567,0.902920284028211,0.5525691545558362,16,17,baixo_baixo,False,0.008667955685443401,0.04660483863742049,0.3550913677447637,True
44956238000160,0.7020173611406084,0.6909809671087791,0.8369355597051681,0.8825900667055341,0.0415224913494809,0.0060233243624247,0.9285528877821642,0.4573949482173227,28,34,critico,False,0.454772128500849,0.4440813859224343,0.6684948295564129,0.7913407906369336,0.0306122448979591,0.0116046418567426,0.9019272806821684,0.5323270438697453,52,84,hhi_alto,False,-0.2472452326397594,-0.2468995811863448,-0.02662560709999573,False
45084018000157,0.2225154212329641,0.1253298488870847,0.392956345482527,0.7615071694005482,0.1111111111111111,0.0,0.7825146471337806,0.9940691421008664,9,9,baixo_baixo,False,0.147171580743376,0.0618887388177136,0.249290823418752,0.6891589002033024,0.0972222222222222,0.0069444444444444,0.7125239623175279,0.9905746419785976,11,12,baixo_baixo,False,-0.07534384048958812,-0.06344111006937111,-0.0699906848162527,True
45102052000107,0.1921092054240846,0.1113201259664931,0.3772620946526862,0.6710331372910036,0.1005917159763313,0.0106508875739645,0.7817395442779,0.8252997621498375,11,13,baixo_baixo,False,0.183349643214764,0.1091087016888334,0.3679475923665515,0.6544655049209311,0.0918367346938775,0.0092764378478664,0.7738180769317783,0.8260313390371637,12,14,baixo_baixo,False,-0.008759562209320615,-0.0022114242776597043,-0.007921467346121758,True
45193699000191,0.3005820633962982,0.2772681321761748,0.4403569642172889,0.8139151311185807,0.1651701323251416,0.137342470069313,0.9122049010825036,0.6514084537576669,31,92,baixo_baixo,False,0.2871159988098402,0.2667478844901213,0.4393986539294349,0.7889046390579728,0.1637051039697542,0.1398109640831757,0.9071390164467816,0.6615927098190424,36,115,baixo_baixo,False,-0.013466064586458049,-0.010520247686053474,-0.0050658846357219955,True
45271342000184,0.2416476448040456,0.1333115940617664,0.3581521735525844,0.8621827119945826,0.14,0.0171428571428571,0.7339424119313438,0.4734175597262349,8,10,baixo_baixo,False,0.18154713121985,0.099701844341835,0.3008108733103672,0.7468446018688014,0.1005917159763313,0.0106508875739645,0.7026210788673606,0.6007589563874766,11,13,baixo_baixo,False,-0.0601005135841956,-0.0336097497199314,-0.031321333063983214,True
45310125000156,0.2059584477233325,0.0925239402552372,0.2882691694891311,0.8679907885270512,0.1358024691358024,0.0123456790123456,0.2893190027317772,0.5925156092669606,8,9,baixo_baixo,False,0.1757201606792526,0.0726851807641592,0.2574801278157762,0.7752836682775679,0.12,0.01,0.2636896840017865,0.5766134750208621,9,10,baixo_baixo,False,-0.03023828704407988,-0.01983875949107801,-0.02562931872999069,True
45316509000186,0.2644910077858657,0.2518098182649323,0.4801175511931896,0.7127424143951376,0.0392743764172335,0.0227101415278755,0.9604968989761704,0.4188862339798572,59,105,oculta,True,0.2262822536960857,0.2143789037529485,0.4428030010020493,0.6894392722210937,0.0372314453125,0.0224196213942307,0.9584766653388004,0.4163453793319026,66,128,oculta,True,-0.03820875408978,-0.037430914511983826,-0.002020233637370028,True
45359973000150,0.1671035581644072,0.118109649821137,0.28955030910051,0.7374769902233156,0.0581717451523545,0.002770083102493,0.9212066005229498,0.4571251237599112,18,19,baixo_baixo,False,0.1435720930886203,0.0984969400932845,0.257865867981094,0.6599919178480036,0.0521541950113378,0.0022675736961451,0.9155516809772348,0.4482580099424527,20,21,baixo_baixo,False,-0.023531465075786906,-0.019612709727852506,-0.005654919545714954,True
45400604000163,0.1565051187578108,0.0798237659176118,0.2150188391073197,0.7061998364891442,0.0833333333333333,1.5139404881252137e-17,0.6944394882796506,0.8051124935791183,12,12,baixo_baixo,False,0.0719054208672308,0.0230583377549798,0.0937542616083677,0.3528166068800528,0.05,1.460819769243627e-17,0.6479717172370387,0.5823922373331362,20,20,baixo_baixo,False,-0.08459969789058001,-0.056765428162632,-0.046467771042611905,True
45519461000103,0.1508110461154063,0.0564567179060069,0.2394604718824904,0.67293371501879,0.1479289940828402,0.0532544378698225,0.6101358753575831,0.5818584309660271,10,13,baixo_baixo,False,0.2769276879519031,0.2111938414020762,0.4913691137120889,0.7664864736370576,0.12,0.04,0.7467520334094472,0.5105699151167387,12,15,baixo_baixo,False,0.1261166418364968,0.1547371234960693,0.1366161580518641,True
45579061000193,0.2997239948568398,0.1830113273329797,0.4966665609088915,0.8577787832430024,0.1851851851851851,0.0493827160493827,0.7882950853311104,0.5253272395166261,7,9,baixo_baixo,False,0.18067615253768,0.1123991652491533,0.3660160725641204,0.6568975004696633,0.1724336793540946,0.1034698193002691,0.7426042675537821,0.4939047654127866,13,102,baixo_baixo,False,-0.11904784231915982,-0.0706121620838264,-0.04569081777732831,True
45704567000187,0.1263228060793524,0.0535163732526318,0.2582380279995113,0.5692257094272126,0.0816326530612245,0.0051020408163265,0.6536868979737448,0.6457006445385713,13,14,baixo_baixo,False,0.088713009939486,0.0279605439354518,0.1682440900535295,0.4560391456642712,0.072,0.0101333333333333,0.6678078012034561,0.6518593315134361,16,25,baixo_baixo,False,-0.0376097961398664,-0.025555829317180003,0.014120903229711268,True
45742707000101,0.0352916725621028,0.02259814193792,0.0844353365712766,0.2733246847090222,0.0147210743801652,0.0017568779904306,0.76193977789082,0.6701053269429288,77,88,baixo_baixo,False,0.0323194316394438,0.0205184490984614,0.0762576791653267,0.251102023647907,0.0135808057944771,0.0015513034261171,0.7639344462852369,0.6481390116286896,83,94,baixo_baixo,False,-0.002972240922658999,-0.002079692839458601,0.0019946683944168653,True
45767829000152,0.0871888559978291,0.0699660042242032,0.213471322457681,0.5142234404686965,0.0234131113423517,0.00498694363183,0.68632636676938,0.5024581850723281,54,62,baixo_baixo,False,0.0703865210009277,0.0551469557714347,0.1844909365352251,0.4444136244072903,0.0203813280736357,0.0043220055830396,0.6705787313522358,0.4868653773608309,62,78,baixo_baixo,False,-0.01680233499690141,-0.014819048452768498,-0.01574763541714419,True
45788709000131,0.1445411187643341,0.0875105266819564,0.2354457988988093,0.6787898095505406,0.07421875,0.0125,0.5402987732156354,0.6627979707072529,16,32,baixo_baixo,False,0.1288076765093059,0.0852480603347712,0.2110021474961763,0.6471984606707453,0.0718336483931947,0.0254253308128544,0.6464343068683092,0.6398819416334316,21,46,baixo_baixo,False,-0.01573344225502818,-0.002262466347185202,0.10613553365267381,True
45812676000118,0.3119534726995062,0.2136611116565785,0.4606656727399462,0.9203729161422736,0.1358024691358024,0.0123456790123456,0.5766258272774073,0.7464087945682524,8,9,baixo_baixo,False,0.3119534726995062,0.2136611116565785,0.4606656727399462,0.9203729161422736,0.1358024691358024,0.0123456790123456,0.5839906342878273,0.7732199331967708,8,9,baixo_baixo,False,0.0,0.0,0.007364807010419971,True
45845902000167,0.3388095732209389,0.2561607698735563,0.5459161677667734,0.8582950527226317,0.1666666666666666,0.0625,0.8167379997322969,0.5928611643109302,9,12,baixo_baixo,False,0.2650144329611342,0.1915158762572476,0.4606106638266501,0.8201693375420326,0.1326530612244898,0.0459183673469387,0.7968514127428494,0.5608213441061594,11,14,baixo_baixo,False,-0.07379514025980471,-0.06464489361630868,-0.019886586989447452,True
45916929000101,0.3178017842965147,0.2203448963388739,0.5216733993433179,0.8456966087412368,0.3557341124908691,0.2636961285609933,0.897129274721291,0.4071181760021941,8,37,baixo_baixo,False,0.3009129977952537,0.2135271225196605,0.5054015413620254,0.8264288439487653,0.2991735537190082,0.2115702479338842,0.8973957145041457,0.4079395011722102,9,55,baixo_baixo,False,-0.016888786501260966,-0.0068177738192134185,0.0002664397828546772,True
45959954000164,0.224228335092963,0.0949330576084569,0.3484742716132725,0.8622279176548804,0.1428571428571428,0.0,0.5310172585663879,0.4060703352497573,7,7,baixo_baixo,False,0.255074539563064,0.1805819935193704,0.4589295850051728,0.7647876618222679,0.0972222222222222,0.0069444444444444,0.6546084394773314,0.4659473766790411,11,12,baixo_baixo,False,0.030846204470100974,0.0856489359109135,0.12359118091094345,True
45965982000194,0.1432555818876305,0.0956586697702766,0.2548526458635356,0.6292355390925543,0.0612244897959183,0.0090702947845804,0.7684757913752684,0.4638145760315266,19,21,baixo_baixo,False,0.3530111835216372,0.3314448896390251,0.5782596419118887,0.7815270237717649,0.0383673469387755,0.006312925170068,0.9037023874876258,0.4637477702000636,31,35,baixo_baixo,False,0.2097556016340067,0.23578621986874848,0.13522659611235732,True
46008811000130,0.3355042806125468,0.1693803507656835,0.46217488233837,0.9651391297167864,0.2345679012345679,0.0432098765432098,0.4872287903753566,0.6505215559923466,5,9,baixo_baixo,False,0.3355042806125468,0.1693803507656835,0.46217488233837,0.9651391297167864,0.2345679012345679,0.0432098765432098,0.4968439601021462,0.6673924542064363,5,9,baixo_baixo,False,0.0,0.0,0.009615169726789607,True
46139952000191,0.1285134152463722,0.1183798503073766,0.2368644970613893,0.6532060046999302,0.0143927278848581,0.0029321782091007,0.918939992728128,0.5570462731510851,87,109,baixo_baixo,False,0.1107130183847558,0.1023235185581969,0.2148133576082187,0.5923951323235882,0.0134480903711672,0.0041409968841028,0.9138390928889096,0.6218886982313048,107,143,baixo_baixo,False,-0.017800396861616385,-0.01605633174917971,-0.0051008998392183535,True
46190305000104,0.123977538172184,0.0926910216783334,0.2001965836174788,0.6372017988652968,0.1702298373365551,0.1405951886700035,0.863530791071171,0.5871858493602412,29,926,baixo_baixo,False,0.1213716907427891,0.0976249796817834,0.2146997239123325,0.6229880376276814,0.1651790439886074,0.1426163154477589,0.8629613144814604,0.5933130994575557,38,1271,baixo_baixo,False,-0.002605847429394903,0.0049339580034499925,-0.0005694765897106269,True
46251021000180,0.3446567885270133,0.3101650405547508,0.554826620074205,0.8414617332388403,0.0578512396694214,0.0082644628099173,0.9325454631931204,0.4950609568905393,20,22,oculta,True,0.2438662668186099,0.2147842001577872,0.4466012199145929,0.7716607320178072,0.0422222222222222,0.0053846153846153,0.916692966135625,0.4907428842598488,27,30,baixo_baixo,False,-0.10079052170840341,-0.0953808403969636,-0.015852497057495363,False
46335839000181,0.2303825245795717,0.1790746928848765,0.4274154545113688,0.7473244030762034,0.074792243767313,0.0131117266851338,0.6851502296299921,0.672211750483564,16,19,baixo_baixo,False,0.2276991762124623,0.182269715989666,0.4249013332260645,0.7429285297661259,0.0657596371882086,0.0108043217286914,0.6796814458117553,0.6795010380152109,18,21,baixo_baixo,False,-0.0026833483671094005,0.003195023104789474,-0.005468783818236789,True
46378766000105,0.4067713142680494,0.3408570158533883,0.6107816210760831,0.8811860058472386,0.1,3.0839528461809905e-17,0.8849755556762439,0.7970750956284457,10,10,hhi_alto,False,0.4067713142680494,0.3408570158533883,0.6107816210760831,0.8811860058472386,0.1,3.0839528461809905e-17,0.8814266353073718,0.8096835456898358,10,10,hhi_alto,False,0.0,0.0,-0.0035489203688721105,True
46392072000122,0.8006854597897352,0.7508568247371689,0.8894824951131685,0.997797889824326,0.2,3.4694469519536136e-17,0.913721074098832,0.8666845251144164,5,5,hhi_alto,False,0.337864199881878,0.2642935554243089,0.5316230335303221,0.8869781892204509,0.1074380165289256,0.0082644628099173,0.742951229367452,0.8112627959768983,10,11,baixo_baixo,False,-0.46282125990785716,-0.48656326931286,-0.17076984473138002,False
46392114000125,0.080349300148391,0.0695298801501368,0.2165958621032838,0.4738691393253027,0.0167924327771282,0.0052252849274474,0.8853430783660574,0.4564966373292057,86,194,baixo_baixo,False,0.0685506741276978,0.0596797281670092,0.1992785355289156,0.4359822353026492,0.0134140903686087,0.004018034086405,0.866513044290506,0.4635166822545847,106,232,baixo_baixo,False,-0.011798626020693204,-0.009850151983127595,-0.018830034075551394,True
46392130000118,0.1695633381052328,0.1003602829473355,0.2884348504174979,0.7322410232880329,0.0865051903114186,0.0103806228373702,0.6990007159279307,0.6239909138798073,13,17,baixo_baixo,False,0.1665029654127573,0.1023878089060463,0.2857454530910525,0.7254135298436933,0.0802469135802469,0.0094966761633428,0.7014649142635004,0.6372003612760867,14,18,baixo_baixo,False,-0.0030603726924754993,0.0020275259587108074,0.002464198335569767,True
46561593000166,0.1799644162613191,0.097960857887451,0.3304817963453325,0.7249250566345031,0.0909090909090909,0.0,0.4414734673195902,0.4592810591840473,11,11,baixo_baixo,False,0.1750017985329535,0.1000019620359492,0.3256981934101913,0.7144320320049391,0.0833333333333333,1.5139404881252137e-17,0.4259189140863698,0.5684490169598444,12,12,baixo_baixo,False,-0.0049626177283655926,0.0020411041484982018,-0.015554553233220414,True
46634242000138,0.4240590939094736,0.280073867386842,0.5214966084173167,0.99756756906169,0.2,3.4694469519536136e-17,0.8015600335935175,0.4060703352497573,5,5,hhi_alto,False,0.4836799916881203,0.4320479908569324,0.6753344087043942,0.9495362957860414,0.0909090909090909,0.0,0.913704525061485,0.4016278171742928,11,11,hhi_alto,False,0.05962089777864671,0.15197412347009043,0.11214449146796757,True
46675997000180,0.0754139082422913,0.0675784328884124,0.2378521366429297,0.4044874004502471,0.0119282301446757,0.0035547405696306,0.6725281602009916,0.5810513414441291,119,173,baixo_baixo,False,0.0646612620774571,0.0578834451359893,0.2070071488077366,0.4079121558404905,0.0115626696696092,0.004400080319389,0.6730464358665,0.6189661573467656,139,223,baixo_baixo,False,-0.010752646164834206,-0.009694987752423105,0.0005182756655084386,True
46709309000156,0.2636835310892139,0.2569283341267296,0.4864458937043395,0.72730161657625,0.0145986769363392,0.0055582978256634,0.7993036995309752,0.4648471383166644,110,231,baixo_baixo,False,0.2222442885307124,0.2160222428389581,0.4436074471838979,0.6719696272732384,0.0136027559537587,0.0057115780013888,0.7843733527443273,0.4810449915434486,126,271,baixo_baixo,False,-0.04143924255850148,-0.04090609128777151,-0.014930346786647952,True
46711362000191,0.1043281968464226,0.0446167433028508,0.1963541131891467,0.548400675294521,0.0625,0.0,0.434395700208586,0.5868722027638855,16,16,baixo_baixo,False,0.1043281968464226,0.0446167433028508,0.1963541131891467,0.548400675294521,0.0625,0.0,0.4230427795399929,0.5878203079247608,16,16,baixo_baixo,False,0.0,0.0,-0.011352920668593058,True
46712907000184,0.1194371551559677,0.0900850603278333,0.2312997447132564,0.6143053944056941,0.0534979423868312,0.0219478737997256,0.4431636263524959,0.4271108878793226,31,54,baixo_baixo,False,0.0879241995327551,0.0618648909479767,0.1857283636579793,0.5223706926233739,0.0526315789473684,0.025563909774436,0.4262871816424235,0.4333877652659718,36,95,baixo_baixo,False,-0.0315129556232126,-0.028220169379856594,-0.01687644471007238,True
46854998000192,0.9329521925985482,0.9277946689522828,0.9657964741014786,0.9864606128526858,0.0714285714285714,0.0,0.9849781109530648,0.4132195206638098,14,14,critico,False,0.7515697971352886,0.744471791339154,0.8662103332631841,0.9142297094202216,0.029585798816568,0.0018596787827556,0.9649134324023512,0.4317273177547905,36,39,critico,False,-0.18138239546325963,-0.18332287761312882,-0.02006467855071359,True
46965083000154,0.1659051731469442,0.122005445417836,0.2661983679433519,0.7710362623760719,0.05,1.460819769243627e-17,0.9235941639773988,0.6531882786852725,20,20,oculta,True,0.1563639892356454,0.1212124887871306,0.2579443400375102,0.7471286972199165,0.04,0.0,0.919839221201082,0.6596904288473681,25,25,baixo_baixo,False,-0.009541183911298795,-0.000792956630705402,-0.0037549427763168275,False
46969952000119,0.3952264093931253,0.2440330117414066,0.4785804255804243,0.9739756533595856,0.6885813148788925,0.6107266435986156,0.8331941163654513,0.4060703352497573,5,34,baixo_baixo,False,0.3642871047090216,0.2371445256508259,0.4583367475154846,0.938592479457159,0.6506122448979593,0.5807346938775512,0.8130117635141911,0.4014183565818778,6,35,baixo_baixo,False,-0.03093930468410372,-0.006888486090580709,-0.020182352851260132,True
47018676000176,0.244457984559367,0.1500152326292879,0.3456666923420153,0.8918738497792736,0.1111111111111111,0.0,0.9836827197263196,0.4064540148961984,9,9,oculta,True,0.3231904203879504,0.261662276786855,0.5166912115782886,0.8889033336924789,0.0833333333333333,1.5139404881252137e-17,0.9892705013379222,0.426690362485348,12,12,oculta,True,0.07873243582858339,0.1116470441575671,0.00558778161160256,True
48197395000190,0.1101731722705987,0.0854557603892264,0.2458445307186433,0.5567257831737804,0.033284023668639,0.006430802103879,0.9021780365170788,0.7210978032367658,37,52,baixo_baixo,False,0.1020061619936797,0.0789806789678766,0.235258637967028,0.532753562130224,0.0304709141274238,0.0056111939768449,0.8949769324797168,0.7118870597554805,40,57,baixo_baixo,False,-0.00816701027691899,-0.00647508142134981,-0.007201104037362072,True
48211262000121,0.2121948377255337,0.1559230404202147,0.3857471014805514,0.7777117278073644,0.0703125,0.00390625,0.7590145802390397,0.4841730575752394,15,16,baixo_baixo,False,0.1755536915558131,0.1321617805850664,0.3448313909493566,0.7032779111962786,0.0521541950113378,0.0022675736961451,0.7415599495007542,0.5178880469813416,20,21,baixo_baixo,False,-0.03664114616972061,-0.02376125983514832,-0.01745463073828546,True
48344022000103,0.166051313071143,0.0618077272050358,0.2445857531501395,0.7438943930067392,0.1111111111111111,0.0,0.5743195099863556,0.6691881558424045,9,9,baixo_baixo,False,0.166051313071143,0.0618077272050358,0.2445857531501395,0.7438943930067392,0.1111111111111111,0.0,0.5745806603779433,0.6815235725429467,9,9,baixo_baixo,False,0.0,0.0,0.0002611503915876945,True
48626721000138,0.300741891584724,0.1841988735155113,0.4344363189845227,0.8899727179595847,0.1428571428571428,0.0,0.8550268637159288,0.4294507140198971,7,7,baixo_baixo,False,0.2364654624362808,0.1410236452408159,0.370327731159481,0.8412770149150967,0.1111111111111111,0.0,0.8428590914467391,0.429687838488397,9,9,baixo_baixo,False,-0.06427642914844317,-0.043175228274695415,-0.012167772269189747,True
48962625000160,0.2567046028466295,0.2463810556639438,0.4638304565015019,0.7441137793723613,0.0167908092412574,0.0031351260362748,0.859565437850088,0.6722241851405374,73,89,baixo_baixo,False,0.3083541891258194,0.3002171795861231,0.4992633648357374,0.8350950739311902,0.0152066115702479,0.0036208070004861,0.915597380372018,0.532136303393023,86,110,baixo_baixo,False,0.05164958627918992,0.05383612392217929,0.05603194252193,True
48971139000109,0.610385859363399,0.5779180143103487,0.775730973784364,0.9193849774802164,0.0769230769230769,1.503427012513233e-17,0.6333566801049564,0.4226339100880327,13,13,hhi_alto,False,0.610385859363399,0.5779180143103487,0.775730973784364,0.9193849774802164,0.0769230769230769,1.503427012513233e-17,0.626779427736446,0.4188696354994533,13,13,hhi_alto,False,0.0,0.0,-0.006577252368510367,True
49095809000133,0.2623557103882916,0.1569779547294761,0.4332296791212177,0.8568320320397416,0.125,0.0,0.8299905423255003,0.6475474410220117,8,8,baixo_baixo,False,0.2460073249041929,0.1622303610046588,0.4188735095084286,0.8284387188055589,0.1,3.0839528461809905e-17,0.8161292040012911,0.6574073816954896,10,10,baixo_baixo,False,-0.0163483854840987,0.005252406275182697,-0.013861338324209216,True
49123521000125,0.5443511296632988,0.4684096512738486,0.7217198800980653,0.9422624445052644,0.15625,0.015625,0.8504497637633317,0.4254459353612972,7,8,hhi_alto,False,0.4085500253089782,0.349405027839876,0.6183711801081435,0.8712746165161952,0.0972222222222222,0.0069444444444444,0.8122134121627465,0.4623744593838051,11,12,hhi_alto,False,-0.13580110435432058,-0.11900462343397261,-0.03823635160058525,True
49139093000129,0.0991395876242658,0.0428358118507824,0.2145084690832902,0.5231845986029942,0.0617283950617283,0.0030864197530864,0.7015730189911917,0.6546330157189494,17,18,baixo_baixo,False,0.0650117809133981,0.0446859500636894,0.1668578856070816,0.4083396772002755,0.0481453927091082,0.0274529012462628,0.6692965729872472,0.6843232529517657,47,97,baixo_baixo,False,-0.034127806710867695,0.0018501382129070057,-0.032276446003944526,True
49269236000117,0.9067129084929504,0.8833911356161878,0.951869313000952,0.992027218941926,0.2,3.4694469519536136e-17,0.994515758960265,0.8467524434716217,5,5,critico,False,0.8900460588588377,0.8625575735735471,0.9429554493720352,0.9913541769525728,0.2222222222222222,0.0277777777777778,0.9937888102790672,0.8365042502393528,5,6,critico,False,-0.01666684963411269,-0.02083356204264064,-0.0007269486811978254,True
49269244000163,0.7071304223497207,0.6924869434672069,0.8392072956170414,0.9178655216630612,0.0476190476190476,0.0,0.9182994925519792,0.4456813954651192,21,21,hhi_alto,False,0.212052902141468,0.1991357366028036,0.435361166846573,0.6299473227812241,0.0184487204919658,0.0023577159098669,0.8403142048929058,0.4465821602801665,62,71,baixo_baixo,False,-0.4950775202082527,-0.49335120686440326,-0.07798528765907342,False
49269251000165,0.2248522291745329,0.1279587578213496,0.288722350744803,0.9002939716296297,0.1111111111111111,0.0,0.5244287469760909,0.7222006531794307,9,9,baixo_baixo,False,0.5347546976629955,0.4924596701778134,0.7143796433770712,0.9304999262429254,0.0833333333333333,1.5139404881252137e-17,0.802972085947994,0.4460883285559326,12,12,hhi_alto,False,0.30990246848846265,0.36450091235646376,0.2785433389719031,False
49286753000102,0.128950640564021,0.0874720996384982,0.2386643678763541,0.6389125240584786,0.0527999999999999,0.007695238095238,0.8117127176220844,0.7380702492401948,22,25,baixo_baixo,False,0.128950640564021,0.0874720996384982,0.2386643678763541,0.6389125240584786,0.0527999999999999,0.007695238095238,0.8255069318901002,0.7520214977345692,22,25,baixo_baixo,False,0.0,0.0,0.013794214268015748,True
49381616000149,0.6502452681541164,0.6113836312823516,0.8001519661394736,0.9572360214218948,0.1111111111111111,0.0123456790123456,0.9144901234682226,0.9140088323124644,10,12,hhi_alto,False,0.6502452681541164,0.6113836312823516,0.8001519661394736,0.9572360214218948,0.1111111111111111,0.0123456790123456,0.913162950989266,0.9173803179046922,10,12,hhi_alto,False,0.0,0.0,-0.0013271724789565287,True
49576082000106,0.6490618160156313,0.5613272700195391,0.7961373452357586,0.999993785557788,0.2,3.4694469519536136e-17,0.8449217657654716,0.8940033156170563,5,5,hhi_alto,False,0.7150037148350223,0.6742899598114541,0.8363423943647736,0.9846135286782964,0.125,0.0,0.9238178020566712,0.4824001193410908,8,8,critico,False,0.06594189881939105,0.11296268979191504,0.07889603629119957,False
49962743000131,0.6753841636472029,0.6212815242550701,0.8158901348452902,0.97548248784973,0.1428571428571428,0.0,0.8635313939266978,0.4446642151048803,7,7,hhi_alto,False,0.6562705974861299,0.6133044221718963,0.8041546596882483,0.9614514927275,0.1111111111111111,0.0,0.8483985569423655,0.4398637378195374,9,9,hhi_alto,False,-0.01911356616107296,-0.007977102083173815,-0.01513283698433221,True
50062751000100,0.0381764290280744,0.0288383361060168,0.0853338100006018,0.2919640960099453,0.0171252211223606,0.0075827475410243,0.5662062404161459,0.4729762108139483,104,163,baixo_baixo,False,0.0517445217544912,0.0435699055627196,0.1608269202266662,0.3578114623669456,0.0163248648097133,0.007844906747728,0.6066333796071645,0.4673131869260459,117,198,baixo_baixo,False,0.013568092726416799,0.0147315694567028,0.04042713919101859,True
50457753000107,0.2008217172253128,0.1773164736142926,0.4160101673599083,0.6280325166044969,0.0304709141274238,0.0019553527782304,0.6738581863190154,0.408397436537246,35,38,baixo_baixo,False,0.1638791705892756,0.1418759908679407,0.3724677795987935,0.5622984612612688,0.0275824770146024,0.0019925421991972,0.6457459828585338,0.403494874998184,39,43,baixo_baixo,False,-0.036942546636037216,-0.03544048274635189,-0.0281122034604816,True
50525166000108,0.0817540811683572,0.0243637112413795,0.1499046984073867,0.463725074135805,0.0637119113573407,0.0051939058171745,0.8677070807669149,0.4883086973466711,17,19,baixo_baixo,False,0.1426333407536923,0.0997650077913769,0.3299181352395017,0.5816630197982623,0.0520833333333333,0.0046875,0.8941805678529169,0.4616996108235931,21,24,baixo_baixo,False,0.060879259585335105,0.0754012965499974,0.026473487086001946,True
50563382000130,0.4221184011247844,0.1331776016871765,0.5712003195526263,1.0,0.6296296296296298,0.4444444444444446,0.8190116827556182,0.4060703352497573,3,9,hhi_alto,False,0.2361726531068641,0.1406942347452222,0.3960331100931323,0.849564730998097,0.3339100346020761,0.2506487889273356,0.923173294260778,0.4102484776340461,9,34,baixo_baixo,False,-0.18594574801792027,0.007516633058045702,0.10416161150515979,False
50727113000161,0.4095659479742151,0.335761691470992,0.5406164415864319,0.930414785098014,0.1239669421487603,0.0144628099173553,0.9179456587317484,0.5815431801393715,9,11,hhi_alto,False,0.4095659479742151,0.335761691470992,0.5406164415864319,0.930414785098014,0.1239669421487603,0.0144628099173553,0.9140994067964004,0.5862954491496525,9,11,hhi_alto,False,0.0,0.0,-0.003846251935347933,True
50765274000140,0.4512524313415463,0.2683365751220617,0.6087442732946142,1.0000000000000002,0.2777777777777778,0.037037037037037,0.7709856998926593,0.4060703352497574,4,6,hhi_alto,False,0.3180600297755113,0.1816720357306136,0.4001088296016516,0.961856291577976,0.1875,0.025,0.7931009664590086,0.4014183565818778,6,8,baixo_baixo,False,-0.133192401566035,-0.08666453939144811,0.022115266566349323,False
50797752000101,0.959465623514223,0.9459541646856308,0.9794411980411176,1.0,0.28,0.04,0.9759082512061018,0.8505595162916384,4,5,critico,False,0.9448058921746054,0.9310073652182568,0.9718994295372914,0.9957743503063596,0.2222222222222222,0.0277777777777778,0.9703156295705516,0.8410003456651787,5,6,critico,False,-0.014659731339617621,-0.014946799467373983,-0.005592621635550188,True
50818947000182,0.3660768670400626,0.1547691560534168,0.4694741017320284,1.0,0.28,0.04,0.5826237156861044,0.6740384549972015,4,5,baixo_baixo,False,0.3520710442448092,0.1900888053060114,0.4601475362786512,0.9801340150202776,0.2222222222222222,0.0277777777777778,0.5603101705659932,0.6764904579860898,5,6,baixo_baixo,False,-0.01400582279525342,0.03531964925259462,-0.02231354512011119,True
51337970000118,0.2334427256708427,0.1695629528100796,0.4351904007471714,0.7356481047869186,0.0769230769230769,1.503427012513233e-17,0.8460266036179555,0.7515206411393913,13,13,baixo_baixo,False,0.1923799384516837,0.1385386010151293,0.3911646262156991,0.6612267077610461,0.0625,0.0,0.8177787213601181,0.7171786858281007,16,16,baixo_baixo,False,-0.041062787219159014,-0.031024351794950306,-0.028247882257837365,True
52156114000129,0.1200256090463168,0.1051107888606611,0.3062828189753661,0.50900978822869,0.0274894271434063,0.0110061970949895,0.5529739256453682,0.6372289889639998,60,102,baixo_baixo,False,0.0805590072276644,0.0693463121938555,0.1596140352525827,0.5049063399438869,0.0197959183673469,0.0078422100547536,0.5741135548457714,0.5526119326532699,83,140,baixo_baixo,False,-0.0394666018186524,-0.0357644766668056,0.021139629200403243,True
52193342000179,0.1196344500804398,0.0218160556449331,0.1398996564377691,0.5475958119280009,0.1,3.0839528461809905e-17,0.7282905913346167,0.9120889069205624,10,10,baixo_baixo,False,0.0967938383260595,0.0146841872647922,0.1111032486927132,0.4367143737982191,0.0833333333333333,1.5139404881252137e-17,0.7308315246599043,0.9147096596861284,12,12,baixo_baixo,False,-0.02284061175438029,-0.007131868380140901,0.0025409333252875976,True
52350980000156,0.1949331997996409,0.1217453088723355,0.3057901724931603,0.7741285349781637,0.0833333333333333,1.5139404881252137e-17,0.1703800109208974,0.4231258472596663,12,12,baixo_baixo,False,0.2547914462581688,0.2051108760087134,0.402997537920063,0.8235219838937371,0.0679012345679012,0.0057613168724279,0.4995732464196177,0.614810108357665,16,18,baixo_baixo,False,0.059858246458527886,0.08336556713637788,0.32919323549872026,True
52561214000130,0.4650807707631262,0.4164517499234104,0.5997870940634191,0.9724912618474144,0.0833333333333333,1.5139404881252137e-17,0.9600795353016426,0.4180253562159738,12,12,critico,False,0.4650807707631262,0.4164517499234104,0.5997870940634191,0.9724912618474144,0.0833333333333333,1.5139404881252137e-17,0.956172986211178,0.4198286074695883,12,12,critico,False,0.0,0.0,-0.003906549090464617,True
52742236000105,0.4108488089144833,0.345387565460537,0.6201157350641575,0.8829639514256687,0.1,3.0839528461809905e-17,0.8287745346797764,0.4508498433975321,10,10,hhi_alto,False,0.3762945684503582,0.3195940746731181,0.5918243906590518,0.842680765828883,0.0833333333333333,1.5139404881252137e-17,0.8189980492236347,0.4504190023320895,12,12,baixo_baixo,False,-0.034554240464125086,-0.025793490787418882,-0.009776485456141626,False
54010863000179,0.4151120730406519,0.3733343639721271,0.6320650558410124,0.8053972567837275,0.0666666666666666,0.0,0.9217539672414458,0.7630485796114196,15,15,hhi_alto,False,0.2343907368160214,0.1940955124379173,0.3621166568930513,0.8147992463406608,0.05,1.460819769243627e-17,0.9446424689187202,0.8027971889909876,20,20,oculta,True,-0.1807213362246305,-0.1792388515342098,0.02288850167727441,False
54675103000180,0.1039280418455583,0.0783259858982886,0.196275783840949,0.5702866290320154,0.0374776918500892,0.0099770544743774,0.7078772920981199,0.5107213910452778,36,41,baixo_baixo,False,0.0929053223413289,0.0702279553998621,0.1709731171571467,0.5623323004023938,0.0321361058601134,0.0079395085066162,0.7125988635252913,0.5635638290559002,41,46,baixo_baixo,False,-0.011022719504229408,-0.0080980304984265,0.004721571427171445,True
54758896000100,0.2336612664559618,0.1241843045210992,0.3009280527487729,0.8842919155758935,0.1428571428571428,0.0204081632653061,0.7086354739408431,0.408698960774413,8,14,baixo_baixo,False,0.2062124960197082,0.1495133885925445,0.2820946877457966,0.8289491442287319,0.0826446280991735,0.0171192443919716,0.6774360330016272,0.4132292832559731,15,22,baixo_baixo,False,-0.0274487704362536,0.02532908407144531,-0.031199440939215894,True
54782228000100,0.2353856978619507,0.0442321223274384,0.2823321381207328,0.9593370429364336,0.2,3.4694469519536136e-17,0.881473008086725,0.98087489241086,5,5,baixo_baixo,False,0.2353856978619507,0.0442321223274384,0.2823321381207328,0.9593370429364336,0.2,3.4694469519536136e-17,0.8756710987569665,0.9819569726309736,5,5,baixo_baixo,False,0.0,0.0,-0.005801909329758548,True
55262249000167,0.243465008593726,0.117375843359347,0.3532316363655577,0.87581502484055,0.1428571428571428,0.0,0.7814017218421827,0.4443319509529012,7,7,baixo_baixo,False,0.1368616637005748,0.0914333302111314,0.2204125030069378,0.675635849812192,0.05,1.460819769243627e-17,0.7836127558220759,0.5656710480714368,20,20,baixo_baixo,False,-0.10660334489315121,-0.025942513148215607,0.0022110339798931955,True
55555957000196,0.0428006355115538,0.0247402701438472,0.0861120748279485,0.2852930479082469,0.0200061557402277,0.0015157058485339,0.4082251764553783,0.4098557355638571,54,57,baixo_baixo,False,0.0387794592092861,0.0239914508894289,0.0776892475024553,0.2658491596041651,0.0168617337829795,0.001736529687333,0.3912385687723781,0.4048220027895205,66,71,baixo_baixo,False,-0.004021176302267705,-0.0007488192544183002,-0.0169866076830002,True
57500902000104,0.6433325939305986,0.623517738037854,0.7901101022501612,0.9727394948209368,0.099609375,0.0495876736111111,0.9915166112283272,0.4060703352497573,19,32,critico,False,0.6185300117133471,0.6011904667912266,0.7745918694644036,0.9575547045177668,0.0817901234567901,0.0400533108866442,0.9888388326658458,0.4020380839944429,23,36,critico,False,-0.024802582217251512,-0.022327271246627478,-0.0026777785624814143,True
57522468000163,0.804262964114583,0.8002683307291663,0.8958060996602841,0.9597832332691832,0.0244394053917863,0.0045300055018227,0.9208915087778736,0.4092846708605144,50,63,hhi_alto,False,0.5965456678282227,0.592062841915203,0.7705743365968453,0.8461297113101338,0.0143778554152109,0.0034264982531577,0.8465707277075062,0.4255971446082556,91,122,hhi_alto,False,-0.20771729628636026,-0.20820548881396328,-0.07432078107036744,True
57538696000121,0.0727184687204116,0.0324018804039078,0.1179922857430196,0.4318399469254966,0.0416666666666666,0.0,0.5530004186785331,0.6155689025493045,24,24,baixo_baixo,False,0.0637903834327423,0.0263419987700519,0.1049527518454104,0.3841165589868925,0.0384615384615384,0.0,0.5514112157025259,0.5976476225645834,26,26,baixo_baixo,False,-0.008928085287669293,-0.006059881633855898,-0.0015892029760071757,True
57604530000166,0.3670461263865934,0.2615538141176923,0.4771887868029912,0.9935684315754426,0.1428571428571428,0.0,0.932510476265106,0.6237453532819408,7,7,oculta,True,0.3670461263865934,0.2615538141176923,0.4771887868029912,0.9935684315754426,0.1428571428571428,0.0,0.9277052310883024,0.6183753578044854,7,7,oculta,True,0.0,0.0,-0.004805245176803585,True
57614976000171,0.1453349972499231,0.12448950937797,0.2446760305904557,0.6776684989475701,0.0243374797187669,0.0005408328826392,0.4415901821468015,0.5627448278672459,42,43,baixo_baixo,False,0.6125136465690457,0.6032877810111659,0.7780448914157433,0.913387674972088,0.0237603305785123,0.0005165289256198,0.8143328428299517,0.4404455958745419,43,44,hhi_alto,False,0.4671786493191226,0.4787982716331959,0.37274266068315015,False
59006460000170,0.2097567311689706,0.1219519235210784,0.2850357997793811,0.8551073993381433,0.1,3.0839528461809905e-17,0.8497182266742697,0.4384414914702453,10,10,baixo_baixo,False,0.1927502605584288,0.119363920609195,0.2724812761949046,0.8174438285847139,0.0887573964497041,0.0059171597633136,0.836280837647756,0.4493657362133815,12,13,baixo_baixo,False,-0.01700647061054178,-0.002588002911883408,-0.013437389026513702,True
59045351000161,0.3713507386224061,0.2141884232780075,0.448315489624068,0.999536501130124,0.2,3.4694469519536136e-17,0.9714276407774972,0.4098947837487782,5,5,oculta,True,0.3713507386224061,0.2141884232780075,0.448315489624068,0.999536501130124,0.2,3.4694469519536136e-17,0.9671803643474975,0.4052299323097931,5,5,oculta,True,0.0,0.0,-0.004247276429999669,True
59108100000189,0.3074792452428813,0.2085477088490072,0.4059985135926975,0.9543418802499865,0.125,0.0,0.6488924059029537,0.4257641342939427,8,8,baixo_baixo,False,0.2273912692754293,0.141545854750477,0.301588470902193,0.9068324408160228,0.1,3.0839528461809905e-17,0.7098813991143046,0.5916353304456075,10,10,baixo_baixo,False,-0.08008797596745199,-0.06700185409853018,0.06098899321135087,True
59118862000166,0.1432838033390429,0.0208957752446205,0.2271030403924206,0.636479191284391,0.1358024691358024,0.0123456790123456,0.6621812939855168,0.8580590290028269,8,9,baixo_baixo,False,0.1432838033390429,0.0208957752446205,0.2271030403924206,0.636479191284391,0.1358024691358024,0.0123456790123456,0.6606229801445666,0.8642081755594867,8,9,baixo_baixo,False,0.0,0.0,-0.0015583138409502872,True
59754648000104,0.4298230067658021,0.4070159270364342,0.6338603259761011,0.8648201686972268,0.0408163265306122,0.0024489795918367,0.9093693579816762,0.4863022516242836,26,28,hhi_alto,False,0.4171070733371773,0.3970073172453559,0.6243705655867263,0.8518726219830556,0.03515625,0.0018857758620689,0.8966546069336698,0.4806120125008609,30,32,hhi_alto,False,-0.012715933428624815,-0.010008609791078316,-0.012714751048006345,True
59989830000136,0.2721055610511536,0.1811187561825478,0.3936497720538836,0.8340376290947568,0.1239669421487603,0.0144628099173553,0.44209834244501,0.7297835900470299,9,11,baixo_baixo,False,0.4036978268026071,0.3540059790361577,0.5915283529507444,0.9115108941978294,0.111111111111111,0.037037037037037,0.5853047535786629,0.550457100523759,13,21,hhi_alto,False,0.1315922657514535,0.1728872228536099,0.14320641113365284,False
60269453000140,0.1045483524384903,0.0405875204698111,0.1680033340463245,0.4977256918260814,0.074074074074074,0.0079365079365079,0.959463886955336,0.4128201105608479,15,18,oculta,True,0.1045483524384903,0.0405875204698111,0.1680033340463245,0.4977256918260814,0.074074074074074,0.0079365079365079,0.9549379212215982,0.4082949708227539,15,18,oculta,True,0.0,0.0,-0.004525965733737869,True
66228909000100,0.2501926027553439,0.0002568036737918,0.2618930848455125,1.0,0.28,0.04,0.5980333031752549,0.5461142493276867,4,5,baixo_baixo,False,0.2501926027553439,0.0002568036737918,0.2618930848455125,1.0,0.28,0.04,0.5870507807862724,0.5436089359126387,4,5,baixo_baixo,False,0.0,0.0,-0.010982522388982563,True
66489741000196,0.2403143967024356,0.1643458363726791,0.4267425194895088,0.7959443050746047,0.0909090909090909,0.0,0.3178823725049848,0.5611749757763613,11,11,baixo_baixo,False,0.2403143967024356,0.1643458363726791,0.4267425194895088,0.7959443050746047,0.0909090909090909,0.0,0.3041561736143061,0.5570858232038568,11,11,baixo_baixo,False,0.0,0.0,-0.01372619889067872,True
66493396000164,0.2152559750627932,0.1171629719456424,0.3279838165879973,0.8879298718813216,0.12,0.01,0.3946161656459226,0.7867858376919052,9,10,baixo_baixo,False,0.2152559750627932,0.1171629719456424,0.3279838165879973,0.8879298718813216,0.12,0.01,0.3873270995928036,0.7835731723360065,9,10,baixo_baixo,False,0.0,0.0,-0.00728906605311902,True
67652750000119,0.1265383260813992,0.0471327193615264,0.1960875712940396,0.6263845574486135,0.0887573964497041,0.0059171597633136,0.4613356481964375,0.4303116174833647,12,13,baixo_baixo,False,0.1265383260813992,0.0471327193615264,0.1960875712940396,0.6263845574486135,0.0887573964497041,0.0059171597633136,0.4471656052727406,0.4303558398477696,12,13,baixo_baixo,False,0.0,0.0,-0.014170042923696946,True
68004118000121,0.1895826820129245,0.0545131290150786,0.2609321787426469,0.8050514124346789,0.2066115702479339,0.0743801652892562,0.4943194679170505,0.7593155727951825,7,11,baixo_baixo,False,0.2161050879011644,0.1041201004584736,0.3522342154490456,0.8324530420588839,0.1715976331360947,0.0532544378698225,0.5523395926309099,0.8161153554926124,8,13,baixo_baixo,False,0.026522405888239897,0.049606971443395,0.05802012471385942,True
71203822000118,0.3270564997452156,0.1588206246815195,0.4239640807288602,0.9472066932624847,0.2222222222222222,0.0277777777777778,0.2738707317588632,0.4308691142081416,5,6,baixo_baixo,False,0.3270564997452156,0.1588206246815195,0.4239640807288602,0.9472066932624847,0.2222222222222222,0.0277777777777778,0.262048022657102,0.4261336649417405,5,6,baixo_baixo,False,0.0,0.0,-0.011822709101761197,True
71480560000139,0.2985409893730724,0.2829530113591407,0.5166817033421172,0.7785413279178977,0.025887573964497,0.004240631163708,0.946798454265938,0.7822339832574613,46,52,oculta,True,0.2665825280622779,0.252744462554019,0.4872811346176519,0.7342402472559985,0.02392578125,0.0055092865566037,0.9392081792605472,0.7764025289744441,54,64,oculta,True,-0.031958461310794495,-0.030208548805121693,-0.007590275005390779,True
72311392000110,0.5025435521493596,0.4403614961680296,0.687947994277848,0.9520626950810186,0.1242603550295858,0.014792899408284,0.7502278628177821,0.9265269402880688,9,13,hhi_alto,False,0.5025435521493596,0.4403614961680296,0.687947994277848,0.9520626950810186,0.1242603550295858,0.014792899408284,0.75874646469035,0.9335006251364204,9,13,hhi_alto,False,0.0,0.0,0.008518601872567921,True
72519622000131,0.2828442110925999,0.1035552638657499,0.408657900583192,0.9214262309333228,0.2,3.4694469519536136e-17,0.514292165822911,0.4060703352497573,5,5,baixo_baixo,False,0.2015711256172522,0.0684996465534609,0.2940755329263542,0.8353242246912448,0.1428571428571428,0.0,0.5149446757166194,0.4281267159177373,7,7,baixo_baixo,False,-0.08127308547534767,-0.035055617312289,0.0006525098937083529,True
72962806000171,0.115800789724013,0.0973799728432633,0.2300310226373529,0.5912679276866768,0.1092468658686021,0.0906895089075313,0.8658040759807548,0.5373512047628471,49,103,baixo_baixo,False,0.1084442520038706,0.0919339603743126,0.2029179040177246,0.5828771385869962,0.0966469428007889,0.079918182482285,0.8738136651953944,0.5844361893391848,55,117,baixo_baixo,False,-0.0073565377201424,-0.005446012468950698,0.008009589214639568,True
73802134000108,0.8014155434291155,0.7517694292863943,0.8927973087608063,0.9913686463349328,0.2222222222222222,0.0277777777777778,0.9567901272243974,0.4060703352497573,5,6,critico,False,0.8014155434291155,0.7517694292863943,0.8927973087608063,0.9913686463349328,0.2222222222222222,0.0277777777777778,0.95236231947324,0.4014183565818778,5,6,critico,False,0.0,0.0,-0.004427807751157364,True
74047341000159,0.3087612204657229,0.2773412759414375,0.4200577395498476,0.940984293141364,0.0910493827160494,0.0497334455667789,0.8528573535640842,0.8067253995927329,23,36,baixo_baixo,False,0.2850981964356651,0.2612681363168538,0.4176236734867428,0.9064671907476642,0.0659722222222222,0.0348379629629629,0.8563757409477109,0.8235695178686135,31,48,baixo_baixo,False,-0.023663024030057822,-0.016073139624583677,0.003518387383626642,True
74097114000138,0.1399633126791603,0.0171009287761832,0.2377133138782057,0.5858183715671685,0.1358024691358024,0.0123456790123456,0.6344836768204107,0.9948486664312371,8,9,baixo_baixo,False,0.1384909140356414,0.093148330563833,0.1917920215858759,0.653543559606331,0.0521541950113378,0.0022675736961451,0.6462649879487169,0.496484228993362,20,21,baixo_baixo,False,-0.0014723986435188907,0.0760474017876498,0.01178131112830616,True
75123125000108,0.0894989463807076,0.0801123375805087,0.2235783134610857,0.5121108050631131,0.0285231750797523,0.0185079500805744,0.8384187619842761,0.4271588826044712,98,292,baixo_baixo,False,0.0858497361595321,0.0767082335211275,0.2186184129248893,0.5007500491055967,0.0274381718325298,0.0177125535508551,0.8279799501271348,0.4222278112105873,101,299,baixo_baixo,False,-0.0036492102211754945,-0.0034041040593811994,-0.01043881185714135,True
76568930000108,0.8983139218823863,0.8728924023529829,0.9473077838280998,0.9928652161094308,0.328719723183391,0.1608996539792387,0.9570458012932148,0.4060703352497573,5,17,critico,False,0.8956888314612391,0.8696110393265488,0.9459058841678214,0.9928757747169742,0.3271604938271605,0.1589506172839506,0.9516534492573542,0.4014183565818778,5,18,critico,False,-0.002625090421147225,-0.0032813630264341143,-0.005392352035860637,True
76878669000142,0.4949881877541866,0.4490780230045673,0.5880928174197836,0.993025473626627,0.0833333333333333,1.5139404881252137e-17,0.9909675444354512,0.4102828747871176,12,12,critico,False,0.4876844002888583,0.4556646753069119,0.5837307762347596,0.9856599389942844,0.0588235294117647,0.0,0.988999792549984,0.6706837434601377,17,17,critico,False,-0.0073037874653283374,0.00658665230234462,-0.0019677518854671616,True
78009149000129,0.2671954535760467,0.2366619308083819,0.4486265508965051,0.8223217580993156,0.04,0.0,0.8164042240917294,0.79293304268521,25,25,baixo_baixo,False,0.2671954535760467,0.2366619308083819,0.4486265508965051,0.8223217580993156,0.04,0.0,0.8094528835106831,0.7922806653212329,25,25,baixo_baixo,False,0.0,0.0,-0.006951340581046295,True
78079639000100,0.3397182985977976,0.3227879985618437,0.5710332750685956,0.7383875796289344,0.0255800118976799,0.0005948839976204,0.833920260573772,0.4952149659878205,40,41,baixo_baixo,False,0.277732893546596,0.2632875514175279,0.5143808396417197,0.6651318579375665,0.0202919188323246,0.0006977572089711,0.821073210468211,0.5562914104726578,51,53,baixo_baixo,False,-0.06198540505120159,-0.05950044714431579,-0.012847050105560975,True
78499936000104,0.2969022539173304,0.261747366613197,0.4757843873453263,0.8261059779947109,0.0520833333333333,0.0046875,0.7942456770585493,0.9175065321673744,21,24,baixo_baixo,False,0.2694404501130455,0.2376769914223083,0.4518335053821489,0.7845199838043093,0.0452674897119341,0.0037573805689747,0.8156101779927635,0.940888343734282,24,27,baixo_baixo,False,-0.027461803804284868,-0.02407037519088867,0.02136450093421416,True
78501053000183,0.1517606897505906,0.1113683416434759,0.2355376607080758,0.6919831890886913,0.0520833333333333,0.0069444444444444,0.6825684395232116,0.9192543928327344,22,24,baixo_baixo,False,0.1417606789665211,0.104445925878109,0.2270287968954068,0.6669851030123013,0.0473372781065088,0.0059171597633136,0.6845084545431868,0.9225807842145002,24,26,baixo_baixo,False,-0.010000010784069507,-0.006922415765366896,0.0019400150199752053,True
79369757000107,0.3033800622521322,0.1292250778151652,0.3633542593201675,0.9749746171116418,0.2,3.4694469519536136e-17,0.4665328798431036,0.7182899548516157,5,5,baixo_baixo,False,0.2346729726054316,0.0816075671265179,0.2710337854037882,0.9598314030863104,0.1666666666666666,3.3306690738754695e-17,0.4373617653329164,0.6437160164256319,6,6,baixo_baixo,False,-0.06870708964670061,-0.04761751068864731,-0.029171114510187224,True
79373940000186,0.5669575834769531,0.4947838473897786,0.7393678666287874,0.9648849867196978,0.1428571428571428,0.0,0.8040644123715288,0.9858278214311968,7,7,hhi_alto,False,0.4508949229854952,0.3959844152840447,0.6555824871990282,0.8910499955617432,0.0909090909090909,0.0,0.7806186010524234,0.9862261293073656,11,11,hhi_alto,False,-0.11606266049145791,-0.09879943210573389,-0.023445811319105392,True
79376760000158,0.0493361906050519,0.0323600511515706,0.1034992711301784,0.3502636603955104,0.0403804994054696,0.023244436894853,0.8717480259816771,0.9916043451897092,57,145,baixo_baixo,False,0.0480247160789801,0.032913997286583,0.1111932992547997,0.3483291594950173,0.0480908970801955,0.0329812287798811,0.8546472565218785,0.9911683609931974,64,174,baixo_baixo,False,-0.0013114745260717972,0.0005539461350124036,-0.01710076945979866,True
80636475000108,0.0569320709480311,0.0507276766779524,0.1630295400361109,0.3689706128726335,0.0175439864679263,0.0110804600631101,0.9375073743420688,0.7632578227940917,153,526,oculta,True,0.0391672932238259,0.0335153361251426,0.1079283973169817,0.2909314125854746,0.017429968707721,0.011650144994237,0.9375895633409972,0.7643072679012135,171,729,oculta,True,-0.017764777724205198,-0.017212340552809804,8.218899892842302e-05,True
80889108000116,0.2807683262051593,0.2254428128363254,0.4749771702723583,0.797197299116876,0.0714285714285714,0.0,0.7030927367355764,0.6308730058505434,14,14,baixo_baixo,False,0.2007464698995035,0.1586804946310563,0.373185648541488,0.7574580102475581,0.05,1.460819769243627e-17,0.6850897931133654,0.582058990703793,20,20,baixo_baixo,False,-0.08002185630565578,-0.0667623182052691,-0.018002943622211,True
80909245000175,0.3646258277010448,0.2057822846263059,0.4248771888551566,0.9809919911961252,0.2,3.4694469519536136e-17,0.5266086994313074,0.6360522049283549,5,5,baixo_baixo,False,0.3079184563622831,0.1925715324226636,0.3853182794397139,0.9352403654672524,0.1428571428571428,0.0,0.5506122377169443,0.6206130125566677,7,7,baixo_baixo,False,-0.05670737133876169,-0.013210752203642318,0.02400353828563695,True
80910201000165,0.4137185285280882,0.2182913713707843,0.5457522284882663,1.0,0.28,0.04,0.8556577448535595,0.4766312737039858,4,5,hhi_alto,False,0.4137185285280882,0.2182913713707843,0.5457522284882663,1.0,0.28,0.04,0.8494882877153376,0.4729912354874699,4,5,hhi_alto,False,0.0,0.0,-0.006169457138221923,True
81286254000110,0.0775144727860092,0.0532385378593253,0.1834968962299682,0.4322911063119824,0.0535659626568717,0.028659803779421,0.9084481225975738,0.9951629536039648,39,99,baixo_baixo,False,0.0702920200511926,0.0496318427189969,0.175018093702974,0.4083318261367248,0.0470914127423822,0.0259156663588796,0.912804339424741,0.9957080591326076,46,114,baixo_baixo,False,-0.007222452734816601,-0.0036066951403284017,0.0043562168271672475,True
81650525000174,0.8227127091491633,0.7783908864364542,0.9056603773584906,0.981132075471698,0.2,3.4694469519536136e-17,0.9426023732476414,0.4060703352497573,5,5,critico,False,0.7080600373224855,0.6715675419877961,0.8391643601301824,0.9300738324776188,0.1111111111111111,0.0,0.9152506654890524,0.4061607966787142,9,9,hhi_alto,False,-0.11465267182667782,-0.10682334444865804,-0.027351707758588972,False
82559154000182,0.6548779732368839,0.6333078465641891,0.8055622024193579,0.922520166616185,0.0763888888888889,0.0186631944444444,0.932121418940742,0.9815611002583198,17,24,critico,False,0.7286937741306522,0.7151284628371849,0.8520529400073651,0.9286661264955742,0.06064209274673,0.0136741973840665,0.935287307964194,0.9816590267710054,21,29,critico,False,0.07381580089376827,0.08182061627299575,0.003165889023452051,True
82568221000125,0.3685040036623748,0.3369292038454936,0.4341088333186244,0.9122555576607496,0.0562130177514793,0.0090236686390532,0.8644320252132989,0.489811926332264,21,26,baixo_baixo,False,0.1785432408976999,0.1456849705336079,0.2702874228891887,0.8084675811617434,0.0447450572320499,0.0065348595213319,0.8735033008077662,0.5200855947143402,26,31,baixo_baixo,False,-0.18996076276467488,-0.19124423331188567,0.009071275594467298,True
82636028000184,0.2470038993811713,0.2352383353090021,0.3950024275484722,0.8774945033391567,0.0232,0.0079374999999999,0.9452821957214708,0.9490221451146468,65,100,oculta,True,0.2348299551517449,0.2243481737154674,0.3849880349191686,0.8552476160452408,0.0202777777777777,0.0068569254185692,0.9454386653968044,0.956523926496911,74,120,oculta,True,-0.012173944229426387,-0.010890161593534703,0.0001564696753336703,True
82662958000102,0.1430012263635187,0.1185155471167621,0.2703228464312141,0.6471666205819522,0.0488273740868896,0.021651013346515,0.7854715207458762,0.6827865103428548,36,51,baixo_baixo,False,0.1210656071597578,0.101533731763308,0.2461302255149602,0.5892482576759288,0.0441176470588235,0.022875816993464,0.7614201080604384,0.6902338496606336,46,68,baixo_baixo,False,-0.0219356192037609,-0.016981815353454097,-0.024051412685437867,True
82702879000188,0.1456160876083142,0.1049311393991863,0.312463748592042,0.6089173785975429,0.0527999999999999,0.007695238095238,0.5003510590666954,0.9790803315596934,22,25,baixo_baixo,False,0.1093295299827321,0.0763417347969073,0.2089030214632218,0.5803621152494203,0.0413223140495867,0.0058157330884603,0.6130685456612853,0.9855821063410252,28,33,baixo_baixo,False,-0.03628655762558211,-0.028589404602279003,0.11271748659458991,True
82780008000182,0.7924997167944057,0.7717496884738463,0.8882339643791533,0.9683615503057968,0.1326530612244898,0.0459183673469387,0.9713593015093268,0.992032645698554,11,14,critico,False,0.7704801564079315,0.7561351661834272,0.87577338452871,0.954776901547045,0.08,0.0225,0.9687076580702804,0.9947555744945132,17,20,critico,False,-0.022019560386474124,-0.015614522290419042,-0.002651643439046447,True
82985003000196,0.1428605437076084,0.125003471701517,0.323186632578458,0.5898684067787549,0.0211457131872356,0.000752915545303,0.926547603883513,0.4831785521668129,49,51,oculta,True,0.1081420596232372,0.0954012319035692,0.2762442706460028,0.5041909267957085,0.014449240007506,0.0003699434361847,0.9191947476635032,0.5917531436696415,71,73,baixo_baixo,False,-0.0347184840843712,-0.029602239797947794,-0.007352856220009807,False
83108035000176,0.1493094906335625,0.1319484598301658,0.2255557683279287,0.7093008892630241,0.0214876033057851,0.0015179625569235,0.9313829403606873,0.4971120435943791,50,55,oculta,True,0.1385023038716741,0.1225486428322607,0.2165541778866695,0.6809937608215828,0.0196183821553345,0.001463167010063,0.9188271894007256,0.4902041473452964,55,61,baixo_baixo,False,-0.01080718676188841,-0.009399816997905083,-0.012555750959961642,False
83145375000177,0.0457603688029658,0.0335265273773628,0.1199036156352539,0.3483401547354643,0.037543485692453,0.025204299611587,0.8771689645767676,0.9875959484192992,79,223,baixo_baixo,False,0.0476977921252601,0.0359409747440905,0.1297956765720659,0.3509545679418869,0.0409967960128159,0.0291572502845791,0.8976873379170794,0.9945489128348798,82,265,baixo_baixo,False,0.001937423322294296,0.002414447366727697,0.020518373340311813,True
83156455000128,0.1578200140914286,0.1495633475629132,0.3125379108206699,0.6825220771274783,0.0319140001679684,0.0224229609539288,0.903509514014508,0.5770053067919599,103,378,baixo_baixo,False,0.1340371005179458,0.1267601013626345,0.285081610152635,0.6225628506996282,0.0281308214650561,0.0199638535782079,0.906096125740778,0.636551809735515,120,516,baixo_baixo,False,-0.023782913573482806,-0.02280324620027871,0.0025866117262700605,True
83158105000109,0.1684000887005533,0.154987186905401,0.3258474708127489,0.7240849666858665,0.0189919649379108,0.0031692546949739,0.8995363671713423,0.9680218171150172,63,74,baixo_baixo,False,0.1240866389852176,0.1120878258206316,0.2725316937579757,0.6104692581472048,0.0179584120982986,0.0045057876064945,0.8887880886969715,0.9419645342215084,74,92,baixo_baixo,False,-0.04431344971533571,-0.0428993610847694,-0.010748278474370876,True
83222034000158,0.2031165398067798,0.0892760454934627,0.285059841824383,0.8150681684164363,0.125,0.0,0.6859603392162792,0.9817666145349004,8,8,baixo_baixo,False,0.2901610412304559,0.2112900458116177,0.4932347438789677,0.8276011475414928,0.1242603550295858,0.0269559500328731,0.8574060622581154,0.9914118210042516,10,13,baixo_baixo,False,0.08704450142367609,0.122014000318155,0.17144572304183625,True
83684324000113,0.0642804377750958,0.0462858308092322,0.137764802843746,0.4160435067563875,0.0422116527942925,0.0237926461172596,0.9059324752609854,0.9974136299920354,53,116,baixo_baixo,False,0.0449208449145693,0.0331297442345023,0.1013805878200362,0.3255592236110393,0.0284735349716446,0.0164793810824056,0.8812807119966597,0.9965814392146124,82,184,baixo_baixo,False,-0.019359592860526506,-0.0131560865747299,-0.02465176326432572,True
83779462000186,0.3261305758319222,0.1913566909983066,0.4480519277793952,0.9532079152165752,0.1666666666666666,3.3306690738754695e-17,0.9179277311715884,0.7475964911215434,6,6,baixo_baixo,False,0.5325493417285359,0.5013859645104383,0.7181632200854097,0.91853374509164,0.0625,0.0,0.9831678911389125,0.4257517473630224,16,16,critico,False,0.20641876589661368,0.31002927351213166,0.06524015996732402,False
83788281000116,0.5775551659774861,0.5651303179180004,0.7550686984758823,0.8857352139897543,0.0433783395575984,0.015242408368116,0.8273743099572557,0.8900514897022601,35,59,hhi_alto,False,0.5360495949699019,0.5227938691118991,0.7264567678202529,0.8605251670361412,0.0422222222222222,0.0148571428571428,0.8038525684675631,0.867642237402435,36,60,hhi_alto,False,-0.04150557100758423,-0.04233644880610132,-0.02352174148969255,True
83820076000190,0.1272744116833462,0.0876050667598619,0.2338858355097384,0.6356228059334403,0.0562414266117969,0.0133433096396059,0.4846242691330128,0.633267853228265,23,27,baixo_baixo,False,0.1080788558162247,0.0762245292382327,0.2076326277511996,0.5642754430464683,0.0432098765432098,0.0090388007054673,0.4691231841184178,0.6357393155690894,29,36,baixo_baixo,False,-0.01919555586712149,-0.011380537521629208,-0.015501085014595017,True
83820894000193,0.36654735371221,0.3178202270746877,0.4432191168612863,0.9134253532825708,0.0755555555555555,0.0044444444444444,0.8656124893039081,0.981846740114641,14,15,baixo_baixo,False,0.1454375404493632,0.1112550420673377,0.2171314423227864,0.6977199031968784,0.046831955922865,0.0087052341597796,0.8194806821998478,0.9874279252023432,26,33,baixo_baixo,False,-0.2211098132628468,-0.20656518500735,-0.046131807104060285,True
83871277000117,0.5644269092213434,0.5022021819672496,0.7440681091922187,0.896105547144251,0.1358024691358024,0.0123456790123456,0.8127874577588391,0.9431250217158372,8,9,hhi_alto,False,0.3276535181051609,0.2796287693983867,0.41981836558413,0.8630332086822635,0.0703125,0.00390625,0.8448279465475008,0.9596553431176462,15,16,baixo_baixo,False,-0.2367733911161825,-0.22257341256886293,0.032040488788661725,False
84438381000185,0.587914535408557,0.5811590359890252,0.7452801234947977,0.9600937220842116,0.0190443213296398,0.0029630806956995,0.9845577422210112,0.4220941141449509,62,76,critico,False,0.5713761788798337,0.5655046196864068,0.7346410943212064,0.9524398582071206,0.0189504373177842,0.0055114022125484,0.980044935889821,0.424118677925413,74,98,critico,False,-0.016538356528723264,-0.015654416302618435,-0.004512806331190222,True
84591890000143,0.3801101594808855,0.3704243807227744,0.6042406190202106,0.7783723397497524,0.0225459590704127,0.0072732396808879,0.9125528141152494,0.8636069681050593,65,93,baixo_baixo,False,0.3542908975465446,0.3459050650471491,0.5819601448307266,0.7604793162508077,0.0202352253634304,0.0075110075110075,0.9158788054366408,0.8957989477439922,78,117,baixo_baixo,False,-0.02581926193434092,-0.02451931567562532,0.0033259913213914416,True
84703248000109,0.0989193412487005,0.0956780439150627,0.2935541783738847,0.4368160042861361,0.0094308064221105,0.0058676078840606,0.9106681631595894,0.6611982037745553,279,779,baixo_baixo,False,0.078873086485248,0.0759855413018161,0.2579962832799785,0.3926241575954787,0.0088366944007391,0.0057295993988606,0.9088634753112168,0.6823145472088418,320,958,baixo_baixo,False,-0.020046254763452495,-0.019692502613246593,-0.0018046878483726214,True
85448116000140,0.4534659133753116,0.2712878845004154,0.5853392678717413,1.0,0.28,0.04,0.6024880188542954,0.7331356985827056,4,5,hhi_alto,False,0.4178013132772763,0.2722516415965954,0.560652528548124,0.9636759108210984,0.2222222222222222,0.0277777777777778,0.571677200172432,0.7178903119474259,5,6,hhi_alto,False,-0.03566460009803529,0.0009637570961799624,-0.030810818681863417,True
85461804000140,0.2103241484675281,0.1225823871861423,0.3178798101328346,0.8349176789100928,0.1111111111111111,0.0123456790123456,0.818574036860086,0.9937327852273627,10,12,baixo_baixo,False,0.187078797580259,0.1245463973941251,0.3421208450352279,0.7404591307370971,0.0803324099722991,0.0095887492009375,0.8236540088230733,0.9932638717612812,14,19,baixo_baixo,False,-0.02324535088726909,0.0019640102079828,0.005079971962987262,True
85908309000137,0.1800095275557072,0.1572320144322546,0.3781645112924829,0.6735931687381497,0.0357627885921231,0.0089784216085709,0.7183467515743689,0.9792951918173288,37,47,baixo_baixo,False,0.268301929816983,0.2500094780624076,0.4968972303301495,0.7168250408477014,0.0452446906740535,0.0213758079409048,0.76200673627657,0.9829154194837854,41,57,baixo_baixo,False,0.08829240226127577,0.09277746363015299,0.043659984702201116,True
86050978000183,0.1963522469205406,0.168640255435042,0.3331788472738364,0.8057572191429313,0.0401662049861495,0.0070684879167064,0.9224205338073822,0.9581055249325218,30,38,oculta,True,0.1434579699334156,0.1244237025986026,0.2490641562581075,0.715329277197664,0.0261593341260404,0.0045184304399524,0.9003526915056776,0.8507254319659997,46,58,baixo_baixo,False,-0.05289427698712498,-0.044216552836439396,-0.022067842301704554,False
86446630000100,0.1563606661257304,0.0961007137061397,0.3122085124691619,0.6596136285854545,0.0802469135802469,0.0145502645502645,0.6285853034457874,0.9846130962586902,15,18,baixo_baixo,False,0.1388269951550514,0.0881697595759368,0.2914529345146892,0.6157626074212244,0.0850661625708884,0.0312465250750583,0.6554585021779168,0.988536802325633,18,23,baixo_baixo,False,-0.01753367097067901,-0.007930954130202908,0.026873198732129344,True
88368386000130,0.6036487876434814,0.5640136664078296,0.7695368301792953,0.9381923678508862,0.0972222222222222,0.0069444444444444,0.9787644638734974,0.4243387601013011,11,12,critico,False,0.6002214781709477,0.5638779761864884,0.7673439475698547,0.9355188821292338,0.0887573964497041,0.0059171597633136,0.976529585940339,0.4215125031418245,12,13,critico,False,-0.0034273094725336684,-0.00013569022134118924,-0.0022348779331583524,True
88659313000105,0.1477985475123543,0.1307545184626015,0.2416367579844478,0.7283859395112258,0.0231866825208085,0.0036504161712247,0.903325308541922,0.7338629572852409,51,58,baixo_baixo,False,0.2510854991276172,0.2424772864739116,0.4765749372585094,0.6981479877852838,0.0150815635580178,0.0037606619897192,0.9598213848595136,0.5477816788018469,88,114,oculta,True,0.10328695161526288,0.11172276801131009,0.05649607631759168,False
88892393000136,0.399685987433669,0.3621663616482733,0.4648906326342597,0.973692141446073,0.0868055555555555,0.0297309027777777,0.890046981768678,0.4520933712834415,17,24,baixo_baixo,False,0.3968726425862846,0.3667162747155988,0.4632497403086373,0.9702553676109792,0.0688775510204081,0.0223214285714285,0.8825526053914897,0.4485293614193341,21,28,hhi_alto,False,-0.002813344847384436,0.004549913067325495,-0.007494376377188305,False
89421259000110,0.0985226486632902,0.0720086089180929,0.1807164049919097,0.5608779171121893,0.0314097881665449,0.0029218407596785,0.8282033654424963,0.5464943536921449,35,37,baixo_baixo,False,0.0853690472937777,0.0619169715833618,0.1665159905733495,0.5168050015317333,0.0275824770146024,0.0026486943739512,0.8073720491745322,0.5488354375316208,40,43,baixo_baixo,False,-0.013153601369512505,-0.010091637334731098,-0.020831316267964084,True
89525901000100,0.3279840856211839,0.1935809027454207,0.4218180413559465,0.965245790711865,0.1666666666666666,3.3306690738754695e-17,0.9380573051453376,0.6063746696454272,6,6,oculta,True,0.3279840856211839,0.1935809027454207,0.4218180413559465,0.965245790711865,0.1666666666666666,3.3306690738754695e-17,0.9360197181577786,0.6060662538458035,6,6,oculta,True,0.0,0.0,-0.002037586987558959,True
89985378000103,0.1996730303359391,0.1615622222566981,0.3602492717130119,0.7287542775085413,0.06064209274673,0.0159107638299076,0.4065021518941255,0.4317950152189232,22,29,baixo_baixo,False,0.1491137847293897,0.1163873918343662,0.295566125230798,0.6604777341944121,0.0512465373961218,0.014756019603665,0.3770831029355458,0.4226567321762158,27,38,baixo_baixo,False,-0.050559245606549424,-0.04517483042233192,-0.029419048958579663,True
90896275000148,0.0806818753351262,0.0582594820506171,0.2168836708284233,0.461002683527312,0.0270720533111203,0.0033421033918793,0.4098994833151531,0.5318144840228272,42,49,baixo_baixo,False,0.0684701266163511,0.0468066411888244,0.1924104026994559,0.4094634056620588,0.0259878960484157,0.0033364517704719,0.4754819955692705,0.5369266105494066,44,53,baixo_baixo,False,-0.012211748718775103,-0.011452840861792705,0.06558251225411743,True
92032226000192,0.3138468431502225,0.2957901811278599,0.5121509514597882,0.8353338234700723,0.028664142779881,0.0031026728530357,0.9186131476624898,0.7119343100563902,39,43,baixo_baixo,False,0.3138468431502225,0.2957901811278599,0.5121509514597882,0.8353338234700723,0.028664142779881,0.0031026728530357,0.9176794410205544,0.7129254547235233,39,43,baixo_baixo,False,0.0,0.0,-0.0009337066419353723,True
93856862000100,0.2342555314688024,0.1753521108125564,0.4433975613055499,0.7167609451957545,0.0714285714285714,0.0,0.723741655343458,0.4060703352497573,14,14,baixo_baixo,False,0.2265532294811323,0.1713070315869275,0.4357617002206385,0.7044174244229079,0.0666666666666666,0.0,0.718128574562693,0.4103792213201516,15,15,baixo_baixo,False,-0.007702301987670107,-0.004045079225628884,-0.005613080780765056,True
94707684000100,0.2091750102752787,0.1372818293912131,0.3568409381518188,0.8224164078861848,0.0833333333333333,1.5139404881252137e-17,0.9590460627848996,0.4091144452607394,12,12,oculta,True,0.1803517809437178,0.1218054795825548,0.3261287354358283,0.7516335555408884,0.0666666666666666,0.0,0.950546057945534,0.4041911050438559,15,15,oculta,True,-0.028823229331560923,-0.015476349808658307,-0.008500004839365527,True
94707817000148,0.7514446281719217,0.689305785214902,0.8631373937677054,0.9840651558073654,0.2222222222222222,0.0277777777777778,0.7558966538162404,0.8906580629145622,5,6,hhi_alto,False,0.7514446281719217,0.689305785214902,0.8631373937677054,0.9840651558073654,0.2222222222222222,0.0277777777777778,0.7475231610311069,0.888456801481881,5,6,hhi_alto,False,0.0,0.0,-0.00837349278513344,True
95778502000154,0.1341315532150474,0.0764069900960505,0.2272569162627832,0.6778238990793777,0.0657439446366782,0.0034602076124567,0.7168839992941242,0.9836756649582018,16,17,baixo_baixo,False,0.0935397678554501,0.0503749948961858,0.173974632520715,0.5173217740661226,0.0486111111111111,0.0033068783068783,0.794553763881131,0.990464916945024,22,24,baixo_baixo,False,-0.040591785359597315,-0.026031995199864696,0.0776697645870068,True
95785267000148,0.2348516576391177,0.1945806922517029,0.4007814054705582,0.837352374478133,0.0623999999999999,0.0130526315789473,0.7499679389767324,0.8087149074078992,20,25,baixo_baixo,False,0.2348516576391177,0.1945806922517029,0.4007814054705582,0.837352374478133,0.0623999999999999,0.0130526315789473,0.7661536025340265,0.8083322480082421,20,25,baixo_baixo,False,0.0,0.0,0.016185663557294117,True
96484134000102,0.1579563060853396,0.1136382169319364,0.2713423072550313,0.7359076941220942,0.0589849108367626,0.0094578008808028,0.5525683478694056,0.7808009715651218,20,27,baixo_baixo,False,0.1192920985072182,0.084063782447507,0.2004833821931404,0.623037055101461,0.0448979591836734,0.0066938775510204,0.5515523922803647,0.8012828356032041,26,35,baixo_baixo,False,-0.03866420757812139,-0.02957443448442941,-0.0010159555890408845,True
