orgao_cnpj,portfolio_hhi_mai,portfolio_hhi_norm_mai,portfolio_cr1_mai,portfolio_cr4_mai,count_hhi_mai,count_hhi_norm_mai,exposicao_strength_global_mai,exposicao_degree_global_mai,n_fornecedores_mai,n_instrumentos_mai,quadrante_mai,exposicao_oculta_mai,portfolio_hhi_jun,portfolio_hhi_norm_jun,portfolio_cr1_jun,portfolio_cr4_jun,count_hhi_jun,count_hhi_norm_jun,exposicao_strength_global_jun,exposicao_degree_global_jun,n_fornecedores_jun,n_instrumentos_jun,quadrante_jun,exposicao_oculta_jun,delta_hhi,delta_hhi_norm,delta_exposicao_strength,quadrante_estavel
00091238000170,0.3303067153054515,0.246595054718633,0.4312528860261833,0.9731237932327128,0.1239669421487603,0.0144628099173553,0.7928941512263508,0.5642852833004187,9,11,baixo_baixo,False,0.3303067153054515,0.246595054718633,0.4312528860261833,0.9731237932327128,0.1239669421487603,0.0144628099173553,0.7879573378713607,0.5615495247490827,9,11,baixo_baixo,False,0.0,0.0,-0.004936813354990077,True
00118735000114,0.482405668049233,0.4084636206276949,0.67974016572561,0.8988048235642621,0.125,0.0,0.5645375633075265,0.4654146978313619,8,8,hhi_alto,False,0.482405668049233,0.4084636206276949,0.67974016572561,0.8988048235642621,0.125,0.0,0.5583930980960434,0.4630226364205698,8,8,hhi_alto,False,0.0,0.0,-0.006144465211483041,True
00202770000117,0.6949849778971577,0.6187312223714472,0.8248848249039445,0.982546689162356,0.2,3.4694469519536136e-17,0.9372761350785832,0.4117452175048804,5,5,critico,False,0.5160285226261689,0.4192342271514027,0.6929491085614969,0.9699696273599966,0.1666666666666666,3.3306690738754695e-17,0.9342668747454268,0.4911310230478846,6,6,critico,False,-0.1789564552709888,-0.1994969952200445,-0.003009260333156405,True
00204125000133,0.4451703128319597,0.4187498515382435,0.6440097587962229,0.913850699856712,0.0486111111111111,0.0033068783068783,0.7796571592869536,0.5050952657728931,22,24,hhi_alto,False,0.4451703128319597,0.4187498515382435,0.6440097587962229,0.913850699856712,0.0486111111111111,0.0033068783068783,0.7734631879124804,0.505001120485745,22,24,hhi_alto,False,0.0,0.0,-0.006193971374473195,True
00421772000105,0.5660541090014122,0.4575676362517651,0.719688290301089,0.9990614418002368,0.2244897959183673,0.0306122448979591,0.8610589530446401,0.8462417641745803,5,7,hhi_alto,False,0.1812125737566933,0.1266267453404728,0.2593851117840237,0.8006036363567505,0.075,0.0133333333333333,0.9320785423314372,0.4355354202306462,16,20,oculta,True,-0.38484153524471887,-0.3309408909112923,0.07101958928679708,False
00444435000125,0.4826939633728737,0.3533674542160921,0.6474950739981422,0.9815493424962536,0.2244897959183673,0.0306122448979591,0.7820737897734923,0.8783439423991328,5,7,hhi_alto,False,0.2852700824257914,0.1831658084866187,0.4051138876416632,0.923778572251124,0.14,0.0171428571428571,0.7181875207471254,0.6292812857858923,8,10,baixo_baixo,False,-0.1974238809470823,-0.1702016457294734,-0.06388626902636685,False
00460408000146,0.157484917144023,0.1048277244655244,0.2576357188737003,0.7300150496831697,0.0661157024793388,0.0077479338842975,0.6126367342758027,0.5490923153217235,17,22,baixo_baixo,False,0.1268202119733327,0.093236373972307,0.2431488023913243,0.6425280798783506,0.0413223140495867,0.0044500953591862,0.6406166808350311,0.7062223418820968,27,33,baixo_baixo,False,-0.030664705170690282,-0.011591350493217398,0.02797994655922842,True
00536717000152,0.0903419516776423,0.0203682556528456,0.123563122361471,0.4598221496070459,0.0714285714285714,0.0,0.6415315856405838,0.5171079966975785,14,14,baixo_baixo,False,0.0863123771695586,0.0210489755388128,0.1202815134148058,0.4476101202313961,0.0666666666666666,0.0,0.6338541480284949,0.5122307930401889,15,15,baixo_baixo,False,-0.004029574508083694,0.0006807198859672021,-0.007677437612088833,True
00569168000112,0.9811605689885692,0.9784692217012216,0.9905263642204334,0.9963079102094884,0.125,0.0,0.979413456325601,0.9872684141500152,8,8,critico,False,0.944289681876618,0.93871865006428,0.9716081015069912,0.9930149738039196,0.0909090909090909,0.0,0.9706903916586926,0.9893425469076867,11,11,critico,False,-0.03687088711195119,-0.03975057163694162,-0.008723064666908309,True
00675468000186,0.1518031152982577,0.1344929747941405,0.3398081825631773,0.6083647160204377,0.0244182706118931,0.0045084393998909,0.8785369323171911,0.5708877965008645,50,59,baixo_baixo,False,0.1509875868592134,0.1343402846407667,0.3388899506872167,0.6067207889370874,0.0233808116097823,0.0042314157589937,0.8810552586902395,0.7268849394722418,52,61,baixo_baixo,False,-0.0008155284390443107,-0.00015269015337379677,0.002518326373048385,True
00879976000186,0.0160606475716299,0.0083736213807833,0.0602464596598312,0.1420095120553165,0.0078106508875739,5.9171597633138886e-05,0.7338298875553487,0.4014183565818778,129,130,baixo_baixo,False,0.0155965741590211,0.0082502799363273,0.0562549926305959,0.1418429457042884,0.0076957899502037,0.0002905346513246,0.7317832941197299,0.3989296410860706,135,141,baixo_baixo,False,-0.00046407341260880017,-0.00012334144445600055,-0.0020465934356188598,True
00955107000193,0.3182372040148773,0.3011931341152492,0.4431123393419284,0.9358906421394468,0.0327783558792924,0.0085978147762747,0.9493969393350832,0.4089851054170996,41,62,oculta,True,0.2240746394220999,0.2158201143095691,0.3699508067479694,0.781367313312825,0.0265838786436644,0.0162283879909375,0.9269717984721229,0.4826799609350993,95,328,oculta,True,-0.09416256459277741,-0.08537301980568007,-0.022425140862960324,True
00956081000106,0.2320739326466755,0.0784887191760106,0.3101504662492376,0.8874422546367273,0.1666666666666666,3.3306690738754695e-17,0.5120898105723422,0.5665369071316149,6,6,baixo_baixo,False,0.2320739326466755,0.0784887191760106,0.3101504662492376,0.8874422546367273,0.1666666666666666,3.3306690738754695e-17,0.5330387652924302,0.5662804573296113,6,6,baixo_baixo,False,0.0,0.0,0.020948954720088064,True
00999472000108,0.0279491368162613,0.0153250996320569,0.0543194875348658,0.2172779501394634,0.0128205128205128,0.0,0.8895267040278789,0.5098980309332628,78,78,baixo_baixo,False,0.0272457073150733,0.0149323618380489,0.0534484990121121,0.2137939960484485,0.0125,3.513364001978343e-18,0.8861198435053071,0.5166812450112631,80,80,baixo_baixo,False,-0.0007034295011880028,-0.0003927377940080006,-0.003406860522571775,True
01071994000108,0.1737828224387252,0.1420052386863685,0.2736810598291108,0.7285865693290069,0.037037037037037,0.0,0.8838852405670745,0.5901513689714607,27,27,baixo_baixo,False,0.1737828224387252,0.1420052386863685,0.2736810598291108,0.7285865693290069,0.037037037037037,0.0,0.8823631799097059,0.5887038803245653,27,27,baixo_baixo,False,0.0,0.0,-0.0015220606573685957,True
01210830000106,0.1253255800432246,0.0458097236835177,0.2230622461556685,0.6075206253849843,0.0833333333333333,1.5139404881252137e-17,0.5488602270331562,0.5871260455807584,12,12,baixo_baixo,False,0.2115697380398444,0.1552532907569761,0.4167695054326653,0.6934959079218949,0.0666666666666666,0.0,0.7186349699352569,0.73455643166781,15,15,baixo_baixo,False,0.0862441579966198,0.10944356707345841,0.1697747429021007,True
01280363000190,0.516445116024835,0.5026292621969731,0.6590008145435865,0.9734623411538118,0.0375,0.01,0.9764547823318932,0.4030349397261867,36,40,critico,False,0.5072547203884036,0.4952365428369012,0.653089009481036,0.9647295452761296,0.0333884297520661,0.0098125377947994,0.9732219018081736,0.404606136247675,42,55,critico,False,-0.009190395636431425,-0.007392719360071909,-0.0032328805237196168,True
01282378000198,0.3264675749704674,0.3047407225501599,0.4356945742584251,0.8872511509951386,0.0599506459573232,0.0296264732462691,0.9509934352417204,0.988420371692752,32,83,oculta,True,0.2729473842149322,0.2527514782209025,0.3946858257210305,0.8436317356050498,0.0609121518212427,0.0348263782607217,0.9495765818430608,0.9892717410957964,37,99,oculta,True,-0.05352019075553521,-0.05198924432925739,-0.001416853398659601,True
01294821000140,0.2908090286534612,0.1135112858168265,0.411833761032771,0.9356796892630656,0.2,3.4694469519536136e-17,0.7463330555167816,0.7216033051462175,5,5,baixo_baixo,False,0.2908090286534612,0.1135112858168265,0.411833761032771,0.9356796892630656,0.2,3.4694469519536136e-17,0.7414093490437119,0.7203286798075172,5,5,baixo_baixo,False,0.0,0.0,-0.004923706473069722,True
01335616000186,0.8458034325109581,0.8072542906386976,0.9183686082914296,0.9927442658920712,0.2222222222222222,0.0277777777777778,0.8394823368269281,0.9286776547191332,5,6,hhi_alto,False,0.5983323750215647,0.540951285738931,0.762685202102185,0.9608621784830984,0.140495867768595,0.0177095631641086,0.7760702434356306,0.8610819977332572,8,11,hhi_alto,False,-0.24747105748939346,-0.26630300489976655,-0.0634120933912975,True
01349236000109,0.0850697326245563,0.04988010695627,0.1541113898992513,0.4692083872464032,0.0720888888888889,0.0364,0.9661347823758368,0.998823193447826,27,150,oculta,True,0.0797985653991157,0.0444062025298509,0.1408201779439706,0.4616215093589267,0.0732505478451424,0.0376063381468787,0.968915944160482,0.9989294309449628,27,185,oculta,True,-0.005271167225440604,-0.005473904426419103,0.0027811617846451586,True
01397083000167,0.1466578203959035,0.1229538709624564,0.3114594844226521,0.6386149523414854,0.0504785137924563,0.0241029169533579,0.8329953085390361,0.9499614551316564,37,73,baixo_baixo,False,0.2111727137642919,0.1923911117110608,0.4092515020065093,0.7198870337461833,0.0434265318262938,0.0206509730602532,0.8089384270847968,0.9113668698440348,43,82,baixo_baixo,False,0.06451489336838839,0.0694372407486044,-0.024056881454239343,True
01404511000131,0.1426669623016937,0.1181717326531707,0.2803506883397885,0.6635713975981605,0.0577420281528296,0.030820371814339,0.7361063369289741,0.536758008670956,36,59,baixo_baixo,False,0.3428284843880246,0.3250670920741874,0.5625662061347122,0.8006283820087243,0.05224609375,0.0266311233108108,0.8709507813674692,0.7106916518016232,38,64,baixo_baixo,False,0.2001615220863309,0.20689535942101667,0.13484444443849508,True
01420402000108,0.6902083991042532,0.6643924323629409,0.8279417628596837,0.9274758388148044,0.0844444444444444,0.0081481481481481,0.8423318955145528,0.4620975469133834,13,15,hhi_alto,False,0.5164917492658109,0.4910439465955904,0.7059876221794635,0.8959779643249325,0.0555555555555555,0.0058479532163742,0.8258932496730257,0.5233825405397051,20,24,hhi_alto,False,-0.17371664983844237,-0.17334848576735046,-0.0164386458415271,True
01465988000127,0.0712633816597722,0.0629710904245916,0.1908458526835808,0.4472593478821589,0.018589176154574,0.009826579513097,0.7780985131691335,0.6335084298579464,113,181,baixo_baixo,False,0.0642535314890936,0.0561867515881375,0.1522460927984147,0.4359085209830514,0.017637447135717,0.0091688044386111,0.8055192993186204,0.6419934909751159,117,204,baixo_baixo,False,-0.007009850170678594,-0.006784338836454108,0.027420786149486953,True
01494665000161,0.1825732498012632,0.1241856247870677,0.3065114816227887,0.7368088077798988,0.074074074074074,0.0079365079365079,0.6712453370504156,0.4348281855208816,15,18,baixo_baixo,False,0.1688667075487649,0.1134578213853492,0.2931075753652853,0.7045877760035466,0.0692520775623268,0.0072022160664819,0.7030839203938131,0.5551316530892535,16,19,baixo_baixo,False,-0.013706542252498288,-0.0107278034017185,0.03183858334339751,True
01600293000100,0.4190953485824656,0.3938386246077902,0.621730443060657,0.8918264777878436,0.055,0.0139130434782608,0.6895089403573158,0.6260760024289795,24,40,hhi_alto,False,0.3859821789580177,0.3655149182566183,0.5961006715941807,0.8576470095553428,0.0523356401384083,0.0207468281430219,0.6974259679021885,0.640229602990591,31,68,hhi_alto,False,-0.033113169624447936,-0.028323706351171873,0.007917027544872668,True
01610999000153,0.379511129578573,0.3231030504493524,0.5953658643055947,0.843736029178226,0.0887573964497041,0.0059171597633136,0.817486814233129,0.9947415335402404,12,13,baixo_baixo,False,0.2654354574012554,0.2129665615013451,0.3680502049065915,0.8228925887463289,0.0703125,0.00390625,0.829675278485762,0.9928763569543252,15,16,baixo_baixo,False,-0.11407567217731762,-0.11013648894800729,0.01218846425263298,True
01648573000199,0.2591457495889256,0.2385664648552847,0.486728815686303,0.6967581709012368,0.03099173553719,0.004074839302112,0.8859567334781283,0.7447417882825756,37,44,baixo_baixo,False,0.2690944537846748,0.2512674892428376,0.5012133865513716,0.6931273479446114,0.0303254437869822,0.0066748448549574,0.9008504056110502,0.7745848589736769,42,52,baixo_baixo,False,0.00994870419574917,0.012701024387552884,0.01489367213292192,True
01650166000116,0.2138000615108942,0.1576429230473867,0.4144727530102292,0.6717912538374133,0.074074074074074,0.0079365079365079,0.6717791023304875,0.4825474236048388,15,18,baixo_baixo,False,0.2138000615108942,0.1576429230473867,0.4144727530102292,0.6717912538374133,0.074074074074074,0.0079365079365079,0.6646036364013711,0.4807390411812353,15,18,baixo_baixo,False,0.0,0.0,-0.007175465929116442,True
01743462000161,0.3399855573239107,0.2079826687886928,0.4839918015407449,0.9643084316912856,0.1666666666666666,3.3306690738754695e-17,0.7471548617585969,0.9834353421249682,6,6,baixo_baixo,False,0.2100500208943957,0.1113062735061952,0.2547903411839119,0.8675149756297206,0.1239669421487603,0.0144628099173553,0.8200607591989957,0.9895481794548328,9,11,baixo_baixo,False,-0.12993553642951503,-0.0966763952824976,0.07290589744039877,True
01746653000187,0.0349112696172949,0.0289539317754263,0.1041020360887652,0.2867162545108269,0.0205458083266968,0.0144997947978492,0.9274310169250825,0.995583892748012,163,698,oculta,True,0.0546683460314397,0.0492354054913905,0.1829155217125498,0.3489672481476909,0.020253945650884,0.0146232212006017,0.9174496340426884,0.958175253093916,175,795,baixo_baixo,False,0.0197570764141448,0.020281473715964202,-0.00998138288239403,False
01815216000178,0.1694447488653912,0.1623459860351809,0.3844455395096016,0.5911605889207416,0.0095270890725436,0.0010615086372662,0.9295376138843544,0.4374408462174675,118,132,oculta,True,0.1342201712306583,0.1274562663183978,0.3361843318264494,0.5439633957736607,0.0092220598977355,0.0014816072406866,0.9286793666269976,0.4413134603681855,129,148,oculta,True,-0.03522457763473291,-0.03488971971678312,-0.0008582472573568367,True
01823752000115,0.3104101187524868,0.1954784718779012,0.4346774761433477,0.9314016845863492,0.16,0.02,0.7097156326300114,0.7318943721529946,7,10,baixo_baixo,False,0.2052672825314581,0.1059256928478903,0.3261055884531177,0.8343702229728753,0.1412742382271468,0.0339335180055401,0.8161847981796571,0.870703275889076,9,19,baixo_baixo,False,-0.10514283622102871,-0.08955277903001091,0.1064691655496457,True
01824828000127,0.091977818179969,0.0708610232539217,0.1895287908144274,0.5085059552026232,0.0408869430124991,0.0185819881988363,0.7617932960121432,0.9872984321413474,44,119,baixo_baixo,False,0.4208958445744556,0.4077343864966024,0.6367367730180343,0.8186374314261992,0.0404383975812547,0.018630179344465,0.7606257951816885,0.6131953410063103,45,126,hhi_alto,False,0.32891802639448664,0.3368733632426807,-0.001167500830454693,False
01850671000104,0.1830011271791377,0.1678715184231957,0.3568806139795005,0.712906489276929,0.041559214441579,0.023810311005312,0.8159020325594296,0.934072065827228,55,142,baixo_baixo,False,0.1585469434940581,0.1445227258856257,0.3215902664862597,0.6663128556041373,0.0430624717066545,0.0271135129017655,0.8060646773082181,0.9158680520962352,61,188,baixo_baixo,False,-0.024454183685079595,-0.023348792537569996,-0.009837355251211544,True
01877528000106,0.18778094206419,0.1631682433388624,0.3014926025280597,0.7802878656686911,0.0328707085463842,0.003563760320517,0.954587143568272,0.693133283378935,34,37,oculta,True,0.1691756727692427,0.1528849996862867,0.2856787695474013,0.7393603540778532,0.0237345095568157,0.0045920489598906,0.942633533450937,0.6931678731933163,52,69,oculta,True,-0.018605269294947296,-0.010283243652575713,-0.011953610117334978,True
01896727000161,0.6481948109908329,0.6306045515403745,0.8025791070695945,0.8884374912217909,0.0710204081632652,0.0245714285714285,0.6052255859896324,0.5190582746629903,21,35,hhi_alto,False,0.2741536516897199,0.2499587734127105,0.4755003537382989,0.7620730954993779,0.0472589792060491,0.0155009451795841,0.6001723997307719,0.5929392725505465,31,46,baixo_baixo,False,-0.374041159301113,-0.38064577812766404,-0.005053186258860531,False
01906118000146,0.7760365628393504,0.7312438754072205,0.8788132254223795,0.9737998766318926,0.1666666666666666,3.3306690738754695e-17,0.8360752708424759,0.4014183565818778,6,6,hhi_alto,False,0.5859091727998346,0.5398990808887051,0.7605486516560162,0.8774639441822156,0.1,3.0839528461809905e-17,0.7756283845061551,0.3989296410860706,10,10,hhi_alto,False,-0.19012739003951584,-0.19134479451851538,-0.06044688633632078,True
01935036000120,0.1645168841735157,0.1357071215588094,0.2774932945418303,0.7032037799730316,0.0475328202806699,0.0146891244282792,0.7594864178019203,0.9862903343629268,30,47,baixo_baixo,False,0.1272404701384932,0.1029971498645624,0.2404041217690426,0.6092150350090859,0.0455246913580247,0.019011488340192,0.7958963025578017,0.9900735895866976,37,72,baixo_baixo,False,-0.03727641403502249,-0.032709971694247,0.03640988475588147,True
01941360000150,0.1145112754506306,0.106877751963136,0.2874804771475348,0.5384213148899168,0.0218973394248857,0.0134654199371692,0.954040361623876,0.9927368811540808,117,305,oculta,True,0.0796090877053742,0.0729395883409204,0.2308245090886947,0.4465150786694153,0.0201701679472618,0.0130699517729666,0.9428228880026148,0.993505220671628,139,397,oculta,True,-0.0349021877452564,-0.03393816362221559,-0.011217473621261131,True
01977854000195,0.2769172624578531,0.2046089887036384,0.3284466253705859,0.9324113106677792,0.0972222222222222,0.0069444444444444,0.7010046502909733,0.5851605358066833,11,12,baixo_baixo,False,0.2665972648875124,0.2177037492133465,0.3220558614837739,0.9142688787729552,0.0679012345679012,0.0057613168724279,0.6867022267609616,0.5824411194616577,16,18,baixo_baixo,False,-0.010319997570340689,0.01309476050970812,-0.014302423530011654,True
02073207000111,0.2533702626219071,0.2467629198132514,0.4365262180477744,0.8039946120092738,0.0228038865754511,0.0141561333593046,0.8937565744233789,0.5288841014205152,114,369,baixo_baixo,False,0.2441531417015056,0.2375805603249969,0.4282099763206807,0.791690894552631,0.0237122843493972,0.0152228259524355,0.8918103217181008,0.5359828513467366,116,402,baixo_baixo,False,-0.0092171209204015,-0.009182359488254521,-0.0019462527052780398,True
02179215000147,0.2168178832343198,0.1189201186386098,0.3370557104442315,0.8225745897525741,0.1111111111111111,0.0,0.4533577824912054,0.5592538635182008,9,9,baixo_baixo,False,0.2701814206853613,0.1789540982710314,0.4447132198894205,0.8513872337114327,0.12,0.01,0.4959736114809832,0.6040478805630244,9,10,baixo_baixo,False,0.05336353745104147,0.0600339796324216,0.04261582898977778,True
02180700000130,0.4964367242432984,0.3285822989910645,0.5215157601808307,1.0,0.28,0.04,0.6154997230232051,0.6951909457928263,4,5,hhi_alto,False,0.3571860279696148,0.2286232335635377,0.503016806456617,0.9978491351834768,0.183673469387755,0.0204081632653061,0.5197971537097159,0.558091369608529,6,7,baixo_baixo,False,-0.13925069627368358,-0.0999590654275268,-0.0957025693134892,False
02246138000109,0.1980155426802393,0.1445499121922553,0.352453172580913,0.7803370628797031,0.1482834185536888,0.0915023131239347,0.8484519907784592,0.4014183565818778,16,37,baixo_baixo,False,0.1945424373390384,0.1408452664949743,0.346086131764598,0.7829089245105827,0.14625,0.0893333333333333,0.8447511076705153,0.3989296410860706,16,40,baixo_baixo,False,-0.003473105341200905,-0.0037046456972809894,-0.0037008831079439197,True
02247113000111,0.1938131947393742,0.1693832915496583,0.2824179248094203,0.799708798310813,0.0405624661979448,0.0114886015372765,0.8333239170542818,0.8563208384095313,34,43,baixo_baixo,False,0.1938131947393742,0.1693832915496583,0.2824179248094203,0.799708798310813,0.0405624661979448,0.0114886015372765,0.8358075486178659,0.8558984416876012,34,43,baixo_baixo,False,0.0,0.0,0.00248363156358411,True
02299772000100,0.1982636533483986,0.0980466100169484,0.343878954607978,0.7806844096141317,0.1111111111111111,0.0,0.6943204845294441,0.992434863368516,9,9,baixo_baixo,False,0.1982636533483986,0.0980466100169484,0.343878954607978,0.7806844096141317,0.1111111111111111,0.0,0.7129141378436541,0.9934087263462664,9,9,baixo_baixo,False,0.0,0.0,0.018593653314210035,True
02307876000100,0.9919611659947236,0.9903533991936684,0.995969350609912,0.9997974347381636,0.1666666666666666,3.3306690738754695e-17,0.9697773996716834,0.9220631694004764,6,6,critico,False,0.9919611659947236,0.9903533991936684,0.995969350609912,0.9997974347381636,0.1666666666666666,3.3306690738754695e-17,0.9679685369404478,0.9204068518570784,6,6,critico,False,0.0,0.0,-0.0018088627312355943,True
02316487000141,0.5409772355406915,0.523322513830718,0.7029845383612655,0.9411583373327604,0.0512465373961218,0.014756019603665,0.9795552841442944,0.5608431732245258,27,38,critico,False,0.5192918139700448,0.5051533379103402,0.6885120110488849,0.9299000478808326,0.0427777777777777,0.0146241830065359,0.975911821427728,0.5662928237207174,35,60,critico,False,-0.02168542157064679,-0.01816917592037781,-0.003643462716566348,True
02318396000145,0.3739088251284361,0.2956474282694907,0.5573020972274842,0.9097106235895932,0.1111111111111111,0.0,0.8265656385368314,0.437953181446955,9,9,baixo_baixo,False,0.3739088251284361,0.2956474282694907,0.5573020972274842,0.9097106235895932,0.1111111111111111,0.0,0.8210061693786344,0.4353660124816211,9,9,hhi_alto,False,0.0,0.0,-0.00555946915819705,False
02362976000130,0.0102364422449173,0.0022544780694731,0.0298990905693285,0.0900257086877243,0.0084233139239075,0.0004267277458745,0.3794600924801823,0.4141116382277481,125,133,baixo_baixo,False,0.0774486735898226,0.0710862506490628,0.2679410302145732,0.3338570112686234,0.0075298438934802,0.0006852221272283,0.5296035219356852,0.5420591618292973,146,165,baixo_baixo,False,0.06721223134490531,0.0688317725795897,0.15014342945550285,True
02396675000127,0.4137048052912782,0.3857859864956248,0.6188771392259278,0.8762935646618976,0.0555555555555555,0.0105820105820105,0.8437257219146467,0.8397103084225801,22,30,hhi_alto,False,0.4127352689211179,0.3860414175084414,0.6181504978883213,0.8752646833418374,0.052734375,0.009676846590909,0.8455736883736549,0.8426564323535848,23,32,hhi_alto,False,-0.0009695363701602844,0.0002554310128166093,0.001847966459008199,True
02406542000194,0.340217399533716,0.3255555639677985,0.4321818418389156,0.9340496827939128,0.0286241920590951,0.0070380629937416,0.8769390160992807,0.7206042871705427,46,57,baixo_baixo,False,0.3327860509614472,0.3188857603564773,0.4273982036530033,0.9237110815441693,0.02880859375,0.008575439453125,0.8751842709177022,0.7227985456671412,49,64,baixo_baixo,False,-0.007431348572268792,-0.00666980361132119,-0.0017547451815784765,True
02458148000108,0.1498651095904484,0.0081759611888565,0.207107696001921,0.653319726257654,0.1428571428571428,0.0,0.5101423200737224,0.5625089024724459,7,7,baixo_baixo,False,0.1498651095904484,0.0081759611888565,0.207107696001921,0.653319726257654,0.1428571428571428,0.0,0.5015599347483346,0.5595860827155824,7,7,baixo_baixo,False,0.0,0.0,-0.008582385325387798,True
02482295000105,0.4875452394273862,0.4827107605540597,0.6868225977037956,0.854073925663105,0.0200156985871271,0.0107705636681377,0.9474205190673952,0.8398859586154863,107,364,critico,False,0.3536419015694142,0.3483869576797346,0.5806268898485547,0.7693626376410437,0.0188636950621074,0.010886977135783,0.9431395868985534,0.8615423619501575,124,453,oculta,True,-0.13390333785797198,-0.1343238028743251,-0.0042809321688418445,False
02524947000127,0.2192222340529886,0.0630666808635864,0.2780917929007461,0.8659281030974452,0.1666666666666666,3.3306690738754695e-17,0.5328827014975083,0.7065271625900915,6,6,baixo_baixo,False,0.2192222340529886,0.0630666808635864,0.2780917929007461,0.8659281030974452,0.1666666666666666,3.3306690738754695e-17,0.5293381429293824,0.7048055697729614,6,6,baixo_baixo,False,0.0,0.0,-0.003544558568125855,True
02571926000162,0.347329957252579,0.1841624465657237,0.4303388918773534,0.981172673480366,0.2,3.4694469519536136e-17,0.5140533726663047,0.9657072119156102,5,5,baixo_baixo,False,0.3373189892408073,0.2047827870889687,0.4239533651298357,0.9666136724960256,0.1666666666666666,3.3306690738754695e-17,0.5764274320849403,0.9650711900848368,6,6,baixo_baixo,False,-0.010010968011771704,0.02062034052324499,0.06237405941863561,True
02581343000112,0.1668859562957242,0.114816328564207,0.3350410423286825,0.6822419491444474,0.0617283950617283,0.0030864197530864,0.3944809512966931,0.565724542511215,17,18,baixo_baixo,False,0.1450792305131761,0.1023331920388349,0.264163069387837,0.6511980538920277,0.051039697542533,0.0035916824196597,0.4011938220758994,0.5991594198593897,21,23,baixo_baixo,False,-0.02180672578254811,-0.012483136525372099,0.0067128707792062925,True
02701029000126,0.2350122666892017,0.107514311137402,0.3262972190665503,0.8705518346800274,0.1428571428571428,0.0,0.5455209004190031,0.6446117473196145,7,7,baixo_baixo,False,0.2350122666892017,0.107514311137402,0.3262972190665503,0.8705518346800274,0.1428571428571428,0.0,0.5733322567093981,0.6417192093911224,7,7,baixo_baixo,False,0.0,0.0,0.027811356290394995,True
02762633000162,0.1077981190386581,0.0843191221712543,0.2355632281309246,0.5614272706640074,0.0321412403802625,0.0066712730218484,0.8610566180505648,0.5739869004145826,39,47,baixo_baixo,False,0.0789928006736219,0.0575740285962642,0.193385507233081,0.4609034201700605,0.0281207133058984,0.0055188694292914,0.8526961950490752,0.5539108386520867,44,54,baixo_baixo,False,-0.028805318365036206,-0.0267450935749901,-0.008360423001489536,True
02920909000193,0.0670088948678088,0.0458045515693499,0.1328707402609511,0.4345014543065306,0.0234374999999999,0.0012428977272727,0.7371272482007422,0.7951702737081202,45,48,baixo_baixo,False,0.0462414159979878,0.030606029375004,0.093153474223302,0.334834621105996,0.0192901234567901,0.0032129123659178,0.7412589683419523,0.7688018502790301,62,72,baixo_baixo,False,-0.020767478869821,-0.0151985221943459,0.0041317201412101046,True
02983473000181,0.3461388532465247,0.1826735665581559,0.5232633434845327,0.9621370946198642,0.2222222222222222,0.0277777777777778,0.7286966729556392,0.4014183565818778,5,6,baixo_baixo,False,0.8353422475700001,0.8024106970840001,0.9125203303649604,0.989635923608361,0.183673469387755,0.0204081632653061,0.9626013832119268,0.3989296410860706,6,7,critico,False,0.48920339432347537,0.6197371305258442,0.23390471025628756,False
02994421000100,0.4218642903882013,0.2773303629852515,0.6114239742558326,0.9678197908286404,0.2,3.4694469519536136e-17,0.6244210103835022,0.4597718386957113,5,5,hhi_alto,False,0.138307148945454,0.0844513457545449,0.256982700113984,0.6374956316322331,0.0617283950617283,0.0030864197530864,0.5512319023993772,0.443760437581436,17,18,baixo_baixo,False,-0.28355714144274724,-0.1928790172307066,-0.07318910798412492,False
03061303000102,0.0812559614313693,0.0495751325152096,0.1650261991644366,0.4767822304965452,0.0413223140495867,0.0082644628099173,0.7114657848368069,0.4128482066964924,30,33,baixo_baixo,False,0.2851221979146543,0.2627822665994873,0.5171541616486156,0.6976360558251185,0.037037037037037,0.0069444444444444,0.8356544023880427,0.4064149781736408,33,36,baixo_baixo,False,0.203866236483285,0.2132071340842777,0.12418861755123578,True
03130778000103,0.2837917295305102,0.1644236844522618,0.4370892044430118,0.9242615468951186,0.1428571428571428,0.0,0.6449068896787227,0.6341764444951382,7,7,baixo_baixo,False,0.2837917295305102,0.1644236844522618,0.4370892044430118,0.9242615468951186,0.1428571428571428,0.0,0.6376166543882602,0.6320239875486791,7,7,baixo_baixo,False,0.0,0.0,-0.007290235290462466,True
03133862000180,0.1644277826500228,0.0947967645375247,0.2764627096981881,0.7045866506397358,0.0816326530612245,0.0051020408163265,0.1840341690227225,0.429443367244301,13,14,baixo_baixo,False,0.1644277826500228,0.0947967645375247,0.2764627096981881,0.7045866506397358,0.0816326530612245,0.0051020408163265,0.1801873400667964,0.4270737078976415,13,14,baixo_baixo,False,0.0,0.0,-0.003846828955926085,True
03183869000107,0.2516382995312229,0.1019659594374675,0.3466423646930565,0.9044706619289468,0.1666666666666666,3.3306690738754695e-17,0.622878065020717,0.4204930557079817,6,6,baixo_baixo,False,0.2187594090025405,0.0885526438362972,0.3138500548498945,0.8939897666552297,0.15625,0.015625,0.6722998616061421,0.5220458764088454,7,8,baixo_baixo,False,-0.0328788905286824,-0.013413315601170303,0.049421796585425115,True
03230443000167,0.6095285665840088,0.6032306402385895,0.7486370559322261,0.9765679320139437,0.0366805411030177,0.021143130475647,0.9819388720158192,0.4191366565134603,63,124,critico,False,0.5952469725362778,0.5910742609129405,0.739804841467536,0.9653950718259507,0.0205785123966942,0.0104813836585158,0.9834038491984908,0.5222646162405242,98,220,critico,False,-0.014281594047730994,-0.012156379325649058,0.0014649771826715785,True
03264792000108,0.1368406897860543,0.1284605023082489,0.3269426224099353,0.5678140749051437,0.0215480203582523,0.0120484865753227,0.8991733935884834,0.6279345687736044,104,246,baixo_baixo,False,0.1092343069278571,0.1020507126288882,0.2859210775456877,0.5146080701593019,0.0210029849669489,0.0131078477489404,0.8907450423704323,0.660554992016856,125,333,baixo_baixo,False,-0.027606382858197193,-0.02640978967936071,-0.008428351218051078,True
03331692000149,0.1099120062281914,0.0209032068510105,0.1491911327061071,0.5068032688065468,0.1122448979591836,0.023469387755102,0.6200435504971813,0.4223058270263944,11,14,baixo_baixo,False,0.1007774300909498,0.0190299237355816,0.1403407028191209,0.4767382996913673,0.1022222222222222,0.0206060606060606,0.6058898759201128,0.4186081614383873,12,15,baixo_baixo,False,-0.009134576137241598,-0.001873283115428899,-0.014153674577068509,True
03347877000141,0.3515226080308514,0.3291613186526049,0.5439764688087029,0.8491396902162547,0.0649430594028931,0.0326997166236825,0.8497154644441155,0.9928550670560522,30,57,baixo_baixo,False,0.294414961078418,0.2736624599336656,0.4952750324817347,0.8010561121582667,0.0598816568047337,0.0322311172989906,0.8688303514468046,0.9948677376765512,35,65,baixo_baixo,False,-0.057107646952433366,-0.05549885871893928,0.01911488700268915,True
03347885000198,0.045883224980267,0.0379322518551026,0.1072534353000631,0.3472247165538549,0.0342388789741555,0.0261908696322735,0.9288899379935042,0.9967980464024118,121,492,oculta,True,0.038390675928699,0.0314726232375386,0.0899199507060561,0.3046412020359671,0.0309594195108841,0.0239879045433365,0.9289016198344604,0.9966427791542868,140,610,oculta,True,-0.007492549051568001,-0.006459628617564002,1.1681840956234701e-05,True
03387174000147,0.1662204676383578,0.0619980260931526,0.2976042051895178,0.7103886859883796,0.1111111111111111,0.0,0.3427780371455631,0.5425551545410787,9,9,baixo_baixo,False,0.1447738525248028,0.0497487250275587,0.2682433185814102,0.6413251161560702,0.1,3.0839528461809905e-17,0.327581646147145,0.5719217437657761,10,10,baixo_baixo,False,-0.021446615113555,-0.012249301065593902,-0.015196390998418075,True
03532661000156,0.7092110910972237,0.6607462729467609,0.838632989026345,0.960582616118176,0.1851851851851851,0.0493827160493827,0.947077264541286,0.4862987354406895,7,9,critico,False,0.7092110910972237,0.6607462729467609,0.838632989026345,0.960582616118176,0.1851851851851851,0.0493827160493827,0.9451255568724786,0.4855526977843966,7,9,critico,False,0.0,0.0,-0.0019517076688074786,True
03587269000104,0.2329683925281555,0.1878488862062823,0.4270913530454138,0.7905564197467655,0.06,0.0047058823529411,0.8913535373723722,0.4384248806426526,18,20,baixo_baixo,False,0.2128607718447507,0.1735038104369883,0.4061100705059011,0.7517195585275951,0.051039697542533,0.0035916824196597,0.882179607966261,0.4347364760875937,21,23,baixo_baixo,False,-0.020107620683404798,-0.014345075769294002,-0.00917392940611117,True
03608586000160,0.3066668318993257,0.1333335398741571,0.3590640679093563,0.9928505317182296,0.2,3.4694469519536136e-17,0.967474901622093,0.9671607469747786,5,5,oculta,True,0.3066668318993257,0.1333335398741571,0.3590640679093563,0.9928505317182296,0.2,3.4694469519536136e-17,0.965928291172504,0.968053311962384,5,5,oculta,True,0.0,0.0,-0.0015466104495890365,True
03838193000142,0.7478198187302247,0.6973837824762698,0.8599783285461206,0.9879961358307104,0.1666666666666666,3.3306690738754695e-17,0.446286654387078,0.484475953420251,6,6,hhi_alto,False,0.6808700447162989,0.6409788003058363,0.8200354710898773,0.960523947996995,0.12,0.01,0.4554520371194441,0.5063123575169622,9,10,hhi_alto,False,-0.06694977401392588,-0.05640498217043344,0.009165382732366112,True
03852808000195,0.3217859939454603,0.095714658593947,0.3678568157015714,1.0,0.28,0.04,0.7000981354553819,0.7905088978566317,4,5,baixo_baixo,False,0.197300961544354,0.0367611538532248,0.2346004363568116,0.8237621721976404,0.183673469387755,0.0204081632653061,0.7481699020501839,0.8489611153273102,6,7,baixo_baixo,False,-0.12448503240110631,-0.058953504740722196,0.048071766594801946,True
03918310000188,0.1727146142350652,0.1175622551840696,0.2689049070834408,0.7479719427119161,0.0679012345679012,0.0057613168724279,0.6435265692784846,0.6459244646478262,16,18,baixo_baixo,False,0.1518988665367546,0.0988925456953018,0.2461816143403925,0.7102510658923359,0.0637119113573407,0.0051939058171745,0.6261425291016908,0.6235264428987196,17,19,baixo_baixo,False,-0.0208157476983106,-0.018669709488767797,-0.017384040176793847,True
03937163000193,0.3769848005596946,0.2879826292110796,0.4936973528481667,0.9669181409759462,0.125,0.0,0.695806778232592,0.4827325951312144,8,8,baixo_baixo,False,0.3769848005596946,0.2879826292110796,0.4936973528481667,0.9669181409759462,0.125,0.0,0.6887030725624667,0.4806548846170561,8,8,hhi_alto,False,0.0,0.0,-0.007103705670125304,False
04073373000143,0.4492845490168795,0.3574986405196927,0.6441810211298085,0.9326788334865872,0.256198347107438,0.1322314049586776,0.6542471072212002,0.8176931684299958,7,11,hhi_alto,False,0.4492845490168795,0.3574986405196927,0.6441810211298085,0.9326788334865872,0.256198347107438,0.1322314049586776,0.6828616643988799,0.8212555599985406,7,11,hhi_alto,False,0.0,0.0,0.02861455717767969,True
04124168000160,0.472820427296715,0.3410255341208937,0.6633025299666376,0.9717162003543556,0.2,3.4694469519536136e-17,0.5419309584284806,0.4420803148308354,5,5,hhi_alto,False,0.4710999804413578,0.3653199765296294,0.6620923148604192,0.9699432753744296,0.1666666666666666,3.3306690738754695e-17,0.5391284301186293,0.4467518371571704,6,6,hhi_alto,False,-0.0017204468553571606,0.024294442408735684,-0.002802528309851282,True
04200511000108,0.7593511798887724,0.7249727770157399,0.8643143175034188,0.9887517583801828,0.16,0.04,0.8239322577174805,0.9495441882581572,8,10,hhi_alto,False,0.5748533477776676,0.5421497591451805,0.7437357220265597,0.9663638202136776,0.0864197530864197,0.0161443494776828,0.8213979459635661,0.9492990168512858,14,18,hhi_alto,False,-0.18449783211110482,-0.18282301787055943,-0.0025343117539143867,True
04244520000109,0.2896097196707135,0.1475316636048562,0.3992867535252097,0.9450515790970648,0.1666666666666666,3.3306690738754695e-17,0.4407857987519337,0.7345803967487597,6,6,baixo_baixo,False,0.2896097196707135,0.1475316636048562,0.3992867535252097,0.9450515790970648,0.1666666666666666,3.3306690738754695e-17,0.4463935707168898,0.7344983253383035,6,6,baixo_baixo,False,0.0,0.0,0.005607771964956099,True
04244525000123,0.0580070076833349,0.0498863784392257,0.1422333037754998,0.415612166884331,0.0157276619125019,0.0072425555496787,0.7357207731958306,0.790079057133568,117,209,baixo_baixo,False,0.0421225465718554,0.0351814056049848,0.1071808721330375,0.329459127872817,0.0162194507432602,0.0090906061834288,0.7156154276312952,0.7200885992170739,139,252,baixo_baixo,False,-0.015884461111479502,-0.014704972834240902,-0.02010534556453547,True
04326257000199,0.2271578016667813,0.2110569225348393,0.4535863949072162,0.6563852606881045,0.0208,0.0004,0.7416437595586388,0.7460407123362139,49,50,baixo_baixo,False,0.2271578016667813,0.2110569225348393,0.4535863949072162,0.6563852606881045,0.0208,0.0004,0.7408273866211279,0.7457052240386725,49,50,baixo_baixo,False,0.0,0.0,-0.0008163729375109119,True
04402872000137,0.9999453040071768,0.9999422653409088,0.9999726516088452,0.9999772096740376,0.0526315789473684,0.0,0.917282104653464,0.4014218959258223,19,19,hhi_alto,False,0.9451010017116588,0.9423560517972416,0.97175342377731,0.9999748998592974,0.0476190476190476,0.0,0.9051899056764596,0.414389772599669,21,21,hhi_alto,False,-0.054844302295518066,-0.05758621354366722,-0.01209219897700442,True
04407139000105,0.3037811112094742,0.2167537501106585,0.4496158770505923,0.8616821847895754,0.12,0.01,0.6867351830757346,0.7224954165785129,9,10,baixo_baixo,False,0.2123312266093559,0.156069171367167,0.3176731080183869,0.8228233240147641,0.0726643598615916,0.0064260998517053,0.659251552134499,0.6641490142806331,15,17,baixo_baixo,False,-0.0914498846001183,-0.06068457874349151,-0.027483630941235515,True
04413256000181,0.2124696874958693,0.0812146354118475,0.330262229266877,0.7930550450435409,0.15625,0.015625,0.5541651689052485,0.5831968338296556,7,8,baixo_baixo,False,0.2124696874958693,0.0812146354118475,0.330262229266877,0.7930550450435409,0.15625,0.015625,0.5528492228032975,0.5820064830170065,7,8,baixo_baixo,False,0.0,0.0,-0.00131594610195096,True
04515660000166,0.3352693350154493,0.2798751129334034,0.5248865595275443,0.9051776182945064,0.0844444444444444,0.0081481481481481,0.769514101526766,0.9901195971439029,13,15,baixo_baixo,False,0.3352693350154493,0.2798751129334034,0.5248865595275443,0.9051776182945064,0.0844444444444444,0.0081481481481481,0.7758067107754912,0.9914053176784808,13,15,baixo_baixo,False,0.0,0.0,0.006292609248725212,True
04539825000130,0.2959863154581219,0.1786507013678088,0.4745334950374223,0.9107101252702938,0.1428571428571428,0.0,0.2095663344785847,0.7733954447402553,7,7,baixo_baixo,False,0.2959863154581219,0.1786507013678088,0.4745334950374223,0.9107101252702938,0.1428571428571428,0.0,0.2935945489358643,0.8478304474481985,7,7,baixo_baixo,False,0.0,0.0,0.08402821445727959,True
04603063000193,0.6082176576076145,0.4776235434768193,0.7571680390110405,1.0,0.28,0.04,0.8738641946566181,0.4087277331713862,4,5,hhi_alto,False,0.4202710641850375,0.3236495748825437,0.6045243149296897,0.9688506164404193,0.15625,0.015625,0.9285048508198092,0.400795371950652,7,8,critico,False,-0.18794659342257697,-0.1539739685942756,0.054640656163191026,False
04621712000189,0.3246752969754832,0.2683982383901068,0.4929232811904847,0.922642526219986,0.0844444444444444,0.0081481481481481,0.7215912446796521,0.5389350154830452,13,15,baixo_baixo,False,0.314334843737011,0.2653587611467976,0.4848553962417695,0.9075412436586168,0.0726643598615916,0.0064260998517053,0.7185640611505452,0.5474354274041064,15,17,baixo_baixo,False,-0.010340453238472214,-0.0030394772433092188,-0.003027183529106914,True
04691691000178,0.1654695419167422,0.1586847414445206,0.2696907320828058,0.756425715873631,0.0133096716947648,0.0052877991069174,0.9336900866358476,0.5949333756035793,124,161,oculta,True,0.1193678839567873,0.1137228062898437,0.2189757079821133,0.6336053307288303,0.0110427825166964,0.0047033131738547,0.9268226202370312,0.5802177266184605,157,213,baixo_baixo,False,-0.04610165795995491,-0.044961935154676905,-0.006867466398816413,False
04704773000100,0.2187510091545726,0.1319455657273029,0.3855604834331437,0.8179190992842049,0.1479289940828402,0.0532544378698225,0.5911234136862706,0.8975841012789306,10,13,baixo_baixo,False,0.1987152132083738,0.1185867345292112,0.3651854723235264,0.7746960215810833,0.1288888888888889,0.0417777777777777,0.5686212153509791,0.8738984086932676,11,15,baixo_baixo,False,-0.02003579594619881,-0.013358831198091697,-0.022502198335291546,True
04729502000109,0.3898406434079355,0.3633119757300196,0.5725822592429736,0.9364611479031796,0.0570987654320987,0.0161030595813204,0.7562345437282489,0.893790042601091,24,36,baixo_baixo,False,0.3130926567067792,0.2876516439922155,0.5053342451247562,0.9085680305595832,0.0495867768595041,0.0143862871135598,0.7164354951437305,0.8351974269458344,28,44,baixo_baixo,False,-0.07674798670115629,-0.07566033173780412,-0.03979904858451844,True
04739716000166,0.2553823000123483,0.1064587600148179,0.3570785829979175,0.9181204526042456,0.1666666666666666,3.3306690738754695e-17,0.5521865523544532,0.737511763514632,6,6,baixo_baixo,False,0.2553823000123483,0.1064587600148179,0.3570785829979175,0.9181204526042456,0.1666666666666666,3.3306690738754695e-17,0.5496228425144349,0.7369972603214359,6,6,baixo_baixo,False,0.0,0.0,-0.0025637098400183023,True
04755973000191,0.2929066808018686,0.1750577942688467,0.4198914328711168,0.9273091749397276,0.1428571428571428,0.0,0.7328738062877859,0.527561084549151,7,7,baixo_baixo,False,0.0553158650697534,0.045869023720451,0.1311872960832819,0.3984202890259277,0.0199980394079011,0.0101980198019802,0.9037238307046672,0.5647040552377597,101,202,baixo_baixo,False,-0.2375908157321152,-0.12918877054839573,0.17085002441688135,True
04776218000193,0.1494333189310391,0.0721090751974972,0.3014650717342375,0.6336811420476217,0.0918367346938775,0.0092764378478664,0.6492124570589717,0.7717641695257228,12,14,baixo_baixo,False,0.1351338560976386,0.0630616774391084,0.2824081526881805,0.5936233995186286,0.0844444444444444,0.0081481481481481,0.6404747266509828,0.8120367202635905,13,15,baixo_baixo,False,-0.0142994628334005,-0.009047397758388795,-0.008737730407988864,True
04794805000105,0.3383240237294746,0.2942122919781063,0.5604813144497464,0.7746840454734185,0.07,0.008,0.3313495852247429,0.52336571356425,16,20,baixo_baixo,False,0.4495194398293831,0.4151144048187196,0.6361918793858498,0.8940486859701421,0.0657596371882086,0.0073696145124716,0.6029264163022525,0.7770481233481201,17,21,hhi_alto,False,0.11119541609990846,0.12090211284061331,0.27157683107750963,False
04816835000175,0.7502691086035483,0.7003229303242581,0.8575973035229322,0.9936704062647508,0.1666666666666666,3.3306690738754695e-17,0.8997606034780916,0.4592556967087127,6,6,hhi_alto,False,0.6740506124123735,0.6197257144811025,0.8110952568470421,0.9903450517884894,0.1428571428571428,0.0,0.8951079393060736,0.4851199321941085,7,7,hhi_alto,False,-0.07621849619117482,-0.0805972158431556,-0.0046526641720180395,True
04828495000100,0.2757879671542579,0.0947349589428224,0.4110677479129043,0.948240214341978,0.2653061224489795,0.0816326530612244,0.1807814056843637,0.4969703483562951,5,7,baixo_baixo,False,0.7115571485618221,0.6538685782741865,0.8393066510439688,0.9723558097638128,0.2098765432098765,0.0518518518518518,0.5242371378741381,0.4143601788715811,6,9,hhi_alto,False,0.43576918140756415,0.5591336193313642,0.3434557321897743,False
04841899000126,0.2674975799461363,0.0233301065948484,0.3622533693825157,1.0000000000000002,0.28,0.04,0.3226319704388837,0.4014183565818778,4,5,baixo_baixo,False,0.1293592997392776,0.0326214441547529,0.1912378207980213,0.6306738527054355,0.125,0.0277777777777777,0.4186940343341198,0.4943960837827691,10,12,baixo_baixo,False,-0.13813828020685873,0.009291337559904498,0.09606206389523608,True
04846427000166,0.1556702091041334,0.1112317990569825,0.2395956838393372,0.7163024131602752,0.0927684441197955,0.0450194148629426,0.6200597070911655,0.6949634342948583,20,37,baixo_baixo,False,0.1357996583823554,0.0925896413014732,0.1999352222862599,0.7061673102730774,0.0886426592797783,0.0430747922437672,0.6070414999620622,0.6452966844287062,21,38,baixo_baixo,False,-0.019870550721778013,-0.0186421577555093,-0.013018207129103287,True
04862101000122,0.2608611062337059,0.1376712906059903,0.3999146848672283,0.8958088941025915,0.1428571428571428,0.0,0.8402979919279394,0.9518152979628636,7,7,baixo_baixo,False,0.2608611062337059,0.1376712906059903,0.3999146848672283,0.8958088941025915,0.1428571428571428,0.0,0.8406892580547612,0.9526982814066162,7,7,baixo_baixo,False,0.0,0.0,0.00039126612682183204,True
04870834000109,0.4244661419709575,0.3765049871352039,0.6321099475401715,0.8703932183538232,0.0769230769230769,1.503427012513233e-17,0.5436774731176308,0.462851366127459,13,13,hhi_alto,False,0.2574206575741936,0.2110094486725807,0.4112972832659767,0.8037413716326736,0.0588235294117647,0.0,0.6029001070178408,0.589805161879938,17,17,baixo_baixo,False,-0.16704548439676392,-0.16549553846262322,0.05922263390020999,False
04902949000138,0.2729159356703943,0.2123255969762604,0.4702938444763165,0.8065738709821574,0.0816326530612245,0.0051020408163265,0.8181604400878212,0.9238780490648296,13,14,baixo_baixo,False,0.2729159356703943,0.2123255969762604,0.4702938444763165,0.8065738709821574,0.0816326530612245,0.0051020408163265,0.8137458387523913,0.9237071771253512,13,14,baixo_baixo,False,0.0,0.0,-0.004414601335429924,True
04927953000150,0.4831277594404611,0.4361393739350486,0.673461959957766,0.9401832943412108,0.1015625,0.0198863636363636,0.9526545486878316,0.982364095037472,12,16,critico,False,0.4831277594404611,0.4361393739350486,0.673461959957766,0.9401832943412108,0.1015625,0.0198863636363636,0.9527865454447147,0.9839507494567012,12,16,critico,False,0.0,0.0,0.00013199675688313484,True
04939180000122,0.3561233899329087,0.1951542374161359,0.5132046463583217,0.9999997270188054,0.2,3.4694469519536136e-17,0.3782650940092056,0.6877236530033777,5,5,baixo_baixo,False,0.2646671026115848,0.1176005231339017,0.3984523094974075,0.9152693283280942,0.1666666666666666,3.3306690738754695e-17,0.4765406206879272,0.7521270360747183,6,6,baixo_baixo,False,-0.09145628732132388,-0.07755371428223422,0.09827552667872158,True
04973965000111,0.1745716274716944,0.0920287902188639,0.2776460372031391,0.7598321082170159,0.0909090909090909,0.0,0.771308125731397,0.4689525547244217,11,11,baixo_baixo,False,0.1123926457369236,0.0754090059759621,0.182553243816449,0.5931648473045366,0.04,0.0,0.7626771655778625,0.525860734759833,25,25,baixo_baixo,False,-0.06217898173477081,-0.016619784242901794,-0.008630960153534484,True
05002371000126,0.147947392769242,0.0704880648391731,0.2550949980398544,0.6902473096312166,0.0887573964497041,0.0059171597633136,0.8160525097666365,0.9955755049313488,12,13,baixo_baixo,False,0.743620498535489,0.7238989984228342,0.8559138073859959,0.9767123832640492,0.0864197530864197,0.0161443494776828,0.8558485114445494,0.929332252213817,14,18,hhi_alto,False,0.595673105766247,0.6534109335836611,0.03979600167791297,False
05002963000148,0.3488157423539157,0.3023025810934812,0.569573411421515,0.8068380170497689,0.0726643598615916,0.0064260998517053,0.7100636420128125,0.8388636856570567,15,17,baixo_baixo,False,0.3308271775909051,0.2890038761903367,0.5543698408442342,0.7853011642215542,0.0637119113573407,0.0051939058171745,0.6977360818714302,0.8341223717364462,17,19,baixo_baixo,False,-0.01798856476301064,-0.013298704903144498,-0.012327560141382254,True
05009757000160,0.4427764375393844,0.3313317250472614,0.5733883087356942,0.9753997919155332,0.183673469387755,0.0204081632653061,0.441899941713638,0.6997738486083398,6,7,hhi_alto,False,0.4427764375393844,0.3313317250472614,0.5733883087356942,0.9753997919155332,0.183673469387755,0.0204081632653061,0.4345501301928464,0.6977576571451382,6,7,hhi_alto,False,0.0,0.0,-0.007349811520791616,True
05029092000156,0.034827749197427,0.0291834670289909,0.0692579157607829,0.1875980154750561,0.0178165608064798,0.0120727980041785,0.9353847268733398,0.476606620659392,172,524,oculta,True,0.0312277910277175,0.0259911844927322,0.0640187355393864,0.1734067161635819,0.0173036512635441,0.0119917791082119,0.9303014126973512,0.4771613877284563,186,589,oculta,True,-0.0035999581697095037,-0.003192282536258702,-0.005083314175988618,True
05054133000164,0.3243552869917742,0.2492836522130824,0.5372118233261816,0.8143288556411852,0.1,3.0839528461809905e-17,0.752330799923456,0.4197958132850541,10,10,baixo_baixo,False,0.4491891704158052,0.3991154586354239,0.6454066909024613,0.9262171145726588,0.0833333333333333,1.5139404881252137e-17,0.9062124401746754,0.4031529033421416,12,12,hhi_alto,False,0.12483388342403101,0.1498318064223415,0.15388164025121942,False
05054229000122,0.3132753377133666,0.1415941721417082,0.4827236938537264,0.942180768675644,0.2,3.4694469519536136e-17,0.6219439190338009,0.7973533804058851,5,5,baixo_baixo,False,0.3132753377133666,0.1415941721417082,0.4827236938537264,0.942180768675644,0.2,3.4694469519536136e-17,0.630062317921683,0.8360358093911402,5,5,baixo_baixo,False,0.0,0.0,0.008118398887882128,True
05055033000152,0.612473963477779,0.5940203426910067,0.7774132495170442,0.913608231920932,0.0486111111111111,0.0033068783068783,0.9930701423277468,0.4101069927193965,22,24,critico,False,0.5670685499108263,0.5565092462501148,0.7476467448620329,0.8786269350299599,0.024793388429752,0.0010078613182826,0.9901295327524264,0.4136433059630854,42,44,critico,False,-0.04540541356695271,-0.0375110964408919,-0.0029406095753203854,True
05106805000138,0.0265484403234749,0.0124404467049745,0.0571654847933729,0.1995432703568674,0.0730578234155373,0.0596238788273567,0.7790301947968004,0.5554556788551548,70,218,baixo_baixo,False,0.0229964500489357,0.0106293165052513,0.0512618614693099,0.1789359351913099,0.07244873046875,0.0607075751582278,0.774770339818473,0.5824594131151747,80,256,baixo_baixo,False,-0.0035519902745391983,-0.0018111301997231991,-0.004259854978327371,True
05140677000149,0.3353280999094065,0.1137707998792087,0.480726924916308,1.0,0.28,0.04,0.6747200451208384,0.5008363455282591,4,5,baixo_baixo,False,0.3353280999094065,0.1137707998792087,0.480726924916308,1.0,0.28,0.04,0.6695299949888931,0.4993537172511388,4,5,baixo_baixo,False,0.0,0.0,-0.00519005013194529,True
05152243000169,0.875272568524281,0.8440907106553514,0.9343229306177734,0.9980197636262028,0.2,3.4694469519536136e-17,0.936736753601166,0.4043049854083275,5,5,critico,False,0.875272568524281,0.8440907106553514,0.9343229306177734,0.9980197636262028,0.2,3.4694469519536136e-17,0.9339436589160232,0.4018084910707098,5,5,critico,False,0.0,0.0,-0.002793094685142883,True
05156411000194,0.2161538422597303,0.0593846107116764,0.2658184194286129,0.8790703161868806,0.1666666666666666,3.3306690738754695e-17,0.4713249872532726,0.5458626240017397,6,6,baixo_baixo,False,0.2161538422597303,0.0593846107116764,0.2658184194286129,0.8790703161868806,0.1666666666666666,3.3306690738754695e-17,0.4648301495809064,0.5432193600803126,6,6,baixo_baixo,False,0.0,0.0,-0.006494837672366194,True
05160388000101,0.3478042703821789,0.1847553379777236,0.4276403930095211,0.9861127048539028,0.2,3.4694469519536136e-17,0.8442920364084994,0.9456647183517723,5,5,baixo_baixo,False,0.3478042703821789,0.1847553379777236,0.4276403930095211,0.9861127048539028,0.2,3.4694469519536136e-17,0.8393436583892837,0.9455996529163372,5,5,baixo_baixo,False,0.0,0.0,-0.00494837801921566,True
05211356000198,0.0717735064462419,0.0621044804717236,0.1500589376940375,0.4728220709523038,0.0123251417769376,0.0020368620037807,0.7036735885631523,0.5954334381895006,97,115,baixo_baixo,False,0.0629845596218479,0.0540606030468179,0.1379475334113628,0.4346601370943488,0.0118343195266272,0.0024232178078331,0.6949355818724279,0.6016521799969143,106,130,baixo_baixo,False,-0.008788946824394003,-0.008043877424905699,-0.008738006690724442,True
05298824000103,0.6731136309042477,0.6264155781762831,0.8067141011394552,0.9956896316500706,0.1358024691358024,0.0123456790123456,0.9544361840427528,0.9654310887398004,8,9,critico,False,0.6731136309042477,0.6264155781762831,0.8067141011394552,0.9956896316500706,0.1358024691358024,0.0123456790123456,0.9547708896637525,0.9660987431250284,8,9,critico,False,0.0,0.0,0.0003347056209996868,True
05322181000196,0.3898326853567221,0.2881381329161758,0.544552266441708,0.9554446751940088,0.1604938271604938,0.0205761316872427,0.8522132945997725,0.6462755497954072,7,9,baixo_baixo,False,0.3578813500677741,0.2776165188262459,0.5210153583042164,0.914147971578316,0.1239669421487603,0.0144628099173553,0.8308935178413188,0.6355430287545085,9,11,baixo_baixo,False,-0.031951335288948,-0.01052161408992991,-0.021319776758453646,True
05380490000112,0.2848877710505083,0.2252950853047173,0.4995098454469465,0.782044013378336,0.09375,0.0182291666666666,0.417256523187362,0.4818546587919436,13,16,baixo_baixo,False,0.2601126194893691,0.2138696582074547,0.4765747642614389,0.7461363268713294,0.07,0.011875,0.3969132818132825,0.4759526671646598,17,20,baixo_baixo,False,-0.024775151561139186,-0.011425427097262603,-0.0203432413740795,True
05419083000171,0.1665271342240044,0.0831798476464048,0.2687850512505896,0.7104257689604335,0.0909090909090909,0.0,0.5863579752669986,0.588605795970172,11,11,baixo_baixo,False,0.1665271342240044,0.0831798476464048,0.2687850512505896,0.7104257689604335,0.0909090909090909,0.0,0.5793745358007057,0.5874637816028332,11,11,baixo_baixo,False,0.0,0.0,-0.006983439466292873,True
05446297000137,0.0801287144534076,0.05968713033015,0.2010149204581453,0.4531987471159553,0.0501033057851239,0.0289944903581267,0.7984724906554238,0.6246563935948053,46,88,baixo_baixo,False,0.0760625540767694,0.0582945262705534,0.1956022813023929,0.4409956664770307,0.0564648758712506,0.0383199696380055,0.7841879623149554,0.6212890449121127,53,113,baixo_baixo,False,-0.004066160376638206,-0.001392604059596604,-0.01428452834046845,True
05448443000163,0.2827341445889157,0.163189835353735,0.4501284520972492,0.8969853088223191,0.18,0.0433333333333334,0.4898116667103255,0.4014183565818778,7,10,baixo_baixo,False,0.2827341445889157,0.163189835353735,0.4501284520972492,0.8969853088223191,0.18,0.0433333333333334,0.4821527340593309,0.3989296410860706,7,10,baixo_baixo,False,0.0,0.0,-0.007658932650994599,True
05469074000195,0.1449076390758942,0.0791313036201937,0.2888692488367854,0.6267431023869541,0.0714285714285714,0.0,0.7276411726755198,0.8397251695892975,14,14,baixo_baixo,False,0.1449076390758942,0.0791313036201937,0.2888692488367854,0.6267431023869541,0.0714285714285714,0.0,0.7288628840672149,0.8395509182159141,14,14,baixo_baixo,False,0.0,0.0,0.001221711391695135,True
05472936000139,0.4403449978755655,0.4216898311380843,0.6265687426398131,0.976681328706194,0.033203125,0.0009765625,0.992003666201642,0.7214234761857322,31,32,critico,False,0.3306684513652204,0.3115446928327981,0.519461618891583,0.9289317195566894,0.0284879474068663,0.0007304601899196,0.9912512788905938,0.6663410111682811,36,37,oculta,True,-0.10967654651034514,-0.11014513830528616,-0.0007523873110482082,False
05478139000169,0.6909579457807752,0.6291495349369303,0.8112106651862702,0.9985219777654172,0.183673469387755,0.0204081632653061,0.8119538571447912,0.9527374108980644,6,7,hhi_alto,False,0.6548735314717223,0.6117327229056877,0.7894914659648653,0.9906257428834608,0.1239669421487603,0.0144628099173553,0.8025043963560348,0.9440566473150644,9,11,hhi_alto,False,-0.03608441430905285,-0.017416812031242568,-0.009449460788756414,True
05499749000149,0.8138493718588629,0.7828242671686734,0.9002486937016352,0.9863724853990916,0.1428571428571428,0.0,0.6997549226560758,0.9014344006049432,7,7,hhi_alto,False,0.8138493718588629,0.7828242671686734,0.9002486937016352,0.9863724853990916,0.1428571428571428,0.0,0.7011745153016551,0.9142324351901152,7,7,hhi_alto,False,0.0,0.0,0.0014195926455793373,True
05522917000170,0.2223574569509299,0.1791550934482037,0.3268103383047234,0.8470007197395067,0.0526315789473684,0.0,0.9922884750384958,0.4430950341581515,19,19,oculta,True,0.1761221752666502,0.1431670622773162,0.2827784505358392,0.7573822089957467,0.0384615384615384,0.0,0.9903563955776352,0.4355046404881262,26,26,oculta,True,-0.046235281684279705,-0.0359880311708875,-0.001932079460860603,True
05532421000187,0.4992194993600832,0.4918550802330255,0.6962914500081389,0.8868369992912826,0.023002046004092,0.0086344290335639,0.9451517301812424,0.5603992500894271,69,127,critico,False,0.4588201938097984,0.4515069531856065,0.6664875973075871,0.84911726193441,0.0210768252726294,0.0078481337222596,0.938067813523699,0.577949509635157,75,143,critico,False,-0.040399305550284814,-0.04034812704741897,-0.0070839166575434875,True
05568854000192,0.2112011492737106,0.1394921628440479,0.3027019754907495,0.8223884146824872,0.0918367346938775,0.0092764378478664,0.7404695706995028,0.7384655533696718,12,14,baixo_baixo,False,0.1377127183822273,0.0838197632811165,0.2273096035817931,0.666746044623473,0.065,0.0065625,0.6943863771427471,0.7218735730099065,17,20,baixo_baixo,False,-0.0734884308914833,-0.05567239956293139,-0.04608319355675572,True
05593119000139,0.0415872025896578,0.0339807518165599,0.1808138562294407,0.2599309114170373,0.0099591836734693,0.002101716877227,0.8626871023223697,0.5180440241475294,127,175,baixo_baixo,False,0.0433935318412432,0.0358611974462924,0.186134401659921,0.2632037446669484,0.0100833232701364,0.0022887037683265,0.8595134482287117,0.5167494455211527,128,182,baixo_baixo,False,0.0018063292515854007,0.0018804456297325037,-0.003173654093657996,True
05604369000127,0.2976939226398478,0.1572327071678173,0.484424964376728,0.8777213474228849,0.1666666666666666,3.3306690738754695e-17,0.260655706027048,0.4833564905596974,6,6,baixo_baixo,False,0.2341718785959394,0.1065338583619293,0.4026653016027364,0.8023320318105588,0.1428571428571428,0.0,0.2865431345165566,0.5249659828886462,7,7,baixo_baixo,False,-0.06352204404390838,-0.050698848805887986,0.02588742848950859,True
05606204000194,0.2848824180057074,0.1061030225071342,0.4005071599045346,0.9568914081145584,0.2222222222222222,0.0277777777777778,0.4931548607367375,0.6394320803616965,5,6,baixo_baixo,False,0.2176977691178562,0.0873140639708322,0.3392900392784558,0.8164758906100269,0.15625,0.015625,0.4744031378117796,0.608180851541541,7,8,baixo_baixo,False,-0.0671846488878512,-0.018788958536301997,-0.01875172292495786,True
05613121000122,0.1248790315390276,0.0665376336416294,0.2713139807656889,0.5562637676788594,0.075,0.0133333333333333,0.3569550861432322,0.6110446048072579,16,20,baixo_baixo,False,0.1036808435434202,0.053885334851388,0.2423619864484981,0.4969046981784715,0.0656,0.0136888888888888,0.3812054925384832,0.5876988945036334,19,25,baixo_baixo,False,-0.021198187995607395,-0.0126522987902414,0.024250406395251,True
05628919000148,0.1105553264081412,0.05496503430865,0.1810270905453044,0.5835741734684156,0.0588235294117647,0.0,0.7204895040030009,0.4738456773230483,17,17,baixo_baixo,False,0.1105553264081412,0.05496503430865,0.1810270905453044,0.5835741734684156,0.0588235294117647,0.0,0.7146818979516391,0.4719579911626076,17,17,baixo_baixo,False,0.0,0.0,-0.00580760605136188,True
05629151000127,0.9719175969608856,0.9648969962011068,0.9858170164030288,0.9988733022777884,0.2,3.4694469519536136e-17,0.986123076042676,0.8472951538847834,5,5,critico,False,0.9719175969608856,0.9648969962011068,0.9858170164030288,0.9988733022777884,0.2,3.4694469519536136e-17,0.9850747013168568,0.8436048966315424,5,5,critico,False,0.0,0.0,-0.001048374725819201,True
05649898000147,0.2537899423231466,0.104547930787776,0.3887583534222331,0.8903298648195052,0.1666666666666666,3.3306690738754695e-17,0.1310380351675182,0.5674651890819769,6,6,baixo_baixo,False,0.2149827958686649,0.0841465951801091,0.3489837287021312,0.8093190160521558,0.1428571428571428,0.0,0.196331356479257,0.6106413179924531,7,7,baixo_baixo,False,-0.03880714645448172,-0.020401335607666896,0.06529332131173882,True
05658440000154,0.1831730671293053,0.1529202177637241,0.3530412227309999,0.7084814008049749,0.0405827263267429,0.0050487532277334,0.5048318534153519,0.6741462086436116,28,31,baixo_baixo,False,0.1831730671293053,0.1529202177637241,0.3530412227309999,0.7084814008049749,0.0405827263267429,0.0050487532277334,0.5374224677982787,0.6895524094757641,28,31,baixo_baixo,False,0.0,0.0,0.032590614382926875,True
05722202000160,0.5027058207246798,0.4032469848696158,0.6934757708234122,0.9207673516230268,0.1666666666666666,3.3306690738754695e-17,0.7996385289443353,0.814325636248243,6,6,hhi_alto,False,0.5027058207246798,0.4032469848696158,0.6934757708234122,0.9207673516230268,0.1666666666666666,3.3306690738754695e-17,0.8023050622050473,0.819420505216447,6,6,hhi_alto,False,0.0,0.0,0.0026665332607119785,True
05774805000106,0.7516847269967174,0.732583552150311,0.8650451995127633,0.9570643826109336,0.078125,0.0072115384615384,0.8585475708013649,0.9804170421762144,14,16,hhi_alto,False,0.5687162297195874,0.5447560202595645,0.7450703121301328,0.9078526530323971,0.0566893424036281,0.0042831947593852,0.866565291068527,0.9853431114134276,19,21,hhi_alto,False,-0.18296849727713005,-0.18782753189074652,0.008017720267162076,True
05806495000164,0.144253618095184,0.072941419603116,0.2331868024555635,0.6750246408189777,0.0844444444444444,0.0081481481481481,0.517040932423675,0.5514262094616718,13,15,baixo_baixo,False,0.1179485499260187,0.0591451199210866,0.1956454695535605,0.6298858385985173,0.075,0.0133333333333333,0.5295240750986536,0.5859937408563942,16,20,baixo_baixo,False,-0.026305068169165294,-0.013796299682029396,0.012483142674978631,True
05921795000194,0.1851910042257085,0.0946566713618983,0.2698224799072409,0.762084985890447,0.1,3.0839528461809905e-17,0.4966941503113775,0.4946211345603866,10,10,baixo_baixo,False,0.1345486767517801,0.0558712837292147,0.2039015417833178,0.6523602505188046,0.0887573964497041,0.0059171597633136,0.5149166970873068,0.612411327986342,12,13,baixo_baixo,False,-0.05064232747392841,-0.0387853876326836,0.018222546775929327,True
06068089000104,0.1743047896477719,0.0917352686125491,0.2598089034134956,0.7496547571435224,0.0909090909090909,0.0,0.4086982023024631,0.4526584386460356,11,11,baixo_baixo,False,0.9089208337060836,0.9019147439911668,0.9532076598483292,0.9805586444551352,0.0714285714285714,0.0,0.9443854152262674,0.4010511522209848,14,14,critico,False,0.7346160440583116,0.8101794753786177,0.5356872129238043,False
06069513000135,0.1578832988488222,0.0813272351078061,0.2287215793681896,0.7284634329218781,0.0833333333333333,1.5139404881252137e-17,0.2313159181048028,0.4700264349634619,12,12,baixo_baixo,False,0.1187315034600074,0.0557837537071507,0.1858995499566757,0.6193365400022091,0.0703125,0.00390625,0.2259622248318422,0.5279123092245126,15,16,baixo_baixo,False,-0.03915179538881482,-0.025543481400655398,-0.005353693272960591,True
06073250000138,0.0592827889649124,0.0379028523504786,0.1266689692551232,0.4011478888981781,0.0337499999999999,0.0117897727272727,0.7546224163408504,0.9150843590209512,45,80,baixo_baixo,False,0.051020909971583,0.0334472231192049,0.1036577863774945,0.3675108031742196,0.0285329517717363,0.0105428212489907,0.7892436635848112,0.9317252934913424,55,109,baixo_baixo,False,-0.008261878993329405,-0.004455629231273697,0.03462124724396087,True
06079623000188,0.3638973790678367,0.3500690612214853,0.580684859979361,0.8142079587247715,0.0212765957446808,0.0,0.9702291676009984,0.7406356689692495,47,47,oculta,True,0.3511754550471265,0.3384534051460898,0.570267345970916,0.7996010292172513,0.0192307692307692,0.0,0.9670927547778452,0.7413025381322007,52,52,oculta,True,-0.012721924020710207,-0.011615656075395497,-0.003136412823153245,True
06089125000116,0.0335400804353346,0.0249109740106501,0.0878935918738629,0.2943584566242411,0.0203510802469135,0.0116042148919753,0.895110329548111,0.9949003069297092,113,288,baixo_baixo,False,0.0301118186751155,0.0222265489082466,0.0795084242748377,0.2714323509124428,0.0187019103513111,0.0107238771021348,0.8988433511288625,0.9952615051264702,124,331,baixo_baixo,False,-0.0034282617602191014,-0.0026844251024034996,0.0037330215807515055,True
06089695000106,0.2420530621127568,0.0525663276409459,0.3069998360838136,0.9481156268237598,0.2,3.4694469519536136e-17,0.8825941577473774,0.5847345823933487,5,5,baixo_baixo,False,0.2420530621127568,0.0525663276409459,0.3069998360838136,0.9481156268237598,0.2,3.4694469519536136e-17,0.8843063696409876,0.6589237488275679,5,5,baixo_baixo,False,0.0,0.0,0.0017122118936102604,True
06091010000166,0.1994409016117536,0.1104898906797262,0.2957226403104924,0.8444793143418974,0.1,3.0839528461809905e-17,0.8974097065257162,0.4014183565818778,10,10,baixo_baixo,False,0.1994409016117536,0.1104898906797262,0.2957226403104924,0.8444793143418974,0.1,3.0839528461809905e-17,0.8931672485864515,0.3989296410860706,10,10,baixo_baixo,False,0.0,0.0,-0.004242457939264699,True
06113056000139,0.3810423398820814,0.2263029248526017,0.5640131290312631,0.9768138073333584,0.2,3.4694469519536136e-17,0.9727229656958978,0.5607791649299181,5,5,oculta,True,0.2056860752966994,0.0922126574819421,0.3669840315488616,0.775372432912407,0.125,0.0,0.9637597420266591,0.5330572690495234,8,8,oculta,True,-0.175356264585382,-0.1340902673706596,-0.008963223669238629,True
06129491000151,0.0611871667941129,0.0450007386353907,0.1452237662191604,0.4111085492954034,0.0216286834083321,0.0047602124326137,0.4857820620512549,0.6331391415118414,59,83,baixo_baixo,False,0.0513940284214936,0.0380333809344724,0.1309169669577146,0.3706079642840124,0.0186466743560169,0.0048247965300453,0.5009777405241345,0.6598206938154686,72,102,baixo_baixo,False,-0.009793138372619303,-0.006967357700918296,0.015195678472879559,True
06216559000130,0.2933175184982323,0.1755371049146043,0.392231382986505,0.9060278978261498,0.256198347107438,0.1322314049586776,0.6980677381367102,0.4377580532049834,7,11,baixo_baixo,False,0.2933175184982323,0.1755371049146043,0.392231382986505,0.9060278978261498,0.256198347107438,0.1322314049586776,0.693137593665703,0.4357313659092097,7,11,baixo_baixo,False,0.0,0.0,-0.004930144471007147,True
06217954000137,0.0984433670617537,0.0637681119487442,0.2202284687608869,0.5131531132958504,0.0667674477198286,0.0308738880167451,0.9649872861922684,0.4021912234293125,27,63,oculta,True,0.0803630912119393,0.0555080396230728,0.1840583453830639,0.4816180423483634,0.0485192186515438,0.0228035218583422,0.974242874531154,0.3993562205090468,38,138,oculta,True,-0.018080275849814406,-0.0082600723256714,0.009255588338885623,True
06231312000192,0.080912857644708,0.0731239835569513,0.1895025644510235,0.5004556169908854,0.0189858981067772,0.0106722192771736,0.9413967347445628,0.984175560044108,119,273,oculta,True,0.1810789133274811,0.1750574347490067,0.3978501965035786,0.6188419250654372,0.0188611887903849,0.0116469328256083,0.9593396464949022,0.934365158896138,137,343,oculta,True,0.1001660556827731,0.10193345119205541,0.017942911750339463,True
06698248000154,0.2601619457183006,0.2166420601723183,0.4360456536158948,0.8671941389645922,0.0581717451523545,0.002770083102493,0.96807725894103,0.6495923007653852,18,19,oculta,True,0.2657115111824096,0.2225180706637279,0.4447930483008453,0.869254066847762,0.0657596371882086,0.0108043217286914,0.9672249036330062,0.6443445264310497,18,21,oculta,True,0.0055495654641090075,0.0058760104914095945,-0.0008523553080238555,True
06894325000141,0.4919414351373214,0.4284341145294867,0.6627396807710527,0.9880268645508468,0.1111111111111111,0.0,0.9873550705451938,0.9663592512486958,9,9,critico,False,0.4854654267931967,0.4282949186591074,0.6583330361724763,0.981457342048654,0.1,3.0839528461809905e-17,0.9835967196877204,0.9631575546323246,10,10,critico,False,-0.006476008344124706,-0.00013919587037930503,-0.003758350857473336,True
06916689000185,0.3046407757377057,0.2549722597189705,0.4193456642081207,0.9027906428885872,0.074792243767313,0.0087059754649782,0.754388945924577,0.6366906759592833,15,19,baixo_baixo,False,0.2886522985638346,0.2378417484612514,0.4072323008697396,0.8784498458128014,0.075,0.0089285714285714,0.7625625528442279,0.6555529485170288,15,20,baixo_baixo,False,-0.015988477173871085,-0.017130511257719083,0.008173606919650966,True
07095193000150,0.2179359908970184,0.0875919893798548,0.3194859927752284,0.8782734924056415,0.1851851851851851,0.0493827160493827,0.8294076607045411,0.6351120770120199,7,9,baixo_baixo,False,0.1943710949217005,0.0792812513390863,0.2944527928171997,0.8331651125572178,0.1900826446280991,0.0743801652892562,0.8209253808492043,0.6445323420777841,8,11,baixo_baixo,False,-0.023564895975317912,-0.008310738040768498,-0.008482279855336783,True
07104377000130,0.0640171443974405,0.047879508956017,0.1159808313089437,0.4082463323954813,0.029198044655833,0.0124600799085197,0.5578760753956208,0.6103944200947358,59,87,baixo_baixo,False,0.0640171443974405,0.047879508956017,0.1159808313089437,0.4082463323954813,0.029198044655833,0.0124600799085197,0.5604628374608781,0.6142206722059108,59,87,baixo_baixo,False,0.0,0.0,0.0025867620652573198,True
07146181000108,0.5349297231613408,0.4186621539516759,0.6775586661460848,0.9996444036608332,0.2,3.4694469519536136e-17,0.8734344273776476,0.4303366689696006,5,5,hhi_alto,False,0.5349297231613408,0.4186621539516759,0.6775586661460848,0.9996444036608332,0.2,3.4694469519536136e-17,0.8688912942506442,0.4279999681284627,5,5,hhi_alto,False,0.0,0.0,-0.004543133127003496,True
07184109000175,0.1666666666666666,0.0277777777777778,0.2777777777777778,0.6666666666666667,0.1428571428571428,0.0,0.4976311882155277,0.4014183565818778,7,7,baixo_baixo,False,0.1666666666666666,0.0277777777777778,0.2777777777777778,0.6666666666666667,0.1428571428571428,0.0,0.502354025847913,0.4490488426266891,7,7,baixo_baixo,False,0.0,0.0,0.0047228376323852905,True
07200263000193,0.2762076537473047,0.2205313194201743,0.4952545297670405,0.7536381938452689,0.0714285714285714,0.0,0.799883702494012,0.4014183565818778,14,14,baixo_baixo,False,0.2762076537473047,0.2205313194201743,0.4952545297670405,0.7536381938452689,0.0714285714285714,0.0,0.7943590958655296,0.3989296410860706,14,14,baixo_baixo,False,0.0,0.0,-0.00552460662848242,True
07222467000125,0.3546875640381353,0.3496851420539348,0.5925336160629678,0.6595039317441317,0.0345785123966942,0.0270946248958934,0.9472834224131522,0.7461831204236632,130,275,oculta,True,0.3396392434252634,0.3350534048379389,0.5796117875907678,0.6450975113898139,0.045073919819669,0.0384424887073056,0.9445671510910212,0.7433766704179783,145,337,oculta,True,-0.015048320612871868,-0.014631737215995921,-0.0027162713221310364,True
07252975000156,0.790310842274614,0.7772052699167774,0.8862559727227495,0.9938369280283148,0.0833333333333333,0.0260416666666666,0.9718391840754572,0.402571133358301,17,24,critico,False,0.785658984857154,0.7743778787970043,0.8836417507540998,0.9909053705432634,0.0739795918367346,0.0252416756176154,0.9687182139309556,0.4009679814790575,20,28,critico,False,-0.0046518574174599925,-0.0028273911197731483,-0.0031209701445016336,True
07276220000191,0.2523808220862852,0.2224760549697366,0.4201395246190578,0.8029719381701659,0.1050347222222222,0.0692361111111111,0.7551494816505896,0.560258668499081,26,48,baixo_baixo,False,0.2520108792492439,0.2232420669126763,0.4011468436044427,0.8090966423192092,0.1364883401920438,0.1032763532763532,0.7600741367146183,0.5828172076912015,27,54,baixo_baixo,False,-0.0003699428370412816,0.0007660119429397094,0.004924655064028727,True
07314524000104,0.8150070577897639,0.7687588222372049,0.9003890967167955,0.9959696869004104,0.2,3.4694469519536136e-17,0.6210944265631706,0.4014183565818778,5,5,hhi_alto,False,0.8150070577897639,0.7687588222372049,0.9003890967167955,0.9959696869004104,0.2,3.4694469519536136e-17,0.6141533767650705,0.3989296410860705,5,5,hhi_alto,False,0.0,0.0,-0.006941049798100063,True
07343110000103,0.2177612982991308,0.1199814605865221,0.2848175089664854,0.8667207444132824,0.12,0.01,0.8339213637711824,0.8429591696138123,9,10,baixo_baixo,False,0.2043742737715226,0.1159714153016918,0.2751442192787077,0.8372842084729917,0.1074380165289256,0.0082644628099173,0.8211789316073258,0.8501082632350525,10,11,baixo_baixo,False,-0.013387024527608204,-0.004010045284830302,-0.01274243216385662,True
07349637000137,0.0634034271137606,0.0141088706460638,0.1303478608556577,0.3802479008396642,0.05,1.460819769243627e-17,0.5937613174165336,0.4624533143019899,20,20,baixo_baixo,False,0.0634034271137606,0.0141088706460638,0.1303478608556577,0.3802479008396642,0.05,1.460819769243627e-17,0.586349341051128,0.4598001227652504,20,20,baixo_baixo,False,0.0,0.0,-0.0074119763654055815,True
07381646000105,0.2065103867324994,0.1271614254057494,0.3970090779734852,0.6981930973956505,0.0972222222222222,0.0069444444444444,0.5084732698413353,0.7090548088862598,11,12,baixo_baixo,False,0.2065103867324994,0.1271614254057494,0.3970090779734852,0.6981930973956505,0.0972222222222222,0.0069444444444444,0.511380017941137,0.7079998878753309,11,12,baixo_baixo,False,0.0,0.0,0.002906748099801626,True
07420613000127,0.0682612665491312,0.0324251614164055,0.1441943746033198,0.3925766364475509,0.04,0.003076923076923,0.3881410900183186,0.640262868185085,27,30,baixo_baixo,False,0.0682612665491312,0.0324251614164055,0.1441943746033198,0.3925766364475509,0.04,0.003076923076923,0.4330490670065168,0.7036187728623569,27,30,baixo_baixo,False,0.0,0.0,0.044907976988198206,True
07460294000183,0.2130550209124448,0.185918987150805,0.3441083386961153,0.8266973512452559,0.0474799123447772,0.014634392080804,0.9375086230167232,0.9100016058686352,30,37,oculta,True,0.2130550209124448,0.185918987150805,0.3441083386961153,0.8266973512452559,0.0474799123447772,0.014634392080804,0.9389759848656878,0.9178612406232688,30,37,oculta,True,0.0,0.0,0.0014673618489645657,True
07464768000165,0.3034388082665228,0.2337826890931751,0.3914961809547548,0.8768358607518928,0.1124260355029586,0.0236686390532544,0.6743550360309377,0.8675755971404262,11,13,baixo_baixo,False,0.3034388082665228,0.2337826890931751,0.3914961809547548,0.8768358607518928,0.1124260355029586,0.0236686390532544,0.6758399805055909,0.8752523089267781,11,13,baixo_baixo,False,0.0,0.0,0.0014849444746531937,True
07505809000114,0.5024755972635813,0.3780944965794765,0.6717307723072165,0.9916812866276684,0.2,3.4694469519536136e-17,0.8589501289240367,0.4978923189548285,5,5,hhi_alto,False,0.5024755972635813,0.3780944965794765,0.6717307723072165,0.9916812866276684,0.2,3.4694469519536136e-17,0.8539868510549634,0.4951436269475782,5,5,hhi_alto,False,0.0,0.0,-0.004963277869073246,True
07556356000155,0.3123944932120311,0.2632798141557476,0.5326690169444145,0.7878085272213043,0.104,0.04,0.2957211830691202,0.7372067980078557,15,25,baixo_baixo,False,0.2851284581704287,0.2374703553817906,0.5067801097320837,0.7495192683879083,0.0946502057613168,0.0342935528120713,0.2815641533962283,0.7415211338444819,16,27,baixo_baixo,False,-0.02726603504160241,-0.02580945877395699,-0.014157029672891897,True
07556717000163,0.2574294287333732,0.2362131266971838,0.4735926027613859,0.7149924452508009,0.0408587257617728,0.0134546893549663,0.8765941565007624,0.8644980587729035,36,76,baixo_baixo,False,0.2220438836965352,0.2039518809918035,0.4388174717516737,0.6624917182344237,0.0334553717964903,0.0109775897452459,0.8644264710177515,0.8559943705946391,44,89,baixo_baixo,False,-0.03538554503683802,-0.032261245705380304,-0.012167685483010948,True
07581720000137,0.4943338669093807,0.3679173336367259,0.5708268548211075,0.9973999853795632,0.2222222222222222,0.0277777777777778,0.95775567774553,0.985686397597168,5,6,critico,False,0.4943338669093807,0.3679173336367259,0.5708268548211075,0.9973999853795632,0.2222222222222222,0.0277777777777778,0.963500899680976,0.9868422818112188,5,6,critico,False,0.0,0.0,0.00574522193544591,True
07622504000192,0.2504266762798493,0.0005689017064657,0.2607620819401496,1.0,0.28,0.04,0.6252777716899367,0.5371026704644619,4,5,baixo_baixo,False,0.2063769253485469,0.0079711566856836,0.2267573200413915,0.8695946832232958,0.2222222222222222,0.0277777777777778,0.6020460852796908,0.5171068676574533,5,6,baixo_baixo,False,-0.04404975093130242,0.0074022549792179,-0.023231686410245866,True
07633040000110,0.4137521892757376,0.3858356268602965,0.6066855617616507,0.9203851886366452,0.0454545454545454,0.0,0.9649523746812187,0.9306255354813936,22,22,critico,False,0.405132032645182,0.3780925795835994,0.6002490203148897,0.9106204970286188,0.0434782608695651,0.0,0.960553093106988,0.9253347977326244,23,23,critico,False,-0.008620156630555598,-0.007743047276697113,-0.004399281574230751,True
07676836000150,0.1477798037459189,0.0260340614239073,0.1671005729747588,0.6593919668856904,0.125,0.0,0.5864198557494631,0.4014183565818778,8,8,baixo_baixo,False,0.1477798037459189,0.0260340614239073,0.1671005729747588,0.6593919668856904,0.125,0.0,0.578610665948382,0.3989296410860706,8,8,baixo_baixo,False,0.0,0.0,-0.00780918980108114,True
07690399000129,0.1855298357840581,0.1273533954829193,0.3907840960567235,0.6108051983652438,0.0666666666666666,0.0,0.6893300887655639,0.5118641655997138,15,15,baixo_baixo,False,0.1564959388460148,0.1002623347690825,0.3293391851706905,0.6148061173928311,0.0625,0.0,0.6944894185394136,0.4929698455715526,16,16,baixo_baixo,False,-0.029033896938043313,-0.027091060713836795,0.005159329773849697,True
07711512000105,0.2163329460230402,0.0857217703602136,0.362948140188609,0.8209950741549498,0.1428571428571428,0.0,0.8182054539567298,0.4986937017566896,7,7,baixo_baixo,False,0.1976101889337027,0.0829830730670887,0.3446484404593565,0.7796008316374827,0.125,0.0,0.8193172024261297,0.5218648533804028,8,8,baixo_baixo,False,-0.018722757089337516,-0.0027386972931248976,0.0011117484693998758,True
07720960000175,0.5281098257189031,0.4606969436787463,0.6811741135355268,0.975748440451612,0.1358024691358024,0.0123456790123456,0.9245234225838944,0.5572030841878752,8,9,critico,False,0.5281098257189031,0.4606969436787463,0.6811741135355268,0.975748440451612,0.1358024691358024,0.0123456790123456,0.9215796590396614,0.5552321170487575,8,9,hhi_alto,False,0.0,0.0,-0.00294376354423298,False
07733475000136,0.1664371952789773,0.0275100611588069,0.2475897740302699,0.7246621334805354,0.1604938271604938,0.0205761316872427,0.5394896511825826,0.4675897901751127,7,9,baixo_baixo,False,0.1350496561292115,0.0389440623657906,0.2049585651960268,0.6429145753725031,0.1111111111111111,0.0123456790123456,0.5325479382807009,0.4910963013933664,10,12,baixo_baixo,False,-0.0313875391497658,0.0114340012069837,-0.006941712901881725,True
07742778000115,0.3054746415691896,0.2707483736476491,0.4915742846289668,0.9213978655699644,0.0476190476190476,0.0,0.9413545095839524,0.5444887732782366,21,21,oculta,True,0.3054746415691896,0.2707483736476491,0.4915742846289668,0.9213978655699644,0.0476190476190476,0.0,0.9396932201370436,0.5532385246644437,21,21,oculta,True,0.0,0.0,-0.001661289446908798,True
07748322000162,0.1405336350278597,0.107477236375085,0.2815052350785706,0.643161266255901,0.0462962962962963,0.0096153846153846,0.640046447759926,0.5201196432003223,27,36,baixo_baixo,False,0.1386354385321203,0.1067330473666433,0.2795489121101714,0.6386916116961556,0.0443213296398892,0.0089258233302554,0.6328421819687458,0.5206340750532391,28,38,baixo_baixo,False,-0.0018981964957394126,-0.000744189008441698,-0.0072042657911802754,True
07750478000188,0.1064508460789678,0.0988136738232325,0.2760872749143984,0.5190843041309661,0.0258421639194872,0.0175160285683717,0.7855307293864309,0.6451354337978776,118,403,baixo_baixo,False,0.0850825713759511,0.0785004316016773,0.2408364398533317,0.4561540765187329,0.024205290684807,0.0171851848623955,0.7727514399256628,0.6269244449624706,140,586,baixo_baixo,False,-0.021368274703016707,-0.0203132422215552,-0.012779289460768117,True
07777639000127,0.2128447299811737,0.1903545794092073,0.4263675793739561,0.6843709144801562,0.0477069867651585,0.0204986149584487,0.8532229011687961,0.4803079098475346,36,57,baixo_baixo,False,0.1786734865677652,0.1576138323771951,0.3874819921399643,0.6219549002642067,0.0461538461538461,0.0216962524654832,0.845688842661243,0.5529522486426758,40,65,baixo_baixo,False,-0.03417124341340852,-0.03274074703201221,-0.007534058507553065,True
07789410000102,0.1146318514293385,0.051391269388577,0.2074573743898511,0.5899569084211391,0.0666666666666666,0.0,0.6503027688471582,0.9351119609088118,15,15,baixo_baixo,False,0.4822050773461966,0.4517465524842082,0.6820412032422131,0.8639087201466823,0.0555555555555555,0.0,0.7412571717385206,0.5103606004160337,18,18,hhi_alto,False,0.3675732259168581,0.4003552830956312,0.09095440289136236,False
07791947000107,0.14129702048771,0.1082699828141604,0.3070760202923204,0.6202935609904872,0.0894970414201183,0.0544776968593536,0.7888014424391239,0.6638502465299839,27,52,baixo_baixo,False,0.0848795554290625,0.0649856327209987,0.1925111635564852,0.4977158590178009,0.0504496265813138,0.0298072271591684,0.8331480407696495,0.6323267746521255,47,81,baixo_baixo,False,-0.056417465058647503,-0.0432843500931617,0.04434659833052568,True
07793624000152,0.3393327390600336,0.2292215289033725,0.396278825585959,0.9715435873949094,0.1428571428571428,0.0,0.7149648815083656,0.4043061358590474,7,7,baixo_baixo,False,0.2238779487376665,0.0945242735272776,0.2984947744310809,0.8474094713108314,0.1604938271604938,0.0205761316872427,0.7902700243715908,0.6011756657154569,7,9,baixo_baixo,False,-0.11545479032236708,-0.1346972553760949,0.0753051428632252,True
07804588000185,0.0398548615689026,0.0250833979007318,0.0709743429628461,0.264958126694183,0.0163257646838055,0.0011923149097102,0.7587790227457927,0.5212074830619736,66,73,baixo_baixo,False,0.0383372084905929,0.0241951086154546,0.0685407258580098,0.2558730601437832,0.0156856130882104,0.0012104015159782,0.7514051299766177,0.5146240677638422,69,77,baixo_baixo,False,-0.0015176530783096998,-0.0008882892852771981,-0.0073738927691749945,True
07806941000166,0.0908621278069446,0.0430127661125732,0.1232879882412169,0.4593048858326384,0.0521541950113378,0.0022675736961451,0.9823914107630668,0.8229317385287309,20,21,oculta,True,0.0776939019356632,0.0375936368024312,0.1100802412840139,0.4100999081634804,0.0432,0.0016,0.9797733333420852,0.8222310258563809,24,25,oculta,True,-0.0131682258712814,-0.005419129310142004,-0.002618077420981635,True
07821223000169,0.0920864801459365,0.064573949241268,0.204965691186822,0.5138057593418189,0.0434225284409549,0.0144353323331051,0.9656509837756728,0.9955457806882024,34,79,oculta,True,0.0806083063577487,0.0550696482010195,0.1907983889311294,0.4756688526673856,0.0407407407407407,0.0140946502057613,0.95843579855468,0.9957544849895016,37,90,oculta,True,-0.011478173788187801,-0.009504301040248499,-0.007215185220992848,True
07852676000152,0.216840102191779,0.0602081226301348,0.3086345252656199,0.8809821855839213,0.183673469387755,0.0204081632653061,0.7196699121463827,0.4014183565818778,6,7,baixo_baixo,False,0.216840102191779,0.0602081226301348,0.3086345252656199,0.8809821855839213,0.183673469387755,0.0204081632653061,0.7120816828025648,0.3989296410860706,6,7,baixo_baixo,False,0.0,0.0,-0.007588229343817865,True
07854402000100,0.5188750177686928,0.5016919826890033,0.7087077801768494,0.9138210131350516,0.0355555555555555,0.0011111111111111,0.9844860122317454,0.4195767241545951,29,30,critico,False,0.4336936857517295,0.4170376176856039,0.645319373854268,0.8551760672980071,0.0293209876543209,0.0007716049382716,0.9812279336057016,0.4491010664739885,35,36,critico,False,-0.08518133201696332,-0.0846543650033994,-0.00325807862604377,True
07861703000153,0.859037816364266,0.849640337455217,0.9263971979989856,0.9686388052691012,0.07,0.008,0.968694349547853,0.4185675181958523,16,20,critico,False,0.7038839973003378,0.6874331082614675,0.8342638866671467,0.9527506119165644,0.0625,0.0104166666666666,0.960007452970564,0.4629430732313869,19,24,critico,False,-0.15515381906392822,-0.16220722919374952,-0.00868689657728905,True
07868234000102,0.1067381235493205,0.0819252936479127,0.1873229060218038,0.5879109265155775,0.02875,0.0017708333333333,0.8239866300145706,0.8585036501699371,37,40,baixo_baixo,False,0.3664969298258894,0.3527251239525392,0.5941646969613935,0.7670437614590493,0.024793388429752,0.003593244699964,0.926968801841098,0.9083992421168424,47,55,hhi_alto,False,0.2597588062765689,0.2707998303046265,0.10298217182652736,False
07900983000161,0.589356084284604,0.5209154316653712,0.7417923605956439,0.9846909238533808,0.15625,0.015625,0.9567551431266462,0.4032262671745124,7,8,critico,False,0.288533843350452,0.2466828929593021,0.4814071864305153,0.8386891046848013,0.0581717451523545,0.002770083102493,0.9264650543861962,0.4212398545893724,18,19,baixo_baixo,False,-0.30082224093415194,-0.2742325387060691,-0.030290088740450027,False
07918201000111,0.2501375534950018,0.1001650641940021,0.3835531993588953,0.9124994794094564,0.1666666666666666,3.3306690738754695e-17,0.8164026613009546,0.4964511224611647,6,6,baixo_baixo,False,0.2501375534950018,0.1001650641940021,0.3835531993588953,0.9124994794094564,0.1666666666666666,3.3306690738754695e-17,0.8095404352940707,0.4937063141674835,6,6,baixo_baixo,False,0.0,0.0,-0.006862226006883909,True
08013657000103,0.062659830420859,0.0133261372851147,0.0741920706179064,0.2925497246865549,0.0537190082644628,0.0039147455415397,0.6838318764738117,0.7355609997151484,20,22,baixo_baixo,False,0.062659830420859,0.0133261372851147,0.0741920706179064,0.2925497246865549,0.0537190082644628,0.0039147455415397,0.6763408530810933,0.7335669980800755,20,22,baixo_baixo,False,0.0,0.0,-0.007491023392718454,True
08036438000131,0.1903433434856538,0.1325107251632005,0.3459165530052657,0.771613809517238,0.074074074074074,0.0079365079365079,0.9127003930363684,0.4289812667690189,15,18,baixo_baixo,False,0.1614591489149613,0.105556425509292,0.2781081913048784,0.7130346797788353,0.0692520775623268,0.0072022160664819,0.9201334972958956,0.4732358563090018,16,19,baixo_baixo,False,-0.028884194570692495,-0.026954299653908498,0.007433104259527146,True
08046438000112,0.1103334554134004,0.0361945766978504,0.1420992881201408,0.5564241374541898,0.0839002267573695,0.0075585789871503,0.7165949283123589,0.4619681628297856,13,21,baixo_baixo,False,0.1008684319808274,0.0317044652101218,0.1331996853797816,0.5215755900476567,0.0785123966942148,0.0076287349014621,0.7035039625098068,0.456128136069314,14,22,baixo_baixo,False,-0.009465023432572994,-0.004490111487728599,-0.01309096580255209,True
08082743000160,0.2688891467721035,0.2453049257002358,0.453650636596586,0.8425890711493331,0.0545693622616699,0.0240715997539818,0.9212853801134236,0.4575027211198882,32,39,baixo_baixo,False,0.2628534371881025,0.2429305571121052,0.448498686506,0.8330200845961525,0.0439506172839506,0.0181114447781114,0.91597018343738,0.4678488274818052,38,45,baixo_baixo,False,-0.006035709584001014,-0.0023743685881305876,-0.005315196676043632,True
08083086000175,0.0476361104617026,0.0401371821976215,0.1762274624433163,0.3319876774745685,0.0248983611524961,0.0172203954922795,0.8791748879620275,0.624037612460018,128,398,baixo_baixo,False,0.0451931763861444,0.0383240625471958,0.1711809509986736,0.3240127480015237,0.0246671067037141,0.0176503232987048,0.8741858065192524,0.6348374774637259,140,503,baixo_baixo,False,-0.0024429340755581994,-0.0018131196504257013,-0.004989081442775101,True
08151884000197,0.9033079814797556,0.8791349768496944,0.9498494675194344,0.9990395877956354,0.2,3.4694469519536136e-17,0.9398506580450516,0.4140244788198765,5,5,critico,False,0.9033079814797556,0.8791349768496944,0.9498494675194344,0.9990395877956354,0.2,3.4694469519536136e-17,0.9383216114991052,0.4233892439035845,5,5,critico,False,0.0,0.0,-0.001529046545946433,True
08184785000101,0.1069762026947412,0.0952258895723036,0.2485449585518288,0.5450633772264609,0.0193466678312516,0.0064433345132417,0.676275802673072,0.7985095034885483,77,214,baixo_baixo,False,0.0864785322149979,0.0750595138676854,0.1831676566734634,0.5322440123928794,0.0186008164250236,0.0063333266303364,0.721230159541327,0.796582021934831,81,223,baixo_baixo,False,-0.020497670479743296,-0.020166375704618197,0.044954356868255,True
08184821000137,0.1580119491559888,0.1550048489744031,0.3527757237896781,0.6183603505205303,0.0109795819291323,0.0074473661503077,0.9629733234099376,0.792244746792191,281,729,oculta,True,0.1388094270121831,0.1359097954533016,0.3293729175123686,0.5773389124880515,0.0127232474675614,0.0093990833176205,0.9620415104369614,0.8039317849003417,298,868,oculta,True,-0.01920252214380569,-0.019095053521101496,-0.0009318129729761759,True
08259606000158,0.0596051781189033,0.0517027006241042,0.1280863478155815,0.4016670427654157,0.0289015146121387,0.0207410231382911,0.9659877764144604,0.6524547927970613,120,459,oculta,True,0.0551515233412857,0.0478834581362187,0.1213199567493385,0.384946912931738,0.0265917663891779,0.0191040107460177,0.9623692995126274,0.6507760963581946,131,496,oculta,True,-0.004453654777617597,-0.0038192424878855033,-0.0036184769018330343,True
08281643000162,0.1257504698962669,0.120838955682201,0.2443781667367134,0.6168004184782239,0.018202604069769,0.0126868883622958,0.9461758920841516,0.6406902501093235,179,609,oculta,True,0.1189008715255278,0.1142389713748692,0.237351876268331,0.5990663509912663,0.0179169595020125,0.0127207529385311,0.9411016436603052,0.6461284954555735,190,662,oculta,True,-0.0068495983707391045,-0.006599984307331802,-0.005074248423846406,True
08289417000128,0.0431229878178362,0.0345024741945734,0.1196698226469604,0.3139033966927166,0.0279787978414439,0.0192218500742497,0.9443143092439508,0.997456224995069,112,323,oculta,True,0.0430946999714765,0.0355600125696771,0.1049960804950448,0.3304037060422469,0.0261419132433208,0.0184737393318509,0.9467243136224056,0.9976448065790338,128,354,oculta,True,-2.828784635970638e-05,0.0010575383751037018,0.002410004378454844,True
08311485000146,0.2213598909814727,0.1564732152299287,0.3549126524213759,0.8514657416373924,0.0816326530612245,0.0051020408163265,0.9102789962974804,0.6674315112073815,13,14,baixo_baixo,False,0.1898045951141654,0.1421460418855869,0.3260931046640435,0.7823251870884464,0.0581717451523545,0.002770083102493,0.8941064258538184,0.6658593310132871,18,19,baixo_baixo,False,-0.03155529586730732,-0.014327173344341804,-0.01617257044366205,True
08325807000106,0.1558862390154337,0.0352985588747813,0.220494516659976,0.7052154660463053,0.14,0.0171428571428571,0.6256106193972643,0.7595007245978418,8,10,baixo_baixo,False,0.1558862390154337,0.0352985588747813,0.220494516659976,0.7052154660463053,0.14,0.0171428571428571,0.620115901710825,0.7595278037444214,8,10,baixo_baixo,False,0.0,0.0,-0.005494717686439277,True
08345495000100,0.048530945236856,0.0384089340159715,0.1281618412861472,0.3349396950394087,0.0319281529196612,0.0216295162485938,0.8815456684176547,0.9019170170289332,95,293,baixo_baixo,False,0.0406535793477638,0.0314290945338,0.0983395347509632,0.2882826622456628,0.0282017389019794,0.01885752485296,0.9038307406224791,0.925526681593652,105,349,baixo_baixo,False,-0.0078773658890922,-0.006979839482171499,0.022285072204824452,True
08351513000159,0.1098455024112224,0.0811308411986812,0.2789711136791404,0.4546404289254609,0.0387143900657414,0.0077051768420556,0.857498975616579,0.5793310492023505,32,37,baixo_baixo,False,0.1077290594404425,0.0806905460901528,0.2762054296059514,0.4501331816455395,0.0361604207758053,0.0069531607993146,0.8551072066392812,0.6082583759655797,34,39,baixo_baixo,False,-0.002116442970779897,-0.0004402951085284018,-0.002391768977297759,True
08361788000173,0.8119065888758801,0.7805576870218601,0.8997044546706477,0.9809460632178983,0.1428571428571428,0.0,0.938117246613524,0.4215007876186165,7,7,critico,False,0.7473565769029638,0.7157761490158342,0.8627102496525118,0.9439703245662332,0.1111111111111111,0.0,0.939201721616857,0.8179464006744609,9,9,critico,False,-0.06455001197291632,-0.06478153800602593,0.0010844750033329742,True
08418330000103,0.8596210237862683,0.8552341807795891,0.9268573417206464,0.960948538925449,0.0423638305446778,0.012437700249199,0.9869725273490196,0.9280167164451892,33,53,critico,False,0.8371715449738825,0.8326485323342679,0.9145998769449356,0.956099743344056,0.0386444708680142,0.011940150614348,0.9847500565481188,0.9204551885572592,37,58,critico,False,-0.022449478812385792,-0.022585648445321183,-0.0022224708009008776,True
08418353000118,0.0931025034197661,0.0233411575289789,0.1550886525510144,0.4815270028730173,0.0714285714285714,0.0,0.5744281523950275,0.6039268212765854,14,14,baixo_baixo,False,0.0931025034197661,0.0233411575289789,0.1550886525510144,0.4815270028730173,0.0714285714285714,0.0,0.568186463102953,0.6021927900974751,14,14,baixo_baixo,False,0.0,0.0,-0.0062416892920745815,True
08434600000170,0.3829968389168562,0.2801629787363322,0.5718658698240516,0.9339784066017738,0.1428571428571428,0.0,0.7039125069060628,0.8645031848393393,7,7,baixo_baixo,False,0.3745349145898838,0.2851827595312958,0.565417179406871,0.923446325709519,0.125,0.0,0.7036225205811126,0.8638127559040784,8,8,hhi_alto,False,-0.008461924326972403,0.005019780794963569,-0.0002899863249501422,False
08438054000145,0.0491741008623153,0.0333270025433539,0.1155343935737764,0.3413599525889622,0.0318549001676573,0.0157191485037849,0.93282749302361,0.997448014710101,61,162,oculta,True,0.0480378193493231,0.0333922473393127,0.1140735853966375,0.3389343766127757,0.032015065913371,0.0171229900043459,0.9363523705387288,0.9976856081848507,66,177,oculta,True,-0.0011362815129922002,6.524479595880484e-05,0.003524877515118763,True
08451635000117,0.4599071471946372,0.3998968302162636,0.661442952097452,0.8996995840313811,0.1074380165289256,0.0082644628099173,0.9171281342098332,0.458383784066831,10,11,hhi_alto,False,0.193681095934449,0.1638174328209101,0.3694793668848085,0.7155253783361817,0.0385015608740894,0.0028905075731298,0.9064207512056284,0.5541344493536497,28,31,baixo_baixo,False,-0.2662260512601882,-0.2360793973953535,-0.010707383004204818,False
08451643000163,0.4958839072141536,0.445472297935569,0.6940314641796204,0.8619271421191541,0.0909090909090909,0.0,0.857380903092816,0.4014183565818778,11,11,hhi_alto,False,0.4958839072141536,0.445472297935569,0.6940314641796204,0.8619271421191541,0.0909090909090909,0.0,0.8530525214550513,0.3989296410860706,11,11,hhi_alto,False,0.0,0.0,-0.004328381637764722,True
08543762000146,0.1599966084155471,0.0999963661595147,0.3236936878090654,0.6597762689851802,0.0933967876264128,0.0286394153140137,0.961812408370334,0.9978847480600392,15,41,oculta,True,0.2240324464210332,0.1755344743223477,0.3967028466656427,0.7869560835427816,0.0836776859504132,0.026407541322314,0.8398697836856907,0.8427209806895308,17,44,baixo_baixo,False,0.0640358380054861,0.075538108162833,-0.12194262468464334,False
08565566000172,0.5347406898515267,0.3796542531353689,0.6874110882926259,1.0000000000000002,0.3061224489795918,0.0748299319727891,0.8917313907133709,0.8399848308005002,4,7,hhi_alto,False,0.5347406898515267,0.3796542531353689,0.6874110882926259,1.0000000000000002,0.3061224489795918,0.0748299319727891,0.9036089786325904,0.8850291484487357,4,7,hhi_alto,False,0.0,0.0,0.011877587919219446,True
08595042000124,0.0744375030475071,0.068652737441554,0.1612226248013577,0.4754262304026648,0.0190939847621077,0.0129633221668709,0.9285363862116702,0.6492081074702724,161,548,oculta,True,0.066844336215436,0.0612898382167184,0.1478145927373883,0.4480906768718866,0.0192645059427218,0.0134267946685713,0.9249954797277709,0.6537550937671862,169,604,baixo_baixo,False,-0.007593166832071091,-0.007362899224835594,-0.0035409064838993753,False
08595187000125,0.1697377119855651,0.1520725569214281,0.387599826386003,0.5697384284532409,0.021914648212226,0.0011043215784436,0.8529618770474016,0.5896476318844958,48,51,baixo_baixo,False,0.1510023881568339,0.1343553761599091,0.246020992747016,0.6928524248045699,0.0201652892561983,0.0009528439474963,0.900648091216116,0.5112645724096664,52,55,baixo_baixo,False,-0.018735323828731193,-0.017717180761518986,0.047686214168714436,True
08638248000194,0.1694270760841464,0.0771411956490515,0.2562838836865451,0.753244619681288,0.1074380165289256,0.0082644628099173,0.7082694831480477,0.7717163133932804,10,11,baixo_baixo,False,0.1694270760841464,0.0771411956490515,0.2562838836865451,0.753244619681288,0.1074380165289256,0.0082644628099173,0.712951381899012,0.7703771976122495,10,11,baixo_baixo,False,0.0,0.0,0.004681898750964253,True
08674396000164,0.2810666604762264,0.101333325595283,0.44200668807257,0.9196811451702936,0.2,3.4694469519536136e-17,0.8765668424703839,0.6921640567376064,5,5,baixo_baixo,False,0.2810666604762264,0.101333325595283,0.44200668807257,0.9196811451702936,0.2,3.4694469519536136e-17,0.8711310230275189,0.6888918443169882,5,5,baixo_baixo,False,0.0,0.0,-0.005435819442864975,True
08677428000185,0.2843660667502189,0.204851185278021,0.4432399022055528,0.9491044947583536,0.1074380165289256,0.0082644628099173,0.8919183737238084,0.9127246007117712,10,11,baixo_baixo,False,0.2598571057101691,0.2069897561180383,0.4232913330228059,0.906388853451848,0.0703125,0.00390625,0.8602279929987686,0.8938693075045454,15,16,baixo_baixo,False,-0.024508961040049793,0.002138570840017312,-0.031690380725039824,True
08677960000100,0.7819086259577629,0.7637343447875764,0.8832404136212818,0.9452048736344788,0.0769230769230769,1.503427012513233e-17,0.9689389169430526,0.4149376570963597,13,13,critico,False,0.7702033446653258,0.7558410537069087,0.8765880220126658,0.9380857780034164,0.0588235294117647,0.0,0.9649902536976356,0.4179707973109806,17,17,critico,False,-0.011705281292437086,-0.00789329108066772,-0.0039486632454169834,True
08678243000195,0.1516303763370757,0.0986072748581429,0.3368223882705081,0.570688945308533,0.0617283950617283,0.0030864197530864,0.6721158623404794,0.5967682335456392,17,18,baixo_baixo,False,0.1057723648198229,0.0610609830608141,0.1853729242618203,0.6061206799876625,0.0495867768595041,0.0020661157024793,0.7429041132591946,0.6130859782803282,21,22,baixo_baixo,False,-0.045858011517252814,-0.037546291797328796,0.07078825091871521,True
08682079000190,0.2697217069855563,0.1653962365549215,0.4307451591940778,0.9102187793826392,0.125,0.0,0.6876859989287651,0.4912572797814442,8,8,baixo_baixo,False,0.1712848647487912,0.1022252701445238,0.2978603499620824,0.7391234099876042,0.0816326530612245,0.0051020408163265,0.8108454987347782,0.7379461093480958,13,14,baixo_baixo,False,-0.0984368422367651,-0.0631709664103977,0.12315949980601304,True
08690876000119,0.4746150495437404,0.2994867327249872,0.6424590167097224,1.0,0.36,0.1466666666666666,0.6211178415684155,0.9392882645153672,4,10,hhi_alto,False,0.4172164820350375,0.2715206025437968,0.5934570028817416,0.9936394953655108,0.3254437869822484,0.1568047337278105,0.633854464738526,0.9400153843717616,5,13,hhi_alto,False,-0.057398567508702925,-0.02796613018119043,0.012736623170110484,True
08692266000154,0.1464904049246971,0.1396072630289285,0.3640240312409347,0.499932652190894,0.0237906825744663,0.0159180267887765,0.920121099954098,0.9687133931007748,125,444,baixo_baixo,False,0.1434853746353225,0.1367411649867818,0.3601560447995475,0.4948068287968648,0.0234167973608782,0.0157271658440347,0.9280889746574882,0.9782769575670344,128,451,oculta,True,-0.0030050302893745995,-0.002866098042146714,0.00796787470339022,False
08712299000119,0.2422562838263089,0.1475383193045976,0.4105742017068938,0.8201214546917683,0.1555555555555555,0.05,0.6226666628955165,0.5300386605097828,9,15,baixo_baixo,False,0.2132311515621757,0.1345542667183933,0.3818182113223163,0.7626813998435628,0.1358024691358025,0.0493827160493827,0.6101511125245185,0.5470938877596647,11,18,baixo_baixo,False,-0.029025132264133197,-0.012984052586204303,-0.012515550370998052,True
08715618000140,0.3229005536644615,0.3169085231659169,0.5609107398270353,0.677956126112949,0.010689990281827,0.001935034443613,0.952279171439791,0.5079715470202845,114,147,oculta,True,0.2532356074384895,0.2474912659572471,0.4890957877551284,0.646138837206845,0.0096885813148788,0.0020708011711471,0.950421390989622,0.507896779479905,131,170,oculta,True,-0.06966494622597202,-0.06941725720866979,-0.0018577804501690443,True
08774605000141,0.5863363855206722,0.4829204819008402,0.755608028335301,0.9574970484061393,0.2,3.4694469519536136e-17,0.4994605409509343,0.4904607572604503,5,5,hhi_alto,False,0.5863363855206722,0.4829204819008402,0.755608028335301,0.9574970484061393,0.2,3.4694469519536136e-17,0.4928673655424147,0.4881453370787721,5,5,hhi_alto,False,0.0,0.0,-0.006593175408519558,True
08806026000133,0.2324960512514027,0.1941208538139729,0.4069741473171423,0.7571020878212907,0.0725308641975308,0.0261574074074074,0.6379479789818501,0.973636760273476,21,36,baixo_baixo,False,0.2151407402814234,0.1794653193851245,0.3905641167079434,0.7265741820136667,0.0650887573964496,0.022592791823561,0.6557893829621775,0.973969012920584,23,39,baixo_baixo,False,-0.017355310969979304,-0.014655534428848399,0.017841403980327408,True
08806043000170,0.068455706393631,0.0402270914358623,0.1615733068749274,0.4258085533679929,0.04443359375,0.0154770359848484,0.7561731219691006,0.9943403381166444,34,64,baixo_baixo,False,0.0631894511280472,0.0356361996906369,0.1536149205277042,0.4048351076720531,0.041955017301038,0.013777223692245,0.7765572376878506,0.9953513366012317,35,68,baixo_baixo,False,-0.0052662552655837885,-0.004590891745225395,0.020384115718749984,True
08806721000103,0.3856063994704168,0.2832074660488196,0.5895721186109965,0.8954885219243165,0.1428571428571428,0.0,0.949557583869245,0.4014183565818778,7,7,oculta,True,0.3480035595567482,0.2755595106186091,0.478285753886614,0.9184600718050004,0.1074380165289256,0.0082644628099173,0.983676324438424,0.3989296410860706,10,11,oculta,True,-0.037602839913668584,-0.007647955430210462,0.03411874056917896,True
08857731000160,0.0719829171396574,0.0638424164128123,0.1958718646178354,0.4244785973942618,0.0261771237156084,0.0176348177832891,0.9595989786500618,0.9911249552666458,115,326,oculta,True,0.0630774168908874,0.0556415233741484,0.1796041853977863,0.3923608743470048,0.0239612188365651,0.0162148793035219,0.9597986835992632,0.9924360822197924,127,380,oculta,True,-0.008905500248770001,-0.0082008930386639,0.0001997049492014069,True
08858200000191,0.0363496907844209,0.0298822390447191,0.0951246935694418,0.2859145681271057,0.0283142211673196,0.0217928401013284,0.9203357819626928,0.9862835950890296,150,935,baixo_baixo,False,0.0372321817865085,0.0311387145826257,0.0870986495893558,0.2916104008681298,0.0275358050716101,0.0213809683948481,0.915324956516205,0.9575599739771452,159,1016,baixo_baixo,False,0.0008824910020876001,0.0012564755379065977,-0.005010825446487788,True
08931506000126,0.0665548421474295,0.0603318744284123,0.2289056720605191,0.3609820330007549,0.007457722068555,0.000840773549012,0.8310789685234325,0.5026761399282952,151,169,baixo_baixo,False,0.0539520421489304,0.0479643968460755,0.2011366262952203,0.323745569152893,0.0071470927873661,0.0008632136277925,0.8315092345892662,0.5008816153980753,159,179,baixo_baixo,False,-0.0126027999984991,-0.012367477582336799,0.0004302660658336288,True
08971900000198,0.0623193674167622,0.0469475537678566,0.1658746060209251,0.4043633007808191,0.0361558071324799,0.0203550826592419,0.9056581332277256,0.9943097415199031,62,191,baixo_baixo,False,0.0515130615806931,0.0402215504090347,0.1393255704378924,0.3693368352925176,0.029519890260631,0.0179665556208766,0.9130019405649736,0.9954022016961224,85,270,baixo_baixo,False,-0.010806305836069105,-0.006726003358821904,0.007343807337248043,True
08999257000100,0.3161645961988894,0.3119948681269314,0.5098826988599324,0.7803116116446561,0.0140253748558246,0.0080133344586041,0.9592513981478072,0.5497846049949274,165,510,oculta,True,0.285385705207704,0.2813483363105724,0.4836580264225318,0.7438790101560824,0.0141041174780261,0.0085340842434387,0.958200742628187,0.5707995835179189,178,581,oculta,True,-0.030778890991185415,-0.030646531816359013,-0.0010506555196202472,True
09008389000196,0.259327064772937,0.1358815755684265,0.3673778051323156,0.9399561532204004,0.1851851851851851,0.0493827160493827,0.6724266797474129,0.6973385461037094,7,9,baixo_baixo,False,0.1790770997400838,0.1044477451710005,0.2784739227990771,0.7894887608962033,0.1020408163265306,0.0204081632653061,0.6116449985781247,0.5811402628508483,12,14,baixo_baixo,False,-0.0802499650328532,-0.031433830397426005,-0.06078168116928817,True
09097711000109,0.2088227653751712,0.1833009190969509,0.4144751052241376,0.707526517650218,0.03125,0.0,0.9583305090691372,0.4277556758701664,32,32,oculta,True,0.1496515944924046,0.1283928843547147,0.3442808167698701,0.592453946379475,0.0249433106575963,0.0005668934240362,0.952867180701996,0.4597715700779327,41,42,oculta,True,-0.059171170882766605,-0.05490803474223621,-0.00546332836714114,True
09105181000195,0.6580753896972164,0.5896904676366597,0.80255586845696,0.9840391000879865,0.183673469387755,0.0204081632653061,0.9666720153230702,0.8101784781432325,6,7,critico,False,0.3046820694375818,0.2053509365000935,0.405115109096512,0.9417771499877698,0.1358024691358024,0.0123456790123456,0.9676245241236168,0.604741355715008,8,9,oculta,True,-0.35339332025963455,-0.38433953113656616,0.0009525088005465365,False
09129733000103,0.0574709147685087,0.0249699118294918,0.0865165666714696,0.3223143012109464,0.0343392299687825,0.0010405827263267,0.9735441042618194,0.7130303019208148,30,31,oculta,True,0.0510710691850253,0.0231613947492908,0.0793163311700734,0.2954900874970652,0.0293209876543209,0.0007716049382716,0.9713930050002292,0.7527138631100664,35,36,oculta,True,-0.006399845583483402,-0.0018085170802009977,-0.0021510992615901836,True
09149617000148,0.2264882308040132,0.1159865494903008,0.3476979884026853,0.856805178111934,0.1358024691358024,0.0123456790123456,0.59621809655242,0.5738747278575009,8,9,baixo_baixo,False,0.1629436772819438,0.0868476479439387,0.2713599709309655,0.738825713204118,0.0887573964497041,0.0059171597633136,0.6709251189905798,0.6658697443814885,12,13,baixo_baixo,False,-0.06354455352206939,-0.02913890154636209,0.07470702243815985,True
09240588000125,0.11737104797438,0.1091221792638602,0.3058558650581248,0.5145395008576924,0.0206810957308038,0.0115285826067926,0.9494293156660656,0.9860217744574372,108,281,oculta,True,0.1203957144644108,0.11274698154671,0.307791697031761,0.5335203453905432,0.0198890049746475,0.0113663006700792,0.9568023223666638,0.9883547944769524,116,323,oculta,True,0.003024666490030803,0.0036248022828498094,0.007373006700598261,True
09281224000193,0.3633708796525889,0.2042135995657361,0.4256056707389409,0.956915149930869,0.2,3.4694469519536136e-17,0.605864605804536,0.4014183565818778,5,5,baixo_baixo,False,0.3633708796525889,0.2042135995657361,0.4256056707389409,0.956915149930869,0.2,3.4694469519536136e-17,0.5991061304440013,0.3989296410860706,5,5,hhi_alto,False,0.0,0.0,-0.006758475360534755,False
09290533000120,0.0421903106559035,0.0140194374399006,0.0506764534724763,0.1959283315394259,0.0285714285714285,0.0,0.9162947831607006,0.4325225996884289,35,35,baixo_baixo,False,0.0421903106559035,0.0140194374399006,0.0506764534724763,0.1959283315394259,0.0285714285714285,0.0,0.9122743242190012,0.4299500649691232,35,35,baixo_baixo,False,0.0,0.0,-0.004020458941699334,True
09297907000139,0.1783709937217058,0.0609954213962352,0.2442282709092242,0.7888298468205062,0.125,0.0,0.4795617623017107,0.8395324982949086,8,8,baixo_baixo,False,0.1495515441860875,0.055057271317875,0.2117171409303172,0.706607251969487,0.1,3.0839528461809905e-17,0.4506529080235396,0.8049338535227748,10,10,baixo_baixo,False,-0.028819449535618324,-0.0059381500783601965,-0.028908854278171137,True
09328892000129,0.132443020304845,0.074605888325168,0.3042504896255911,0.5348739146195695,0.0625,0.0,0.8543930166637556,0.423938661244563,16,16,baixo_baixo,False,0.132443020304845,0.074605888325168,0.3042504896255911,0.5348739146195695,0.0625,0.0,0.8487712407893607,0.4213892583871213,16,16,baixo_baixo,False,0.0,0.0,-0.00562177587439483,True
09332615000190,0.2161936635359611,0.2044950614991844,0.4464098809343796,0.6274678526566242,0.0300826446280991,0.0156062661897125,0.8416516333306879,0.570122385384033,68,165,baixo_baixo,False,0.1497255680857535,0.1377498718616092,0.3411650412516051,0.6163808996216931,0.0319000657462195,0.018264855404617,0.8564008965662411,0.5445014853397575,72,195,baixo_baixo,False,-0.0664680954502076,-0.0667451896375752,0.014749263235553145,True
09356616000174,0.3875223900240976,0.3689624624490703,0.6012567736693685,0.8407272308395524,0.0447450572320499,0.0157979377542332,0.9062626951627376,0.4130186931359612,34,62,baixo_baixo,False,0.3729138118670198,0.356834678837969,0.5896978752760829,0.8245646176877102,0.0374925609998016,0.0128128830767196,0.8972032256274929,0.4115220704095029,40,71,hhi_alto,False,-0.014608578157077834,-0.01212778361110134,-0.009059469535244724,False
09362501000192,0.1341145900909104,0.0379051001010116,0.1836677027408872,0.6640293868324384,0.1,3.0839528461809905e-17,0.3650175784613328,0.5684965613665885,10,10,baixo_baixo,False,0.1341145900909104,0.0379051001010116,0.1836677027408872,0.6640293868324384,0.1,3.0839528461809905e-17,0.388678362392011,0.5731537920858935,10,10,baixo_baixo,False,0.0,0.0,0.023660783930678164,True
09403680000169,0.052988998220552,0.0332596023501469,0.1119222306322252,0.3688492636933927,0.0260637112942748,0.0057733719462389,0.4149827932670437,0.413442099427823,49,67,baixo_baixo,False,0.0373431323446766,0.0231864137026866,0.0839462889518733,0.2971080012013786,0.0196620257200552,0.0052452908041737,0.4113075953991224,0.4319395258965711,69,97,baixo_baixo,False,-0.015645865875875402,-0.010073188647460297,-0.003675197867921254,True
09436466000109,0.505577762929214,0.4066933155150568,0.584188712813265,0.9966241795039986,0.183673469387755,0.0204081632653061,0.968827761684647,0.4056877043319936,6,7,critico,False,0.505577762929214,0.4066933155150568,0.584188712813265,0.9966241795039986,0.183673469387755,0.0204081632653061,0.9673865653844554,0.4032980090316759,6,7,critico,False,0.0,0.0,-0.0014411963001915717,True
09509569000151,0.7292567444323991,0.7205230910269926,0.8514795491169254,0.9489770791255756,0.0346020761245674,0.0034602076124567,0.9735164162474076,0.87449001322974,32,34,critico,False,0.7173528681712057,0.7095015589537391,0.8444864462787565,0.941183240374812,0.029585798816568,0.0026298487836949,0.971158330297911,0.8753526328522111,37,39,critico,False,-0.01190387626119338,-0.011021532073253515,-0.0023580859494966022,True
09522642000125,0.1729648191107479,0.1668836780747976,0.3810896473624904,0.6403716424959787,0.0220794681161698,0.0148888759699652,0.8911407313931463,0.9484569978965914,137,422,baixo_baixo,False,0.1636888507117127,0.1579606921549436,0.3704033601398616,0.6224147251451658,0.0227226234266503,0.016028942765189,0.8897939742759426,0.9489801228810488,147,509,baixo_baixo,False,-0.00927596839903519,-0.008922985919853993,-0.0013467571172036674,True
09579148000105,0.1325141128726549,0.1077288018118736,0.2605761802301903,0.6313178893508331,0.0378040762656147,0.010312764158918,0.8321080096417236,0.6907780150242891,36,78,baixo_baixo,False,0.1113690910481902,0.0879840671284058,0.1946039515733515,0.6032482487233624,0.0371900826446281,0.0118529795563288,0.8455943237700405,0.7177452697809704,39,88,baixo_baixo,False,-0.021145021824464705,-0.019744734683467796,0.013486314128316912,True
09626556000162,0.3046891297557642,0.0729188396743522,0.3638090909356916,1.0,0.28,0.04,0.299658918877515,0.5747080382119663,4,5,baixo_baixo,False,0.1846197160842265,0.0826971805947548,0.3281678142565385,0.7435794176417254,0.12,0.01,0.4353738150910278,0.7522640293676454,9,10,baixo_baixo,False,-0.12006941367153767,0.009778340920402598,0.1357148962135128,True
09664082000143,0.1236467076385482,0.0688746268659575,0.2285076319576786,0.588125799541497,0.0588235294117647,0.0,0.9299703090305949,0.4544772913364787,17,17,oculta,True,0.1236467076385482,0.0688746268659575,0.2285076319576786,0.588125799541497,0.0588235294117647,0.0,0.9269893501038504,0.4534510947663109,17,17,oculta,True,0.0,0.0,-0.002980958926744437,True
10237604000100,0.5563621561344826,0.5119983717479308,0.7334905641066088,0.9223170273798204,0.0909090909090909,0.0,0.90546563605938,0.7538192233567782,11,11,hhi_alto,False,0.313351493742401,0.2675749266585611,0.5302847594742179,0.8145431724137058,0.0625,0.0,0.8847620065849549,0.6720029448681781,16,16,baixo_baixo,False,-0.24301066239208158,-0.24442344508936975,-0.020703629474425167,False
10277035000126,0.3966621802046143,0.3296246446717937,0.5259527885815409,0.9452367794255128,0.1,3.0839528461809905e-17,0.8489031422875175,0.7054952046304886,10,10,baixo_baixo,False,0.3527878988149092,0.29395043507081,0.494134301936999,0.9197849133566384,0.0833333333333333,1.5139404881252137e-17,0.8262626898425842,0.6884495713409494,12,12,baixo_baixo,False,-0.043874281389705116,-0.03567420960098372,-0.02264045244493329,True
10295311000189,0.1801618499916889,0.0435221583236371,0.3059781529294935,0.7358490566037736,0.15625,0.015625,0.6689109643971898,0.7153186375479486,7,8,baixo_baixo,False,0.1411827984970935,0.0457586649967705,0.2631081579582561,0.6327506979328436,0.1111111111111111,0.0123456790123456,0.6487317325308097,0.7313215177904209,10,12,baixo_baixo,False,-0.03897905149459541,0.0022365066731333955,-0.020179231866380043,True
10316445000139,0.1693129866257831,0.0937959854099452,0.3328245026844041,0.6968368165186855,0.0918367346938775,0.0092764378478664,0.8386051310490673,0.4704397723111204,12,14,baixo_baixo,False,0.1590066632999792,0.0943148681692084,0.3216863077960734,0.673516705754158,0.078125,0.0072115384615384,0.8464717982541954,0.5416697297242972,14,16,baixo_baixo,False,-0.01030632332580389,0.0005188827592631923,0.007866667205128075,True
10324957000147,0.1903530238712391,0.1827862297018114,0.365698458315341,0.689269049098141,0.0263809969250365,0.0172817539056443,0.8579681992438313,0.8131978552290413,108,317,baixo_baixo,False,0.1689992145176004,0.1618354146427521,0.343461695108691,0.6473571616346955,0.0244767184196569,0.0160670349577574,0.8573277777464046,0.8236933412840739,117,371,baixo_baixo,False,-0.021353809353638703,-0.020950815059059297,-0.0006404214974267131,True
10377912000130,0.2371140902038728,0.2316257023636129,0.4102779364643499,0.7514082684169824,0.0202113470811531,0.0131625078515211,0.9664236604281126,0.935325413135958,140,513,oculta,True,0.2125393242462475,0.2075553959186921,0.3870423192533073,0.7187252113240232,0.0186325768457339,0.0124213906232386,0.9622988722975424,0.9376684436081156,159,590,oculta,True,-0.02457476595762531,-0.024070306444920808,-0.004124788130570156,True
10391817000191,0.1840722609185003,0.1784451730627658,0.3264691075934444,0.6533723313141828,0.0284923140624191,0.021792261055953,0.9122918235352392,0.6425634149850916,146,834,baixo_baixo,False,0.1656041162938834,0.1602554247316647,0.3083504071355224,0.6273831369134241,0.0277740442440972,0.0215418265789953,0.9122210724804776,0.6609847841315183,157,933,baixo_baixo,False,-0.018468144624616878,-0.018189748331101097,-7.075105476161969e-05,True
10396929000135,0.0376658695157985,0.0312072511904011,0.0856911134586398,0.27278546532706,0.0145573963336927,0.0079436875842544,0.9460018837858944,0.9952122759831749,150,404,oculta,True,0.0359744704772561,0.0301318915104516,0.0734226829169788,0.256259365533877,0.0141858358013171,0.0082112045031433,0.947636783613055,0.9959752507404728,166,471,oculta,True,-0.0016913990385424016,-0.001075359679949501,0.0016348998271605852,True
10411736000106,0.1055131709254548,0.0241961864641325,0.1237072385018124,0.4948289540072498,0.0833333333333333,1.5139404881252137e-17,0.7717420908928831,0.5297866675300112,12,12,baixo_baixo,False,0.1019252938496891,0.032842624145819,0.1844306929579781,0.4817018203407058,0.0714285714285714,0.0,0.7730696038182108,0.5020374562862927,14,14,baixo_baixo,False,-0.0035878770757657025,0.008646437681686495,0.001327512925327623,True
10414835000141,0.4190169432921727,0.3360193637624831,0.5356809586086073,0.988171233816156,0.1358024691358024,0.0123456790123456,0.9859098817445868,0.7002625251738384,8,9,critico,False,0.4190169432921727,0.3360193637624831,0.5356809586086073,0.988171233816156,0.1358024691358024,0.0123456790123456,0.985055682292734,0.7051435394021071,8,9,critico,False,0.0,0.0,-0.0008541994518528329,True
10423151000106,0.1680995808418882,0.0756662009354313,0.2549764397341393,0.7257593211194026,0.1242603550295858,0.0269559500328731,0.7918504181587293,0.9869284563108108,10,13,baixo_baixo,False,0.1680995808418882,0.0756662009354313,0.2549764397341393,0.7257593211194026,0.1242603550295858,0.0269559500328731,0.7963177279682904,0.987611327417598,10,13,baixo_baixo,False,0.0,0.0,0.004467309809561115,True
10429180000185,0.4075513873494382,0.399207040692388,0.6287016245175757,0.7900110851233404,0.0328776041666666,0.0192561619718309,0.8474534221917868,0.5709140200279778,72,192,hhi_alto,False,0.3457032233050423,0.337094055190635,0.5765529467210108,0.7360293944087665,0.0345557655954631,0.0218525519848771,0.8539917648743015,0.6048602326850556,77,230,baixo_baixo,False,-0.061848164044395915,-0.06211298550175298,0.006538342682514742,False
10432684000154,0.4300408502034363,0.3920435735503321,0.643896600521181,0.8201413292773723,0.0657439446366782,0.0034602076124567,0.9299496385402136,0.4691924927986572,16,17,critico,False,0.3730560449725696,0.3361769887944854,0.5934119947183766,0.8123589463111195,0.065,0.01,0.9247004963712384,0.4631956340390868,18,20,hhi_alto,False,-0.056984805230866686,-0.055866584755846715,-0.005249142168975207,False
10441099000110,0.0394119876427722,0.0283707461214247,0.0960812187347059,0.2978698365311256,0.0251886491656924,0.0139839209951831,0.929259376597471,0.997232149924662,88,194,oculta,True,0.0362745505352908,0.0271828010120388,0.0914614752208887,0.283547763358053,0.0196598953524161,0.010411403799137,0.9248309946818628,0.9972760107648214,107,228,baixo_baixo,False,-0.0031374371074813986,-0.001187945109385899,-0.004428381915608237,False
10455823000165,0.1138078246843135,0.1072434382004936,0.216040325298872,0.5960380567778746,0.024205877356888,0.0169777727447168,0.9492562750908106,0.5555019466190393,136,406,oculta,True,0.1024543661449399,0.0969139609976864,0.2041050166365356,0.5631094904451693,0.0232698267813304,0.0172406281812152,0.9488561663154794,0.66969024295446,163,579,oculta,True,-0.011353458539373598,-0.010329477202807205,-0.00040010877533114275,True
10459525000143,0.1383198411269743,0.1334515916418159,0.2608884005550235,0.6489939033515456,0.0158822881603455,0.010322301087805,0.9605632617940832,0.7411635899387784,178,457,oculta,True,0.1345853197056482,0.1305031749872786,0.2314328833124,0.6863204690330428,0.0136585060671294,0.0090059518504649,0.962666135219948,0.6881270422166139,213,593,oculta,True,-0.0037345214213261035,-0.0029484166545372947,0.002102873425864793,True
10465435000165,0.0482456206651022,0.0352078894413365,0.1191863961748056,0.3467734358546808,0.0305518657167008,0.0172717542881625,0.9526682952974178,0.9976132696524954,74,182,oculta,True,0.0509382971612277,0.038450643176507,0.1421401010269758,0.3510506401429142,0.0289616324795408,0.0161848118542716,0.957731029333238,0.9979596698565404,77,194,oculta,True,0.0026926764961255,0.003242753735170502,0.005062734035820138,True
10465644000109,0.0478885395375995,0.0325319030785285,0.1044353021555305,0.3293454282893119,0.075977974503365,0.0610743934469676,0.8336566797902222,0.4935981590999855,63,283,baixo_baixo,False,0.0449203438269549,0.0304494399455452,0.0996330041815432,0.314200981436845,0.0766,0.0626090909090909,0.8249308156967378,0.4996232072875392,67,300,baixo_baixo,False,-0.0029681957106445986,-0.0020824631329832977,-0.008725864093484414,True
10467921000112,0.6740850444318455,0.6378722715909394,0.8152724131594622,0.963173858746812,0.1,3.0839528461809905e-17,0.9867186852582118,0.4026698746497933,10,10,critico,False,0.6689479081056072,0.635842698916168,0.81215101763068,0.9594861998396728,0.0909090909090909,0.0,0.9859795736449724,0.4023615529072422,11,11,critico,False,-0.005137136326238245,-0.0020295726747714404,-0.0007391116132394737,True
10469199000155,0.0516359956571237,0.0442843367087293,0.087926041598516,0.3014607140520551,0.0176480633162322,0.0100329320241099,0.8707420596794921,0.5484220003575259,130,367,baixo_baixo,False,0.0741515017143311,0.0683285551842325,0.152478126663985,0.4264980911100762,0.0152253503345537,0.0090317990787961,0.9401089043517384,0.4774687117423445,160,445,oculta,True,0.022515506057207403,0.024044218475503205,0.0693668446722463,False
10472663000162,0.7358075310936322,0.7278016987025301,0.8571941194710221,0.8963013652500098,0.0338198647205411,0.0045416788029817,0.9645661292594822,0.7969305693222496,34,53,critico,False,0.7039028946908097,0.6956779750988877,0.8382129591738879,0.8851618586790594,0.0310864881502,0.00417222393215,0.9628589685675528,0.7955937155002306,37,57,critico,False,-0.031904636402822484,-0.03212372360364235,-0.0017071606919293325,True
10476288000129,0.0267061888467143,0.0176099850041603,0.0735948941159379,0.2266173779187739,0.0110301768990634,0.0017874682719519,0.7085743246011034,0.5342544544276571,108,155,baixo_baixo,False,0.0177987718680289,0.0107325759821874,0.0563696017882661,0.1486756114154976,0.0085208286923591,0.0013878850138868,0.7740013185499237,0.5307816301483788,140,268,baixo_baixo,False,-0.008907416978685401,-0.0068774090219728985,0.06542699394882034,True
10478051000187,0.1792082185239905,0.1696641280417113,0.4080132656011442,0.5367948639840598,0.0242117609985819,0.0128653861264724,0.8795613511962238,0.9123158499201576,87,239,baixo_baixo,False,0.1455502124394292,0.1368313370561581,0.2818355525157887,0.5933174761282529,0.0232297938089402,0.0132627508886233,0.8994305749980387,0.9017768254383725,99,274,baixo_baixo,False,-0.03365800608456129,-0.032832790985553195,0.019869223801814884,True
10479670000196,0.0682306810418411,0.0607765264901758,0.1599871272351802,0.4414296562498403,0.0283564814814814,0.0205833333333333,0.9618938887752544,0.9920248711743144,126,576,oculta,True,0.0639672313939344,0.0573287011201325,0.1526325772289532,0.423253295355428,0.0262652484826633,0.019359328259136,0.9636713864913108,0.994288886746073,142,645,oculta,True,-0.004263449647906703,-0.003447825370043303,0.0017774977160563976,True
10480867000145,0.1994101916289972,0.1646019390911276,0.4049565025783099,0.6811122375876277,0.0452674897119341,0.0037573805689747,0.8721126518534309,0.6927122320029777,24,27,baixo_baixo,False,0.1994101916289972,0.1646019390911276,0.4049565025783099,0.6811122375876277,0.0452674897119341,0.0037573805689747,0.8770207079766088,0.7113197022564122,24,27,baixo_baixo,False,0.0,0.0,0.004908056123177906,True
10481963000108,0.2444922028371653,0.2310009921735433,0.4385381430585591,0.8127712473425691,0.0345130315500685,0.0172721928277483,0.9100158091662882,0.8839101114400345,57,135,baixo_baixo,False,0.2111409514007424,0.2015207191007514,0.4068334332491609,0.7540108477141659,0.0278396735482831,0.0159840598110671,0.9108813872959916,0.8928193027252763,83,193,baixo_baixo,False,-0.033351251436422896,-0.029480273072791913,0.0008655781297033371,True
10485444000118,0.6897222008717957,0.6658546778619339,0.8284025852730509,0.9032854998919926,0.0987654320987654,0.0294396961063627,0.9128642110552097,0.8471744025933673,14,18,hhi_alto,False,0.7708239392668785,0.7531950115181769,0.8769486230390733,0.9306466683701792,0.113573407202216,0.0453867462177711,0.941966410758316,0.8911904991745003,14,19,critico,False,0.08110173839508283,0.08734033365624305,0.029102199703106346,False
10491693000116,0.614607411676441,0.5595513276302182,0.7742288638747697,0.9718794305047388,0.125,0.0,0.9200861876703258,0.7590775593052673,8,8,hhi_alto,False,0.611348493085446,0.5724833423939906,0.7721717628109506,0.9692971782745782,0.0909090909090909,0.0,0.9182383928695148,0.7687336083885266,11,11,hhi_alto,False,-0.003258918590994919,0.01293201476377237,-0.0018477948008109868,True
10496025000181,0.0488177679081299,0.027680384972755,0.0987116215571724,0.326446142964053,0.0253772290809327,0.0037189452827312,0.8301505046178614,0.5948475906596108,46,54,baixo_baixo,False,0.046959513512014,0.0275097076653204,0.0966651905442228,0.3196784544134958,0.0231866825208085,0.0032517168579679,0.8224418467706505,0.5935186652252025,50,58,baixo_baixo,False,-0.0018582543961159007,-0.00017067730743459963,-0.007708657847210976,True
10496698000131,0.0775624420976939,0.0681498139558337,0.2239972010812009,0.4319591810413319,0.0324072696354554,0.0225338744276539,0.9590856182395148,0.9952168539004062,99,485,oculta,True,0.0693830649294414,0.0606857103960716,0.2038547081353155,0.4148716306402513,0.0305063850203831,0.0214456970299194,0.9586310749252138,0.9961403395838891,108,561,oculta,True,-0.00817937716825251,-0.0074641035597620906,-0.0004545433143009481,True
10502372000170,0.2229236718521491,0.1522803692932536,0.4275958064837623,0.6922307276695518,0.0887573964497041,0.0059171597633136,0.9027288214075964,0.5163581153577926,12,13,baixo_baixo,False,0.2229236718521491,0.1522803692932536,0.4275958064837623,0.6922307276695518,0.0887573964497041,0.0059171597633136,0.8983508596363351,0.5143388976654465,12,13,baixo_baixo,False,0.0,0.0,-0.004377961771261263,True
10518108000124,0.419852520850861,0.35539168983429,0.4815625209299802,0.9622482659597844,0.1,3.0839528461809905e-17,0.8094569252590227,0.9164769233493892,10,10,hhi_alto,False,0.328833368763175,0.2729028161601062,0.4216507481392842,0.9043681563539132,0.0769230769230769,1.503427012513233e-17,0.7800249292352261,0.9120304548675884,13,13,baixo_baixo,False,-0.09101915208768602,-0.08248887367418378,-0.029431996023796536,False
10519243000194,0.4898350436157601,0.3622938045197001,0.6202235877310751,0.9900728080140452,0.2,3.4694469519536136e-17,0.7372385607069627,0.415431316684509,5,5,hhi_alto,False,0.4898350436157601,0.3622938045197001,0.6202235877310751,0.9900728080140452,0.2,3.4694469519536136e-17,0.7351870951906319,0.415897025510824,5,5,hhi_alto,False,0.0,0.0,-0.0020514655163308415,True
10532003000120,0.0498046795836594,0.0428689473178467,0.1662508899262922,0.329038238425837,0.022833055582786,0.0157004501490837,0.9404317553123378,0.995533511692434,138,505,oculta,True,0.0386667371868833,0.0328755729530693,0.1319539102299544,0.2919231839211922,0.0194920585865498,0.0135853842406856,0.9331746044042006,0.9959882182418534,167,602,oculta,True,-0.011137942396776103,-0.009993374364777395,-0.007257150908137167,True
10540697000147,0.3181015307022548,0.3126023494982407,0.555145226430208,0.690111650067955,0.031936303933338,0.0241293386424778,0.9359464561041336,0.6163493661230965,125,476,oculta,True,0.2851272006054434,0.2799091509748262,0.5245558848711772,0.6539191305740976,0.0287505376063808,0.0216611254721209,0.940261566806964,0.6675844815033188,138,554,oculta,True,-0.03297433009681139,-0.03269319852341446,0.004315110702830416,True
10547985000123,0.72920545033296,0.675046540399552,0.8490594740965551,0.9823608607352304,0.1666666666666666,3.3306690738754695e-17,0.9210032553535812,0.4014183565818778,6,6,hhi_alto,False,0.6830374045594293,0.643417080129358,0.8214449188526484,0.9504108512413844,0.1111111111111111,0.0,0.9115515129038372,0.4153947652320506,9,9,hhi_alto,False,-0.04616804577353073,-0.031629460270193976,-0.009451742449744005,True
10551277000166,0.3493786976339654,0.3210908149223987,0.4393089969433411,0.9245523762738876,0.0622222222222222,0.0214492753623188,0.946504364463878,0.7059776522783653,24,30,oculta,True,0.2679015272941764,0.2373974242647671,0.3614779158686031,0.9032145669584144,0.0625,0.0234375,0.9545573113244912,0.7567419796673621,25,32,oculta,True,-0.08147717033978902,-0.08369339065763162,0.008052946860613197,True
10552903000139,0.1662769060517597,0.1568027799841661,0.3788054096935141,0.5721864669719743,0.0268916757848665,0.0158336266460582,0.9188526122024856,0.6749591198149454,89,218,baixo_baixo,False,0.1629976224591108,0.1547917167969452,0.3750133330150434,0.5664585261833343,0.0233639227974724,0.0137890592954869,0.917529360514391,0.680542896113671,103,241,baixo_baixo,False,-0.003279283592648896,-0.002011063187220913,-0.001323251688094551,True
10554621000170,0.4706119778464937,0.2059179667697405,0.5663667976884371,1.0,0.44,0.1600000000000001,0.9424664350053252,0.7211158497560273,3,5,critico,False,0.4706119778464937,0.2059179667697405,0.5663667976884371,1.0,0.44,0.1600000000000001,0.9402705462751412,0.7204047412322471,3,5,critico,False,0.0,0.0,-0.002195888730184059,True
10559279000100,0.2985564321769817,0.2666726336395718,0.4439077701419928,0.8960565597837217,0.0451388888888888,0.0017361111111111,0.9513707224594768,0.4651852121569266,23,24,oculta,True,0.2707239472063666,0.2426748682527653,0.4216454037776623,0.8511185326555054,0.0382653061224489,0.0012755102040816,0.943195291289278,0.476864347530774,27,28,oculta,True,-0.02783248497061508,-0.02399776538680648,-0.00817543117019881,True
10564533000150,0.0651231448466096,0.0484289152902991,0.1334791360245935,0.4224183663407966,0.0304040358542408,0.0130898222087808,0.7772163271845504,0.5599736530304326,57,149,baixo_baixo,False,0.0610624554789346,0.0454134964035835,0.1285582123769521,0.406845231916691,0.0318998109640831,0.0157648078134845,0.7719301586856674,0.5651979536445899,61,184,baixo_baixo,False,-0.004060689367674994,-0.0030154188867156026,-0.0052861684988829705,True
10565436000181,0.056899499529296,0.047276025034697,0.1634633230168829,0.3819315505661809,0.0275281880106347,0.0176050062556412,0.9344470011878356,0.9855473414962156,99,454,oculta,True,0.0504428472970591,0.0418882783537893,0.150196252603371,0.3543681979704963,0.0263995158913131,0.0176283403588024,0.9315879209294278,0.986612308250185,112,519,oculta,True,-0.0064566522322369035,-0.005387746680907704,-0.0028590802584078645,True
10568451000183,0.0511619338058419,0.0438065999593755,0.1181045160034644,0.4057139321382641,0.019158651647447,0.0115552303423884,0.8844884867115826,0.9112525499077228,130,377,baixo_baixo,False,0.0444395150691283,0.0376140830339078,0.1038763904791915,0.3572629345457816,0.0190217529770852,0.0120147654983501,0.8954716956762471,0.9216100958544364,141,443,baixo_baixo,False,-0.006722418736713601,-0.006192516925467698,0.010983208964664426,True
10573381000151,0.195822517162141,0.0349870205945693,0.2689938239636394,0.838634624452157,0.183673469387755,0.0204081632653061,0.3574371601253305,0.731947831285656,6,7,baixo_baixo,False,0.1793420506963946,0.0425657258124604,0.2556548952769962,0.7970482144562558,0.15625,0.015625,0.3662706008953567,0.7138632708758295,7,8,baixo_baixo,False,-0.016480466465746385,0.007578705217891106,0.00883344077002618,True
10574092000177,0.2214923200131681,0.0268654000164602,0.2866465147796854,0.8601165007875136,0.2,3.4694469519536136e-17,0.9038189345320726,0.4014183565818778,5,5,baixo_baixo,False,0.2214923200131681,0.0268654000164602,0.2866465147796854,0.8601165007875136,0.2,3.4694469519536136e-17,0.8989612519745059,0.3989296410860706,5,5,baixo_baixo,False,0.0,0.0,-0.004857682557566689,True
10589926000118,0.8513335555875887,0.8141669444844859,0.9215251152893742,0.9940403654329786,0.24,0.05,0.7737561262586619,0.4427704889121009,5,10,hhi_alto,False,0.8236179555832108,0.788341546699853,0.9060976488491912,0.9848202755313508,0.2222222222222222,0.0666666666666667,0.7635537727519996,0.4508847196204221,6,12,hhi_alto,False,-0.027715600004377894,-0.025825397784632886,-0.01020235350666221,True
10589928000107,0.1238632761880599,0.0751890137540632,0.2448770701872452,0.5712442016606823,0.055,0.0025,0.8277735639113054,0.618166725928161,19,20,baixo_baixo,False,0.0875670692014721,0.051069751969531,0.1561438010988883,0.4864946843201753,0.0397805212620027,0.0013717421124828,0.8488858355171194,0.6202977763477202,26,27,baixo_baixo,False,-0.036296206986587795,-0.0241192617845322,0.02111227160581397,True
10593919000190,0.0936617178817397,0.0817362141696573,0.2240199926256818,0.5039049592979182,0.0266136955871673,0.0138059810554195,0.8870393728144935,0.6405427843967497,77,153,baixo_baixo,False,0.067427836501101,0.0582849721530726,0.1856023426806214,0.4174892599445381,0.0262458087640189,0.0166991990460191,0.878028249519262,0.6560041137825565,103,279,baixo_baixo,False,-0.0262338813806387,-0.023451242016584703,-0.009011123295231571,True
10594533000100,0.0970989191143198,0.0906953653491732,0.204198006494504,0.5324282473549965,0.0183775013520822,0.0114156396595437,0.9128047674997666,0.6497541514165464,142,430,baixo_baixo,False,0.0858869919186531,0.080244319029262,0.1910121594011988,0.4980473169125222,0.0170979074028687,0.0110306105349851,0.9082001241524872,0.7442015283789959,163,507,baixo_baixo,False,-0.011211927195666702,-0.0104510463199112,-0.004604643347279391,True
10596772000191,0.4213701346342146,0.4007047822997222,0.4994223556179334,0.9417613067571436,0.0587654320987654,0.0251499118165784,0.9560793169481888,0.9353665264246578,29,90,critico,False,0.4135802144315896,0.3933588425154375,0.4946858461316071,0.933759144775802,0.0585609522797321,0.0260975368411022,0.9547888032303052,0.9347653337654156,30,97,critico,False,-0.007789920202624978,-0.007345939784284661,-0.001290513717883579,True
10606509000136,0.4049722135690569,0.3624702288239896,0.617559377273346,0.8195643353615315,0.075,0.0089285714285714,0.8903106632057964,0.4042429999189528,15,20,hhi_alto,False,0.3451231764056023,0.3014647214993091,0.5638119355811406,0.800837544368944,0.0702947845804988,0.0083144368858654,0.885170760874262,0.4017906282251431,16,21,baixo_baixo,False,-0.05984903716345458,-0.06100550732468052,-0.005139902331534385,False
10606542000166,0.244443460773494,0.0933321529281928,0.3510531594784353,0.884653961885657,0.1666666666666666,3.3306690738754695e-17,0.4298169975875346,0.4535884055871753,6,6,baixo_baixo,False,0.244443460773494,0.0933321529281928,0.3510531594784353,0.884653961885657,0.1666666666666666,3.3306690738754695e-17,0.426022728666187,0.4579890799220463,6,6,baixo_baixo,False,0.0,0.0,-0.003794268921347599,True
10624466000111,0.7696417211145861,0.7652953384941066,0.8760285083960657,0.9371554534451288,0.0311065197428833,0.0128255106814283,0.9514666496862948,0.4690557130124341,54,132,critico,False,0.753638063246708,0.749158755305739,0.8668173505052392,0.928066404234279,0.0323379896620957,0.0147441349286793,0.949913552119984,0.4725377741602738,56,153,critico,False,-0.01600365786787805,-0.016136583188367526,-0.0015530975663108348,True
10628610000198,0.1081345629207618,0.0935138180506104,0.204262602745347,0.5766737523555534,0.0169880624426079,0.000873112646585,0.8488151989084718,0.644553334050157,62,66,baixo_baixo,False,0.1081345629207618,0.0935138180506104,0.204262602745347,0.5766737523555534,0.0169880624426079,0.000873112646585,0.8498453718839425,0.6646898456393061,62,66,baixo_baixo,False,0.0,0.0,0.0010301729754707,True
10631880000158,0.0659746362090806,0.0533526718335276,0.1703276329453685,0.4045623912588896,0.0383168967784352,0.025321179167333,0.9682890147269324,0.9983837547387292,75,390,oculta,True,0.0610790698061576,0.0510905492721805,0.1693421777455202,0.3843029822639153,0.0355867367184647,0.0253270211516399,0.9646285951709916,0.9984743530101712,95,502,oculta,True,-0.0048955664029230045,-0.002262122561347099,-0.0036604195559407637,True
10635089000116,0.7029385894695589,0.6286732368369485,0.8263464541069889,0.999756918018482,0.2,3.4694469519536136e-17,0.9929955612025144,0.4015583117949503,5,5,critico,False,0.7029385894695589,0.6286732368369485,0.8263464541069889,0.999756918018482,0.2,3.4694469519536136e-17,0.9927115111661377,0.771814124746252,5,5,critico,False,0.0,0.0,-0.0002840500363767706,True
10687065000100,0.3034742546747886,0.1873866304539201,0.4629533080399264,0.8669894393069246,0.1428571428571428,0.0,0.8317439871963866,0.4820085575607037,7,7,baixo_baixo,False,0.3034742546747886,0.1873866304539201,0.4629533080399264,0.8669894393069246,0.1428571428571428,0.0,0.8480440036381809,0.514820528942542,7,7,baixo_baixo,False,0.0,0.0,0.01630001644179424,True
10698251000145,0.2343843628201926,0.2088638415808656,0.4182038857635141,0.7775083438274857,0.0485537190082644,0.0168388429752065,0.8954593812537067,0.5177658506196853,31,44,baixo_baixo,False,0.2217604044217518,0.2001426378779116,0.4065475773575365,0.755837390131472,0.0425240054869684,0.0159274500838286,0.8871289305867707,0.5209057223963924,37,54,baixo_baixo,False,-0.012623958398440799,-0.008721203702954011,-0.008330450666936051,True
10700103000118,0.6327263449275409,0.4490895173913113,0.7800104041346472,1.0,0.3600000000000001,0.0400000000000001,0.9920000697751572,0.9702114539062952,3,5,critico,False,0.6327263449275409,0.4490895173913113,0.7800104041346472,1.0,0.3600000000000001,0.0400000000000001,0.9923937281694896,0.9737852144815016,3,5,critico,False,0.0,0.0,0.0003936583943323635,True
10701551000136,0.4257239799803183,0.4150892388688427,0.6449939989782671,0.7863181322340868,0.0553124999999999,0.037818287037037,0.8570075146272289,0.8600962044897565,55,160,hhi_alto,False,0.3313932468620839,0.3200609290122888,0.5656643446276177,0.7090628252245169,0.0483524807473803,0.0322228617769969,0.8430768655089785,0.8250487736703498,60,178,baixo_baixo,False,-0.09433073311823442,-0.09502830985655392,-0.013930649118250371,False
10711980000194,0.4184718251136392,0.370011143873109,0.5977533980987702,0.9174454802918554,0.1863905325443787,0.1185897435897436,0.9138440335691604,0.4249466647248863,13,26,hhi_alto,False,0.4151702430649936,0.3733966889982074,0.595381485741786,0.9138050153802632,0.1632653061224489,0.1034985422740524,0.9119193987980152,0.4359115726115129,15,28,hhi_alto,False,-0.003301582048645557,0.003385545125098366,-0.0019246347711452394,True
10714485000139,0.052590313995618,0.0432100200747826,0.1086145310986723,0.3612187849745065,0.0307658609645929,0.0211694833503809,0.9458057120994504,0.9975633291391384,102,411,oculta,True,0.055008405333371,0.046008485384165,0.1236240930610257,0.3789711093872265,0.0303281036183687,0.0210931331766388,0.954514226795226,0.99804845755785,106,469,oculta,True,0.0024180913377530033,0.0027984653093824016,0.008708514695775604,True
10721741000115,0.5326612298383908,0.3768816397845211,0.7011210025958428,1.0,0.28,0.04,0.8506896289518843,0.4086030846686653,4,5,hhi_alto,False,0.5326612298383908,0.3768816397845211,0.7011210025958428,1.0,0.28,0.04,0.8457224238815559,0.4064915024368142,4,5,hhi_alto,False,0.0,0.0,-0.004967205070328329,True
10721783000156,0.2915889792980048,0.1735204758476723,0.4716565973887252,0.9023737305051284,0.15625,0.015625,0.8654758129057323,0.7031161253144379,7,8,baixo_baixo,False,0.2281373097857631,0.1316544735089835,0.4075886435476888,0.7881649328802469,0.12,0.01,0.8599558842444335,0.7322940130641488,9,10,baixo_baixo,False,-0.06345166951224171,-0.04186600233868881,-0.005519928661298801,True
10721828000192,0.4677770083271386,0.3347212604089232,0.6296663075959746,0.9993993542257988,0.2,3.4694469519536136e-17,0.8811198350669651,0.8114483978230047,5,5,hhi_alto,False,0.6791075216053781,0.6149290259264538,0.8142257471596346,0.9996924875936616,0.1666666666666666,3.3306690738754695e-17,0.9663956568678034,0.8456703254277127,6,6,critico,False,0.21133051327823954,0.2802077655175306,0.08527582180083826,False
10732371000111,0.1593393507761551,0.0542567696231745,0.3002995206891067,0.6597953601108165,0.12,0.01,0.7821936075325765,0.5994819543966867,9,10,baixo_baixo,False,0.1593393507761551,0.0542567696231745,0.3002995206891067,0.6597953601108165,0.12,0.01,0.7805234615887684,0.7954717997471789,9,10,baixo_baixo,False,0.0,0.0,-0.001670145943808099,True
10740545000198,0.2699656690120968,0.087457086265121,0.3836647322717159,0.959673383655652,0.2,3.4694469519536136e-17,0.5318226546632853,0.6179779682829961,5,5,baixo_baixo,False,0.2699656690120968,0.087457086265121,0.3836647322717159,0.959673383655652,0.2,3.4694469519536136e-17,0.5267123929853319,0.6242694908423557,5,5,baixo_baixo,False,0.0,0.0,-0.005110261677953365,True
10759024000182,0.1316659486015537,0.0773950703891508,0.2648575384972553,0.6035464112316007,0.0775047258979206,0.0198487712665406,0.5225069304035332,0.7342464873862967,17,23,baixo_baixo,False,0.1283411140141974,0.0824643305412605,0.2229404112023326,0.6192269169320122,0.065398335315101,0.0162087740158958,0.5320265468701951,0.8499482874902838,20,29,baixo_baixo,False,-0.0033248345873563012,0.005069260152109692,0.009519616466661884,True
10769869000159,0.1979943913159292,0.1363016521863853,0.326192149791673,0.7871820135896417,0.0795847750865051,0.0087836039393132,0.8910491282973964,0.661308363573316,14,17,baixo_baixo,False,0.1738103555411149,0.1279109308489546,0.3361746547248915,0.6891358398537182,0.0621301775147929,0.0100262984878369,0.911023025109728,0.5325324918412915,19,26,baixo_baixo,False,-0.02418403577481429,-0.008390721337430684,0.019973896812331637,True
10778201000178,0.6867224413405918,0.6519138237117686,0.8255194740043919,0.9276932784511054,0.1,3.0839528461809905e-17,0.9098560040614428,0.9747840339950594,10,10,hhi_alto,False,0.6867224413405918,0.6519138237117686,0.8255194740043919,0.9276932784511054,0.1,3.0839528461809905e-17,0.905830318027718,0.9756376995595886,10,10,hhi_alto,False,0.0,0.0,-0.0040256860337248845,True
10778974000154,0.3279008882330414,0.3030083285379689,0.5060785017904466,0.8692906808420787,0.0618311533888228,0.0270841590698903,0.8329202646424597,0.5885050376349883,28,58,baixo_baixo,False,0.3261634003423361,0.3020978074974195,0.5047304210500324,0.8669750835177136,0.0600402183280666,0.0264702261254976,0.8254144447831593,0.5854466208727768,29,59,baixo_baixo,False,-0.0017374878907053248,-0.0009105210405493946,-0.007505819859300433,True
10788473000159,0.5049708766703647,0.5003007906012171,0.706260207502724,0.8066179502119273,0.0226167944336269,0.0133961981546989,0.969348469454929,0.894437692886869,107,271,critico,False,0.4726168788697161,0.4681093308258675,0.6829212895041268,0.7844216189538995,0.0206186507972727,0.0122478700348562,0.9681138682973758,0.8955071549923754,118,331,critico,False,-0.03235399780064857,-0.03219145977534965,-0.00123460115755325,True
10817032000138,0.4566673006965611,0.3790483436532127,0.6409806354194874,0.9389643994939444,0.125,0.0,0.9013401073933536,0.84461954896946,8,8,hhi_alto,False,0.4566673006965611,0.3790483436532127,0.6409806354194874,0.9389643994939444,0.125,0.0,0.9000215182666614,0.8443845156681073,8,8,hhi_alto,False,0.0,0.0,-0.001318589126692138,True
10836939000144,0.2756886967888352,0.2153294215212381,0.4409345572356417,0.8794478422534807,0.0769230769230769,1.503427012513233e-17,0.7300707943293515,0.6096316277354429,13,13,baixo_baixo,False,0.3453932159009794,0.3126628766960284,0.5665081773715415,0.7882880358385375,0.0476190476190476,0.0,0.8364530289530525,0.4532403370478737,21,21,baixo_baixo,False,0.0697045191121442,0.09733345517479028,0.106382234623701,True
10839115000128,0.1627441787760297,0.1134938363510903,0.3575452551733446,0.5803489188137714,0.0555555555555555,0.0,0.6997383948653437,0.6074201264776375,18,18,baixo_baixo,False,0.1297440397152232,0.0862312417009843,0.3087182946847328,0.5371126626968639,0.0476190476190476,0.0,0.6807774839849046,0.6087779647668152,21,21,baixo_baixo,False,-0.03300013906080651,-0.027262594650105998,-0.018960910880439164,True
10863375000139,0.0790231578157293,0.0421840841283585,0.1667917814039453,0.4419856799850113,0.0384615384615384,0.0,0.7499901352805095,0.985817847377015,26,26,baixo_baixo,False,0.2352995654723301,0.2079888356677705,0.4640130439620817,0.6383860574615914,0.0385015608740894,0.0041623309053069,0.7437643043205984,0.9239011337294714,29,31,baixo_baixo,False,0.1562764076566008,0.165804751539412,-0.006225830959911138,True
10870672000101,0.3095488372574396,0.1369360465717995,0.3949905975779835,0.986846813100653,0.2,3.4694469519536136e-17,0.7512458710670303,0.9450641007745266,5,5,baixo_baixo,False,0.2785566193350004,0.1342679432020005,0.3725111212677878,0.9306839583569816,0.1666666666666666,3.3306690738754695e-17,0.7380101422404062,0.945843183162114,6,6,baixo_baixo,False,-0.03099221792243917,-0.002668103369799002,-0.01323572882662416,True
10873273000102,0.5087424648983693,0.3859280811229615,0.6901606951890594,0.9776981423381186,0.2,3.4694469519536136e-17,0.6918194893710954,0.4014183565818778,5,5,hhi_alto,False,0.5087424648983693,0.3859280811229615,0.6901606951890594,0.9776981423381186,0.2,3.4694469519536136e-17,0.6845025385671522,0.3989296410860706,5,5,hhi_alto,False,0.0,0.0,-0.007316950803943234,True
10936853000193,0.3324780727237486,0.1989736872684983,0.399653633517618,0.990608139612336,0.183673469387755,0.0204081632653061,0.9704772938434796,0.6695987964262099,6,7,oculta,True,0.3276992691196879,0.2316563075653576,0.3967539622191515,0.9834208210205372,0.1358024691358024,0.0123456790123456,0.972430204883896,0.8499383596571533,8,9,oculta,True,-0.0047788036040606885,0.03268262029685931,0.001952911040416394,True
10971858000157,0.0441231427770815,0.0366553548300275,0.1081015246742349,0.319470219864072,0.021724818959842,0.0140820441079657,0.9287099326359152,0.9948701520681542,129,434,oculta,True,0.0421477937052085,0.0354960422726058,0.0940112920799558,0.3119544358946661,0.0229980528587573,0.0162133171147209,0.932841431754214,0.995636439188186,145,542,oculta,True,-0.001975349071873002,-0.0011593125574217017,0.004131499118298798,True
11065186000183,0.437846825977552,0.402712252601149,0.5786824576155076,0.970158049079988,0.0588235294117647,0.0,0.9510525693887832,0.5978441412932418,17,17,critico,False,0.437846825977552,0.402712252601149,0.5786824576155076,0.970158049079988,0.0588235294117647,0.0,0.9561694940285934,0.6193587679531436,17,17,critico,False,0.0,0.0,0.005116924639810172,True
11084263000142,0.0272294869700298,0.0170964607926342,0.0589880193867762,0.207224677699487,0.0113168724279835,0.0010180898491083,0.8697899797346879,0.5142028242933564,97,108,baixo_baixo,False,0.0262059234686421,0.016369619665295,0.0575425462516841,0.2021467363199216,0.0111607142857142,0.0011724386724386,0.8656520158882973,0.5220878771725512,100,112,baixo_baixo,False,-0.0010235635013877004,-0.0007268411273391971,-0.0041379638463905355,True
11111771000172,0.21713393720317,0.2097484083088603,0.4579092100439227,0.5552275623147751,0.0196154002190758,0.0103664889003878,0.8150297257384382,0.5039735014379499,107,314,baixo_baixo,False,0.1426685579747262,0.136222456906867,0.3135449382220323,0.5654320996902591,0.0207249260279563,0.0133619555469635,0.8203086263208066,0.4873845372415651,134,396,baixo_baixo,False,-0.07446537922844382,-0.0735259514019933,0.005278900582368351,True
11112312000103,0.6074404317869672,0.5638227019855191,0.7749263623804805,0.8932038078190814,0.1,3.0839528461809905e-17,0.9517444018660144,0.8522150788841923,10,10,critico,False,0.50839739665742,0.4674305130455383,0.7071601232613345,0.8197647457741309,0.0769230769230769,1.503427012513233e-17,0.9365125967532976,0.8127459663744779,13,13,critico,False,-0.09904303512954715,-0.0963921889399808,-0.015231805112716823,True
11124654000143,0.1631034820457793,0.0435468366237477,0.2295139659248265,0.7234471467588802,0.125,0.0,0.365431046728578,0.4014183565818778,8,8,baixo_baixo,False,0.1631034820457793,0.0435468366237477,0.2295139659248265,0.7234471467588802,0.125,0.0,0.3569708734231184,0.3989296410860706,8,8,baixo_baixo,False,0.0,0.0,-0.008460173305459617,True
11135974000107,0.4536454274295345,0.3625863320011235,0.6354742018096177,0.9569683700480384,0.15625,0.015625,0.922816796229528,0.4014183565818778,7,8,hhi_alto,False,0.4536454274295345,0.3625863320011235,0.6354742018096177,0.9569683700480384,0.15625,0.015625,0.9196852229177724,0.3989296410860706,7,8,hhi_alto,False,0.0,0.0,-0.003131573311755509,True
11136549000124,0.0683310515848685,0.0165716655618057,0.0714141198332121,0.2856564793328484,0.055,0.0025,0.9701013492136562,0.4460286402242651,19,20,oculta,True,0.0683310515848685,0.0165716655618057,0.0714141198332121,0.2856564793328484,0.055,0.0025,0.9697565996339352,0.4765892141071343,19,20,oculta,True,0.0,0.0,-0.000344749579720971,True
11148262000114,0.039945019096584,0.0315967149148152,0.0719690854898134,0.2727110417114302,0.0278150475876625,0.0193612653927726,0.9319463071401932,0.9967150569725124,116,357,oculta,True,0.8598240101812559,0.8586935586504596,0.9271581132473992,0.9419850211843726,0.0258427203456015,0.0179866132516144,0.9906070201053578,0.9470411514514,125,377,critico,False,0.8198789910846719,0.8270968437356444,0.05866071296516462,False
11149280000110,0.1140767023117399,0.0824365845371592,0.1694001423778577,0.6067562561684338,0.059592464436755,0.026006481023782,0.4904893689812513,0.5490848682540908,29,51,baixo_baixo,False,0.1187295828219448,0.0903015048484592,0.2176878877800774,0.6186893285462154,0.0592088687326782,0.0288607677240549,0.5211836263472083,0.5445951324916383,32,63,baixo_baixo,False,0.004652880510204904,0.007864920311299997,0.03069425736595699,True
11151349000140,0.229308339856619,0.1779288958470603,0.4239060612056766,0.7429700604737322,0.074074074074074,0.0123456790123456,0.5947839621497767,0.5248287937151729,16,18,baixo_baixo,False,0.2089867364356505,0.162456544461277,0.4016127429045905,0.7038970922807113,0.0661157024793388,0.011181332036947,0.5847939233965431,0.5493228718728684,18,22,baixo_baixo,False,-0.020321603420968504,-0.01547235138578329,-0.009990038753233565,True
11151460000137,0.3053804683133089,0.2738068532366411,0.5096135412064023,0.8131019253540716,0.0502958579881656,0.0071274878967186,0.8582798569845559,0.4851659333689614,23,26,baixo_baixo,False,0.2416717933917534,0.2222274804017983,0.4514348390182627,0.7202762624963059,0.0302457466918714,0.005380253017304,0.8375309287972651,0.529656478994196,40,46,baixo_baixo,False,-0.06370867492155549,-0.05157937283484282,-0.020748928187290794,True
11152150000137,0.0393960271112578,0.0111429690851183,0.0675279107626912,0.2632087899505788,0.03125,0.0027573529411764,0.7952774026053455,0.4376499828268441,35,40,baixo_baixo,False,0.035200022024737,0.0098105489201249,0.0597884589656734,0.2330421267239804,0.027892561983471,0.0023107872988255,0.7882588208164597,0.43101883185277,39,44,baixo_baixo,False,-0.0041960050865208,-0.0013324201649934,-0.007018581788885814,True
11160486000141,0.1278270328543179,0.0765227406692777,0.2390790171437856,0.619139232057307,0.0555555555555555,0.0,0.8342234231279051,0.7719900831457697,18,18,baixo_baixo,False,0.1430479495416043,0.1002003470186845,0.2873513788162281,0.6574537123836544,0.0476190476190476,0.0,0.860666675069814,0.6682492750311911,21,21,baixo_baixo,False,0.015220916687286395,0.0236776063494068,0.026443251941908885,True
11166368000140,0.1367017891797006,0.1161470698744554,0.3443958641790707,0.4751683982308716,0.035625,0.0126636904761904,0.7142921139542271,0.5705747672994494,43,80,baixo_baixo,False,0.1165201642389487,0.0973140808528389,0.3093901389369232,0.4710764686150253,0.0336900515259611,0.0126833135156559,0.7107311761448594,0.5644307638536181,47,87,baixo_baixo,False,-0.020181624940751902,-0.01883298902161651,-0.0035609378093677257,True
11168270000122,0.0300335196842645,0.0127126896786264,0.0586377537259421,0.1945767053252957,0.01953125,0.0020228794642857,0.6561733988389454,0.6093564448482732,57,64,baixo_baixo,False,0.04295038525086,0.0288761262104315,0.0654957254859795,0.2443064987587815,0.0165406427221172,0.0020780051150895,0.8334276964465501,0.5268928292008535,69,92,baixo_baixo,False,0.0129168655665955,0.0161634365318051,0.1772542976076047,True
11170888000127,0.080760387311692,0.0194777464658048,0.129522529132322,0.4400077057707204,0.0625,0.0,0.7132218451511203,0.6970625862596256,16,16,baixo_baixo,False,0.080760387311692,0.0194777464658048,0.129522529132322,0.4400077057707204,0.0625,0.0,0.7059169741588859,0.6937771733589502,16,16,baixo_baixo,False,0.0,0.0,-0.007304870992234425,True
11171868000170,0.0602130291532017,0.045055174784705,0.164448254520237,0.3977195923713481,0.0186980609418282,0.0028706103118577,0.9145271029165114,0.6866482779571093,63,76,baixo_baixo,False,0.0517060671128962,0.0381590109287947,0.1424993626568088,0.3589875474255949,0.0172495274102079,0.0032102349446394,0.9141536767322568,0.705265887715205,71,92,baixo_baixo,False,-0.008506962040305502,-0.006896163855910298,-0.0003734261842546216,True
11179871000130,0.3336837902983288,0.167104737872911,0.4021933352573116,0.9876210417728436,0.2,3.4694469519536136e-17,0.6890032507230319,0.8433649513792216,5,5,baixo_baixo,False,0.5566934320738905,0.4828090040862056,0.7297712647545261,0.972610082899539,0.1428571428571428,0.0,0.8282833197606904,0.5183456497278361,7,7,hhi_alto,False,0.22300964177556176,0.3157042662132946,0.13928006903765844,False
11188015000141,0.4103447536921477,0.3963053430657703,0.6300183209776934,0.794229837375579,0.057174515235457,0.0347262894077298,0.9711282162948685,0.6138777724571527,43,190,critico,False,0.3550610659052511,0.3404033628576433,0.5804783857510613,0.775942181361218,0.0548729812897284,0.0333928217735859,0.9684897395805752,0.6354901802529465,45,211,oculta,True,-0.055283687786896574,-0.05590198020812703,-0.002638476714293292,False
11193159000196,0.1914058134928337,0.0566401157416393,0.3189643885371385,0.7668979335641974,0.1604938271604938,0.0205761316872427,0.9811308802600078,0.5952100103834512,7,9,oculta,True,0.1778223813315955,0.0750501789980449,0.3062462187784531,0.7363191653468832,0.1239669421487603,0.0144628099173553,0.9761916015428308,0.5873097099317637,9,11,oculta,True,-0.013583432161238196,0.018410063256405602,-0.004939278717177031,True
11195905000180,0.200505435110724,0.0672563409625113,0.2684323229682108,0.8002068825987857,0.1428571428571428,0.0,0.8153608461853,0.6116309059992621,7,7,baixo_baixo,False,0.1810156798454534,0.0640179198233753,0.2525854233500367,0.7529666769406292,0.125,0.0,0.8004728292590945,0.6233678183500811,8,8,baixo_baixo,False,-0.01948975526527061,-0.0032384211391359996,-0.01488801692620556,True
11206573000192,0.1998094185381779,0.133126870083026,0.3959481093188502,0.6589372051248775,0.0769230769230769,1.503427012513233e-17,0.8058733734466832,0.8726442676749212,13,13,baixo_baixo,False,0.1563073098368764,0.0960435462537961,0.3425489158678746,0.583471858394345,0.0703125,0.00390625,0.7942542967872828,0.8449619656682343,15,16,baixo_baixo,False,-0.0435021087013015,-0.03708332382922991,-0.011619076659400429,True
11208059000196,0.1718053742306524,0.1126486152471276,0.2978660834100174,0.7361520400193573,0.107750472589792,0.0440183634890629,0.7935428543193386,0.4875038589399124,15,23,baixo_baixo,False,0.1718053742306524,0.1126486152471276,0.2978660834100174,0.7361520400193573,0.107750472589792,0.0440183634890629,0.7929507163631088,0.4956594238340344,15,23,baixo_baixo,False,0.0,0.0,-0.0005921379562298101,True
11214458000160,0.0595055276179075,0.0507158596517197,0.1199154336126464,0.4099552118855271,0.0286746790606252,0.0195968723228741,0.9508907091088517,0.8905395768801894,108,442,oculta,True,0.052521375200005,0.0446257199933384,0.1084070611091563,0.3774150550663416,0.0255731922398589,0.0174529688418577,0.950783076294986,0.8970242119924712,121,504,oculta,True,-0.006984152417902498,-0.006090139658381302,-0.00010763281386561019,True
11221619000142,0.0230413007820642,0.0156957466526061,0.0585885951413573,0.1848264379786075,0.0130688578227245,0.005648322919136,0.797209933811457,0.7758094030437821,134,328,baixo_baixo,False,0.0230413007820642,0.0156957466526061,0.0585885951413573,0.1848264379786075,0.0130688578227245,0.005648322919136,0.8027654135940572,0.7783533760996302,134,328,baixo_baixo,False,0.0,0.0,0.005555479782600181,True
11224030000106,0.0733170814006785,0.056468301062509,0.1703199886463677,0.4476233604084662,0.0255800118976799,0.0078632848412741,0.8193624479722692,0.9902728688006808,56,82,baixo_baixo,False,0.0683514614175129,0.053078534555505,0.1636442997111458,0.4300787707336161,0.0226378998830906,0.0066155703729773,0.8242050455188341,0.991796964362292,62,97,baixo_baixo,False,-0.004965619983165595,-0.0033897665070040037,0.0048425975465649085,True
11228769000188,0.9797265561014136,0.9763476487849826,0.9897956870275476,0.9981183555857968,0.1604938271604938,0.0205761316872427,0.9763918860955512,0.4074812183297399,7,9,critico,False,0.7751997904078022,0.7527197694485824,0.8728941421575457,0.994028339601321,0.1022222222222222,0.0124444444444444,0.9638216861676212,0.4061724575989441,11,15,critico,False,-0.2045267656936114,-0.22362787933640016,-0.01257019992792996,True
11231203000105,0.2813941129011567,0.2748013983406168,0.3785958641972711,0.8895736578140645,0.0207351303185564,0.0117510489453322,0.9503437735243452,0.466882370186376,110,335,oculta,True,0.257415456927882,0.2515683345414874,0.3615483785088881,0.8495177680528232,0.0197683203223369,0.0120499606398356,0.9432083832467912,0.540227150420322,128,418,oculta,True,-0.0239786559732747,-0.023233063799129372,-0.0071353902775539435,True
11232665000147,0.0893616010648619,0.0804337736243214,0.2338259684294917,0.4834293656795844,0.0539178734378099,0.0446425584715139,0.7951521722515884,0.505166015428131,103,355,baixo_baixo,False,0.0811691106619688,0.0730378638536676,0.2164875378050524,0.457813454247522,0.0504436728395061,0.0420405195018026,0.7919073148733199,0.5097942062393694,114,432,baixo_baixo,False,-0.008192490402893104,-0.007395909770653797,-0.0032448573782685175,True
11237287000194,0.1118980177490018,0.0563916438583144,0.17866437319689,0.5657572023209613,0.0657596371882086,0.0073696145124716,0.7182767159345584,0.6006002514659551,17,21,baixo_baixo,False,0.1118980177490018,0.0563916438583144,0.17866437319689,0.5657572023209613,0.0657596371882086,0.0073696145124716,0.7124892578171539,0.5988041701177779,17,21,baixo_baixo,False,0.0,0.0,-0.005787458117404554,True
11241709000103,0.521452259482473,0.5168508389005737,0.7188707364524247,0.8137682411251939,0.0386244722187153,0.0293804767592799,0.93982141107025,0.5350030413638664,105,534,critico,False,0.4981579597313622,0.4933785117288037,0.7023542015765782,0.7950713727539355,0.0380169045717207,0.0288551608057371,0.9322716981599014,0.532666828823432,106,547,critico,False,-0.023294299751110803,-0.023472327171770002,-0.0075497129103485605,True
11243552000147,0.1249165416645772,0.1114537192286476,0.2866583528813041,0.5885238995556091,0.0412234610619847,0.0264730527706306,0.8747360515103902,0.9780141777788736,66,153,baixo_baixo,False,0.1176901691038135,0.1047150245318107,0.2745162586653363,0.5748578324796048,0.0419377162629757,0.0278485650315489,0.8948254028515495,0.981500188441152,69,170,baixo_baixo,False,-0.007226372560763708,-0.006738694696836897,0.0200893513411593,True
11246073000184,0.1084607288579936,0.0713132592270767,0.2064228248799597,0.5848531937091563,0.0582639714625445,0.0190249702734839,0.967526123611686,0.9977741351731994,25,87,oculta,True,0.0981151906957241,0.0634273134147904,0.189983592959767,0.5467654347533919,0.0572916666666666,0.0210336538461538,0.9703536777708583,0.998091157731652,27,96,oculta,True,-0.010345538162269505,-0.007885945812286299,0.002827554159172352,True
11252074000131,0.1691549136881634,0.1466996410851408,0.3733132237452519,0.599499565832094,0.0355253212396069,0.0094584380298665,0.9159825358621736,0.9835979806325944,38,63,baixo_baixo,False,0.0738959915437924,0.058460924736189,0.209389351350921,0.4248383428043017,0.0256696428571428,0.0094308035714285,0.8996241123426962,0.9828160463464004,61,112,baixo_baixo,False,-0.09525892214437101,-0.0882387163489518,-0.01635842351947736,True
11257200000140,0.0899927190582156,0.04862875174268,0.1620574091295892,0.4806364448133101,0.0682397959183673,0.0258870593692022,0.9727099566676785,0.9970409862942043,23,56,oculta,True,0.1077474389128674,0.0720573364693821,0.2211692793947709,0.5561879501115371,0.0617063934061038,0.0241746491423479,0.973347689058505,0.9973906115787864,26,67,oculta,True,0.017754719854651796,0.023428584726702104,0.0006377323908265398,True
11258723000101,0.1257608611919496,0.0383369473111445,0.2030368437807707,0.6428339295252732,0.0909090909090909,0.0,0.7912982003451714,0.5756738611938245,11,11,baixo_baixo,False,0.1257608611919496,0.0383369473111445,0.2030368437807707,0.6428339295252732,0.0909090909090909,0.0,0.7937338099177118,0.5892274245732738,11,11,baixo_baixo,False,0.0,0.0,0.0024356095725404092,True
11259476000168,0.6863200644475623,0.6514667382750693,0.8263328724558306,0.8921890065276068,0.1,3.0839528461809905e-17,0.924171581924314,0.8327926612444283,10,10,critico,False,0.6863200644475623,0.6514667382750693,0.8263328724558306,0.8921890065276068,0.1,3.0839528461809905e-17,0.9246659112003376,0.8296744915650952,10,10,hhi_alto,False,0.0,0.0,0.0004943292760235529,False
11261188000148,0.3266264625066615,0.2424547703199942,0.4159744839106878,0.958148478581665,0.1111111111111111,0.0,0.9587823591228908,0.4964574232936149,9,9,oculta,True,0.2822556348414721,0.2170061470997877,0.3854586766179892,0.8878588924144805,0.0833333333333333,1.5139404881252137e-17,0.9471152957246602,0.498393794511424,12,12,oculta,True,-0.044370827665189405,-0.025448623220206523,-0.011667063398230537,True
11265919000123,0.046526563540111,0.028869648050113,0.0875396204811158,0.3095004657037447,0.0417389293559949,0.0239933539736985,0.8865645128870926,0.9934679698799236,55,186,baixo_baixo,False,0.1044635787990713,0.0931276747332367,0.2294443027906516,0.5767139203557299,0.0323982759880195,0.0201501528992603,0.8720868503646869,0.7611883613952047,80,234,baixo_baixo,False,0.0579370152589603,0.0642580266831237,-0.014477662522405677,True
11267244000151,0.1393918343672313,0.0915802696098553,0.2075183131605101,0.6905202058034265,0.0526315789473684,0.0,0.7648284066926894,0.607947013508351,19,19,baixo_baixo,False,0.1182839070176084,0.0741981023684889,0.1870376008389981,0.6223703376213712,0.0476190476190476,0.0,0.7747340613556969,0.6435531671083574,21,21,baixo_baixo,False,-0.0211079273496229,-0.017382167241366403,0.009905654663007524,True
11268671000154,0.0381039713609311,0.0243625995232301,0.0929338741940697,0.2641433061210574,0.0243055555555555,0.0103670634920634,0.7792404374982329,0.6417832787755456,71,120,baixo_baixo,False,0.1140294331515364,0.1033550889726393,0.3114698864837099,0.4576001347872486,0.0234979179060083,0.0117328325795746,0.8464322183577663,0.7172556760168557,84,164,baixo_baixo,False,0.0759254617906053,0.0789924894494092,0.06719178085953337,True
11270247000144,0.5002395262317078,0.4502634788548785,0.6772516608169163,0.9297396033479872,0.0972222222222222,0.0069444444444444,0.91728737547935,0.7260045294259664,11,12,hhi_alto,False,0.5002395262317078,0.4502634788548785,0.6772516608169163,0.9297396033479872,0.0972222222222222,0.0069444444444444,0.9159884288199204,0.723211171363402,11,12,hhi_alto,False,0.0,0.0,-0.001298946659429645,True
11271704000115,0.0753830317435192,0.0434996880105371,0.148891181418468,0.4540498046192546,0.0358126721763085,0.0025648332858364,0.8064126376812586,0.4457674413808697,30,33,baixo_baixo,False,0.0753830317435192,0.0434996880105371,0.148891181418468,0.4540498046192546,0.0358126721763085,0.0025648332858364,0.800636215597822,0.443159214671175,30,33,baixo_baixo,False,0.0,0.0,-0.005776422083436539,True
11272232000115,0.6493551625927831,0.5909143563582471,0.7991889513832653,0.9674075526204864,0.1428571428571428,0.0,0.941897045703384,0.853893692795255,7,7,critico,False,0.5806004940529105,0.520686278917612,0.7535726201368592,0.9320312729559485,0.125,0.0,0.928997416499222,0.8370107849473329,8,8,critico,False,-0.06875466853987267,-0.07022807744063508,-0.012899629204161989,True
11279755000193,0.142669414781232,0.1131062911529986,0.2531916849894168,0.6425698066019291,0.0516528925619834,0.018951268167569,0.8375812243768438,0.5627890732107586,30,44,baixo_baixo,False,0.1367521154771846,0.1079771859930908,0.2476632863395531,0.628539400937502,0.049149338374291,0.0174543163201007,0.8335537706540023,0.5715357922004856,31,46,baixo_baixo,False,-0.005917299304047385,-0.005129105159907804,-0.004027453722841523,True
11280020000180,0.1348366818081611,0.0893017703243801,0.3251875978897856,0.5070309200602553,0.05,1.460819769243627e-17,0.6793628992045679,0.4940249537391534,20,20,baixo_baixo,False,0.1172547691042078,0.0752192819186939,0.2961286548054461,0.4785634910275004,0.0454545454545454,0.0,0.6792859675595562,0.5242125376355607,22,22,baixo_baixo,False,-0.017581912703953304,-0.014082488405686197,-7.693164501176852e-05,True
11283491000141,0.4669810275022338,0.400353655940013,0.6656551807266495,0.898687323757225,0.12,0.01,0.8270888409091051,0.4342519806107253,9,10,hhi_alto,False,0.4669810275022338,0.400353655940013,0.6656551807266495,0.898687323757225,0.12,0.01,0.8262484987594017,0.7324065564537038,9,10,hhi_alto,False,0.0,0.0,-0.0008403421497034103,True
11283510000130,0.3625412545218845,0.2714757194535823,0.5568945253308817,0.8920604574830495,0.125,0.0,0.7921276960209805,0.7018907639454006,8,8,baixo_baixo,False,0.3510662811096229,0.2583614641252833,0.5473399876283042,0.8767555390715491,0.1358024691358024,0.0123456790123456,0.7858442183894312,0.7029988887954243,8,9,baixo_baixo,False,-0.011474973412261613,-0.013114255328298963,-0.00628347763154935,True
11285282000137,0.0458366417995673,0.0339095998220619,0.1072363345738533,0.348324177568672,0.0139900566539484,0.0016649323621227,0.8466762196739444,0.732471365584664,81,93,baixo_baixo,False,0.0360474794748919,0.0264079542696409,0.0846450124589006,0.277740694968375,0.0116993852865357,0.0018163791394011,0.8465348859279969,0.6824275378258093,101,123,baixo_baixo,False,-0.009789162324675402,-0.0075016455524210025,-0.0001413337459474917,True
11290422000165,0.0875245601981517,0.0774973575629666,0.1957913594641464,0.508583494953311,0.0281975014872099,0.0175183531519046,0.7972191739629637,0.6324630715423057,92,205,baixo_baixo,False,0.0592631148020404,0.0507109613002408,0.1331149179687925,0.4043067436801246,0.0241599384851979,0.0152886651986997,0.7897578222137326,0.6224213254936407,111,255,baixo_baixo,False,-0.028261445396111307,-0.026786396262725803,-0.0074613517492311265,True
11290534000116,0.1341802943932628,0.0475983238325891,0.2100802242536437,0.634595570737109,0.1239669421487603,0.0363636363636363,0.96427203626485,0.9956344721002436,11,22,oculta,True,0.1430377959493405,0.0716242789451189,0.2565397038863298,0.6547285842492068,0.111111111111111,0.037037037037037,0.9166770133386194,0.9843400611533526,13,27,baixo_baixo,False,0.008857501556077702,0.0240259551125298,-0.047595022926230635,False
11291694000180,0.4439639045980521,0.3512912220310608,0.5442862709712332,0.9804392862865942,0.1428571428571428,0.0,0.9599816235263572,0.7204278558083361,7,7,critico,False,0.4172235930482357,0.3339698206265551,0.5270023043552285,0.9696075999718422,0.125,0.0,0.9533715006563358,0.723945870912196,8,8,critico,False,-0.026740311549816376,-0.017321401404505665,-0.006610122870021384,True
11293112000102,0.341331298789429,0.2315531819210005,0.4825615897855103,0.932843442074658,0.1428571428571428,0.0,0.923470777223144,0.7854312562228969,7,7,baixo_baixo,False,0.2817137199071883,0.1919279348955869,0.4345256878097101,0.8399848783373669,0.1111111111111111,0.0,0.9133844692821708,0.7888204573627704,9,9,baixo_baixo,False,-0.05961757888224073,-0.03962524702541359,-0.010086307940973205,True
11293409000160,0.0629916627387506,0.0546995535594475,0.0685969040279923,0.2743876161119692,0.0231165626360865,0.0144715764647244,0.988041504904717,0.4126244159625247,114,332,oculta,True,0.0596325303025534,0.0526148626182441,0.0665186595213253,0.2660746380853013,0.0207842946929068,0.0134767148025554,0.9859440601060784,0.4110561771905376,135,406,oculta,True,-0.003359132436197204,-0.0020846909412034,-0.0020974447986386036,True
11299994000105,0.2614741007227126,0.0768426259033907,0.3183023591244598,0.977895669505246,0.2,3.4694469519536136e-17,0.7108993047027223,0.4014183565818778,5,5,baixo_baixo,False,0.2614741007227126,0.0768426259033907,0.3183023591244598,0.977895669505246,0.2,3.4694469519536136e-17,0.7438923691426953,0.4946480016129494,5,5,baixo_baixo,False,0.0,0.0,0.03299306443997296,True
11299998000193,0.0326736014301333,0.0241131908233203,0.071800958223845,0.2456166300444567,0.0260725739249008,0.0174537471454752,0.9091406945782384,0.995655970195365,114,398,baixo_baixo,False,0.2588774857003292,0.2535070326981577,0.5014512079073947,0.5924262927451592,0.0222218489653318,0.0151365000447908,0.9539871013271092,0.9960640199484668,139,488,oculta,True,0.2262038842701959,0.2293938418748374,0.04484640674887075,False
11301658000150,0.1781786490100789,0.1553502781492478,0.2916784011773861,0.6862672954103298,0.0389360679378304,0.0122398476027702,0.9352943952674176,0.977775858858268,37,79,oculta,True,0.1523832786708405,0.1294747186349173,0.2259576540471355,0.7077214287671341,0.0385487528344671,0.0125635839921554,0.9228893976836888,0.951386013416176,38,84,baixo_baixo,False,-0.0257953703392384,-0.025875559514330487,-0.012404997583728816,False
11303923000139,0.0454372447887481,0.0372082555196856,0.1396977806318206,0.3313774806674094,0.0168987194812566,0.0084237084423019,0.92142289804347,0.9952468910946652,117,341,baixo_baixo,False,0.3916581269341876,0.3869422984608093,0.6206121847691728,0.7272082985185602,0.0171145091492472,0.0094952417783112,0.9488338397266564,0.6255620972606163,130,411,critico,False,0.3462208821454395,0.3497340429411237,0.027410941683186363,False
11306530000189,0.1240982870716491,0.1094999251895099,0.1965141620595248,0.6522718799276854,0.0208294239069243,0.0045099143053731,0.8976768444446723,0.5354584213137583,61,73,baixo_baixo,False,0.1097921763606661,0.0958826791163015,0.16723815634433,0.6055105196459425,0.0200288415318058,0.0047167921807402,0.9048767122388748,0.5829881325259034,65,79,baixo_baixo,False,-0.014306110710983005,-0.013617246073208411,0.0071998677942024525,True
11306532000178,0.1313079271458684,0.0878733235031618,0.2711131794816611,0.6075523161604355,0.0781893004115226,0.0320987654320987,0.6616709259625282,0.7066904167049977,21,81,baixo_baixo,False,0.1313079271458684,0.0878733235031618,0.2711131794816611,0.6075523161604355,0.0781893004115226,0.0320987654320987,0.6624580698508369,0.70660700750403,21,81,baixo_baixo,False,0.0,0.0,0.0007871438883086945,True
11307015000113,0.074054822434967,0.0509061929958411,0.1556310645842719,0.4538550983230052,0.0301637460499856,0.0059178397012352,0.5175049486421217,0.6761847840888675,41,59,baixo_baixo,False,0.069603978121731,0.0484586139881339,0.1503705952014098,0.4385143894782664,0.0275482093663911,0.0054470323065364,0.5183190160389137,0.6822944697886868,45,66,baixo_baixo,False,-0.004450844313236002,-0.0024475790077072013,0.0008140673967920176,True
11307776000175,0.3224543838721719,0.2825987593940644,0.4640940508662488,0.9497410075492828,0.0581717451523545,0.002770083102493,0.9009900697121472,0.9187559982248252,18,19,baixo_baixo,False,0.3097606877902983,0.2821511153019103,0.4546824425312252,0.930480708120578,0.0408163265306122,0.0024489795918367,0.9047700488541354,0.9321702497410744,26,28,baixo_baixo,False,-0.012693696081873596,-0.00044764409215414247,0.0037799791419881323,True
11308894000106,0.3654870177576221,0.3020357195333844,0.5739929078074626,0.8570068211859012,0.0909090909090909,0.0,0.9087723306957908,0.4988295153060888,11,11,baixo_baixo,False,0.3292680945506452,0.2898132765830361,0.5441355788494434,0.812427987142194,0.0555555555555555,0.0,0.8879038374641822,0.4923765321616629,18,18,baixo_baixo,False,-0.036218923206976894,-0.0122224429503483,-0.020868493231608554,True
11310394000109,0.1367987294041573,0.1304046459182622,0.3520254066010478,0.4823855214302057,0.0144941013922839,0.0071940576988934,0.9485870696294122,0.9911836750550956,136,388,oculta,True,0.1235154043939305,0.117209759821225,0.3315580488293367,0.471219392659771,0.014046037657202,0.0069528436835128,0.9498284362252162,0.9919718868670514,140,427,oculta,True,-0.013283325010226804,-0.0131948860970372,0.0012413665958039832,True
11312860000187,0.1492349341156735,0.0837914675091868,0.244897336285382,0.6922139747386726,0.0755555555555555,0.0044444444444444,0.9249519469150604,0.6073442146083993,14,15,oculta,True,0.2093825989905023,0.1628756930487672,0.4110635557294554,0.6859438698994464,0.06,0.0047058823529411,0.966152070809432,0.8236662635354765,18,20,oculta,True,0.06014766487482878,0.0790842255395804,0.041200123894371554,True
11313552000176,0.3512501633127532,0.1890627041409415,0.4485313801096979,0.9709583050924688,0.2222222222222222,0.0277777777777778,0.5565153353248816,0.6042853510905251,5,6,baixo_baixo,False,0.2435431333767339,0.1354778667162673,0.3557063198285383,0.854707236760385,0.1358024691358024,0.0123456790123456,0.5049450925497141,0.5593790916808946,8,9,baixo_baixo,False,-0.10770702993601933,-0.05358483742467421,-0.05157024277516753,True
11315213000129,0.1426277566491512,0.1339674309587386,0.2944023678739705,0.6274139232493059,0.0143900604236938,0.0044344044683776,0.9293929643743646,0.5598702280841638,100,203,oculta,True,0.0610966544894667,0.0542930070582309,0.1809398979843871,0.3952241752087583,0.0106748628461894,0.0035058401131908,0.901089624050173,0.5518608483467051,139,246,baixo_baixo,False,-0.08153110215968451,-0.07967442390050769,-0.028303340324191573,False
11318061000118,0.5454024694509174,0.4948916327232416,0.7221771844898813,0.9232246275034648,0.1074380165289256,0.0082644628099173,0.8666005313556722,0.8887275782619468,10,11,hhi_alto,False,0.5454024694509174,0.4948916327232416,0.7221771844898813,0.9232246275034648,0.1074380165289256,0.0082644628099173,0.8644675231222207,0.8875835473093286,10,11,hhi_alto,False,0.0,0.0,-0.0021330082334514167,True
11319184000173,0.1620011165409303,0.0223346359644187,0.1884578856217061,0.7471275070299261,0.1428571428571428,0.0,0.4663777492155972,0.5230000962942719,7,7,baixo_baixo,False,0.2404806879986196,0.1455407739984471,0.4351509953032981,0.7502170524796284,0.1111111111111111,0.0,0.6463057016242664,0.6956317784308725,9,9,baixo_baixo,False,0.0784795714576893,0.12320613803402838,0.17992795240866916,True
11320964000133,0.0918018981723071,0.0812414551277991,0.2083873293796167,0.5373200763802322,0.0198902606310013,0.0084936357546176,0.8144147498155355,0.8768524390525073,87,162,baixo_baixo,False,0.4219388345256481,0.4164854273041919,0.6411117338675509,0.8055564023178536,0.0179153895326919,0.0086504403773399,0.9253933290953767,0.9177461601185184,107,247,hhi_alto,False,0.330136936353341,0.3352439721763928,0.11097857927984123,False
11323077000119,0.1550057152251701,0.0845895248272676,0.3153707721164013,0.6457956506687798,0.0769230769230769,1.503427012513233e-17,0.7594439321200889,0.5608012672688959,13,13,baixo_baixo,False,0.0992275827276416,0.0429293066481192,0.2192625944089782,0.4915987996555602,0.0588235294117647,0.0,0.747308556981511,0.5407420477219899,17,17,baixo_baixo,False,-0.0557781324975285,-0.0416602181791484,-0.012135375138577875,True
11323261000169,0.3788646993097546,0.3492868278483143,0.4940753800216976,0.966717226382982,0.0454545454545454,0.0,0.9956962660502852,0.4573039335010658,22,22,oculta,True,0.3701874302327304,0.3439452398257609,0.4883480769454811,0.955511076940256,0.04,0.0,0.9946135422857568,0.4561657722091216,25,25,critico,False,-0.008677269077024208,-0.005341588022553356,-0.0010827237645283372,False
11323964000197,0.052178636311917,0.0454564989807958,0.1640125063042951,0.3650509770851096,0.0241475270095284,0.0172265874847733,0.8846556066066482,0.9203391923207354,142,679,baixo_baixo,False,0.0486125494918885,0.0423119703494506,0.1553166471509676,0.3525900186622451,0.0239022777422392,0.0174380544160288,0.8850233173733948,0.9192594982404704,152,746,baixo_baixo,False,-0.0035660868200284995,-0.003144528631345199,0.0003677107667465762,True
11323985000102,0.202045856354238,0.1977787218962393,0.4345441599524262,0.5895054023256947,0.0187183673469387,0.0134708719851576,0.9362833480806736,0.7289042294877378,188,700,oculta,True,0.1683797820532512,0.1640708690068949,0.3929115185221765,0.5478881896118589,0.0185030978684175,0.0134176216915699,0.939156213934126,0.7517855921914536,194,771,oculta,True,-0.03366607430098681,-0.033707852889344386,0.0028728658534523666,True
11324516000108,0.0356847163020571,0.0257433216247588,0.0879914163788479,0.2754056276439384,0.0253655210727001,0.015317742939429,0.7741585823497656,0.6538548070790892,98,398,baixo_baixo,False,0.0331499065009701,0.0238532709865564,0.0813825795335903,0.2589033479055338,0.0274882842554381,0.0181372100655866,0.78169012298948,0.6683864861809469,105,493,baixo_baixo,False,-0.0025348098010870013,-0.0018900506382024014,0.007531540639714396,True
11328999000119,0.1727798948256305,0.1498015585707869,0.2765043338982068,0.774102410972956,0.0489408327246165,0.0225225225225225,0.7365928892363415,0.4293673036185217,37,74,baixo_baixo,False,0.1727798948256305,0.1498015585707869,0.2765043338982068,0.774102410972956,0.0489408327246165,0.0225225225225225,0.7294121861710847,0.4268588235223376,37,74,baixo_baixo,False,0.0,0.0,-0.007180703065256755,True
11329956000158,0.0493097595089656,0.041580570561884,0.1239797114586914,0.3572052072985046,0.0211195820679988,0.0131612046864379,0.9467459395468923,0.9980945654055828,124,434,oculta,True,0.0481730496855173,0.0413253737839743,0.1163812262208543,0.3527720577286198,0.0194239732930209,0.012369469503762,0.9495150625644476,0.9982076237381576,140,504,oculta,True,-0.0011367098234483022,-0.00025519677790970113,0.002769123017555275,True
11331930000144,0.22189749706313,0.066276996475756,0.2833396297695504,0.8802417831507368,0.1666666666666666,3.3306690738754695e-17,0.8433759239896523,0.5295705030437007,6,6,baixo_baixo,False,0.22189749706313,0.066276996475756,0.2833396297695504,0.8802417831507368,0.1666666666666666,3.3306690738754695e-17,0.8532745984994765,0.5710428039135064,6,6,baixo_baixo,False,0.0,0.0,0.009898674509824179,True
11333647000151,0.2740096091363308,0.267469155164586,0.5172397837980159,0.6089381606935568,0.0243930338299636,0.0156037818824858,0.9489263909668836,0.9912569970471176,112,374,oculta,True,0.2351722324976132,0.2286352430317808,0.4769571070300085,0.5793921349714594,0.0249013979322738,0.0165672218462248,0.9509803222251566,0.9931188549749445,118,414,oculta,True,-0.03883737663871761,-0.03883391213280524,0.002053931258273023,True
11335530000107,0.0723766078739732,0.041455828136439,0.1094700927313822,0.3986845967404812,0.0422367638310529,0.0103113226254213,0.665086334265058,0.6772290156455089,31,41,baixo_baixo,False,0.0674548650018178,0.0391959215170244,0.1037358870135379,0.3778009066183266,0.0380246913580246,0.0088739244294799,0.6642054383038278,0.6944508559640451,34,45,baixo_baixo,False,-0.004921742872155396,-0.002259906619414602,-0.0008808959612301992,True
11336672000199,0.8899320087026564,0.8820700093242747,0.9426573629494756,0.9946017664891044,0.1065759637188208,0.042759961127308,0.9953708986718725,0.9457360168045914,15,21,critico,False,0.7699411103893161,0.759483888134285,0.8760559544540732,0.9498996564592056,0.0742857142857142,0.0322077922077922,0.9891527886989848,0.9397674361121336,23,35,critico,False,-0.11999089831334031,-0.12258612118998968,-0.006218109972887631,True
11337362000199,0.4276077889709229,0.3458374731096262,0.5052342011178839,0.9629696658113814,0.125,0.0,0.9451745759544864,0.6394454027023793,8,8,critico,False,0.4276077889709229,0.3458374731096262,0.5052342011178839,0.9629696658113814,0.125,0.0,0.9427968265580782,0.6363321461488596,8,8,critico,False,0.0,0.0,-0.002377749396408224,True
11342435000130,0.2180740268147979,0.1891138055857164,0.3322274206938782,0.7461074833807073,0.0538627269929208,0.0188206057704364,0.697156258344025,0.6138317000931689,28,57,baixo_baixo,False,0.1597382913088469,0.1307637496298416,0.2395273809036323,0.781826240868588,0.0550233905101359,0.0224379901828992,0.6488756695824752,0.5295978397147081,30,67,baixo_baixo,False,-0.058335735505951,-0.05835005595587478,-0.048280588761549725,True
11344805000179,0.0869063593651979,0.0454021029727069,0.1912312721581003,0.474451322832537,0.056640625,0.0137606534090909,0.5056402106495264,0.5808263514287612,23,32,baixo_baixo,False,0.0869063593651979,0.0454021029727069,0.1912312721581003,0.474451322832537,0.056640625,0.0137606534090909,0.5377768915668347,0.6595893649734619,23,32,baixo_baixo,False,0.0,0.0,0.03213668091730837,True
11344960000195,0.4391475164976235,0.4351978511208463,0.6597358986776432,0.733166462661749,0.0153831079757005,0.0084491862008815,0.9306326655288336,0.5901656010300025,143,378,critico,False,0.412165787898298,0.4081117588493207,0.6389273000663165,0.7101864519648221,0.0149127536516027,0.0081190485043724,0.9283054718783504,0.5992190935810947,146,404,critico,False,-0.026981728599325516,-0.027086092271525586,-0.0023271936504831725,True
11347518000112,0.3703496486633127,0.3546083898798955,0.5893962133262753,0.8028806541934881,0.0346680999731255,0.0105348024724536,0.8914111469168924,0.4758243083318167,41,61,baixo_baixo,False,0.3703496486633127,0.3546083898798955,0.5893962133262753,0.8028806541934881,0.0346680999731255,0.0105348024724536,0.9002712686568315,0.7574262496333303,41,61,hhi_alto,False,0.0,0.0,0.008860121739939109,False
11352368000135,0.21033393254301,0.1774311797323021,0.3702124790646557,0.7575016805932603,0.0511296076099881,0.0115933412604042,0.8741155661334453,0.436543358202027,25,29,baixo_baixo,False,0.1830330708404063,0.1566792989320323,0.3446084495617863,0.7051125892601297,0.038781163434903,0.0077741041908676,0.8550192512340136,0.4527895846688902,32,38,baixo_baixo,False,-0.027300861702603707,-0.020751880800269795,-0.019096314899431754,True
11354232000164,0.1202832497033218,0.0877011478404819,0.2773415513138664,0.5863294487433485,0.0385015608740894,0.0028905075731298,0.8354117786603573,0.6934609065236454,28,31,baixo_baixo,False,0.1119799388448148,0.080264936660701,0.2653573954764699,0.5609936725046014,0.037109375,0.0027204241071428,0.8410041052902305,0.7594214721585812,29,32,baixo_baixo,False,-0.008303310858506996,-0.007436211179780897,0.00559232662987319,True
11355483000163,0.37351279481597,0.3691621892244142,0.5934963200257869,0.7803772416935167,0.0165495328676037,0.0097200157347398,0.9591206094881564,0.5598799977030772,145,436,oculta,True,0.2262854764782757,0.2212937698749097,0.4441847375303635,0.7211399238769983,0.0193586776859504,0.0130319594774726,0.9499947654789426,0.5631394005857007,156,550,oculta,True,-0.14722731833769429,-0.14786841934950448,-0.00912584400921379,True
11355924000127,0.2394062042614829,0.2265147839947283,0.4137722159501018,0.8136571014332116,0.0204674118159384,0.0038651645585814,0.8418633577392567,0.5509754728582346,60,83,baixo_baixo,False,0.1394710245673098,0.1282953235876645,0.2084485465729113,0.6943425945284155,0.0169282856263465,0.0041611205046108,0.8734013240735231,0.5661688444101514,78,114,baixo_baixo,False,-0.09993517969417309,-0.09821946040706381,0.03153796633426642,True
11359214000175,0.0385048400443657,0.030934012013219,0.0938255145112567,0.2941291599892515,0.0226346716897688,0.0149388817030741,0.9456438769149044,0.997519744188224,128,442,oculta,True,0.0425879642459142,0.0357001078735826,0.123027957239071,0.3180608079470369,0.0215029276558296,0.014463380372778,0.9521476210662222,0.99792598528531,140,509,oculta,True,0.004083124201548501,0.004766095860363598,0.006503744151317825,True
11359904000124,0.3812553080686275,0.3125058978540306,0.5611016102755233,0.9087602517323736,0.1074380165289256,0.0082644628099173,0.9237552907734417,0.6795024233469112,10,11,oculta,True,0.3812553080686275,0.3125058978540306,0.5611016102755233,0.9087602517323736,0.1074380165289256,0.0082644628099173,0.92123526012554,0.6763053575681912,10,11,hhi_alto,False,0.0,0.0,-0.0025200306479016277,False
11360515000119,0.1354291496795713,0.1107271253847019,0.2950357085026624,0.6053184357322817,0.0315288518738845,0.0038582476417098,0.824916653667128,0.5563179555439893,36,41,baixo_baixo,False,0.113600335112213,0.0924955811863133,0.2218196415435811,0.5721600288794826,0.0260416666666666,0.0028521825396825,0.8479807506891396,0.6146468023754823,43,48,baixo_baixo,False,-0.021828814567358287,-0.0182315441983886,0.02306409702201162,True
11364954000108,0.052167542962089,0.0342839116972228,0.1061054392002449,0.3517709433189582,0.0432,0.0251471698113207,0.9383737170593004,0.9980501413822568,54,100,oculta,True,0.0413038877814341,0.0258410472617798,0.0827848147386561,0.2847706538551001,0.0363888888888888,0.0208467741935483,0.9311438970172772,0.997356616198968,63,120,oculta,True,-0.0108636551806549,-0.008442864435442999,-0.007229820042023216,True
11366503000100,0.2351565577830847,0.1395511275059704,0.4142456788104449,0.7931518226478222,0.12,0.01,0.6555242694676046,0.4014183565818778,9,10,baixo_baixo,False,0.2103339273640126,0.1313673201004139,0.3896690106581025,0.7460951359115415,0.1005917159763313,0.0106508875739645,0.6336365826595773,0.4052300836228221,11,13,baixo_baixo,False,-0.024822630419072095,-0.008183807405556492,-0.021887686808027218,True
11370658000101,0.2055299532152663,0.1613927283938921,0.4181137926594365,0.6473321394410846,0.0699588477366255,0.0182898948331046,0.918281527096354,0.5716967183137511,19,27,baixo_baixo,False,0.1547739542213985,0.1234692858592281,0.3564835680688222,0.5577779353654753,0.0474799123447772,0.0122013905797689,0.8966699241662188,0.5563015734659595,28,37,baixo_baixo,False,-0.05075599899386779,-0.037923442534663995,-0.0216116029301352,True
11375809000114,0.0534503699921392,0.0444356116111119,0.1363164602463293,0.3971179774909414,0.01837158203125,0.0090227399553571,0.8127591522459122,0.9069247662424028,106,256,baixo_baixo,False,0.0446101094247699,0.0356812319427584,0.1189836902148158,0.3466240417858028,0.0204543312282024,0.0112996988097744,0.834560911592978,0.9183883281335604,108,309,baixo_baixo,False,-0.0088402605673693,-0.008754379668353497,0.02180175934706574,True
11381097000146,0.1293607138455033,0.0422967852300536,0.1846229485373918,0.6334473447934936,0.0909090909090909,0.0,0.7687343682783342,0.6053938668064002,11,11,baixo_baixo,False,0.0951796998162946,0.0348583464707142,0.1435468879535446,0.5140002812125752,0.0625,0.0,0.7351116993364298,0.5591748533217681,16,16,baixo_baixo,False,-0.0341810140292087,-0.0074384387593393955,-0.033622668941904355,True
11382690000107,0.2515158930417232,0.064394866302154,0.3433521736833764,0.9308767931661598,0.2,3.4694469519536136e-17,0.8124008355268364,0.6597408662846801,5,5,baixo_baixo,False,0.2515158930417232,0.064394866302154,0.3433521736833764,0.9308767931661598,0.2,3.4694469519536136e-17,0.8094416890508322,0.6592471054050518,5,5,baixo_baixo,False,0.0,0.0,-0.0029591464760041486,True
11386903000179,0.1497404101368962,0.1092518582386532,0.2489479620469822,0.6815068114175227,0.0572320499479708,0.0123383380407313,0.3825683182099745,0.5914309472182511,22,31,baixo_baixo,False,0.138637427409611,0.0994845832009569,0.2378029266819418,0.650996750389866,0.0546875,0.01171875,0.4071631317853336,0.6840752182581002,23,32,baixo_baixo,False,-0.011102982727285216,-0.009767275037696296,0.024594813575359087,True
11389851000194,0.4823725510374006,0.4176691199170757,0.6786913648759233,0.9213357584264014,0.1111111111111111,0.0,0.9282629302461806,0.8660550499166824,9,9,critico,False,0.4823725510374006,0.4176691199170757,0.6786913648759233,0.9213357584264014,0.1111111111111111,0.0,0.9275999379501062,0.8683881439922857,9,9,critico,False,0.0,0.0,-0.0006629922960743606,True
11391279000106,0.4830352355629286,0.3537940444536607,0.6297616871567503,0.9975911615466254,0.2,3.4694469519536136e-17,0.6420735886733788,0.6875077134906635,5,5,hhi_alto,False,0.4830352355629286,0.3537940444536607,0.6297616871567503,0.9975911615466254,0.2,3.4694469519536136e-17,0.6351837715117369,0.6843172192280652,5,5,hhi_alto,False,0.0,0.0,-0.006889817161641942,True
11391482000174,0.0425092607892221,0.029392949293184,0.1246179770743187,0.2861119390992026,0.0309777777777777,0.017703500761035,0.9303686068877584,0.997256041881156,74,300,oculta,True,0.0400198274821383,0.0299147730345819,0.1054850668996416,0.2880432784860625,0.0290618193235261,0.0188414174216685,0.9367783575566055,0.9973508054128504,96,391,oculta,True,-0.002489433307083795,0.0005218237413978991,0.006409750668847192,True
11395609000123,0.2173315967789369,0.1390647564568306,0.3801754894695678,0.7701231117187635,0.1326530612244898,0.0459183673469387,0.9222556751671904,0.5717603968368637,11,14,baixo_baixo,False,0.2060735403712967,0.1338984076777783,0.3694871209203513,0.7484716379275305,0.1171875,0.0369318181818181,0.9188430752696112,0.5810693248539783,12,16,baixo_baixo,False,-0.011258056407640216,-0.00516634877905231,-0.0034125998975792493,True
11395801000110,0.0546837011493121,0.0479314418718071,0.1548985784621795,0.3837181542227033,0.0199679370168727,0.0129677079955647,0.9449772340774673,0.9937341419329696,141,502,oculta,True,0.0504758965362927,0.0443499345784624,0.1477286765056694,0.366075919795823,0.0184880813963063,0.0121557464375728,0.9417028874665152,0.9945289081633226,156,551,oculta,True,-0.004207804613019402,-0.0035815072933447004,-0.0032743466109520503,True
11396412000109,0.3216816372904209,0.2247790140461953,0.5260703663113256,0.8475804006418756,0.125,0.0,0.8111067280108863,0.8304802900454118,8,8,baixo_baixo,False,0.2053892663377679,0.1259281929715447,0.3881926084742839,0.7106112948715175,0.0909090909090909,0.0,0.7540253873704165,0.7325106047349705,11,11,baixo_baixo,False,-0.11629237095265296,-0.0988508210746506,-0.05708134064046988,True
11400251000180,0.1454140429416789,0.0843721888660845,0.273884040623959,0.675081104496752,0.0703125,0.00390625,0.5392492369523463,0.5822582150536708,15,16,baixo_baixo,False,0.1104221170249946,0.0762075830644175,0.2593343412907731,0.5328472206752024,0.0422222222222222,0.0053846153846153,0.6230096331510593,0.6084931151947913,27,30,baixo_baixo,False,-0.03499192591668429,-0.008164605801667002,0.083760396198713,True
11407443000118,0.2235189042908296,0.2187258111074397,0.4450169851008532,0.664446025431556,0.0240993026859504,0.0180752243074686,0.9436510808301928,0.7272424929530258,163,704,oculta,True,0.2041595856092262,0.1994781714069275,0.4243236226653563,0.6338257448707638,0.0219829979922252,0.0162299568039441,0.9436771436602156,0.7394079357743581,171,765,oculta,True,-0.0193593186816034,-0.019247639700512187,2.6062830022821615e-05,True
11408074000188,0.1400038578602533,0.1307565875146646,0.3245191770050367,0.5819067460679854,0.0270666666666666,0.0166050179211469,0.9597985515794216,0.9937452939898735,94,300,oculta,True,0.1240310587631584,0.1154431279667188,0.2886681985113076,0.5625297956380286,0.0288628472222222,0.0193418947440087,0.9621451497182466,0.9951621438506894,103,384,oculta,True,-0.015972799097094897,-0.015313459547945801,0.0023465981388249846,True
11409678000149,0.1031963969458532,0.047146171754969,0.1620281569938773,0.5029361770441488,0.0637119113573407,0.0051939058171745,0.836597706996149,0.4120703660011218,17,19,baixo_baixo,False,0.0964503072437238,0.0462531020905974,0.1553512623624534,0.4822110640591148,0.0566893424036281,0.0042831947593852,0.8250583813967861,0.4091956754379643,19,21,baixo_baixo,False,-0.006746089702129393,-0.0008930696643715957,-0.011539325599362882,True
11414598000181,0.4817885698993815,0.3522357123742268,0.5706925477506316,0.9915612328606204,0.2222222222222222,0.0277777777777778,0.9600209580424388,0.7179801555798565,5,6,critico,False,0.4817885698993815,0.3522357123742268,0.5706925477506316,0.9915612328606204,0.2222222222222222,0.0277777777777778,0.9581847936243664,0.7241202410911982,5,6,critico,False,0.0,0.0,-0.001836164418072439,True
11418721000132,0.1337173240026821,0.1167313891792052,0.2139538184618811,0.6564921354810216,0.0480823973914393,0.0294173463598989,0.9187795145894554,0.7552327540130246,52,139,baixo_baixo,False,0.12983097431865,0.1153281572239608,0.21075248069173,0.6466692069433055,0.0444576562293566,0.0285319504998458,0.9154044045622364,0.7715107671180977,61,174,baixo_baixo,False,-0.003886349684032092,-0.0014032319552444023,-0.0033751100272190193,True
11420595000150,0.1515984359934624,0.1266454488167995,0.2530099618609153,0.6890051798642808,0.034074074074074,0.0056644880174291,0.7708701329121468,0.6162813894734033,35,45,baixo_baixo,False,0.1648503421506252,0.1454282570843607,0.2697876015472597,0.7318351455341257,0.027680730986294,0.0050686549627194,0.843158413734322,0.7515290026523298,44,61,baixo_baixo,False,0.01325190615716279,0.01878280826756118,0.0722882808221752,True
11420709000162,0.2482720285870679,0.1981568304928724,0.4127047568876477,0.8438075479167162,0.0625,0.0,0.9414756016943948,0.6279874743189547,16,16,oculta,True,0.2293351261798089,0.1908018824887993,0.3957354734127323,0.8091125044506432,0.0476190476190476,0.0,0.9324594749547525,0.6207258134814967,21,21,oculta,True,-0.01893690240725901,-0.007354948004073075,-0.00901612673964236,True
11420840000120,0.4525022766410435,0.3430027319692522,0.6463409976342943,0.9238078570189128,0.1666666666666666,3.3306690738754695e-17,0.7445808329919318,0.4403403930090925,6,6,hhi_alto,False,0.3448483870414656,0.2356564515483765,0.5428717744462805,0.8898453443491081,0.1428571428571428,0.0,0.7240474762711141,0.4321957078460147,7,7,baixo_baixo,False,-0.10765388959957789,-0.10734628042087568,-0.020533356720817686,False
11420915000172,0.0467903036233311,0.028099917419867,0.077233872283545,0.2796504240369753,0.0195799216803132,0.0003559985760056,0.7327073831181022,0.5220594573021926,52,53,baixo_baixo,False,0.1078625619514205,0.0932373580489847,0.2968001284795838,0.4296205843265218,0.0168047337278106,0.0006867785430206,0.7938728028985995,0.5078713716258,62,65,baixo_baixo,False,0.06107225832808939,0.0651374406291177,0.06116541978049728,True
11420927000105,0.2799937993220034,0.2588171463608859,0.4977931845239569,0.757049983618145,0.0285714285714285,0.0,0.8318523046612362,0.5853034775423372,35,35,baixo_baixo,False,0.2740339125933808,0.2538681879431969,0.4924126960061938,0.7488672706544762,0.027027027027027,0.0,0.8228382801399013,0.5836698388297324,37,37,baixo_baixo,False,-0.005959886728622632,-0.004948958417688998,-0.009014024521334818,True
11421459000185,0.066951345799547,0.0225204575042873,0.1220063470689655,0.404156399355325,0.0472589792060491,0.0018903591682419,0.7381511888685343,0.4014183565818778,22,23,baixo_baixo,False,0.0648032391716285,0.0222942954976116,0.1197024197844159,0.3965244443130703,0.0451388888888888,0.0017361111111111,0.7274248724197308,0.3989296410860705,23,24,baixo_baixo,False,-0.002148106627918492,-0.00022616200667570016,-0.010726316448803508,True
11422700000190,0.272757447502939,0.1273089370035268,0.4201344828541588,0.9422283871573932,0.2346938775510204,0.0816326530612245,0.7400703284243338,0.9487794210589204,6,14,baixo_baixo,False,0.269814494708502,0.1237773936502024,0.4141960025720136,0.924991543694514,0.2318339100346021,0.0782006920415225,0.7353672729727989,0.9585615941858184,6,17,baixo_baixo,False,-0.002942952794437015,-0.0035315433533243956,-0.004703055451534932,True
11422955000153,0.8455120987359348,0.8417441011441283,0.9192994502461224,0.9442696798402804,0.0324046797407625,0.0088047938807811,0.9844697478782198,0.4426199848889682,42,109,critico,False,0.8368880570928348,0.8330947560949937,0.9145904538787568,0.9396847250847136,0.0318967283655488,0.0093826987926545,0.9826119756031442,0.4431630347983625,44,121,critico,False,-0.008624041643100044,-0.008649345049134616,-0.0018577722750756642,True
11423181000185,0.4577375233165563,0.3221719041456954,0.5953419445002855,0.986576033324845,0.2839506172839506,0.1049382716049382,0.9449731936062892,0.6070085988039138,5,9,critico,False,0.4232260686824848,0.3078712824189818,0.5713606254857064,0.958477820641506,0.24,0.088,0.9318061289558262,0.597327562561553,6,10,critico,False,-0.034511454634071514,-0.014300621726713592,-0.013167064650463023,True
11423342000130,0.3252628946716661,0.3095713340826351,0.5604807986690737,0.6805789335677976,0.0451019821890261,0.0228950515422593,0.8143369420232425,0.6607902722301541,44,118,baixo_baixo,False,0.2916754625799193,0.2759349173039175,0.5278429327309355,0.6675327009732908,0.0436179981634527,0.0223650647893072,0.821568868160157,0.6792745329020122,46,132,baixo_baixo,False,-0.033587432091746805,-0.03363641677871759,0.007231926136914479,True
11427286000102,0.3246757735107153,0.1896109282128583,0.4696101236978494,0.9760220604474424,0.183673469387755,0.0204081632653061,0.3352507734655409,0.8361767090206821,6,7,baixo_baixo,False,0.3246757735107153,0.1896109282128583,0.4696101236978494,0.9760220604474424,0.183673469387755,0.0204081632653061,0.3315874745628478,0.8362733933398128,6,7,baixo_baixo,False,0.0,0.0,-0.0036632989026930685,True
11427667000191,0.2940364617660869,0.1931845277326707,0.4237546801237181,0.9179418308101364,0.125,0.0,0.077247413594373,0.4251403180024165,8,8,baixo_baixo,False,0.2071721902898743,0.1190802114331936,0.2880366661180253,0.8735265816694731,0.1,3.0839528461809905e-17,0.1219931202472361,0.484285002625881,10,10,baixo_baixo,False,-0.08686427147621259,-0.0741043162994771,0.04474570665286311,True
11429759000100,0.2872821384872213,0.2714439637869373,0.5229858716624879,0.6646199608772503,0.0326530612244898,0.011156462585034,0.8884935749985972,0.9586844619225412,46,70,baixo_baixo,False,0.2393711230786805,0.2264791082156073,0.4733710925791642,0.6207925088432448,0.0266927083333333,0.0101959745762711,0.8960347652946318,0.965533112260722,60,96,baixo_baixo,False,-0.047911015408540786,-0.04496485557133001,0.007541190296034617,True
11430652000182,0.2452528840852032,0.1509094945958536,0.3580850684792933,0.9406171417112706,0.12,0.01,0.9108738025095384,0.9102049440526904,9,10,baixo_baixo,False,0.2407047692442258,0.1563386324935842,0.3546782864002334,0.9316682133595604,0.1111111111111111,0.0123456790123456,0.9015616420786988,0.9047353270689388,10,12,baixo_baixo,False,-0.004548114840977419,0.005429137897730613,-0.0093121604308396,True
11431615000199,0.3980024702517972,0.3917316626502534,0.5688113972113289,0.9595887408730842,0.0258101144204733,0.0156623031123533,0.9621778726164076,0.4838317514597913,97,214,critico,False,0.3840764662432259,0.3779172309056582,0.558605688174072,0.9423716395055812,0.0245515786056326,0.0147970943916889,0.9576587778519232,0.4890671916551647,101,222,critico,False,-0.013926004008571302,-0.01381443174459518,-0.0045190947644844215,True
11431661000198,0.9597269304217358,0.9463025738956478,0.9795727604747976,1.0,0.3877551020408163,0.1836734693877551,0.9890485630729844,0.9635010723017482,4,7,critico,False,0.9597269304217358,0.9463025738956478,0.9795727604747976,1.0,0.3877551020408163,0.1836734693877551,0.9891749326518956,0.9641801671427104,4,7,critico,False,0.0,0.0,0.0001263695789112118,True
11433441000101,0.1377101977779651,0.128129199975498,0.2807154360440755,0.603651813257115,0.028869623769043,0.0180792862553657,0.7979108198537529,0.7570744403554733,91,218,baixo_baixo,False,0.1213753785156279,0.1119278019405271,0.259816158970058,0.5587099081047647,0.0283964464384268,0.0179490964001304,0.792127427306656,0.7577797439745166,94,237,baixo_baixo,False,-0.016334819262337194,-0.016201398034970893,-0.005783392547096922,True
11435485000162,0.06704650698904,0.0483874371288208,0.1995195150290969,0.3982986486026957,0.0324645633287608,0.013113854595336,0.5811463931480987,0.6252919373778233,51,81,baixo_baixo,False,0.06704650698904,0.0483874371288208,0.1995195150290969,0.3982986486026957,0.0324645633287608,0.013113854595336,0.595640379873001,0.6317138102631318,51,81,baixo_baixo,False,0.0,0.0,0.014493986724902319,True
11436906000170,0.1664555519447357,0.1613417823247648,0.368629921866335,0.6071688103558208,0.0168661157024793,0.0108346194797951,0.948042058396185,0.8494262270180941,164,550,oculta,True,0.1495092676556784,0.1447579227822464,0.3473843151146953,0.5789867170419515,0.0166384382562247,0.011144798246483,0.9479368841443494,0.8446384280957253,180,647,oculta,True,-0.016946284289057312,-0.016583859542518398,-0.0001051742518356491,True
11436910000138,0.0478579001101505,0.0389593758121145,0.1126754878698848,0.3598948471735724,0.0208799048751486,0.0117292497805238,0.939118521057704,0.9967139111496524,108,290,oculta,True,0.0515212702372827,0.0434833149003105,0.1112221309217172,0.3831097338120601,0.0200862237899274,0.0117818697542489,0.949962314951904,0.9973425473654742,119,378,oculta,True,0.0036633701271321997,0.004523939088196004,0.010843793894199982,True
11443806000170,0.3605242494243514,0.2326290993092217,0.5612452284071844,0.90128687131663,0.1666666666666666,3.3306690738754695e-17,0.6456826745864042,0.5095005500188341,6,6,baixo_baixo,False,0.2744517917707994,0.1708020477380565,0.4775938709712128,0.8061264680448474,0.125,0.0,0.6570145293654791,0.5621583424077553,8,8,baixo_baixo,False,-0.08607245765355198,-0.06182705157116522,0.011331854779074946,True
11444466000100,0.5662902969468895,0.5421953134439389,0.745958474311146,0.8965462941374306,0.0644718792866941,0.0124980948026215,0.7113397873808356,0.5521946206964907,19,27,hhi_alto,False,0.3667468275209524,0.3334177131799499,0.5192315449120406,0.9061580164696448,0.0612244897959183,0.0118152524167561,0.6631384130750698,0.5044090180222381,20,28,hhi_alto,False,-0.1995434694259371,-0.208777600263989,-0.048201374305765765,True
11447284000185,0.691671027470345,0.6402828653820692,0.8245276468755451,0.9838628758636871,0.1428571428571428,0.0,0.9883289412913746,0.4877194435753463,7,7,critico,False,0.691671027470345,0.6402828653820692,0.8245276468755451,0.9838628758636871,0.1428571428571428,0.0,0.9877628144082188,0.485302865074501,7,7,critico,False,0.0,0.0,-0.0005661268831558264,True
11448444000100,0.1785135891549499,0.1411732977529022,0.3689354920438943,0.6639128565994059,0.0473372781065088,0.0040344271113502,0.7272270823288933,0.7294487785523845,23,26,baixo_baixo,False,0.3864074291038776,0.3608410719832059,0.6025098732951265,0.8056535941446767,0.0439952437574316,0.0041617122473246,0.8930052162579291,0.8729472828660937,25,29,hhi_alto,False,0.2078938399489277,0.21966777423030373,0.16577813392903573,False
11455792000105,0.0378838245642115,0.0290570706611309,0.0841007971430706,0.3140503509939792,0.0254144967584227,0.0164733453525367,0.9302846910790576,0.9966395595181404,110,388,oculta,True,0.0355052456118172,0.0277892875767117,0.0823933759027709,0.3029913184113645,0.0231565522372196,0.0153418046551174,0.9347084590960452,0.9972716701753784,126,485,oculta,True,-0.0023785789523943016,-0.0012677830844192023,0.004423768016987517,True
11456532000154,0.4497785511588856,0.4039267637554594,0.5444408082776634,0.9587829757189223,0.0926275992438563,0.0170132325141777,0.4343101238010279,0.4380017850282854,13,23,hhi_alto,False,0.4382804922455858,0.3950712993414002,0.5373552657776858,0.946305039790125,0.0864197530864197,0.0161443494776828,0.4318380569923215,0.444685443317907,14,27,hhi_alto,False,-0.011498058913299802,-0.008855464414059211,-0.00247206680870643,True
11460159000105,0.2739875757766128,0.092484469720766,0.3265519879934832,0.946508644712456,0.2,3.4694469519536136e-17,0.750083676424772,0.4014183565818778,5,5,baixo_baixo,False,0.2550169519326559,0.1308531105880985,0.3145043930850248,0.9115887754477886,0.1428571428571428,0.0,0.7275484701793211,0.3989296410860706,7,7,baixo_baixo,False,-0.018970623843956924,0.03836864086733251,-0.02253520624545091,True
11460487000101,0.1940941951560221,0.0933559695505248,0.2845260963529846,0.8332686642847196,0.125,0.015625,0.8069760406654325,0.993618619356506,9,12,baixo_baixo,False,0.1940941951560221,0.0933559695505248,0.2845260963529846,0.8332686642847196,0.125,0.015625,0.858699823467967,0.9947258657813356,9,12,baixo_baixo,False,0.0,0.0,0.051723782802534535,True
11463194000188,0.2033756633340198,0.1369903019451881,0.2791456201881438,0.8531511949736486,0.09375,0.0182291666666666,0.8876091016751213,0.6012818755899618,13,16,baixo_baixo,False,0.2033756633340198,0.1369903019451881,0.2791456201881438,0.8531511949736486,0.09375,0.0182291666666666,0.8841353388031716,0.5995364600247188,13,16,baixo_baixo,False,0.0,0.0,-0.0034737628719496705,True
11470270000182,0.1009878011127728,0.085215657272646,0.2086723615020908,0.5623728977043646,0.036771042803792,0.0198722891687708,0.7512337409117399,0.55349444550751,58,118,baixo_baixo,False,0.1009878011127728,0.085215657272646,0.2086723615020908,0.5623728977043646,0.036771042803792,0.0198722891687708,0.7469547035238572,0.5511875788971474,58,118,baixo_baixo,False,0.0,0.0,-0.0042790373878827115,True
11478938000138,0.3740996371037755,0.2489195645245305,0.4289191450058176,0.9535624531355328,0.1666666666666666,3.3306690738754695e-17,0.9240556774734788,0.8875524140075203,6,6,oculta,True,0.3740996371037755,0.2489195645245305,0.4289191450058176,0.9535624531355328,0.1666666666666666,3.3306690738754695e-17,0.9206675842563324,0.8858416176713041,6,6,hhi_alto,False,0.0,0.0,-0.003388093217146393,False
11479852000120,0.1117704105473372,0.0525551045838263,0.2042209041544019,0.5465410440389982,0.0692520775623268,0.0072022160664819,0.8407406505016259,0.5705683131001869,16,19,baixo_baixo,False,0.2053167773619102,0.1611677094375719,0.41414254390469,0.6683028865328187,0.0625,0.0104166666666666,0.8964647832919175,0.4829623479611812,19,24,baixo_baixo,False,0.093546366814573,0.10861260485374559,0.055724132790291536,True
11481782000144,0.0691204647267724,0.0590022089085851,0.2190613275232958,0.3860738554167471,0.0195057847406529,0.0088482389226165,0.8174277435764011,0.9880830859523908,93,197,baixo_baixo,False,0.0482362860662587,0.039504508874206,0.1562041418835297,0.3442518290791969,0.0167999999999999,0.0077798165137614,0.8121646118788456,0.946614334390283,110,250,baixo_baixo,False,-0.020884178660513696,-0.019497700034379103,-0.005263131697555545,True
11483837000155,0.3846789314134036,0.3627031789638822,0.6018417583988768,0.8238368902583899,0.0385802469135802,0.0042438271604938,0.9386777617864446,0.6957054045679508,29,36,oculta,True,0.3681446931773036,0.3489975626675249,0.589270433871731,0.8021367221150763,0.0340136054421768,0.0047412904555761,0.9328830413381451,0.6972334440951811,34,42,critico,False,-0.016534238236100007,-0.013705616296357304,-0.0057947204482994286,False
11485410000196,0.1702452899096633,0.1650593229715987,0.2486356536299029,0.7700076600671695,0.0147055254920041,0.0085474350263292,0.9579209207290296,0.6879876088709347,161,406,oculta,True,0.1613809421928328,0.1565052499962795,0.2416402357608616,0.7483433280782004,0.0138901821391123,0.008156985523642,0.9564346644584358,0.6963161932334628,173,497,oculta,True,-0.008864347716830506,-0.00855407297531921,-0.0014862562705937332,True
11491075000139,0.0628398067593757,0.0539986728608793,0.1447099219231761,0.4118203134434588,0.0299488677867056,0.0207974420111085,0.8690668893555538,0.7758967318148312,107,370,baixo_baixo,False,0.0551698196441116,0.0476111782012645,0.1309879081386694,0.379985420646311,0.0282622268470343,0.0204883246618106,0.8755263749850155,0.7966268533773857,126,465,baixo_baixo,False,-0.0076699871152641,-0.006387494659614801,0.0064594856294617475,True
11497013000134,0.2975807098704482,0.2606112735478403,0.4147886411692185,0.9339316875604556,0.0644718792866941,0.0152335571438885,0.989192106953508,0.4039003220455551,20,27,oculta,True,0.2964348913806883,0.2612566359497227,0.413942521486844,0.9320265775733292,0.06064209274673,0.0136741973840665,0.9883938957314866,0.401419553509545,21,29,oculta,True,-0.00114581848975992,0.0006453624018823989,-0.0007982112220213944,True
11500340000106,0.3835267107911159,0.1780356143881546,0.5390835579514824,1.0,0.3877551020408163,0.1836734693877551,0.8775757890755801,0.7215762333092469,4,7,baixo_baixo,False,0.3835267107911159,0.1780356143881546,0.5390835579514824,1.0,0.3877551020408163,0.1836734693877551,0.8740488054972919,0.720746670562827,4,7,hhi_alto,False,0.0,0.0,-0.0035269835782881787,False
11503081000169,0.0937274186463183,0.0404172668019841,0.1709906322782106,0.526287285351072,0.065,0.01,0.9067251928317618,0.616260775863818,18,20,baixo_baixo,False,0.0731025910965599,0.0289646192440152,0.1349514022243826,0.4285074372546414,0.0532544378698224,0.0081713158636235,0.9056542675893962,0.6244599636296669,22,26,baixo_baixo,False,-0.020624827549758404,-0.011452647557968897,-0.001070925242365628,True
11505079000129,0.312784780816011,0.2503106699811029,0.5006503136417814,0.8785247970891504,0.0918367346938775,0.0092764378478664,0.4189656670207232,0.4152320635955502,12,14,baixo_baixo,False,0.1446210590047082,0.1018521119549436,0.2639202095641973,0.6736762280405035,0.051039697542533,0.0035916824196597,0.3943850702215652,0.4082040621209588,21,23,baixo_baixo,False,-0.16816372181130282,-0.14845855802615932,-0.024580596799157972,True
11508942000100,0.0320870252295214,0.0159551423166801,0.0783819529215532,0.2415098711432758,0.0265980531961063,0.0103746874160414,0.904910496041614,0.4039129988459463,61,127,baixo_baixo,False,0.0294894702553312,0.0161948054643083,0.0739021767429049,0.2296816291946473,0.0224244698817789,0.0090330242637211,0.8969506492562771,0.4443958283329113,74,146,baixo_baixo,False,-0.002597554974190199,0.00023966314762819893,-0.0079598467853369,True
11513839000140,0.3537228538026197,0.2460099961030563,0.5078750509720157,0.962443113737938,0.1428571428571428,0.0,0.8008672576403413,0.63807368415236,7,7,baixo_baixo,False,0.3092723156527725,0.2105969321745971,0.470779258728886,0.8993490652231961,0.125,0.0,0.7751070746929563,0.6240767033705374,8,8,baixo_baixo,False,-0.044450538149847174,-0.03541306392845919,-0.025760182947385024,True
11520158000109,0.0606127952395057,0.049015422341228,0.1472048380446832,0.3974265331059911,0.0335447904652056,0.0216132446684798,0.8697546954096436,0.9433176640199472,82,204,baixo_baixo,False,0.743826521702715,0.7407400942533502,0.8617948922130947,0.9068791817259312,0.0341863386894134,0.0225500295169967,0.9520316130542428,0.4744162804178225,84,213,critico,False,0.6832137264632093,0.6917246719121222,0.08227691764459921,False
11520287000105,0.0793049697410888,0.0392747510341796,0.1391067799098897,0.4851992962227357,0.044378698224852,0.0028299459737586,0.8369102025041054,0.432731681044654,24,26,baixo_baixo,False,0.0781932309132827,0.041320960149814,0.1381047089443259,0.4817041098085886,0.0408163265306122,0.0024489795918367,0.8300516293610161,0.4366858267356095,26,28,baixo_baixo,False,-0.0011117388278061024,0.002046209115634398,-0.006858573143089353,True
11534361000134,0.3314299759525176,0.164287469940647,0.4006162187815888,0.9863608762793368,0.2222222222222222,0.0277777777777778,0.7496431443332476,0.707340012007715,5,6,baixo_baixo,False,0.2378183458490156,0.1107880701571849,0.2903087817580448,0.9504715261076544,0.15625,0.015625,0.7287453508572217,0.6334995628206244,7,8,baixo_baixo,False,-0.09361163010350201,-0.05349939978346209,-0.02089779347602594,True
11552935000105,0.8074251743867275,0.7899183720582481,0.8966495589284942,0.9758833674838217,0.0887573964497041,0.0059171597633136,0.9506145855182708,0.9859877213499386,12,13,critico,False,0.4685631759802022,0.4405928168212655,0.6404732543005218,0.9313531186385912,0.0591999999999999,0.0096842105263157,0.8582215076818175,0.8488246225456131,20,25,hhi_alto,False,-0.33886199840652526,-0.3493255552369826,-0.09239307783645334,False
11553540000119,0.1135576851723786,0.105781875393189,0.2067324587118009,0.6096150054370658,0.0208501919732786,0.0122611585695355,0.8389564037876448,0.679243025514921,115,241,baixo_baixo,False,0.1098999558935687,0.1027791555407172,0.2032348717430325,0.5993012815435443,0.0200853005356079,0.0122459829398928,0.8396487857952408,0.6845102802017115,126,284,baixo_baixo,False,-0.003657729278809904,-0.0030027198524718024,0.0006923820075960263,True
11588933000168,0.2720459696715978,0.1264551636059173,0.4089107873700028,0.9263057511207116,0.183673469387755,0.0204081632653061,0.736809434843154,0.6177749802718092,6,7,baixo_baixo,False,0.2322929948945529,0.1043418273769784,0.3706763971040088,0.8396933733407702,0.15625,0.015625,0.7151290892060784,0.5947285759685428,7,8,baixo_baixo,False,-0.03975297477704487,-0.022113336228938893,-0.02168034563707555,True
11598317000198,0.3414939585034287,0.290839647619077,0.5386552785625841,0.8497814000263235,0.0864197530864197,0.0161443494776828,0.8613666026116265,0.5830805675153801,14,18,baixo_baixo,False,0.1759577868354787,0.1517212511541693,0.347867234580459,0.6639166194482383,0.0325,0.0040441176470588,0.787191423196544,0.5778636028349367,35,40,baixo_baixo,False,-0.16553617166794998,-0.1391183964649077,-0.07417517941508245,True
11607006000148,0.2795548660465984,0.1766341326246839,0.4054269836520718,0.914830595851535,0.125,0.0,0.8828882953087168,0.7043261470835115,8,8,baixo_baixo,False,0.2147518811159833,0.1935289589839828,0.3552694614319862,0.792709665114856,0.0337359433569346,0.0076206985827977,0.8661717939087675,0.7136100611082904,38,49,baixo_baixo,False,-0.06480298493061509,0.016894826359298926,-0.01671650139994929,True
11607258000177,0.1294181158532705,0.0568696255077097,0.2051196229966446,0.6580460532624033,0.0934256055363321,0.0178777393310265,0.6960599455931296,0.6614239991639356,13,17,baixo_baixo,False,0.1294181158532705,0.0568696255077097,0.2051196229966446,0.6580460532624033,0.0934256055363321,0.0178777393310265,0.6888478450121728,0.6588959193233986,13,17,baixo_baixo,False,0.0,0.0,-0.007212100580956782,True
11627479000107,0.6637161443934778,0.6263512715483087,0.8092102723751359,0.94190181690979,0.125,0.0277777777777777,0.932947652904014,0.4150166308078876,10,12,critico,False,0.6483706036584537,0.613207664024299,0.7997159273787051,0.9308506215557586,0.1124260355029586,0.0236686390532544,0.9263120096380214,0.4123770675169159,11,13,hhi_alto,False,-0.015345540735024144,-0.01314360752400967,-0.006635643265992641,False
11632895000101,0.1243109573104195,0.0805265051759405,0.2388689433638489,0.5781734697554959,0.051039697542533,0.0035916824196597,0.973665595418566,0.9989185886203348,21,23,oculta,True,0.1243109573104195,0.0805265051759405,0.2388689433638489,0.5781734697554959,0.051039697542533,0.0035916824196597,0.9762504904304414,0.998992696599824,21,23,oculta,True,0.0,0.0,0.002584895011875421,True
11639339000159,0.0649861320110942,0.0382714500685541,0.1447129057880038,0.4080279555439052,0.0330578512396694,0.0054309327036599,0.352032960150514,0.6648838005732627,36,44,baixo_baixo,False,0.0814265781564401,0.0584622426103511,0.1707401542696654,0.5054153284015565,0.0295478818084727,0.0052865788536845,0.4424628334305964,0.7084659097283326,41,53,baixo_baixo,False,0.0164404461453459,0.020190792541797002,0.0904298732800824,True
11642164000139,0.8712804211174158,0.8391005263967696,0.9318400199262497,0.9965296318097936,0.2,3.4694469519536136e-17,0.9516806441888992,0.4305157132174329,5,5,critico,False,0.8376057177617595,0.8051268613141114,0.9134422983034982,0.9928468963970104,0.1666666666666666,3.3306690738754695e-17,0.9417777049566112,0.4273756529977702,6,6,critico,False,-0.033674703355656255,-0.0339736650826582,-0.009902939232288022,True
11643598000153,0.5300392637404091,0.5126333105456095,0.71037250117947,0.9554858852277258,0.0680507497116494,0.0335341108120808,0.7431233969745464,0.5078607776257765,28,51,hhi_alto,False,0.4021122426714569,0.3828255408221491,0.5532847229591118,0.9431663058370048,0.059402893197907,0.0290610510430008,0.8862910059141605,0.7757107218398926,32,57,hhi_alto,False,-0.1279270210689522,-0.12980776972346036,0.1431676089396141,True
11679183000130,0.662076470414038,0.5944917644968457,0.8001772986396418,0.9819779422609614,0.1666666666666666,3.3306690738754695e-17,0.7040629447317743,0.4212550718182986,6,6,hhi_alto,False,0.6516827365332956,0.5936298592888448,0.7938332980803062,0.9741925819095122,0.1428571428571428,0.0,0.699075345073592,0.42448485563317,7,7,hhi_alto,False,-0.010393733880742495,-0.0008619052080008904,-0.004987599658182296,True
11682696000108,0.5591129085149599,0.4856317266007865,0.7377882215799366,0.929871385068273,0.1428571428571428,0.0,0.9003697613427486,0.843446518157207,7,7,hhi_alto,False,0.5514421594809341,0.4873624679782104,0.73267782480043,0.923430496487222,0.125,0.0,0.9002577436563569,0.8451040863498699,8,8,hhi_alto,False,-0.007670749034025759,0.0017307413774239055,-0.00011201768639168552,True
11688879000122,0.04855593127657,0.0417110099188475,0.1629705377232919,0.3482657766008926,0.011198591618172,0.0040849124211804,0.8052147366217178,0.5531389910085056,140,286,baixo_baixo,False,0.0473621562378798,0.0406534390282874,0.160726480568283,0.3434702576147987,0.0109631391200951,0.0039980908040394,0.7995885819847225,0.5515922064108683,143,290,baixo_baixo,False,-0.001193775038690198,-0.0010575708905600986,-0.00562615463699534,True
11692044000146,0.1426313761628942,0.1069076835030148,0.2972617764786151,0.6253417339990134,0.09521484375,0.0575154622395833,0.797350371723306,0.4946309824440091,25,64,baixo_baixo,False,0.1286209387394696,0.0985733849028996,0.2798171233790751,0.5886438788374623,0.0882464335311198,0.0568066553770205,0.7868689274399953,0.5025734961404154,30,89,baixo_baixo,False,-0.014010437423424615,-0.008334298600115198,-0.01048144428331077,True
11694100000181,0.5866153558856113,0.4488204745141484,0.7217589091393588,1.0,0.3,0.0666666666666667,0.8253672002711185,0.9231909724643884,4,10,hhi_alto,False,0.5809949338273656,0.4762436672842069,0.7182785907680515,0.9969912746389908,0.256198347107438,0.0702479338842974,0.8621071453361957,0.9509740279251144,5,11,hhi_alto,False,-0.005620422058245755,0.027423192770058502,0.03673994506507716,True
11696615000110,0.2452851273080734,0.1374687169235125,0.4062729719840929,0.8450749465667068,0.1358024691358024,0.0123456790123456,0.6801004244815171,0.4514900803407528,8,9,baixo_baixo,False,0.2093558932844887,0.1434688843915294,0.3711853037898409,0.7720902506377616,0.0816326530612245,0.0051020408163265,0.6471473374161122,0.4448144957183661,13,14,baixo_baixo,False,-0.035929234023584694,0.006000167468016904,-0.032953087065404896,True
11701924000131,0.4145724916525568,0.3560297408178124,0.6217474258093302,0.8783519522766762,0.1005917159763313,0.0106508875739645,0.9459130169711656,0.6956210825560559,11,13,critico,False,0.4145724916525568,0.3560297408178124,0.6217474258093302,0.8783519522766762,0.1005917159763313,0.0106508875739645,0.943248689910992,0.692423429912991,11,13,critico,False,0.0,0.0,-0.00266432706017361,True
11701954000148,0.1947503084481916,0.1052781204979907,0.2475181152320585,0.8650242464620378,0.1074380165289256,0.0082644628099173,0.7365191957864962,0.6763239706374413,10,11,baixo_baixo,False,0.1947503084481916,0.1052781204979907,0.2475181152320585,0.8650242464620378,0.1074380165289256,0.0082644628099173,0.7356804996191619,0.6763581409719372,10,11,baixo_baixo,False,0.0,0.0,-0.0008386961673342297,True
11712986000149,0.1353383940813508,0.0873016381969813,0.277999357764749,0.6247836994792901,0.0623818525519848,0.0102919554715395,0.8543887239593149,0.996933441715098,19,23,baixo_baixo,False,0.1161388081112385,0.075963299389022,0.2553455815834344,0.5738709556386558,0.0510204081632653,0.0078849721706864,0.8557460794364218,0.997291752437506,23,28,baixo_baixo,False,-0.019199585970112287,-0.0113383388079593,0.001357355477106914,True
11715955000141,0.2666821158435712,0.1444624684841664,0.4017933795807905,0.9263970378749788,0.1428571428571428,0.0,0.8998051557139117,0.6363969601011954,7,7,baixo_baixo,False,0.2666821158435712,0.1444624684841664,0.4017933795807905,0.9263970378749788,0.1428571428571428,0.0,0.8956909762124351,0.6345114657500552,7,7,baixo_baixo,False,0.0,0.0,-0.004114179501476634,True
11718406000120,0.4876181913880448,0.4363800105268493,0.619279767111934,0.9896163429744336,0.0972222222222222,0.0069444444444444,0.9949555722789644,0.4029119891148865,11,12,critico,False,0.361157830594857,0.3155262470659183,0.5222711079814133,0.944201131683645,0.0726643598615916,0.0064260998517053,0.9933512014140174,0.536507917316206,15,17,oculta,True,-0.1264603607931878,-0.12085376346093102,-0.0016043708649469135,False
11722278000199,0.0625364650037163,0.0278155933371872,0.1205386688729215,0.3462771026676751,0.0357142857142857,7.195889974422309e-18,0.7238042605189142,0.4022817116601879,28,28,baixo_baixo,False,0.0587461820713782,0.026289153866943,0.1160698893004727,0.3334394294356979,0.0333333333333333,0.0,0.7108968514724726,0.3997587483447219,30,30,baixo_baixo,False,-0.0037902829323381015,-0.0015264394702442022,-0.01290740904644161,True
11730430000185,0.4765279331278054,0.3456599164097568,0.6427360149920727,0.9882343601700064,0.2222222222222222,0.0277777777777778,0.7462452743589626,0.4340001801756315,5,6,hhi_alto,False,0.4765279331278054,0.3456599164097568,0.6427360149920727,0.9882343601700064,0.2222222222222222,0.0277777777777778,0.7398696268891184,0.4317204376157901,5,6,hhi_alto,False,0.0,0.0,-0.006375647469844203,True
11732185000145,0.0873694230990931,0.0522682470644429,0.1507064153481115,0.5167503887827535,0.0509299307958477,0.0144272358264572,0.9512131936349024,0.998017634677839,27,136,oculta,True,0.0846395708990469,0.0507373327841967,0.1373076718228713,0.4961486962396562,0.0533944889884807,0.0183350256176837,0.9583452493954376,0.9982680186705156,28,169,oculta,True,-0.0027298522000461928,-0.0015309142802462025,0.007132055760535216,True
11738894000138,0.200855557165259,0.1732988522399232,0.3830096497329273,0.6980496825064546,0.0478967097042898,0.0150655617630584,0.8239375112079269,0.9934056269930196,30,49,baixo_baixo,False,0.1926000829170345,0.1665549243014549,0.3747431512506029,0.6829836739997489,0.0449826989619377,0.0141756892510324,0.8318237619983655,0.9945319861747606,32,51,baixo_baixo,False,-0.008255474248224481,-0.006743927938468286,0.007886250790438587,True
11750074000161,0.0912966697788983,0.0619836591266047,0.2633305617904528,0.3895415068832467,0.0328719723183391,0.0016742940060274,0.8174732598029523,0.6107641394412511,32,34,baixo_baixo,False,0.0912966697788983,0.0619836591266047,0.2633305617904528,0.3895415068832467,0.0328719723183391,0.0016742940060274,0.8158261697369241,0.6255364539851687,32,34,baixo_baixo,False,0.0,0.0,-0.0016470900660281451,True
11772824000104,0.2904578729498169,0.1890947119426479,0.4918456258481476,0.8374804776372397,0.1358024691358024,0.0123456790123456,0.7438240610394015,0.5937604595797341,8,9,baixo_baixo,False,0.2072907695821964,0.1352262940896688,0.3239914533164461,0.7640183671024638,0.0887573964497041,0.0059171597633136,0.7303572849396855,0.526255607332623,12,13,baixo_baixo,False,-0.08316710336762051,-0.053868417852979106,-0.013466776099715916,True
11800731000138,0.1964894337467324,0.1072104819408137,0.2839012644858597,0.8578154424554386,0.1,3.0839528461809905e-17,0.9536762819813234,0.6361495528271834,10,10,oculta,True,0.1662637759489824,0.0904695737625262,0.2373342187762056,0.7699562103984067,0.0918367346938775,0.0092764378478664,0.9545328786372662,0.7019929933261697,12,14,oculta,True,-0.030225657797749994,-0.016740908178287495,0.0008565966559428428,True
11809185000104,0.1950286167193635,0.1614881424160036,0.3854792969152871,0.7141074296505747,0.04,0.0,0.9654520920877072,0.8543488486767162,25,25,oculta,True,0.1950286167193635,0.1614881424160036,0.3854792969152871,0.7141074296505747,0.04,0.0,0.965157171589099,0.8651936251235668,25,25,oculta,True,0.0,0.0,-0.0002949204986082421,True
11810130000106,0.1944869978558055,0.1542113477485958,0.3679777429312186,0.7410867764304085,0.0527999999999999,0.0054399999999999,0.7077885473282182,0.8408730093542229,21,25,baixo_baixo,False,0.1701319680354626,0.1306144427038179,0.3401537054484097,0.6850507072889443,0.0507544581618655,0.0055522895029067,0.7174796941311775,0.8503393299886943,22,27,baixo_baixo,False,-0.024355029820342905,-0.023596905044777905,0.00969114680295935,True
11816419000132,0.5492556428862365,0.4365695536077956,0.6981576851184158,0.9992204492163904,0.2,3.4694469519536136e-17,0.9578826343608324,0.4014183565818778,5,5,critico,False,0.2491606071908525,0.1740766679099377,0.4301311239902127,0.8361709926698233,0.0909090909090909,0.0,0.9363349323757512,0.3989296410860706,11,11,oculta,True,-0.300095035695384,-0.2624928856978579,-0.02154770198508127,False
11822633000100,0.2553781594121652,0.1809159753533817,0.2877623545504122,0.9669000222879872,0.1122448979591836,0.023469387755102,0.9750032870151172,0.7718100247101038,11,14,oculta,True,0.2397280032164855,0.170612367145257,0.2781980611699358,0.9347633812836428,0.109375,0.0284090909090909,0.9682692246521948,0.7639997650270342,12,16,oculta,True,-0.015650156195679693,-0.010303608208124704,-0.0067340623629223995,True
11839890000146,0.1964474302466613,0.142877258929772,0.3132603615975568,0.7862642259997741,0.07,0.008,0.8248976521477018,0.6242316297645235,16,20,baixo_baixo,False,0.1964474302466613,0.142877258929772,0.3132603615975568,0.7862642259997741,0.07,0.008,0.8205456544257947,0.6236098759646801,16,20,baixo_baixo,False,0.0,0.0,-0.004351997721907086,True
11840546000177,0.0187380653834641,0.0142777838624799,0.019269276063592,0.0770771042543682,0.0199193765116904,0.0154644645867435,0.9783650157625846,0.4134205458985123,221,915,oculta,True,0.0185885308104082,0.0143944647027604,0.0191891496350426,0.0767565985401707,0.0195687919120279,0.015378914954387,0.9771698251042528,0.4134342188029199,235,1061,oculta,True,-0.00014953457305589765,0.00011668084028049891,-0.0011951906583318461,True
11850969000178,0.1520840122857983,0.1354582086051277,0.2515134972889497,0.6930514554290114,0.0214030915576694,0.0022149168823296,0.9061336559038494,0.5134030930906562,52,58,baixo_baixo,False,0.1226668166610384,0.1075403824655391,0.2114096901505661,0.6293517270412747,0.0196389605237056,0.0027361839810108,0.9024788219159384,0.5621301361653526,59,71,baixo_baixo,False,-0.02941719562475989,-0.027917826139588597,-0.0036548339879109992,True
11867889000125,0.2589709159405604,0.2219194617375884,0.4632921299060585,0.7863870685574503,0.0562130177514793,0.0090236686390532,0.943853138796546,0.6420652448224335,21,26,oculta,True,0.2347413359497946,0.1983004471854991,0.4257960956375062,0.7816797909920861,0.055885850178359,0.0109280335201857,0.9448700947958284,0.623973689419361,22,29,oculta,True,-0.024229579990765776,-0.023619014552089285,0.0010169559992824206,True
11873495000180,0.0575778684077473,0.0383447636813748,0.111183076111377,0.3743183115093887,0.0401652892561983,0.0205768257716309,0.8665886860659043,0.9829334969597848,50,110,baixo_baixo,False,0.0574303002364074,0.0385789062411355,0.1107629732033641,0.3729039576644741,0.0409757653061224,0.0217952806122449,0.870964806668966,0.983250681310054,51,112,baixo_baixo,False,-0.0001475681713399013,0.0002341425597606958,0.004376120603061695,True
11877880000103,0.1109539088866508,0.0722997310121574,0.1651501743128103,0.6231530801724354,0.0416666666666666,0.0,0.8369533996534021,0.6910143982032617,24,24,baixo_baixo,False,0.1109539088866508,0.0722997310121574,0.1651501743128103,0.6231530801724354,0.0416666666666666,0.0,0.8323965524323079,0.6885999654035377,24,24,baixo_baixo,False,0.0,0.0,-0.0045568472210941735,True
11888327000168,0.0347130993608011,0.0278670929732891,0.0866617903588697,0.2672449081795346,0.0213618382291053,0.0144211420463329,0.9287261576346884,0.9911237822018868,142,545,oculta,True,0.0344322586547069,0.0280798393037511,0.091179099128794,0.2549694883546813,0.0214935783539916,0.0150560361063205,0.9324826057073924,0.9913982674980591,153,651,oculta,True,-0.0002808407060942014,0.0002127463304619978,0.003756448072704033,True
11891451000182,0.9081246749300664,0.8774995665734221,0.95249361564826,1.0,0.28,0.04,0.9499880735211688,0.4131566567865588,4,5,critico,False,0.9081246749300664,0.8774995665734221,0.95249361564826,1.0,0.28,0.04,0.950221322640891,0.4187938187707926,4,5,critico,False,0.0,0.0,0.00023324911972222306,True
11892520000172,0.0650366309776406,0.0477224945142636,0.1997363573784588,0.3678183333145047,0.0258774538964901,0.0078381474871659,0.4426559148107563,0.5837030593605965,55,82,baixo_baixo,False,0.0406306506305022,0.0296034167297034,0.1350382905231418,0.3062092350159007,0.0183262847622709,0.0070426788399981,0.5135359513535491,0.6422697512274791,88,153,baixo_baixo,False,-0.024405980347138402,-0.018119077784560202,0.07088003654279285,True
11902878000139,0.29833984375,0.1229248046874999,0.46875,0.921875,0.2,3.4694469519536136e-17,0.7177568390282499,0.4932900964130817,5,5,baixo_baixo,False,0.881075404120229,0.8572904849442748,0.9380459938797188,0.987415592506818,0.1666666666666666,3.3306690738754695e-17,0.9708541418396488,0.4046061251848512,6,6,critico,False,0.582735560370229,0.734365680256775,0.25309730281139886,False
11924138000101,0.0218425693015383,0.0184343552572928,0.1075452762799036,0.1865547470603608,0.0110852207484928,0.0076395246535398,0.8589800419221031,0.5423121928880379,288,929,baixo_baixo,False,0.0179339265374214,0.0149121847729211,0.0936519057453718,0.1650142583418806,0.0113993640348306,0.0083575159241685,0.8570530654591326,0.5662564189326359,326,1273,baixo_baixo,False,-0.003908642764116902,-0.0035221704843717005,-0.0019269764629704644,True
11926843000130,0.1252228901499577,0.07054932078433,0.2343293408120835,0.619715771531795,0.0617283950617283,0.0030864197530864,0.6053646923259791,0.4014183565818778,17,18,baixo_baixo,False,0.0973016580640136,0.0543160227337285,0.1323714741561721,0.5294858966246885,0.0472589792060491,0.0018903591682419,0.6924462353992483,0.4137905908909454,22,23,baixo_baixo,False,-0.02792123208594409,-0.016233298050601502,0.08708154307326921,True
11934211000118,0.1207392691522575,0.1002913451790542,0.2298446795502156,0.6421360844774996,0.0500365230094959,0.0279443491259958,0.8993422851323845,0.4681341658545005,44,74,baixo_baixo,False,0.1057763565454263,0.0871466973067893,0.2153989055216317,0.5962905419146143,0.0454347510524023,0.0255479750326607,0.8894294397413881,0.4817775932450427,49,83,baixo_baixo,False,-0.014962912606831191,-0.013144647872264908,-0.00991284539099635,True
11960753000165,0.2026568907708558,0.1822121956624162,0.4213124843468719,0.6336864807158628,0.0415984496642052,0.0170240509376464,0.9358068381809096,0.948417865273796,40,173,oculta,True,0.1942062596441889,0.1735448816863476,0.4098626777558653,0.6235631925694558,0.0427693761814744,0.0182250012117686,0.9379455060579256,0.9500124476432676,40,184,oculta,True,-0.008450631126666913,-0.008667313976068597,0.0021386678770159984,True
11996804000109,0.4645675027262639,0.2860900036350185,0.6261986978948422,1.0,0.2777777777777778,0.037037037037037,0.9735299810661524,0.4510665083930217,4,6,critico,False,0.4645675027262639,0.2860900036350185,0.6261986978948422,1.0,0.2777777777777778,0.037037037037037,0.97189614273813,0.4484440018411619,4,6,critico,False,0.0,0.0,-0.0016338383280224411,True
12008540000109,0.3201510590017605,0.1501888237522006,0.4094111122869011,0.941731420695124,0.2,3.4694469519536136e-17,0.6337421257745814,0.8270377057970241,5,5,baixo_baixo,False,0.2669890998290151,0.1203869197948181,0.3786797476245128,0.9138607607051932,0.1666666666666666,3.3306690738754695e-17,0.7367053771134933,0.8840998113531844,6,6,baixo_baixo,False,-0.05316195917274541,-0.02980190395738251,0.10296325133891182,True
12053489000149,0.0557179731980249,0.0472868836730073,0.1428724537118204,0.4041051961506096,0.0094060736361193,0.0005614850078703,0.937346650287652,0.4425176406201735,113,122,oculta,True,0.0556274860906128,0.0476243291930756,0.1427552078412982,0.4037763030295446,0.0090679522497704,0.0006702230315481,0.9342245870652468,0.4431816776590884,119,132,oculta,True,-9.048710741210025e-05,0.00033744552006829964,-0.003122063222405158,True
12092636000190,0.390296078489744,0.3225511983219378,0.575405000984406,0.9098008251545208,0.125,0.0277777777777777,0.940165155556256,0.441770371339192,10,12,oculta,True,0.2552684470975089,0.2056196769040094,0.417004013977176,0.8975614929902409,0.074792243767313,0.0131117266851338,0.9742647848971115,0.4083355411448925,16,19,oculta,True,-0.13502763139223511,-0.1169315214179284,0.03409962934085553,True
12094507000130,0.3357101851937265,0.3256451879996921,0.5424981422794477,0.8797765327944842,0.0325054784514243,0.0178464705491732,0.9663959942319184,0.6591720498823639,67,148,oculta,True,0.2952219534762443,0.2860689918330786,0.4916853817848841,0.8777044085296197,0.0325717063684978,0.0200077025551016,0.9657878179803244,0.6889073530820435,78,187,oculta,True,-0.04048823171748217,-0.03957619616661351,-0.0006081762515939282,True
12105376000140,0.2143275172152844,0.1829006179038957,0.4086922473166474,0.7239077915433507,0.0447450572320499,0.0065348595213319,0.8716620329663112,0.6605569368297194,26,31,baixo_baixo,False,0.2054016445148256,0.1770231318189265,0.3802469319284414,0.7438522881376649,0.0430971512052593,0.00892204946259,0.9046534773647166,0.6021025766028928,29,37,baixo_baixo,False,-0.008925872700458803,-0.005877486084969186,0.0329914443984054,True
12115907000185,0.0975725578226845,0.0830172764972439,0.2378575129704937,0.5285678920406143,0.0309037396121883,0.0152731547672236,0.7730523824747989,0.9892949125913456,63,152,baixo_baixo,False,0.2202620601951223,0.2091229467693383,0.4433277302349716,0.6601592903771341,0.0293442820915348,0.0154777718356996,0.8753307264083241,0.9911118204937622,71,182,baixo_baixo,False,0.1226895023724378,0.1261056702720944,0.1022783439335252,True
12139961000160,0.0682470953568633,0.0609104583124292,0.1990566733232878,0.4188514547212393,0.0294123288401086,0.0217699062325504,0.9425517673545512,0.9945317828322672,128,685,oculta,True,0.0647038695537884,0.0581172770858573,0.1890215754020695,0.4085386856924893,0.0283481345003893,0.0215055157292653,0.9449492101272636,0.9954148352528648,143,761,oculta,True,-0.0035432258030748953,-0.002793181226571899,0.002397442772712477,True
12157728000100,0.4239458121037229,0.3087349745244674,0.5726025602650644,0.9857578152542592,0.1666666666666666,3.3306690738754695e-17,0.9780124975826756,0.5645558990605081,6,6,critico,False,0.3829184796226633,0.2800715595597738,0.5421815340823827,0.9356422806941812,0.1428571428571428,0.0,0.973590207439144,0.5770614984505449,7,7,critico,False,-0.04102733248105961,-0.0286634149646936,-0.004422290143531571,True
12219015000124,0.2942936615647179,0.2715289409700314,0.4071230163942764,0.8717161140278288,0.0473251028806584,0.0165936545864861,0.968758670508486,0.4344299088438693,32,54,oculta,True,0.2886324198070959,0.2664021829260676,0.4024927120161978,0.8707016019583008,0.05029296875,0.0206146240234375,0.9680188734069506,0.437732702511279,33,64,oculta,True,-0.005661241757622004,-0.005126758043963786,-0.0007397971015353777,True
12251189000174,0.3006178178663084,0.2306795996529392,0.4020834367236433,0.9374309121855464,0.0972222222222222,0.0069444444444444,0.8830647554146966,0.8901695786186576,11,12,baixo_baixo,False,0.2801843085570153,0.2201996676034332,0.3875595670306169,0.9035694715707828,0.0816326530612245,0.0051020408163265,0.8993544078458511,0.8867186954602074,13,14,baixo_baixo,False,-0.020433509309293107,-0.01047993204950598,0.016289652431154433,True
12259049000142,0.4291525482357097,0.286440685294637,0.50330277394481,0.9787456336913192,0.2,3.4694469519536136e-17,0.9087496672991558,0.6290579947563064,5,5,hhi_alto,False,0.4107177489364724,0.2928612987237668,0.4920757655413164,0.956913078769736,0.1666666666666666,3.3306690738754695e-17,0.9178634915327796,0.6553806752756077,6,6,hhi_alto,False,-0.018434799299237303,0.006420613429129807,0.009113824233623724,True
12273240000149,0.0651535243061439,0.0428952748848616,0.144671741960594,0.4231037544940492,0.0437230249577781,0.020954525552011,0.8532936712980154,0.9904354253769204,43,73,baixo_baixo,False,0.3279372040742318,0.3136379956502793,0.5617677185677332,0.7103011239029866,0.0401701323251417,0.0197482202469533,0.9220697294208582,0.9835177176006747,48,92,baixo_baixo,False,0.2627836797680879,0.27074272076541767,0.06877605812284282,True
12298037000127,0.3057571328063615,0.2909860079724543,0.5235280496078517,0.8055623120388089,0.0791331872412953,0.0595402763315356,0.8135697054339119,0.4723235361382197,48,111,baixo_baixo,False,0.2830334403294484,0.2686941091360374,0.5031246741697819,0.7741672601335693,0.0765658083464244,0.0580971245133529,0.7972771232637197,0.4870995024796201,51,121,baixo_baixo,False,-0.022723692476913138,-0.022291898836416857,-0.01629258217019225,True
12306202000145,0.3207602643861961,0.223726016441367,0.471788621188027,0.9717872836429668,0.125,0.0,0.8082472414998325,0.4350761562636525,8,8,baixo_baixo,False,0.2968502758119891,0.2329275736130791,0.453549993074011,0.9342194702699732,0.0833333333333333,1.5139404881252137e-17,0.7888324576856667,0.4384439550601154,12,12,baixo_baixo,False,-0.02390998857420701,0.009201557171712088,-0.019414783814165837,True
12321353000172,0.1494192606172343,0.0927138779917166,0.2851144744565425,0.6701754949243652,0.0657439446366782,0.0034602076124567,0.9199989446051028,0.5439828223241694,16,17,baixo_baixo,False,0.134646968393935,0.0913793168136318,0.2699502871911792,0.6345313322593106,0.051039697542533,0.0035916824196597,0.903637844052108,0.5335478814073747,21,23,baixo_baixo,False,-0.014772292223299288,-0.001334561178084795,-0.01636110055299478,True
12334083000134,0.1426886750671292,0.135938192193642,0.3308687193631838,0.5501548969088625,0.0240778913205561,0.016393465267962,0.9518008673924844,0.9897727870155484,128,453,oculta,True,0.122109348649389,0.1157013876906255,0.3039004570413189,0.5103019312641357,0.0233083949281894,0.0161792591247455,0.9481074839492152,0.989559376730335,138,516,oculta,True,-0.020579326417740212,-0.0202368045030165,-0.0036933834432691937,True
12342968000185,0.2575352821278443,0.133791162482485,0.4211031228561389,0.8902408189293755,0.1428571428571428,0.0,0.7756875808881526,0.4014183565818778,7,7,baixo_baixo,False,0.2273457685446137,0.1169665926224156,0.3912564124378081,0.8271428306149075,0.125,0.0,0.7584806333454625,0.3989296410860706,8,8,baixo_baixo,False,-0.03018951358323063,-0.016824569860069388,-0.017206947542690143,True
12366625000150,0.1396908668890998,0.0536599535780098,0.1889073723631333,0.6645094627832575,0.0909090909090909,0.0,0.6878842661229435,0.6264439728288578,11,11,baixo_baixo,False,0.1318415749594849,0.0529180817739835,0.1827925394388545,0.6429996387319705,0.0833333333333333,1.5139404881252137e-17,0.6717020947057711,0.6163375162399325,12,12,baixo_baixo,False,-0.007849291929614893,-0.000741871804026302,-0.016182171417172375,True
12403446000146,0.1763052468111739,0.1278526142706547,0.355700161956282,0.6994379478966122,0.0816,0.0275764705882353,0.8442738318380862,0.9951676761422624,18,25,baixo_baixo,False,0.1960550765118615,0.1595121254442188,0.3882001140531935,0.7001577257063399,0.060553633217993,0.0178515256369927,0.8858206819825497,0.9889581506826932,23,34,baixo_baixo,False,0.019749829700687588,0.03165951117356411,0.041546850144463465,True
12433830000191,0.1715113535034332,0.0531558325753522,0.1839355049111784,0.7357420196447139,0.125,0.0,0.8845940453244657,0.4014183565818778,8,8,baixo_baixo,False,0.1715113535034332,0.0531558325753522,0.1839355049111784,0.7357420196447139,0.125,0.0,0.8803174861767469,0.3989296410860705,8,8,baixo_baixo,False,0.0,0.0,-0.00427655914771885,True
12448797000173,0.2111668661500179,0.0534002393800215,0.2480897092388607,0.8885663722668784,0.1666666666666666,3.3306690738754695e-17,0.6038225346483311,0.5096026993121976,6,6,baixo_baixo,False,0.2649881470399882,0.1424861715466528,0.393654459094146,0.8725257022753514,0.15625,0.015625,0.7279240655481624,0.5764964656403947,7,8,baixo_baixo,False,0.05382128088997029,0.0890859321666313,0.12410153089983122,True
12457020000175,0.458798785010894,0.3911486331372558,0.6557159091814457,0.9154364208241614,0.1111111111111111,0.0,0.913696827193068,0.4837282204089544,9,9,hhi_alto,False,0.3228488478475376,0.2476098309417084,0.4990825957390026,0.9022715831298757,0.1,3.0839528461809905e-17,0.9208110918854472,0.5111385405091701,10,10,baixo_baixo,False,-0.1359499371633564,-0.14353880219554738,0.007114264692379191,False
12462982000112,0.1858354117425749,0.0695261848486571,0.3222534377927191,0.7490254666334063,0.1632653061224489,0.0437317784256559,0.7024560479057244,0.4014183565818778,8,14,baixo_baixo,False,0.1858354117425749,0.0695261848486571,0.3222534377927191,0.7490254666334063,0.1632653061224489,0.0437317784256559,0.6949298270596722,0.3989296410860706,8,14,baixo_baixo,False,0.0,0.0,-0.007526220846052145,True
12488175000179,0.2917042883891364,0.2859922261987262,0.5055834208567601,0.7804495398037531,0.023114186851211,0.0152360754548498,0.9579061658699104,0.682473464598329,125,510,oculta,True,0.2596706469819761,0.2544935186391927,0.4762976642266118,0.738501495840707,0.0233447265625,0.0165149694055944,0.9517870979835612,0.6946106454906035,144,640,oculta,True,-0.03203364140716031,-0.031498707559533545,-0.006119067886349194,True
12489912000158,0.2183763198426152,0.1402139518268767,0.4242979396227125,0.6631921595055039,0.0972222222222222,0.0069444444444444,0.7253196754310091,0.6768589254242665,11,12,baixo_baixo,False,0.2183763198426152,0.1402139518268767,0.4242979396227125,0.6631921595055039,0.0972222222222222,0.0069444444444444,0.7189249146938347,0.673972646765812,11,12,baixo_baixo,False,0.0,0.0,-0.006394760737174376,True
12560864000147,0.470485553146678,0.2057283297200171,0.6354608947033034,1.0,0.40625,0.109375,0.9676013577510972,0.90520226251764,3,8,critico,False,0.470485553146678,0.2057283297200171,0.6354608947033034,1.0,0.40625,0.109375,0.9764318681488234,0.9476961175074456,3,8,critico,False,0.0,0.0,0.008830510397726199,True
12570642000105,0.173225497438203,0.1502595390337086,0.3707414579327734,0.6446685518920658,0.03,0.0030555555555555,0.7522358253831253,0.6139015877905799,37,40,baixo_baixo,False,0.1448041033796585,0.122298948205439,0.3030458303972521,0.6519421519805082,0.028344671201814,0.0027747941281775,0.7767957036735609,0.6731921431509176,39,42,baixo_baixo,False,-0.02842139405854452,-0.027960590828269585,0.0245598782904356,True
12592033000157,0.2287401389456904,0.1430445988285449,0.4052160455096833,0.7726646000164217,0.1111111111111111,0.0123456790123456,0.8673841261016848,0.6225035850222508,10,12,baixo_baixo,False,0.2083532501803194,0.1363853638330757,0.3856538855624206,0.7353635388698986,0.0918367346938775,0.0092764378478664,0.8489766021385445,0.6101332272579781,12,14,baixo_baixo,False,-0.02038688876537101,-0.006659234995469193,-0.01840752396314027,True
12640342000155,0.1771788260698639,0.0743261793285969,0.2573271070585041,0.794570796886068,0.1111111111111111,0.0,0.734759579584423,0.4123191368691455,9,9,baixo_baixo,False,0.1453440011447029,0.0741226679067614,0.2247453554856149,0.6939653511281572,0.0769230769230769,1.503427012513233e-17,0.7124634500440631,0.4091999711033092,13,13,baixo_baixo,False,-0.031834824925161015,-0.00020351142183550053,-0.022296129540359866,True
12652188000131,0.1745629604916364,0.0369901205735758,0.2643612937681498,0.7437497913815547,0.1428571428571428,0.0,0.4781622720903031,0.4828061778597123,7,7,baixo_baixo,False,0.1745629604916364,0.0369901205735758,0.2643612937681498,0.7437497913815547,0.1428571428571428,0.0,0.4703843538461337,0.4802952129698447,7,7,baixo_baixo,False,0.0,0.0,-0.007777918244169402,True
12652881000104,0.1919839821999663,0.0573146458999607,0.2924976382195239,0.810238447298469,0.1428571428571428,0.0,0.6419823811861081,0.7113704000709831,7,7,baixo_baixo,False,0.1407816261594165,0.0333793294293436,0.2216245937389304,0.6365196951136957,0.1111111111111111,0.0,0.6246609049262452,0.7429284949446937,9,9,baixo_baixo,False,-0.05120235604054979,-0.0239353164706171,-0.01732147625986291,True
12710978000126,0.2026147916953323,0.195092289730194,0.4192639688003637,0.6718182723953597,0.0118672547784079,0.0025452477480155,0.9607966409717826,0.7822464469044326,107,138,oculta,True,0.1530742865433994,0.1471928579777286,0.3524932215821384,0.619527880916934,0.0090514208061345,0.0021698334506216,0.9543728068427092,0.7812180309129435,145,203,oculta,True,-0.049540505151932895,-0.04789943175246539,-0.006423834129073436,True
12769172000103,0.3073285103287008,0.134160637910876,0.4455583402951824,0.9540517961570592,0.2,3.4694469519536136e-17,0.7174669879742401,0.5285663412232766,5,5,baixo_baixo,False,0.1576224183788199,0.0928241428694984,0.245298847586014,0.7159660113916786,0.0714285714285714,0.0,0.6953138921454066,0.5423799854058374,14,14,baixo_baixo,False,-0.14970609194988088,-0.04133649504137761,-0.022153095828833513,True
12770455000175,0.4181063327370157,0.3765424993610883,0.6098198497469199,0.932531109671505,0.0666666666666666,0.0,0.968131069710638,0.9284522338859328,15,15,critico,False,0.4025791063341105,0.3674367008243523,0.5982588909145421,0.9148521938846572,0.0555555555555555,0.0,0.9606177794601204,0.9199129870645788,18,18,critico,False,-0.015527226402905214,-0.009105798536735987,-0.0075132902505176125,True
12816116000182,0.079329428365537,0.0574087004694784,0.1955803890882951,0.4734864958146449,0.0335097001763668,0.0104980263710422,0.698912767886463,0.9857023284863132,43,63,baixo_baixo,False,0.0903048554128273,0.0731407960809939,0.2117034987038647,0.5302224498822318,0.026360544217687,0.0079899884482094,0.7749262385251686,0.9904666779824568,54,84,baixo_baixo,False,0.010975427047290306,0.0157320956115155,0.07601347063870567,True
12877385000159,0.192900218721796,0.16686474190637,0.4066469549974089,0.6274847805363901,0.0401753104455807,0.0092132236857607,0.6494269549385521,0.4131781761954344,32,37,baixo_baixo,False,0.1627355243846128,0.138110098631219,0.3560073930314864,0.6102097326437833,0.0362879238548483,0.0079434510270497,0.6615537995515702,0.4343487652857347,35,41,baixo_baixo,False,-0.03016469433718319,-0.02875464327515098,0.012126844613018162,True
12998458000160,0.6007415428743673,0.5009269285929591,0.7579859231185706,0.9880304860272374,0.2,3.4694469519536136e-17,0.926702396018712,0.4164800780144914,5,5,critico,False,0.3226462754669766,0.2473847505188628,0.527202654719119,0.865884302561812,0.1,3.0839528461809905e-17,0.9026802165764072,0.4229504107157235,10,10,baixo_baixo,False,-0.2780952674073907,-0.2535421780740963,-0.02402217944230478,False
13018648000137,0.3102564912556432,0.0803419883408576,0.4499795303518572,1.0,0.3333333333333333,0.1111111111111111,0.8526194428661588,0.8008515055705874,4,6,baixo_baixo,False,0.2318191516749161,0.1037890102874021,0.3820878321831826,0.8491226965022446,0.1851851851851851,0.0493827160493827,0.8160035311006676,0.772781470721578,7,9,baixo_baixo,False,-0.0784373395807271,0.023447021946544508,-0.03661591176549117,True
13019421000106,0.5864255343130964,0.575821060833945,0.762036596655147,0.8806343334877389,0.0394444444444444,0.0148148148148148,0.95904048235066,0.9915777217630452,40,60,critico,False,0.5499558817706721,0.5411314872955872,0.7377235062463787,0.8545773850072256,0.0335638387586439,0.0146141101068526,0.95746694658825,0.9952307595639046,52,77,critico,False,-0.03646965254242429,-0.034689573538357776,-0.0015735357624099278,True
13019629000125,0.2791967548532217,0.159062880662092,0.4294549683551247,0.8865267124125024,0.15625,0.015625,0.5282376385523531,0.9323828337582046,7,8,baixo_baixo,False,0.2791967548532217,0.159062880662092,0.4294549683551247,0.8865267124125024,0.15625,0.015625,0.5337910707629968,0.9314815337830455,7,8,baixo_baixo,False,0.0,0.0,0.0055534322106437495,True
13034603000156,0.2349335244358846,0.0436669055448557,0.2993899098947256,0.9099058141520502,0.2,3.4694469519536136e-17,0.5254139616778061,0.4905613230390711,5,5,baixo_baixo,False,0.2349335244358846,0.0436669055448557,0.2993899098947256,0.9099058141520502,0.2,3.4694469519536136e-17,0.518008490719818,0.4882137887687297,5,5,baixo_baixo,False,0.0,0.0,-0.007405470957988047,True
13102858000109,0.1969512531612217,0.0822300036128248,0.2609496122573746,0.8299803402622254,0.125,0.0,0.8471264424604422,0.621104953501117,8,8,baixo_baixo,False,0.1428232321959952,0.0475813691066613,0.183910731318458,0.6696450251375237,0.1,3.0839528461809905e-17,0.8726521169051691,0.739896711592982,10,10,baixo_baixo,False,-0.05412802096522651,-0.0346486345061635,0.025525674444726865,True
13128780003389,0.556096570442056,0.4926817947909211,0.7129338965428047,0.9976655291756,0.1358024691358024,0.0123456790123456,0.9974348514699204,0.4026407462786243,8,9,critico,False,0.5558255181911674,0.5003037079650634,0.7127600883551185,0.9974223054512352,0.12,0.01,0.9973287575238844,0.4002435448174315,9,10,critico,False,-0.000271052250888526,0.007621913174142292,-0.00010609394603600109,True
13128780003974,0.3745604453981919,0.1660805938642559,0.5172871559377923,1.0,0.3191836734693877,0.0922448979591836,0.8364281060839321,0.6703985730445345,4,35,baixo_baixo,False,0.307178597024536,0.1686143164294432,0.48855483066755,0.920809757772849,0.2920918367346938,0.1505102040816326,0.907614774280083,0.6507648981293025,6,56,baixo_baixo,False,-0.0673818483736559,0.002533722565187302,0.07118666819615083,True
13128780004431,0.712826187956022,0.6649638859486924,0.8391367032707545,0.9801033738824126,0.1428571428571428,0.0,0.9809123397671434,0.9159707104023146,7,7,critico,False,0.712826187956022,0.6649638859486924,0.8391367032707545,0.9801033738824126,0.1428571428571428,0.0,0.9800723814990824,0.9152328109553324,7,7,critico,False,0.0,0.0,-0.0008399582680610473,True
13128780004512,0.4888036344782209,0.3184048459709612,0.5340361436589884,1.0,0.5833333333333333,0.4444444444444443,0.6658020104129388,0.6640545064789183,4,12,hhi_alto,False,0.4870991503448224,0.3161322004597632,0.5056188114729312,1.0,0.6533333333333335,0.537777777777778,0.6971697966098137,0.6956261271799518,4,15,hhi_alto,False,-0.0017044841333985206,-0.0022726455111979904,0.03136778619687486,True
13128780009581,0.4971234606564902,0.3965481527877883,0.6773905186426865,0.9689937232450084,0.24,0.088,0.9029949215082548,0.8020886496190475,6,10,hhi_alto,False,0.4971234606564902,0.3965481527877883,0.6773905186426865,0.9689937232450084,0.24,0.088,0.9162437294214956,0.8109046818781547,6,10,hhi_alto,False,0.0,0.0,0.01324880791324079,True
13128780009905,0.1311129559665114,0.0521232246907397,0.1922880230586236,0.6508099007176548,0.140625,0.0625,0.6186621812041139,0.5841598470141899,12,16,baixo_baixo,False,0.0518709899612978,0.0222419583975884,0.0995401670968989,0.3583207132290886,0.04163623082542,0.0116873630387143,0.5220108897522582,0.5110802009430395,33,37,baixo_baixo,False,-0.0792419660052136,-0.0298812662931513,-0.09665129145185569,True
13128814001049,0.8420652931108644,0.815742841962675,0.9163878068933228,0.990612303075054,0.1428571428571428,0.0,0.9871845941024328,0.4316611775313422,7,7,critico,False,0.7264073924493722,0.6922083165055439,0.8495522638258778,0.960119885499646,0.1111111111111111,0.0,0.9809122101682708,0.4359766200675184,9,9,critico,False,-0.11565790066149217,-0.12353452545713106,-0.0062723839341619625,True
13133909000160,0.107054056270257,0.0880552064036667,0.1897798474657522,0.6097310554409036,0.0229289940828402,0.0021402492760921,0.8953045517762384,0.6999897303808634,48,52,baixo_baixo,False,0.0855681939092381,0.0705775085634879,0.1542860257875709,0.5325473951726412,0.0183673469387755,0.0022750083640013,0.8996713452734653,0.694107757794836,62,70,baixo_baixo,False,-0.021485862361018904,-0.017477697840178788,0.004366793497226906,True
13153852000160,0.122588554309217,0.0550953661791567,0.1843006676752461,0.6375258958317241,0.078125,0.0072115384615384,0.7558019605573454,0.6108312780471175,14,16,baixo_baixo,False,0.1133494679879847,0.0451455809101374,0.1667377423261437,0.576772889031217,0.0795847750865051,0.0087836039393132,0.7546973901415139,0.5878760203693462,14,17,baixo_baixo,False,-0.009239086321232298,-0.009949785269019303,-0.0011045704158314518,True
13170158000151,0.6519167995239306,0.6472129724904702,0.7966364973272312,0.965870028097144,0.0367793440447223,0.0237628486939753,0.9606360637332536,0.8074525886386676,75,223,critico,False,0.56334591851044,0.5588443300414755,0.7385170310783383,0.9380083279774502,0.0261332015896426,0.0160933376885049,0.956244496761314,0.817383916840968,98,371,critico,False,-0.08857088101349053,-0.08836864244899467,-0.004391566971939653,True
13183513000127,0.3075515569399191,0.2690821989921368,0.4554078637246676,0.8651371807212143,0.0619834710743801,0.0098714416896235,0.9518257391156872,0.4506477587707604,19,22,oculta,True,0.2529850784372721,0.2156343323591357,0.401638614586054,0.8486222621513286,0.0555555555555555,0.0083333333333333,0.9536973583866368,0.4440950634757862,21,24,oculta,True,-0.05456647850264701,-0.053447866633001107,0.0018716192709495871,True
13240198000122,0.3678067297519032,0.2774934054307465,0.5660885295368222,0.9022291727643488,0.1358024691358024,0.0123456790123456,0.4694468969485939,0.4307431565456974,8,9,baixo_baixo,False,0.3678067297519032,0.2774934054307465,0.5660885295368222,0.9022291727643488,0.1358024691358024,0.0123456790123456,0.4614761961000299,0.4283008845480143,8,9,hhi_alto,False,0.0,0.0,-0.007970700848563994,False
13244984000106,0.5859200766384889,0.5031040919661867,0.7545740542237919,0.9611261118939948,0.1666666666666666,3.3306690738754695e-17,0.8722164666315827,0.7685747788856023,6,6,hhi_alto,False,0.5859200766384889,0.5031040919661867,0.7545740542237919,0.9611261118939948,0.1666666666666666,3.3306690738754695e-17,0.8682665605983888,0.7651026074941004,6,6,hhi_alto,False,0.0,0.0,-0.003949906033193895,True
13286669000133,0.6060297732459667,0.4090446598689501,0.7519901819741538,1.0,0.5510204081632654,0.326530612244898,0.8102986338767935,0.986803106674387,3,7,hhi_alto,False,0.3599352012813736,0.1999190016017169,0.4717287192955353,0.9749047324785004,0.3580246913580247,0.1975308641975308,0.5880157272300367,0.7839836542445255,5,9,baixo_baixo,False,-0.24609457196459317,-0.2091256582672332,-0.22228290664675676,False
13358623000182,0.1277913656568651,0.0405705022225516,0.161123313460935,0.6024265244221316,0.0909090909090909,0.0,0.5537690790882072,0.7026906962948065,11,11,baixo_baixo,False,0.1136718119704861,0.0330965221496212,0.1399850064744769,0.5466321361230377,0.0833333333333333,1.5139404881252137e-17,0.5781960902935127,0.7334200189645028,12,12,baixo_baixo,False,-0.014119553686379002,-0.007473980072930396,0.02442701120530555,True
13417917000138,0.0938997321840681,0.0561455543584043,0.1855460341588299,0.53325178594123,0.083829096809086,0.0456553091761312,0.9134982941656032,0.9932571655742162,25,86,baixo_baixo,False,0.0936552210146848,0.05589085522363,0.1822997315293199,0.5239220436875635,0.0833663627956136,0.0451732945787642,0.9165539312459072,0.9941361029820984,25,87,baixo_baixo,False,-0.000244511169383288,-0.00025469913477429995,0.0030556370803039856,True
13449811000116,0.1846585809115609,0.1105366337217028,0.3204293061957213,0.7619487192869151,0.0833333333333333,1.5139404881252137e-17,0.565565020993297,0.6639146186393814,12,12,baixo_baixo,False,0.1846585809115609,0.1105366337217028,0.3204293061957213,0.7619487192869151,0.0833333333333333,1.5139404881252137e-17,0.5583256107873232,0.6621764558562149,12,12,baixo_baixo,False,0.0,0.0,-0.00723941020597374,True
13469368000145,0.1547412064284568,0.0702153270713025,0.2108339674561854,0.723197215928708,0.125,0.0375,0.6078091721705323,0.6984389079462564,11,16,baixo_baixo,False,0.1547412064284568,0.0702153270713025,0.2108339674561854,0.723197215928708,0.125,0.0375,0.6002770738145374,0.6952369762569287,11,16,baixo_baixo,False,0.0,0.0,-0.007532098355994887,True
13497205000176,0.0847425310365474,0.0634574736187927,0.1870192552093886,0.4868688608044472,0.0327467141902428,0.0102524517295507,0.7965996257459157,0.9915925403883984,44,67,baixo_baixo,False,0.0566374972414642,0.0381401932658066,0.134876097326218,0.3991417738438145,0.0280968858131487,0.0090399620055634,0.8141277331213871,0.9935652835010912,52,85,baixo_baixo,False,-0.028105033795083202,-0.025317280352986096,0.01752810737547139,True
13509695000183,0.31839337047188,0.2426593005243111,0.3934969879331715,0.942174916423137,0.1328125,0.0364583333333333,0.8006725823763737,0.991252494185128,10,16,baixo_baixo,False,0.3138450155318147,0.2514672896710706,0.4598909757188735,0.8871332414507569,0.113573407202216,0.0329891714933266,0.8273635884825001,0.9923206429073924,12,19,baixo_baixo,False,-0.00454835494006528,0.008807989146759537,0.026691006106126403,True
13571334000167,0.2194877451521409,0.0633852941825691,0.3116509946345213,0.8733552167091789,0.1666666666666666,3.3306690738754695e-17,0.9576579611737052,0.848246838251865,6,6,oculta,True,0.2018387860610185,0.0688119170711883,0.2972802029099002,0.8330832261267087,0.1428571428571428,0.0,0.9503035526474178,0.852805256743689,7,7,oculta,True,-0.017648959091122407,0.005426622888619212,-0.007354408526287326,True
13577818000113,0.6442688793932463,0.5731226552718955,0.7740737503191805,0.9956297929404712,0.1666666666666666,3.3306690738754695e-17,0.9387329652291704,0.4055713183542071,6,6,critico,False,0.6442688793932463,0.5731226552718955,0.7740737503191805,0.9956297929404712,0.1666666666666666,3.3306690738754695e-17,0.93551077039137,0.4030714115225495,6,6,critico,False,0.0,0.0,-0.003222194837800396,True
13617528000156,0.2060599641758085,0.0926399590580669,0.2890092596399219,0.8456410937064116,0.125,0.0,0.8386090296389678,0.7336274182612097,8,8,baixo_baixo,False,0.2060599641758085,0.0926399590580669,0.2890092596399219,0.8456410937064116,0.125,0.0,0.8500449150052058,0.7357113968431254,8,8,baixo_baixo,False,0.0,0.0,0.011435885366238074,True
13633606000106,0.1543027764015985,0.0938958318588555,0.2587520871994533,0.7024041033768496,0.0726643598615916,0.0064260998517053,0.5181214676760707,0.5888764522798996,15,17,baixo_baixo,False,0.1274331723367377,0.0728977456077838,0.2264850589929879,0.631798945815856,0.0637119113573407,0.0051939058171745,0.4909619443591211,0.563649056718125,17,19,baixo_baixo,False,-0.026869604064860803,-0.020998086251071704,-0.027159523316949596,True
13659627000109,0.250864022280679,0.0635800278508488,0.332205349139838,0.8952850101901888,0.2,3.4694469519536136e-17,0.8013650140380169,0.4014183565818778,5,5,baixo_baixo,False,0.210622506335385,0.052747007602462,0.2953874433229217,0.7960616856114981,0.1666666666666666,3.3306690738754695e-17,0.7846340190251753,0.3989296410860706,6,6,baixo_baixo,False,-0.04024151594529399,-0.010833020248386803,-0.016730995012841587,True
13660803000114,0.1705169884586957,0.1290428378816305,0.3274598669998729,0.7388404706481785,0.0628571428571428,0.016,0.78432658806131,0.9807110643728516,21,35,baixo_baixo,False,0.1431895133628678,0.104243582152089,0.2956612499403316,0.6670939527940019,0.0624589086127547,0.019843404458789,0.7660610957065358,0.9814550647654086,23,39,baixo_baixo,False,-0.02732747509582789,-0.024799255729541517,-0.01826549235477415,True
13660914000120,0.3325737696374876,0.1990885235649851,0.3955891588460526,0.995990682176112,0.1666666666666666,3.3306690738754695e-17,0.8912245999786427,0.4038010935094783,6,6,baixo_baixo,False,0.3303307145542052,0.2633637860096257,0.3942481713655271,0.99261442424373,0.0972222222222222,0.0069444444444444,0.8863111626536043,0.4033484995518593,11,12,baixo_baixo,False,-0.002243055083282375,0.06427526244464057,-0.00491343732503835,True
13667230000150,0.3644553108009503,0.3355669158373571,0.5550053100529241,0.9232876664102716,0.0540123456790123,0.0110129068462401,0.8846225066452672,0.4447595773582847,23,36,baixo_baixo,False,0.1994774789582377,0.1808606761433129,0.399752847254364,0.6704346543196696,0.0334467120181406,0.010968728576702,0.8632702201084699,0.5925135878821953,44,84,baixo_baixo,False,-0.16497783184271259,-0.1547062396940442,-0.021352286536797327,True
13723290000143,0.1555965259326878,0.1086852218178372,0.3431703997731968,0.5688432102445384,0.1308349769888232,0.08254803126598,0.6848494963690092,0.7938122855354711,19,39,baixo_baixo,False,0.1488889203483645,0.1083598213173342,0.3354267333519497,0.5560072195267017,0.1130340724716062,0.0707975997321589,0.6954362782902723,0.8123210335922616,22,43,baixo_baixo,False,-0.00670760558432329,-0.0003254005005030036,0.010586781921263166,True
13749592000190,0.3858362078065072,0.2322952597581339,0.5771391608802827,0.945221524871783,0.2,3.4694469519536136e-17,0.4325946842690317,0.563672336258164,5,5,baixo_baixo,False,0.128090235223222,0.0488257111526058,0.2347128655148409,0.6018354838230133,0.0833333333333333,1.5139404881252137e-17,0.3801697060288486,0.5811691495404678,12,12,baixo_baixo,False,-0.2577459725832852,-0.1834695486055281,-0.05242497824018311,True
13769209000166,0.137785348923094,0.0419837210256599,0.2121548836728253,0.6556911873513258,0.1,3.0839528461809905e-17,0.608409031250986,0.5029263643315606,10,10,baixo_baixo,False,0.137785348923094,0.0419837210256599,0.2121548836728253,0.6556911873513258,0.1,3.0839528461809905e-17,0.601042453364481,0.5008405296779377,10,10,baixo_baixo,False,0.0,0.0,-0.007366577886504966,True
13792329000184,0.3849300267746175,0.3569723007189183,0.5935616367361555,0.8920880955805819,0.0791836734693877,0.0373283858998144,0.9847692020860104,0.7847338308567612,23,35,oculta,True,0.3071437078991109,0.2832521116197699,0.5173557903991028,0.8279371600671734,0.0695266272189349,0.0374413385023464,0.9839374682710442,0.8109405857828309,30,52,oculta,True,-0.07778631887550663,-0.0737201890991484,-0.0008317338149661513,True
13806951000102,0.2772009017576289,0.2049209919333918,0.457901947259146,0.8465777021361581,0.1122448979591836,0.023469387755102,0.863356906506905,0.9921956239391364,11,14,baixo_baixo,False,0.2480718452719679,0.1979433016234324,0.4314998651989102,0.7977650379927688,0.075,0.0133333333333333,0.8760360818675782,0.9937016827917587,16,20,baixo_baixo,False,-0.029129056485660998,-0.0069776903099594,0.0126791753606732,True
13817576000198,0.3038609971446031,0.2168436217876784,0.4934032053709398,0.8895794478715132,0.1111111111111111,0.0,0.8845957362590848,0.466767555278142,9,9,baixo_baixo,False,0.3038609971446031,0.2168436217876784,0.4934032053709398,0.8895794478715132,0.1111111111111111,0.0,0.8847666858321939,0.4721415399161831,9,9,baixo_baixo,False,0.0,0.0,0.00017094957310903602,True
13823697000142,0.3717306469413833,0.3520972296583016,0.5930624627570064,0.8089682702658743,0.033469387755102,0.0032653061224489,0.8759495489880563,0.4734508373596626,33,35,baixo_baixo,False,0.3177515685927428,0.2970773737016137,0.5454117996944292,0.7503778387925756,0.0332409972299168,0.0039452698732477,0.8786161277839872,0.5147610732175897,34,38,baixo_baixo,False,-0.05397907834864052,-0.0550198559566879,0.0026665787959309073,True
13843029000187,0.7916959183360871,0.7619381923840995,0.8874262436638826,0.9835772895403154,0.140495867768595,0.0177095631641086,0.9100216710250214,0.921453900745448,8,11,hhi_alto,False,0.5347444739867571,0.4765875332351017,0.7005838189841711,0.9745501600809894,0.1640625,0.0595703125,0.8752850496551666,0.8126275157741619,9,16,hhi_alto,False,-0.25695144434933004,-0.2853506591489978,-0.03473662136985478,True
13843252000124,0.1578817722869595,0.1196036710272758,0.356339062746795,0.5903881372781009,0.0591672753834916,0.0164021515372867,0.8451292972280449,0.9965614967351168,23,37,baixo_baixo,False,0.1161348001495193,0.0845681858691449,0.2698548108859708,0.559603840909389,0.0542099192618223,0.0204317020926017,0.8477525652633535,0.9961075007300956,29,51,baixo_baixo,False,-0.04174697213744019,-0.0350354851581309,0.002623268035308657,True
13844779000173,0.185919569287421,0.1546087834907834,0.3262048986907563,0.7588317242602899,0.0382653061224489,0.0012755102040816,0.8825188151285152,0.4073197244813222,27,28,baixo_baixo,False,0.1300253417551699,0.1010261864803422,0.2175252260859136,0.6366477872254814,0.033203125,0.0009765625,0.9082135184798322,0.404211370970474,31,32,baixo_baixo,False,-0.05589422753225112,-0.05358259701044121,0.025694703351317072,True
13864377000130,0.3188416405110272,0.3106349132882685,0.5109773778504338,0.8567061356909108,0.0180146368924751,0.0061834879393724,0.9964095485490656,0.5412798552097979,84,146,oculta,True,0.2975157153637952,0.2906954795906281,0.4905525723922115,0.8298436189296038,0.0236196844993141,0.0141402639604725,0.995742609492418,0.5608011746541314,104,216,oculta,True,-0.021325925147232028,-0.019939433697640396,-0.0006669390566476086,True
13872416000141,0.1078572626011891,0.048381080107935,0.1750872110235846,0.5328515380079485,0.0625,0.0,0.6836654561389719,0.6481907327078982,16,16,baixo_baixo,False,0.0643200576136011,0.0368000593081188,0.1733202222362552,0.3860707950312586,0.0330466274332277,0.0046068223577343,0.6642833906356543,0.5372793057209604,35,47,baixo_baixo,False,-0.043537204987587994,-0.011581020799816204,-0.019382065503317558,True
13884310000168,0.2480396652680583,0.09764759832167,0.2974815214394932,0.9100167977899106,0.1875,0.025,0.6884951496004653,0.9528911666023931,6,8,baixo_baixo,False,0.2344645726303022,0.1068753347353526,0.286654512515336,0.9045966006596876,0.18,0.0433333333333334,0.7035768619554511,0.9539093876173051,7,10,baixo_baixo,False,-0.013575092637756081,0.009227736413682602,0.015081712354985788,True
13886006000150,0.0446192494435568,0.0361645525359776,0.1123079385663437,0.3229657728680083,0.0252074987982695,0.0165810164867497,0.9486184133991158,0.9953400260527058,114,395,oculta,True,0.0418536879961467,0.0341885175001159,0.0881076693404255,0.2821358020821447,0.0243797455277973,0.0165747834920197,0.9558190553159084,0.9964353960538684,126,482,oculta,True,-0.0027655614474101017,-0.0019760350358616965,0.007200641916792594,True
13917262000167,0.4422715077987,0.4190328206236459,0.5901034745751829,0.9698883524811625,0.0439952437574316,0.0041617122473246,0.9729589463166476,0.7568335984673155,25,29,critico,False,0.3757585224138714,0.3605331205215268,0.543067069705303,0.9015097369870948,0.0440917107583774,0.020776874435411,0.965090934613061,0.7688832136359669,42,63,critico,False,-0.06651298538482858,-0.05849970010211908,-0.007868011703586641,True
13927758000111,0.440137938639955,0.3601576441599485,0.6104216739433541,0.975924907171026,0.16,0.04,0.9796957270098984,0.8962112965939034,8,10,critico,False,0.4029678259675054,0.3486921737827332,0.5831666048870543,0.9323502736445344,0.1020408163265306,0.0204081632653061,0.9698445478642056,0.8738814134629188,12,14,critico,False,-0.03717011267244957,-0.011465470377215292,-0.009851179145692779,True
13953949000158,0.0198252047224752,0.0104004470755759,0.0523048363904717,0.1815072922451898,0.0183842131894079,0.0089455998546907,0.4135020709498029,0.446766297547113,105,154,baixo_baixo,False,0.0176590140623588,0.0093340904527178,0.0468355187886325,0.1625277657454255,0.0236224112426035,0.0153480248972018,0.409758943777501,0.4519310436102023,119,208,baixo_baixo,False,-0.002166190660116401,-0.0010663566228580994,-0.0037431271723019077,True
13954199000139,0.139248769996609,0.1244082315482747,0.2796922392553355,0.5912318853894554,0.0301890432098765,0.0134681646445295,0.7910322923833919,0.8907958739251842,59,144,baixo_baixo,False,0.1308397486007303,0.1161082189159969,0.2700688871954139,0.5708894096836499,0.0292531029340818,0.0127997656956764,0.8023828805581573,0.8965534991525842,60,151,baixo_baixo,False,-0.008409021395878707,-0.008300012632277795,0.01135058817476542,True
13959466000160,0.9623754884034222,0.9548505860841068,0.9809673949460916,0.9944787468491728,0.21875,0.0625,0.9886652760615098,0.967775424474286,6,8,critico,False,0.9228188246368456,0.9117929424421092,0.9603837978907264,0.9898563162236468,0.16,0.04,0.980777054682353,0.9569385582382852,8,10,critico,False,-0.03955666376657663,-0.0430576436419976,-0.00788822137915679,True
13959501000141,0.1713776786164181,0.0793085317960201,0.2486892365580104,0.7622851250735694,0.1,3.0839528461809905e-17,0.6579581874768795,0.7765219185971771,10,10,baixo_baixo,False,0.1713776786164181,0.0793085317960201,0.2486892365580104,0.7622851250735694,0.1,3.0839528461809905e-17,0.6754227120308445,0.7793248102687962,10,10,baixo_baixo,False,0.0,0.0,0.017464524553964966,True
14004319000108,0.4406346815084092,0.328761617810091,0.5986716356452336,0.9931901101445354,0.1666666666666666,3.3306690738754695e-17,0.9262947784530118,0.8267120958069591,6,6,critico,False,0.4334370910042425,0.3390099395049496,0.5937150200736088,0.9849671356917362,0.1428571428571428,0.0,0.9184503844177492,0.8208750247555501,7,7,hhi_alto,False,-0.007197590504166684,0.01024832169485862,-0.007844394035262603,False
14004655000142,0.0243524301800834,0.0100046718003787,0.0522881438003826,0.1789572146690904,0.0151998498780258,0.0007174947291733,0.7768062215723814,0.4225623740251573,69,73,baixo_baixo,False,0.0232475947114534,0.009293988921617,0.0467807669306442,0.163562074675621,0.015625,0.0015625,0.7832625769044621,0.4224311406141243,71,80,baixo_baixo,False,-0.0011048354686300013,-0.0007106828787617012,0.0064563553320806655,True
14007211000160,0.1802157980175498,0.1756102687929293,0.4118170340754974,0.5185907646760718,0.0125956346308114,0.0070484190950294,0.9400398122377824,0.7206303351796032,179,578,oculta,True,0.1523259297289914,0.1478408817381395,0.270515319999545,0.5914389832932511,0.012626211845983,0.0074020119086601,0.949316071849284,0.6464564199877797,190,669,oculta,True,-0.02788986828855841,-0.02776938705478979,0.00927625961150158,True
14008675000191,0.1371370031495773,0.0586949125268117,0.2178228494263098,0.6233363874416232,0.0887573964497041,0.0059171597633136,0.8060027515595349,0.6206270867760548,12,13,baixo_baixo,False,0.1132888936081547,0.0450803469626281,0.1894767582216169,0.5422193231108604,0.0755555555555555,0.0044444444444444,0.786470078153055,0.5893414155165734,14,15,baixo_baixo,False,-0.023848109541422607,-0.013614565564183598,-0.019532673406479906,True
14016436000183,0.3975038386963679,0.2468797983704598,0.5816679086782738,0.9588781247882934,0.2222222222222222,0.0277777777777778,0.8277183637821331,0.9948468304316695,5,6,hhi_alto,False,0.1945326097612092,0.1441908978712848,0.3788278221812381,0.724732126902467,0.0617283950617283,0.0030864197530864,0.8358015695241778,0.9957598915830947,17,18,baixo_baixo,False,-0.2029712289351587,-0.102688900499175,0.008083205742044686,False
14088281000190,0.7631705221662817,0.715804626599538,0.8703630353337442,0.983321501942484,0.1666666666666666,3.3306690738754695e-17,0.9479456307975456,0.9547299228963532,6,6,critico,False,0.4187643564955063,0.3923445545180294,0.6373462700879478,0.7934867335202289,0.0434782608695651,0.0,0.8405782202146045,0.9058522827569736,23,23,hhi_alto,False,-0.34440616567077537,-0.3234600720815086,-0.10736741058294108,False
14120591000145,0.3289867527952911,0.1947841033543494,0.4487883952098563,0.9783339261728932,0.1875,0.025,0.8512951838864697,0.9295616566612428,6,8,baixo_baixo,False,0.3289867527952911,0.1947841033543494,0.4487883952098563,0.9783339261728932,0.1875,0.025,0.8501600701306753,0.9349785735242602,6,8,baixo_baixo,False,0.0,0.0,-0.001135113755794448,True
14153138000135,0.7116929201960673,0.6705061945097912,0.8402301077699581,0.9616187255967245,0.14,0.0171428571428571,0.936394788274053,0.4073314997408038,8,10,critico,False,0.7116929201960673,0.6705061945097912,0.8402301077699581,0.9616187255967245,0.14,0.0171428571428571,0.9354764109695828,0.4064933116645747,8,10,critico,False,0.0,0.0,-0.000918377304470197,True
14164340000162,0.1127782186195258,0.0494052342352062,0.2078931330299496,0.5661375497690592,0.0666666666666666,0.0,0.7864391961112025,0.5984222077759559,15,15,baixo_baixo,False,0.1127782186195258,0.0494052342352062,0.2078931330299496,0.5661375497690592,0.0666666666666666,0.0,0.7803863286418107,0.5955116310972439,15,15,baixo_baixo,False,0.0,0.0,-0.0060528674693918205,True
14285358000112,0.0855014985100263,0.0373699984316067,0.1383183728111575,0.4831207135031677,0.0727023319615912,0.023897191538517,0.65710531426144,0.9769688440893344,20,27,baixo_baixo,False,0.0815202911451757,0.0355963057024345,0.134389821939837,0.4693990056677447,0.0688775510204081,0.0223214285714285,0.6817702067433751,0.978268878039274,21,28,baixo_baixo,False,-0.003981207364850595,-0.0017736927291722021,0.02466489248193504,True
14355640000129,0.1645594060608814,0.0810153466669696,0.2459353647430504,0.724195785208906,0.0909090909090909,0.0,0.6333914008024094,0.5400551616458301,11,11,baixo_baixo,False,0.1446674335288114,0.0669099274859761,0.2243959205719223,0.6607694670753963,0.0833333333333333,1.5139404881252137e-17,0.6165618355642969,0.5255830891794907,12,12,baixo_baixo,False,-0.019891972532070007,-0.014105419180993506,-0.01682956523811252,True
14381482000181,0.1733101693904293,0.0906411863294722,0.3000209936869123,0.7274705538733871,0.0909090909090909,0.0,0.8273768078327586,0.5687603749166603,11,11,baixo_baixo,False,0.1449760022626288,0.0792049255136002,0.2703352583217897,0.6554905964616714,0.0714285714285714,0.0,0.801211371045037,0.5493075841261444,14,14,baixo_baixo,False,-0.028334167127800486,-0.011436260815871999,-0.02616543678772154,True
14387430000112,0.0748180586458935,0.0498131413119987,0.1915136319818506,0.4435346593982489,0.0354967443814324,0.0094290888241739,0.6995181037191888,0.7896043226746506,38,69,baixo_baixo,False,0.0638483604712631,0.041015393653489,0.1806049340267559,0.3910588249258063,0.0328891887333445,0.0093011201658651,0.6832945358303624,0.7638400690728918,42,77,baixo_baixo,False,-0.010969698174630393,-0.0087977476585097,-0.016223567888826396,True
14440502000148,0.3061629446407223,0.1327036808009028,0.4275100740423847,0.9601422655401984,0.2,3.4694469519536136e-17,0.7541332746678397,0.6289064227322527,5,5,baixo_baixo,False,0.3061629446407223,0.1327036808009028,0.4275100740423847,0.9601422655401984,0.2,3.4694469519536136e-17,0.7481331800373072,0.6271660392033742,5,5,baixo_baixo,False,0.0,0.0,-0.0060000946305325265,True
14444354000130,0.4147238476479961,0.2684048095599951,0.4984956248543899,0.9894187249441286,0.2,3.4694469519536136e-17,0.9197506763937494,0.6074946611180375,5,5,hhi_alto,False,0.3931187723438132,0.2717425268125759,0.4848764001263484,0.9623871617903246,0.1666666666666666,3.3306690738754695e-17,0.9053817416579988,0.5990142054496028,6,6,hhi_alto,False,-0.021605075304182875,0.0033377172525808074,-0.014368934735750627,True
14454427000174,0.0998691107902607,0.0355740472752793,0.1880232556911993,0.4922275479220847,0.0925925925925925,0.0277777777777777,0.6535992710953831,0.6318365624368486,15,18,baixo_baixo,False,0.0788924015524875,0.0247096016438103,0.1527744062418638,0.41564660932239,0.074829931972789,0.020408163265306,0.6473468852209774,0.6346907173579865,18,21,baixo_baixo,False,-0.0209767092377732,-0.010864445631468996,-0.006252385874405686,True
14464143000169,0.2572702289490319,0.1829972518439351,0.3694491233868601,0.8896862759561661,0.0972222222222222,0.0069444444444444,0.6995409257349223,0.41552121243906,11,12,baixo_baixo,False,0.2572702289490319,0.1829972518439351,0.3694491233868601,0.8896862759561661,0.0972222222222222,0.0069444444444444,0.69610446420976,0.4132175011124599,11,12,baixo_baixo,False,0.0,0.0,-0.0034364615251623043,True
14491667000149,0.100193500889951,0.035921608096376,0.149734214282937,0.5269148248401674,0.0976,0.0331428571428571,0.6418072175668087,0.7107715913760024,15,25,baixo_baixo,False,0.0971757796607145,0.044068472581933,0.1473838699850243,0.5186439612971923,0.0777777777777777,0.0235294117647058,0.6310404654952285,0.709557496520722,18,30,baixo_baixo,False,-0.0030177212292365058,0.008146864485557001,-0.010766752071580177,True
14491945000168,0.7978940652325972,0.7574728782791167,0.8905834176573054,0.989424200954324,0.183673469387755,0.0204081632653061,0.9504054487022978,0.9099004907404664,6,7,critico,False,0.7978940652325972,0.7574728782791167,0.8905834176573054,0.989424200954324,0.183673469387755,0.0204081632653061,0.9494451610721462,0.9161435432145836,6,7,critico,False,0.0,0.0,-0.0009602876301516572,True
14492062000172,0.2297553731133514,0.1869640049529821,0.3762413542238001,0.812983590215152,0.0578512396694214,0.0055096418732782,0.8818728412450019,0.7024285570522646,19,22,baixo_baixo,False,0.2297553731133514,0.1869640049529821,0.3762413542238001,0.812983590215152,0.0578512396694214,0.0055096418732782,0.8785512621957364,0.7018700052776257,19,22,baixo_baixo,False,0.0,0.0,-0.003321579049265444,True
14498649000199,0.2458277251497281,0.1704104976647009,0.4279238981332379,0.7842144138440434,0.0972222222222222,0.0069444444444444,0.8346607831465651,0.7084056545800784,11,12,baixo_baixo,False,0.2458277251497281,0.1704104976647009,0.4279238981332379,0.7842144138440434,0.0972222222222222,0.0069444444444444,0.8302352761807594,0.7054840318245085,11,12,baixo_baixo,False,0.0,0.0,-0.004425506965805681,True
14499742000118,0.1455208541762419,0.092115907562257,0.2750673339155536,0.6657244445040146,0.0617283950617283,0.0030864197530864,0.7876801296237773,0.8287709892537019,17,18,baixo_baixo,False,0.1184624448558645,0.0743855670986578,0.2168901843987915,0.619511914901286,0.0555555555555555,0.0083333333333333,0.8093231261819602,0.8377613340566283,21,24,baixo_baixo,False,-0.027058409320377383,-0.017730340463599198,0.021642996558182914,True
14524513000106,0.1619234001266618,0.1126247766047007,0.2711153570198309,0.7235684036605695,0.0657596371882086,0.0108043217286914,0.8282680707335911,0.920643280591824,18,21,baixo_baixo,False,0.1472217927003613,0.102338729158275,0.2363104643628363,0.7158879879110874,0.0842872008324662,0.0360917903499644,0.8159204296603806,0.9141046489854392,20,31,baixo_baixo,False,-0.0147016074263005,-0.010286047446425708,-0.012347641073210514,True
14567169000132,0.3959892833081989,0.2449866041352486,0.5071688314322955,0.961962337642578,0.2,3.4694469519536136e-17,0.8553870574091926,0.9258759049612886,5,5,baixo_baixo,False,0.3959892833081989,0.2449866041352486,0.5071688314322955,0.961962337642578,0.2,3.4694469519536136e-17,0.896028430804463,0.93869234869027,5,5,hhi_alto,False,0.0,0.0,0.04064137339527041,False
14572082000153,0.1482400641038289,0.0772600694458146,0.240086671288335,0.7007134838834713,0.0769230769230769,1.503427012513233e-17,0.5639355765633369,0.5386288055692379,13,13,baixo_baixo,False,0.135442513547527,0.0689380915127214,0.2269318205739673,0.6623199269876727,0.0714285714285714,0.0,0.5499092548269248,0.5529877722590699,14,14,baixo_baixo,False,-0.012797550556301884,-0.008321977933093194,-0.014026321736412162,True
14601748000154,0.0815019102765212,0.0202687042949559,0.1240549759775997,0.4719167634718394,0.0625,0.0,0.609235679574882,0.6242782472655297,16,16,baixo_baixo,False,0.0759459372702231,0.0181925583496121,0.1118185062304678,0.4253680849212083,0.0588235294117647,0.0,0.6122429890766282,0.6514860017329404,17,17,baixo_baixo,False,-0.005555973006298107,-0.0020761459453437978,0.0030073095017462137,True
14608771000170,0.0450805846413393,0.0344703689151319,0.120322652843812,0.3124625699065946,0.0381393751092654,0.0274520348327016,0.9413187667320556,0.9970557783553212,91,571,oculta,True,0.0453751310980613,0.0356340610072251,0.1249158433132359,0.3177492850013713,0.0372275567748818,0.0274033481705439,0.9496630461027356,0.9975584351823524,99,648,oculta,True,0.0002945464567220002,0.001163692092093195,0.008344279370679941,True
14621774000144,0.2129894354683141,0.1414430205108881,0.3778301562981065,0.7725118923372083,0.1171875,0.0369318181818181,0.8244389386864701,0.9170163063101228,12,16,baixo_baixo,False,0.1779024417352456,0.1146641680225722,0.3396793118979563,0.6945086400542722,0.0987654320987654,0.0294396961063627,0.8165354716983523,0.9204949390207312,14,18,baixo_baixo,False,-0.03508699373306848,-0.026778852488315907,-0.007903466988117835,True
14645035000192,0.3798399613979788,0.2558079536775746,0.4485552552163168,0.98375159319334,0.3055555555555554,0.1666666666666665,0.9463652738745884,0.6737331562222502,6,12,oculta,True,0.3856179641195568,0.2627415569434681,0.4690612517622552,0.9843558056316776,0.3372781065088756,0.2047337278106507,0.9453690626186724,0.6841803388853788,6,13,critico,False,0.005778002721577968,0.00693360326589354,-0.0009962112559159797,False
14645822000134,0.167349475733595,0.0285743883558608,0.2714748269951114,0.7006539267348105,0.1428571428571428,0.0,0.5143355434129432,0.5610916699838934,7,7,baixo_baixo,False,0.167349475733595,0.0285743883558608,0.2714748269951114,0.7006539267348105,0.1428571428571428,0.0,0.5067303346240135,0.5586557210393395,7,7,baixo_baixo,False,0.0,0.0,-0.007605208788929674,True
14657813000163,0.1684013576888625,0.0644515273999703,0.2921173591227521,0.7223088566575251,0.1111111111111111,0.0,0.6089068448464597,0.7790677594948547,9,9,baixo_baixo,False,0.1284339038619349,0.0412772942481284,0.2284013239663412,0.6172873155421391,0.0972222222222222,0.0069444444444444,0.601443314060589,0.7917982981833649,11,12,baixo_baixo,False,-0.039967453826927596,-0.023174233151841903,-0.007463530785870698,True
14662198000183,0.1101010926343317,0.0656061472660484,0.2392493624955926,0.5392384898155562,0.1445568114217728,0.1017846519928614,0.6122411940674563,0.5416477581168941,21,41,baixo_baixo,False,0.1107219201166191,0.0683753448840771,0.2527566069055613,0.5332995892480059,0.1584,0.1183238095238096,0.6240843304553216,0.5997502572680612,22,50,baixo_baixo,False,0.0006208274822874088,0.0027691976180286987,0.011843136387865383,True
14674100000108,0.2328259967743834,0.1688948298389154,0.3713905481105506,0.7984896784376838,0.0769230769230769,1.503427012513233e-17,0.7835162220399887,0.570505717258408,13,13,baixo_baixo,False,0.2277112485470507,0.1683044215122084,0.3671850963241252,0.7894479570968693,0.0714285714285714,0.0,0.772233317588112,0.5656645714492821,14,14,baixo_baixo,False,-0.0051147482273327105,-0.0005904083267070093,-0.01128290445187674,True
14674999000169,0.6750519776478501,0.5125779664717751,0.7986416249787012,1.0,0.3600000000000001,0.0400000000000001,0.9940595833514908,0.9747970088617042,3,5,critico,False,0.6750519776478501,0.5125779664717751,0.7986416249787012,1.0,0.3600000000000001,0.0400000000000001,0.9936404234509378,0.9758899200133808,3,5,critico,False,0.0,0.0,-0.0004191599005529678,True
14675553000159,0.4399613591149471,0.3777348434610524,0.5899572516312201,0.9464857269474658,0.1111111111111111,0.0123456790123456,0.9314623626422276,0.4190827768331592,10,12,critico,False,0.4399613591149471,0.3777348434610524,0.5899572516312201,0.9464857269474658,0.1111111111111111,0.0123456790123456,0.9288531083529592,0.4169022186443064,10,12,critico,False,0.0,0.0,-0.0026092542892683923,True
14682109000160,0.306646280646165,0.2835344900010372,0.4448126482381357,0.9575224549190255,0.0468256248204539,0.0150531456478023,0.9552546124631632,0.4100271063033907,31,59,oculta,True,0.2901645862665644,0.2719636782221173,0.4325134879027898,0.931046763986248,0.0413444378346222,0.0167635259842279,0.9441907789829996,0.4087874538606297,40,82,oculta,True,-0.01648169437960062,-0.011570811778919887,-0.011063833480163598,True
14700048000117,0.5578956215211971,0.4842115584413966,0.7080102985142543,0.9877390193063226,0.2066115702479339,0.0743801652892562,0.9877919909316368,0.8237659772831215,7,11,critico,False,0.5576811402451347,0.4944927317087254,0.7078741657644602,0.987549101689221,0.1805555555555555,0.0634920634920635,0.987186173735602,0.8237499427921183,8,12,critico,False,-0.00021448127606238376,0.010281173267328803,-0.000605817196034808,True
14706049000179,0.1161384812828477,0.0277523294111325,0.1878017843212794,0.571573423481395,0.0972222222222222,0.0069444444444444,0.6698842012740369,0.4622338463777324,11,12,baixo_baixo,False,0.136489757324871,0.0700658925037072,0.2917551579511076,0.5898549752797021,0.0864197530864197,0.0161443494776828,0.7037634508163616,0.523989294129237,14,18,baixo_baixo,False,0.020351276042023303,0.04231356309257471,0.033879249542324685,True
14720662000140,0.3993932857619491,0.1991910476825988,0.5530005310674455,1.0,0.28,0.04,0.6891217672101865,0.5163673417985812,4,5,hhi_alto,False,0.3993932857619491,0.1991910476825988,0.5530005310674455,1.0,0.28,0.04,0.681411885840655,0.5142917375871295,4,5,hhi_alto,False,0.0,0.0,-0.007709881369531435,True
14741000000157,0.3717338774006355,0.2146673467507943,0.5244039281714773,0.9956328689512484,0.2222222222222222,0.0277777777777778,0.4836279973187343,0.4170412653543824,5,6,baixo_baixo,False,0.1930139342682966,0.077730210592339,0.2693327945235232,0.8168030781385274,0.1358024691358024,0.0123456790123456,0.5736427271204719,0.6282948449509357,8,9,baixo_baixo,False,-0.1787199431323389,-0.1369371361584553,0.09001472980173764,True
14749903000184,0.3888661681677621,0.3124744391887324,0.5169458837189882,0.9809505441849552,0.1111111111111111,0.0,0.8469995926823675,0.6424863750000748,9,9,baixo_baixo,False,0.3888661681677621,0.3124744391887324,0.5169458837189882,0.9809505441849552,0.1111111111111111,0.0,0.8415086143690367,0.641684631424968,9,9,hhi_alto,False,0.0,0.0,-0.0054909783133307855,False
14752037000180,0.1173227028579143,0.0370793122086338,0.2243175863917124,0.5644646173929637,0.0933333333333333,0.0109090909090909,0.7888278167071628,0.4727109982188229,12,15,baixo_baixo,False,0.3104667174541933,0.2741754920570456,0.5407290030121049,0.7173267695638342,0.054820415879017,0.0050741219779126,0.8689057431703696,0.429505335857084,20,23,baixo_baixo,False,0.193144014596279,0.2370961798484118,0.08007792646320677,True
14755253000180,0.188753334656523,0.1263497450147171,0.3455345228122442,0.7153814188472009,0.1363265306122449,0.0698901098901099,0.2267454552762643,0.4490177817838267,14,35,baixo_baixo,False,0.188753334656523,0.1263497450147171,0.3455345228122442,0.7153814188472009,0.1363265306122449,0.0698901098901099,0.2209319682018862,0.4464007961081044,14,35,baixo_baixo,False,0.0,0.0,-0.005813487074378093,True
14756846000160,0.2789550639082921,0.2476052840782179,0.5076605239800108,0.7201190964427101,0.054178145087236,0.0130554557432027,0.8366923020653814,0.9933297201328104,24,33,baixo_baixo,False,0.13792971507339,0.1082031535241966,0.3185757086824722,0.5791154200220606,0.0486111111111111,0.0158045977011494,0.7360034208881402,0.9897276482890016,30,48,baixo_baixo,False,-0.14102534883490211,-0.13940213055402131,-0.10068888117724117,True
14761260000194,0.2959380393668097,0.1199225492085121,0.382491036246518,0.9716511614151606,0.2,3.4694469519536136e-17,0.1539624304423277,0.6807124998995207,5,5,baixo_baixo,False,0.2959380393668097,0.1199225492085121,0.382491036246518,0.9716511614151606,0.2,3.4694469519536136e-17,0.1503320109380559,0.677471146953564,5,5,baixo_baixo,False,0.0,0.0,-0.0036304195042718146,True
14763412000198,0.1745252137087615,0.0369460826602217,0.2156343044717915,0.7896242136218847,0.1428571428571428,0.0,0.7429005798481656,0.5200025915322456,7,7,baixo_baixo,False,0.1347929092046863,0.0266420228552721,0.1665802941695587,0.6484393613253524,0.1111111111111111,0.0,0.738767875648414,0.5198453804160271,9,9,baixo_baixo,False,-0.039732304504075194,-0.0103040598049496,-0.004132704199751647,True
14764485000102,0.8729008129479064,0.8305344172638752,0.93269380592459,1.0,0.3333333333333333,0.1111111111111111,0.9928283087278332,0.9471879700065968,4,6,critico,False,0.8557587207939333,0.82691046495272,0.923450152153832,0.9964865204919252,0.2396694214876032,0.0876033057851239,0.99216422990663,0.947628835439758,6,11,critico,False,-0.01714209215397311,-0.0036239523111551986,-0.0006640788212032289,True
14769746000179,0.1431133477465918,0.1101561688137684,0.2835730257964964,0.6888071978017797,0.044753086419753,0.0080128205128205,0.4965989597850647,0.6540954795521573,27,36,baixo_baixo,False,0.1431133477465918,0.1101561688137684,0.2835730257964964,0.6888071978017797,0.044753086419753,0.0080128205128205,0.491232844587558,0.6512963246955192,27,36,baixo_baixo,False,0.0,0.0,-0.005366115197506682,True
14783438000106,0.2410219341009041,0.0512774176261301,0.2847117916542886,0.9757515909178603,0.2,3.4694469519536136e-17,0.6566623702900818,0.6639235977561296,5,5,baixo_baixo,False,0.2410219341009041,0.0512774176261301,0.2847117916542886,0.9757515909178603,0.2,3.4694469519536136e-17,0.6494585111742902,0.6624108477522123,5,5,baixo_baixo,False,0.0,0.0,-0.007203859115791578,True
14784810000190,0.2611652923023574,0.1380261743527503,0.449503656475791,0.8157444273508503,0.1428571428571428,0.0,0.5445681489034033,0.4983238997291496,7,7,baixo_baixo,False,0.1538960206135766,0.093460022085975,0.3338248768659929,0.6058143890297445,0.0666666666666666,0.0,0.5069177947191622,0.578844616080805,15,15,baixo_baixo,False,-0.10726927168878081,-0.04456615226677531,-0.03765035418424112,True
14785598000186,0.5216632888456483,0.4618711999513543,0.6484711306982051,0.997367978752286,0.171875,0.068359375,0.993561070352645,0.7785116605902512,9,16,critico,False,0.5212761415116149,0.4680846016795721,0.648230380469269,0.9969976977052952,0.1481481481481482,0.0534979423868313,0.9928705363693874,0.7780890252432549,10,18,critico,False,-0.0003871473340333331,0.006213401728217827,-0.0006905339832575796,True
14792165000158,0.1582693152830718,0.1417647920533282,0.3193827189576323,0.6754605193686058,0.0221200804366561,0.0029459643667866,0.9691789838954408,0.499941946060462,52,59,oculta,True,0.1380493549646602,0.1226573791604578,0.2964935476571636,0.6270523538141556,0.02001953125,0.0025198800223214,0.965073227921917,0.501377668100948,57,64,oculta,True,-0.02021996031841161,-0.019107412892870407,-0.004105755973523806,True
14795880000144,0.1883148004025509,0.0981275560028343,0.2598557953192328,0.8005084087127441,0.1074380165289256,0.0082644628099173,0.5700880547880615,0.4829464571312264,10,11,baixo_baixo,False,0.1590952485239842,0.0990306234185545,0.2373320710783182,0.7311221145636033,0.0703125,0.00390625,0.547848601408869,0.5020336629156333,15,16,baixo_baixo,False,-0.029219551878566702,0.0009030674157201879,-0.02223945337919242,True
14798463000155,0.2344533051539919,0.1068621893463239,0.3194573386096812,0.8832959043973279,0.1428571428571428,0.0,0.9171666276942252,0.9102867552518272,7,7,baixo_baixo,False,0.2344533051539919,0.1068621893463239,0.3194573386096812,0.8832959043973279,0.1428571428571428,0.0,0.9144370997035848,0.909948686471832,7,7,baixo_baixo,False,0.0,0.0,-0.0027295279906404124,True
14801752000166,0.1316537452282523,0.0921834609204456,0.2990951791189831,0.5689041484965057,0.0463999999999999,0.0030545454545454,0.5714965823169941,0.8074124959411249,23,25,baixo_baixo,False,0.1266018544776,0.091665928656704,0.2930868979932635,0.5574758932239748,0.0408163265306122,0.0024489795918367,0.5692281216174524,0.8199124963002877,26,28,baixo_baixo,False,-0.005051890750652294,-0.0005175322637415991,-0.0022684606995416745,True
14804981000134,0.321994421929774,0.2372437246709957,0.520258103009214,0.8910547741134689,0.1111111111111111,0.0,0.6277635435301566,0.5305512928968297,9,9,baixo_baixo,False,0.2740469829402311,0.2080512541166158,0.4770551069162826,0.8170602784930322,0.0833333333333333,1.5139404881252137e-17,0.6169552480595093,0.5352483830614105,12,12,baixo_baixo,False,-0.0479474389895429,-0.0291924705543799,-0.010808295470647322,True
14806879000178,0.3545694076704887,0.2623650373377014,0.5181010423079893,0.9547615247537604,0.125,0.0,0.8757379748737564,0.632745811781747,8,8,baixo_baixo,False,0.3545694076704887,0.2623650373377014,0.5181010423079893,0.9547615247537604,0.125,0.0,0.8709265218450718,0.6305924596567969,8,8,baixo_baixo,False,0.0,0.0,-0.004811453028684576,True
14807623000185,0.6009960529182471,0.5439954890494253,0.7648891039925153,0.9769890950015238,0.125,0.0,0.949446983520664,0.8225598814483558,8,8,critico,False,0.6009960529182471,0.5439954890494253,0.7648891039925153,0.9769890950015238,0.125,0.0,0.9472212112764088,0.8191778599702627,8,8,critico,False,0.0,0.0,-0.002225772244255242,True
14808407000154,0.3997760843507921,0.2497201054384901,0.4931294895632304,0.9698589879720546,0.2244897959183673,0.0306122448979591,0.967002472069862,0.6228161045664262,5,7,critico,False,0.3997760691301752,0.2797312829562103,0.4931294801758062,0.9698589695094036,0.1875,0.025,0.9656607489844544,0.6199656455495731,6,8,critico,False,-1.52206168779756e-08,0.0300111775177202,-0.0013417230854075868,True
14810479000136,0.1650323543447365,0.0457512621082703,0.2332217783451113,0.740764967527034,0.1527777777777778,0.0317460317460317,0.7030057046209397,0.8253577840551781,8,12,baixo_baixo,False,0.1650323543447365,0.0457512621082703,0.2332217783451113,0.740764967527034,0.1527777777777778,0.0317460317460317,0.6963236497365943,0.8227880220400194,8,12,baixo_baixo,False,0.0,0.0,-0.0066820548843453675,True
14813630000190,0.2589910711341017,0.1848901782475118,0.4414422693992586,0.8488803112459026,0.1280276816608996,0.0408304498269896,0.5888793204295302,0.5324095669181208,11,17,baixo_baixo,False,0.2589910711341017,0.1848901782475118,0.4414422693992586,0.8488803112459026,0.1280276816608996,0.0408304498269896,0.581563731198049,0.5304832780506321,11,17,baixo_baixo,False,0.0,0.0,-0.007315589231481123,True
14814026000188,0.3850086557498246,0.2312608196872807,0.4494524611488005,0.9925972535810784,0.2,3.4694469519536136e-17,0.8847602093688881,0.4014183565818778,5,5,baixo_baixo,False,0.7783096686864225,0.7413612801341595,0.875774415690608,0.9975597518989464,0.1428571428571428,0.0,0.996599155570859,0.902990302243642,7,7,critico,False,0.39330101293659786,0.5101004604468787,0.11183894620197088,False
14814139000183,0.4421158746673724,0.4252102951118383,0.6543337255116359,0.8313586489820287,0.0335305719921104,0.004243619628235,0.9439111697440318,0.4180324265885565,34,39,critico,False,0.3648340020508954,0.3485476944111747,0.5923442547310501,0.7540009525242166,0.0281481481481481,0.0032288698955365,0.9355392780923248,0.4653001756930036,40,45,critico,False,-0.07728187261647701,-0.07666260070066355,-0.00837189165170693,True
14823518000130,0.62368574426495,0.6038797308052105,0.7842572784892997,0.90920862880585,0.0663265306122449,0.0171858216970998,0.5396156201563898,0.5301047860020379,20,28,hhi_alto,False,0.5887069996609796,0.5681423496440287,0.7614341102828599,0.8930048825165462,0.0644444444444444,0.0176666666666666,0.7024218448844941,0.8853831144291329,21,30,hhi_alto,False,-0.034978744603970435,-0.03573738116118186,0.16280622472810435,True
14830853000165,0.8502264318859719,0.8335849243177466,0.9210160278656015,0.9870552207188036,0.1,3.0839528461809905e-17,0.9665630187363264,0.4439460342031472,10,10,critico,False,0.3984996308168473,0.3583996062046372,0.5020213043311519,0.9510235446038312,0.0743801652892562,0.0126721763085399,0.9577989904589784,0.4372246011833016,16,22,critico,False,-0.4517268010691246,-0.4751853181131094,-0.008764028277348013,True
14836800000151,0.1896609912646232,0.1419939907507776,0.377477709301473,0.6884169749294661,0.0657596371882086,0.0108043217286914,0.433062878739081,0.4383506958039621,18,21,baixo_baixo,False,0.123918223782679,0.0723840016522483,0.2192488445400088,0.582681674980905,0.0680473372781065,0.0132265924121127,0.4775132714762269,0.4212969047405022,18,26,baixo_baixo,False,-0.06574276748194421,-0.06960998909852929,0.044450392737145905,True
14870896000174,0.3256756284435742,0.190810754132289,0.4119249257833818,0.9766535503736616,0.1666666666666666,3.3306690738754695e-17,0.918444268017827,0.4119777606239862,6,6,baixo_baixo,False,0.2943657658411876,0.1767600601480522,0.3896789007079227,0.9582972631992758,0.1428571428571428,0.0,0.9170049893929276,0.4421008205412755,7,7,baixo_baixo,False,-0.03130986260238661,-0.014050693984236806,-0.0014392786248993428,True
14871353000171,0.220444045444659,0.0905180530187689,0.3098306558024725,0.8943098301251342,0.4648526077097504,0.3756613756613755,0.5865937016200726,0.6329249184376785,7,21,baixo_baixo,False,0.3827705686283272,0.2945949355752311,0.5866804052907647,0.9105451487531316,0.5229591836734693,0.454810495626822,0.7383603175951364,0.4875085988945253,8,28,hhi_alto,False,0.1623265231836682,0.20407688255646217,0.1517666159750638,False
14876872000122,0.3196307244041365,0.1835568692849638,0.369200182311527,0.998017652242696,0.1666666666666666,3.3306690738754695e-17,0.8803087650834536,0.8557522654350906,6,6,baixo_baixo,False,0.3167855455522195,0.2029164698109228,0.3675415914993733,0.9935341687893204,0.1428571428571428,0.0,0.884659539953963,0.8911824203163438,7,7,baixo_baixo,False,-0.002845178851916985,0.019359600525959003,0.0043507748705093885,True
14878445000183,0.2243436919915144,0.1597056663241406,0.4298338384891407,0.7111582042119243,0.0933333333333333,0.0177777777777777,0.6934757652968664,0.7121954921625624,13,15,baixo_baixo,False,0.2362310432041563,0.1960326770570066,0.4194117407076622,0.7635765248691212,0.1037649219467401,0.0565946546807791,0.8041416343260095,0.809975705021489,20,33,baixo_baixo,False,0.011887351212641895,0.03632701073286601,0.1106658690291431,True
14914258000108,0.0824865549745326,0.0119085976648813,0.1065370409374254,0.4104373818484815,0.0714285714285714,0.0,0.5145727717717103,0.6243223365608664,14,14,baixo_baixo,False,0.0762016720976304,0.0102160772474612,0.0983346921413188,0.378837568907747,0.0666666666666666,0.0,0.5121049710470793,0.640022862813045,15,15,baixo_baixo,False,-0.006284882876902195,-0.0016925204174200997,-0.002467800724631042,True
14969199000175,0.4102133178947594,0.3891495078195722,0.6112085015990694,0.8940322551390824,0.064252523634033,0.030832970906677,0.9397062757526516,0.8848331346996716,29,79,critico,False,0.3466962128980476,0.3256218971850814,0.5546845529302794,0.8810836189418237,0.0669986419194205,0.0369018239168212,0.9383137797858662,0.8998260848937655,32,94,oculta,True,-0.06351710499671182,-0.0635276106344908,-0.0013924959667854786,False
14986862000140,0.0382361114297399,0.0238814265257061,0.0925009626098764,0.287821830974834,0.0304888888888888,0.0160185737976782,0.5887178714151766,0.6991304278097932,68,150,baixo_baixo,False,0.0295220563632871,0.0186178098055712,0.0715425067149053,0.2462718811918893,0.0240608044687621,0.0130951955302089,0.5657496877418454,0.6776287726724863,90,209,baixo_baixo,False,-0.0087140550664528,-0.005263616720134902,-0.0229681836733312,True
14994916000119,0.2038724209228973,0.1754392930987151,0.4241826340411827,0.6239583142705092,0.0489408327246165,0.0149744338933528,0.7049372252066124,0.7937874905139444,29,37,baixo_baixo,False,0.2038724209228973,0.1754392930987151,0.4241826340411827,0.6239583142705092,0.0489408327246165,0.0149744338933528,0.7023918728555995,0.7964937927260477,29,37,baixo_baixo,False,0.0,0.0,-0.0025453523510129417,True
14999490000196,0.2076936772300005,0.1196596413666672,0.394372781797752,0.7147180100705907,0.125,0.0277777777777777,0.5090601947794097,0.7929042971437101,10,12,baixo_baixo,False,0.2076936772300005,0.1196596413666672,0.394372781797752,0.7147180100705907,0.125,0.0277777777777777,0.562386999006608,0.8213902994279096,10,12,baixo_baixo,False,0.0,0.0,0.05332680422719838,True
15071063000106,0.3130532178697556,0.1413165223371945,0.4567553735926305,0.9488229273285568,0.2,3.4694469519536136e-17,0.6996155390653654,0.7234495464611154,5,5,baixo_baixo,False,0.2425829036074893,0.0910994843289872,0.3735872750104646,0.9162829635830892,0.1666666666666666,3.3306690738754695e-17,0.703976063923529,0.8369261637893997,6,6,baixo_baixo,False,-0.0704703142622663,-0.05021703800820729,0.004360524858163517,True
15111217000146,0.3239582888783535,0.1549478610979419,0.4328503641186492,0.9759206588086424,0.3632,0.204,0.672979625306823,0.7304386560556214,5,25,baixo_baixo,False,0.3239582888783535,0.1549478610979419,0.4328503641186492,0.9759206588086424,0.3632,0.204,0.6657152097354314,0.7280269515661563,5,25,baixo_baixo,False,0.0,0.0,-0.007264415571391569,True
15163648000156,0.2254608308728365,0.1798997032771211,0.3122494236269741,0.8764218843393777,0.0729166666666666,0.0183823529411764,0.6400386908466461,0.4221704264315948,18,24,baixo_baixo,False,0.1850038952889912,0.1461945569694193,0.2787757656979006,0.7824679995982562,0.0733333333333333,0.0292063492063491,0.6196813701826838,0.4667432885862183,22,30,baixo_baixo,False,-0.040456935583845305,-0.0337051463077018,-0.02035732066396234,True
15196311000145,0.0938265291025442,0.0241208774950476,0.1308237435324051,0.4809493389289827,0.0714285714285714,0.0,0.682470114093344,0.7816861076161359,14,14,baixo_baixo,False,0.0803260690509656,0.0190144736543633,0.1039755577458099,0.4094671532849143,0.0625,0.0,0.6773949881751872,0.7942036590052168,16,16,baixo_baixo,False,-0.013500460051578594,-0.005106403840684299,-0.005075125918156842,True
15224648000119,0.2295480083079373,0.119483438066214,0.3936274470101322,0.8177990880154211,0.125,0.0,0.2993318120384199,0.5549622731899287,8,8,baixo_baixo,False,0.1981584857946228,0.1090649842162475,0.3309969806376617,0.7652886618757481,0.1,3.0839528461809905e-17,0.3079174664594577,0.4922254586016419,10,10,baixo_baixo,False,-0.031389522513314505,-0.010418453849966508,0.008585654421037814,True
15245503000102,0.2222671354743954,0.0926449913867946,0.3657679515862572,0.8320132303493345,0.1428571428571428,0.0,0.5949659250002796,0.4508056676033914,7,7,baixo_baixo,False,0.1590358695149261,0.0749394564664187,0.2991257089679917,0.6804219623935598,0.1005917159763313,0.0106508875739645,0.5848906502722401,0.5784666374781307,11,13,baixo_baixo,False,-0.06323126595946929,-0.01770553492037591,-0.010075274728039485,True
15282487000110,0.4937175055080648,0.367146881885081,0.6765658270359464,0.998045476499674,0.2,3.4694469519536136e-17,0.8021242962828211,0.9345803085459644,5,5,hhi_alto,False,0.4937175055080648,0.367146881885081,0.6765658270359464,0.998045476499674,0.2,3.4694469519536136e-17,0.8330244138834789,0.9603336473157326,5,5,hhi_alto,False,0.0,0.0,0.030900117600657806,True
15345471000109,0.6376623128188912,0.5470778910236139,0.7819878228204574,0.9918542935122868,0.2,3.4694469519536136e-17,0.5118564729855736,0.4949982206814174,5,5,hhi_alto,False,0.6376623128188912,0.5470778910236139,0.7819878228204574,0.9918542935122868,0.2,3.4694469519536136e-17,0.5042729560732507,0.4924249379026968,5,5,hhi_alto,False,0.0,0.0,-0.007583516912322841,True
15358498000136,0.3521529120705727,0.2441783974156681,0.5576215019794407,0.8570317247023976,0.15625,0.015625,0.4272368044939432,0.5687509124228628,7,8,baixo_baixo,False,0.3516570709836353,0.259036652552726,0.5314463445127501,0.9226800927728168,0.14,0.0171428571428571,0.7029812502646926,0.8331097107536464,8,10,baixo_baixo,False,-0.0004958410869373986,0.014858255137057907,0.2757444457707494,True
15372714000106,0.3639098862070143,0.3003008748277158,0.5702066807044875,0.8739042448719564,0.1020408163265306,0.0122448979591836,0.798731435277266,0.9114325511218292,11,14,baixo_baixo,False,0.3324001921402544,0.2717093005166413,0.5431070160506992,0.8323710380945604,0.0933333333333333,0.0109090909090909,0.800418266962562,0.9230311256207948,12,15,baixo_baixo,False,-0.03150969406675991,-0.028591574311074508,0.0016868316852960419,True
15408168000108,0.0516952514800467,0.0338027090551419,0.1292377064611965,0.3688270570354078,0.0332736355924215,0.0150335155092596,0.8249027187036146,0.9960640181474988,54,103,baixo_baixo,False,0.313701327905572,0.3041694019042605,0.4215480721678377,0.8304484043990433,0.022353848026289,0.0087754292488764,0.9412273142720308,0.9823639460920524,73,157,oculta,True,0.26200607642552526,0.27036669284911863,0.11632459556841612,False
15442776000139,0.1170580289518817,0.0786692476019635,0.2089946730580551,0.5882433806257685,0.0505050505050505,0.0092226613965744,0.8233888287391442,0.9921713220290076,24,33,baixo_baixo,False,0.1993605778689623,0.1697072659381831,0.4001011922598757,0.6963007935757084,0.0422367638310529,0.0067640513803511,0.7108095541157372,0.7551543015829287,28,41,baixo_baixo,False,0.0823025489170806,0.0910380183362196,-0.112579274623407,True
15462287000149,0.2322015692953963,0.1810150072484227,0.4123201413971945,0.7646948606728287,0.0657439446366782,0.0034602076124567,0.8864460749778387,0.6896007776550148,16,17,baixo_baixo,False,0.228803550132636,0.1882142632975116,0.4092693982410393,0.7590369085659067,0.0521541950113378,0.0022675736961451,0.8827023833145948,0.6908751117637641,20,21,baixo_baixo,False,-0.0033980191627602796,0.007199256049088887,-0.003743691663243842,True
15470555000174,0.6237107094369774,0.5609958276764736,0.7791718635560638,0.9713665186524004,0.1428571428571428,0.0,0.8565566506191947,0.8441127434818363,7,7,hhi_alto,False,0.5784421541250462,0.525747423390677,0.7498908954368466,0.937105356191216,0.1111111111111111,0.0,0.8320252629084848,0.830947438199316,9,9,hhi_alto,False,-0.04526855531193119,-0.035248404285796564,-0.02453138771070995,True
15487793000192,0.2607686986346208,0.1375634817403909,0.4184213673076714,0.83386843608992,0.1428571428571428,0.0,0.6602906141329796,0.4014183565818779,7,7,baixo_baixo,False,0.2624146668018524,0.170216500152084,0.4361878586699901,0.8356931541595565,0.1111111111111111,0.0,0.7377824143940246,0.3989296410860706,9,9,baixo_baixo,False,0.0016459681672315596,0.0326530184116931,0.07749180026104496,True
15513690000150,0.1348985177281046,0.1199829749303133,0.3101325309505864,0.5897663704547076,0.0185546875,0.0016332165948275,0.8275255493028592,0.4585179065267158,59,64,baixo_baixo,False,0.1301145251247377,0.1163068191743367,0.3044452079558358,0.5789510205462775,0.0170132325141776,0.0014102679509106,0.8178681911978667,0.4597661445704462,64,69,baixo_baixo,False,-0.004783992603366899,-0.003676155755976601,-0.009657358104992464,True
15553985000150,0.55017277914105,0.4752015756645583,0.718569160666589,0.972520665189276,0.1428571428571428,0.0,0.7481030922826759,0.407408518800602,7,7,hhi_alto,False,0.2775260168958832,0.229361084688942,0.4059327063512547,0.8685414895951118,0.0625,0.0,0.743954811751785,0.458949829154367,16,16,baixo_baixo,False,-0.2726467622451668,-0.24584049097561628,-0.004148280530890891,False
15609665000174,0.2026775379992952,0.0697904609991778,0.2463605823068309,0.8734602463605823,0.1428571428571428,0.0,0.7938545188531175,0.5128451889380972,7,7,baixo_baixo,False,0.2012252051366677,0.0871145201561916,0.2454683173429134,0.8702967614885113,0.125,0.0,0.7923325784406284,0.5268583225038717,8,8,baixo_baixo,False,-0.0014523328626274978,0.017324059157013807,-0.0015219404124890978,True
15710935000139,0.2510136593678165,0.0637670742097706,0.2902888595024007,0.9273324946509542,0.2222222222222222,0.0277777777777778,0.661399486821431,0.6333921685566256,5,6,baixo_baixo,False,0.2510136593678165,0.0637670742097706,0.2902888595024007,0.9273324946509542,0.2222222222222222,0.0277777777777778,0.6579473915789047,0.6316850763529132,5,6,baixo_baixo,False,0.0,0.0,-0.0034520952425263207,True
15913253000123,0.1890334353403892,0.0876626147579378,0.2819078340898599,0.8066126578011251,0.1111111111111111,0.0,0.5887193378396037,0.6629844437362576,9,9,baixo_baixo,False,0.1286917978654705,0.0742350352320624,0.224344471572436,0.6419086970827128,0.0743801652892562,0.0165289256198347,0.5470610099522932,0.7218154286184898,17,22,baixo_baixo,False,-0.06034163747491869,-0.013427579525875394,-0.0416583278873105,True
16098402000100,0.2909853402247101,0.2364457510112262,0.4062941115428221,0.8544385023478714,0.0755555555555555,0.0044444444444444,0.8020820514931287,0.4258246813352159,14,15,baixo_baixo,False,0.2590872754550345,0.2179254574247586,0.3826248055540991,0.8046618361692224,0.055,0.0025,0.7786947356389808,0.4287509744824773,19,20,baixo_baixo,False,-0.031898064769675605,-0.01852029358646759,-0.023387315854147883,True
16176067000111,0.1622162433957673,0.1129348459484595,0.2905991465156822,0.7149930081995485,0.0555555555555555,0.0,0.7422823285774222,0.4325450767247215,18,18,baixo_baixo,False,0.1116593376484935,0.0746451433838474,0.2195711974291775,0.585274916580437,0.04,0.0,0.7645512442276142,0.4156505908258837,25,25,baixo_baixo,False,-0.050556905747273784,-0.0382897025646121,0.022268915650192067,True
16236457000130,0.5885819402021764,0.5298079316596301,0.7537762869419105,0.9506872564348328,0.16,0.04,0.8552576976123967,0.4014183565818778,8,10,hhi_alto,False,0.5430753607007291,0.4859597807883203,0.7229339000201236,0.9304349757792134,0.140495867768595,0.0330578512396694,0.8391029443206179,0.3989296410860706,9,11,hhi_alto,False,-0.04550657950144721,-0.04384815087130983,-0.016154753291778734,True
16501189000136,0.1883442285506832,0.1621617843103827,0.3760173847323197,0.6852653273159097,0.0343316289262235,0.0031810363109404,0.4601521506169982,0.4690234273746197,32,37,baixo_baixo,False,0.1624544693902425,0.1391893157621936,0.3476255944560107,0.6335232796160943,0.0297458085451595,0.0027943032269695,0.431428582643189,0.4622702714963485,37,43,baixo_baixo,False,-0.0258897591604407,-0.0229724685481891,-0.028723567973809205,True
16673998000125,0.4503869227397604,0.421459918673432,0.5893591909466938,0.9433525415075226,0.05,1.460819769243627e-17,0.9952085745372902,0.423994446385361,20,20,critico,False,0.2839985386094926,0.2541651443848882,0.4278609836984612,0.9252806786835256,0.04,0.0,0.9953450436884363,0.4159315597148695,25,25,oculta,True,-0.1663883841302678,-0.16729477428854383,0.00013646915114617908,False
16692121000181,0.1955381270469112,0.189397196719025,0.3429190934560245,0.7709698201954486,0.008601787822567,0.0010338625387698,0.9711685131439348,0.4553691857318437,132,154,oculta,True,0.1768012545260723,0.1715911358838323,0.3256980910708966,0.7322526027356687,0.0076012651770227,0.0013202605262444,0.9663570141289668,0.4725019895061229,159,198,oculta,True,-0.018736872520838915,-0.017806060835192705,-0.004811499014968024,True
16978926000196,0.2447359511033126,0.0559199388791407,0.3029606869023347,0.9555466214857996,0.2,3.4694469519536136e-17,0.4551701702694194,0.5500947785871173,5,5,baixo_baixo,False,0.1974373996589282,0.0369248795907138,0.251172535295098,0.8375592219603363,0.1666666666666666,3.3306690738754695e-17,0.460723061418476,0.6114739743898169,6,6,baixo_baixo,False,-0.047298551444384385,-0.018995059288426902,0.005552891149056605,True
17058108000138,0.1559664998111595,0.1090757498006684,0.2676752624196946,0.7209689753940376,0.055,0.0025,0.8673428550539547,0.5844731388113561,19,20,baixo_baixo,False,0.1218945938795591,0.0867703776347415,0.2106459340307172,0.6357180326831106,0.0439952437574316,0.0057550535077288,0.8590926810678398,0.5515218349950899,26,29,baixo_baixo,False,-0.03407190593160041,-0.0223053721659269,-0.00825017398611494,True
17228178000197,0.2708246285660967,0.0885307857076209,0.3654602319152712,0.9536672326968482,0.2222222222222222,0.0277777777777778,0.961828292092568,0.85762216410592,5,6,oculta,True,0.2708246285660967,0.0885307857076209,0.3654602319152712,0.9536672326968482,0.2222222222222222,0.0277777777777778,0.9607955148564667,0.886025772390769,5,6,oculta,True,0.0,0.0,-0.00103277723610129,True
17257474000116,0.0671466898734563,0.0153215059775372,0.1349408533955482,0.389940178548417,0.0566893424036281,0.0042831947593852,0.650831419528024,0.5732933846319441,19,21,baixo_baixo,False,0.0629366728551082,0.0136175503737981,0.125944783206474,0.363944128223472,0.0537190082644628,0.0039147455415397,0.6539925121996217,0.6013459279455418,20,22,baixo_baixo,False,-0.004210017018348097,-0.0017039556037391004,0.0031610926715976984,True
17323405000163,0.1465213487710339,0.0245958271668959,0.2066189464546935,0.671143386247237,0.14,0.0171428571428571,0.6398862536325647,0.6971282611657049,8,10,baixo_baixo,False,0.1465213487710339,0.0245958271668959,0.2066189464546935,0.671143386247237,0.14,0.0171428571428571,0.6348194084695851,0.6951190057719809,8,10,baixo_baixo,False,0.0,0.0,-0.005066845162979616,True
17380242000150,0.4386096164110287,0.3450445524795335,0.6305133620742714,0.9595257977799942,0.1428571428571428,0.0,0.7481307902134237,0.5078789292630296,7,7,hhi_alto,False,0.4352844665752789,0.3546108189431759,0.6281083202187974,0.955865764791199,0.125,0.0,0.7411053488745858,0.5074247159271651,8,8,hhi_alto,False,-0.0033251498357497744,0.009566266463642448,-0.007025441338837868,True
17387125000119,0.9876221852483872,0.9866700456521093,0.993784619629863,0.9991030807666408,0.0714285714285714,0.0,0.9988801734840892,0.8521234825360249,14,14,critico,False,0.9876221852483872,0.9866700456521093,0.993784619629863,0.9991030807666408,0.0714285714285714,0.0,0.99876977663098,0.8484461101701074,14,14,critico,False,0.0,0.0,-0.000110396853109207,True
17391027000155,0.2862037426061971,0.1969792104319717,0.4531627049375047,0.8963158489631932,0.1111111111111111,0.0,0.4086310157451936,0.5508455269109489,9,9,baixo_baixo,False,0.3179455841826158,0.2654798598889709,0.5065174578027092,0.8662574362878184,0.0714285714285714,0.0,0.5969807577565732,0.4590782840435266,14,14,baixo_baixo,False,0.03174184157641874,0.06850064945699919,0.1883497420113796,True
17444886000165,0.2462261195634294,0.1624734661815882,0.3233847818926168,0.8986087885677689,0.1224489795918367,0.0249433106575963,0.4702324162128328,0.687325975759418,10,14,baixo_baixo,False,0.2292642815586874,0.1591973980640226,0.3115667226927925,0.8657692350222261,0.1015625,0.0198863636363636,0.4508786276090979,0.6835873596060382,12,16,baixo_baixo,False,-0.01696183800474202,-0.0032760681175655892,-0.01935378860373488,True
17455641000133,0.6491523332608309,0.4737284998912463,0.78943955957664,1.0,0.5,0.25,0.7019913836176999,0.9777624303914356,3,6,hhi_alto,False,0.6491523332608309,0.4737284998912463,0.78943955957664,1.0,0.5,0.25,0.7497372661243105,0.981542420716754,3,6,hhi_alto,False,0.0,0.0,0.047745882506610604,True
17509587000161,0.3362081535119675,0.2413807468708199,0.4398184919431229,0.9559165518551652,0.1570247933884297,0.0365997638724911,0.8569827910512963,0.6623654462408449,8,11,baixo_baixo,False,0.3362081535119675,0.2413807468708199,0.4398184919431229,0.9559165518551652,0.1570247933884297,0.0365997638724911,0.8531970209354817,0.6619649772798146,8,11,baixo_baixo,False,0.0,0.0,-0.0037857701158146018,True
17526555000174,0.1740885462986137,0.0823206069984597,0.2351899423373059,0.7761268097131094,0.125,0.0277777777777777,0.8469581631167004,0.6312339955605685,10,12,baixo_baixo,False,0.1011752120704389,0.0449986628248414,0.1550430263778577,0.5426505923225019,0.0692520775623268,0.0110803324099723,0.8379642236668638,0.6099677401774427,17,19,baixo_baixo,False,-0.0729133342281748,-0.037321944173618296,-0.008993939449836508,True
17527365000171,0.9340361361363528,0.9175451701704408,0.9662039981782788,0.9977132403384404,0.2,3.4694469519536136e-17,0.9380792126438632,0.9448051074524948,5,5,critico,False,0.4811971926494024,0.4070825058850313,0.6203601000373845,0.9877926753584528,0.125,0.0,0.9145602560410788,0.9343145433093548,8,8,hhi_alto,False,-0.4528389434869504,-0.5104626642854095,-0.023518956602784358,False
17527397000177,0.5464727323442111,0.5011200055786322,0.6884408692763905,0.9918596659733168,0.0909090909090909,0.0,0.9920130646740292,0.7978225079797546,11,11,critico,False,0.511785129026664,0.4769126382428542,0.666046058245737,0.9595947166077357,0.0803324099722991,0.0146418678274633,0.9883325189251724,0.8027923792966052,15,19,critico,False,-0.034687603317547167,-0.02420736733577805,-0.0036805457488567894,True
17572121000100,0.2366339475018057,0.0457924343772571,0.3252476612436529,0.9379496725104124,0.2,3.4694469519536136e-17,0.995715568062711,0.4014183565818778,5,5,oculta,True,0.2052766489718993,0.1059362300933867,0.3012287946962969,0.8686840306729845,0.1111111111111111,0.0,0.99310598512739,0.3991164777363553,9,9,oculta,True,-0.0313572985299064,0.06014379571612959,-0.0026095829353209865,True
17710115000172,0.051597802000452,0.040941597528547,0.1183554179149897,0.37288147857994,0.023277142108481,0.0123027279748685,0.9158188522352048,0.9895503396339008,90,214,baixo_baixo,False,0.1045092466746359,0.0948803138431804,0.2750697378602987,0.5081759262465972,0.0232514177693761,0.0127487448421651,0.9397535428663468,0.9905786601809332,94,230,oculta,True,0.052911444674183905,0.05393871631463339,0.023934690631142064,False
17714486000122,0.3142413366899518,0.1428016708624398,0.4081447786263221,0.9341812397705416,0.2222222222222222,0.0277777777777778,0.4224132888824705,0.4454535004510535,5,6,baixo_baixo,False,0.1678084540670285,0.0753427267411428,0.2514878312683072,0.763659533450057,0.1074380165289256,0.0082644628099173,0.5739632919589623,0.793125522430012,10,11,baixo_baixo,False,-0.1464328826229233,-0.06745894412129701,0.15155000307649186,True
17718435000179,0.2501806032899235,0.0002408043865646,0.2615465429749445,1.0,0.28,0.04,0.4903184818382003,0.550203419652726,4,5,baixo_baixo,False,0.2009453005104591,0.0011816256380738,0.225877731401915,0.8104898109501596,0.2244897959183673,0.0306122448979591,0.5767978789796481,0.6459010597938218,5,7,baixo_baixo,False,-0.04923530277946436,0.0009408212515091999,0.08647939714144776,True
17718490000169,0.253483110178582,0.1601684989509047,0.3606017085957255,0.9229285506229185,0.1700680272108843,0.0663265306122449,0.9004654076971167,0.5549867175858127,9,21,baixo_baixo,False,0.253483110178582,0.1601684989509047,0.3606017085957255,0.9229285506229185,0.1700680272108843,0.0663265306122449,0.8984122185515604,0.5558579459021125,9,21,baixo_baixo,False,0.0,0.0,-0.0020531891455563,True
17726399000195,0.2891225655114258,0.146947078613711,0.454126655223329,0.9114805531122498,0.1666666666666666,3.3306690738754695e-17,0.6249598860026936,0.6377175269647588,6,6,baixo_baixo,False,0.2786946707738882,0.1584771159028696,0.4455783465976552,0.8943231874639558,0.1428571428571428,0.0,0.6124920488869465,0.6429508949747261,7,7,baixo_baixo,False,-0.01042789473753758,0.011530037289158579,-0.01246783711574706,True
17756464000125,0.0284914542374643,0.0195785317992759,0.084001690964709,0.2429306695457225,0.0283328836050221,0.0194185063903893,0.8482288903334427,0.989718989989354,110,251,baixo_baixo,False,0.0316819906358137,0.0235448645067029,0.1077954388781088,0.2600255008319767,0.0261521201625113,0.0179685245336248,0.8676118010841065,0.993013459730136,120,303,baixo_baixo,False,0.0031905363983493994,0.003966332707427002,0.019382910750663784,True
17799033000146,0.0341053490209443,0.0299239868954938,0.0913063341812626,0.2744120013706248,0.0134671312066717,0.0091964261469603,0.8636507151345624,0.8128485408931048,232,963,baixo_baixo,False,0.0343125823489841,0.0305106633818541,0.1098688341053146,0.2843595618863424,0.0130529385192178,0.0091673201669313,0.8551761052838511,0.7352217944257804,255,1163,baixo_baixo,False,0.00020723332803979783,0.0005866764863603005,-0.008474609850711246,True
17819061000188,0.1315679767859895,0.0902140709186556,0.2472677405567668,0.6130723996380786,0.0527999999999999,0.007695238095238,0.7448876345573759,0.4747753020037167,22,25,baixo_baixo,False,0.1785866590379749,0.1469938382317432,0.3044504972502204,0.7677320790080047,0.0426638917793964,0.0058432722324501,0.8923618519526649,0.5232609819090842,27,31,baixo_baixo,False,0.04701868225198541,0.05677976731308759,0.147474217395289,True
17844908000184,0.3269424676181778,0.102589956824237,0.3767095015223605,1.0,0.28,0.04,0.3292666227796744,0.4111062657554437,4,5,baixo_baixo,False,0.2033920523111523,0.0706240610296777,0.2418506275841271,0.8595904607544965,0.15625,0.015625,0.361235972451776,0.4637835214225143,7,8,baixo_baixo,False,-0.12355041530702551,-0.03196589579455929,0.03196934967210163,True
17851361000144,0.0897409353129027,0.0680681004394003,0.2066541014235989,0.4947824606511307,0.0241975308641975,0.0009641387419165,0.8504684339427392,0.5762901023086372,43,45,baixo_baixo,False,0.0832496323922463,0.067711490568386,0.209957083068715,0.4935993071365153,0.017578125,0.000926906779661,0.8694977415281759,0.67236525368111,60,64,baixo_baixo,False,-0.006491302920656403,-0.0003566098710142962,0.01902930758543675,True
17932766000107,0.029767222869168,0.021681949726411,0.0692609246297858,0.2481426835799715,0.0213984636172285,0.0132434508140388,0.932368621138009,0.99680558393369,121,431,oculta,True,0.0318372364386792,0.0246121411882216,0.0739992620265194,0.2644551998478313,0.0205375410750821,0.0132281197398215,0.9349168586864552,0.9970407838404324,135,508,oculta,True,0.002070013569511201,0.002930191461810599,0.0025482375484462416,True
17977824000119,0.3653776637763147,0.2067220797203934,0.5087351038291718,0.9920637323802648,0.2,3.4694469519536136e-17,0.7327337634575672,0.7747250822138474,5,5,baixo_baixo,False,0.2856771177711381,0.1428125413253657,0.4311304613192509,0.9734078731458286,0.1666666666666666,3.3306690738754695e-17,0.7092991588231263,0.7994163273972056,6,6,baixo_baixo,False,-0.07970054600517662,-0.06390953839502769,-0.023434604634440914,True
18009906000132,0.4492902547584648,0.311612818448081,0.6270420669981908,0.9870411306153708,0.2222222222222222,0.0277777777777778,0.6966117420747437,0.9114442380089014,5,6,hhi_alto,False,0.2717141959058127,0.1503332285567814,0.4374006735970373,0.9072465627597066,0.1604938271604938,0.0205761316872427,0.5916063905867005,0.7976033246414221,7,9,baixo_baixo,False,-0.1775760588526521,-0.16127958989129956,-0.10500535148804324,False
18070772000165,0.1992103280542054,0.0848118034905205,0.2421623923549987,0.8662868716785846,0.125,0.0,0.6513414792139252,0.760387839766131,8,8,baixo_baixo,False,0.1069342714569746,0.088708440262219,0.1910245271319971,0.604144100928458,0.0572509765625,0.0380112005739795,0.8067683566535292,0.7192262738848657,50,128,baixo_baixo,False,-0.09227605659723082,0.0038966367716984918,0.15542687743960404,True
18091059000106,0.0780283764001075,0.0543880783590846,0.1501172168017259,0.486533748813799,0.0347107438016528,0.0099597372324645,0.6060153343415516,0.7070343924102268,40,55,baixo_baixo,False,0.0635076552559834,0.0435822862188767,0.1246255549877256,0.4217593918229092,0.0289792387543252,0.0083192225576087,0.5937944178359547,0.7338713744862735,48,68,baixo_baixo,False,-0.014520721144124102,-0.010805792140207902,-0.01222091650559698,True
18097936000148,0.0841759867525647,0.0425476225140449,0.1552973294033134,0.4723223742919745,0.1235853327297419,0.0837483023992756,0.4790249907643358,0.5776606751905856,23,47,baixo_baixo,False,0.0841759867525647,0.0425476225140449,0.1552973294033134,0.4723223742919745,0.1235853327297419,0.0837483023992756,0.4836576952229567,0.5792601904210163,23,47,baixo_baixo,False,0.0,0.0,0.0046327044586209065,True
18123264000106,0.2053887478803527,0.0464664974564232,0.2921959302803298,0.8376351636696776,0.1875,0.025,0.5607343599374156,0.4014183565818778,6,8,baixo_baixo,False,0.2053887478803527,0.0464664974564232,0.2921959302803298,0.8376351636696776,0.1875,0.025,0.5529953900637401,0.3989296410860706,6,8,baixo_baixo,False,0.0,0.0,-0.007738969873675505,True
18137082000186,0.0917896184386518,0.0505073283676815,0.1734483209619552,0.5120111372323213,0.0622222222222222,0.0195959595959596,0.6422198149025057,0.4130693741199799,23,30,baixo_baixo,False,0.0845525662414905,0.0464089231682192,0.1648014967345178,0.4864861261997308,0.056640625,0.017333984375,0.6277579129230418,0.4099699950608874,25,32,baixo_baixo,False,-0.007237052197161295,-0.0040984051994623,-0.014461901979463843,True
18180942000164,0.4758689349925331,0.4557100478768613,0.6794727403985347,0.8715909456188049,0.04,0.003076923076923,0.9063471506835052,0.5377602005044687,27,30,hhi_alto,False,0.4758689349925331,0.4557100478768613,0.6794727403985347,0.8715909456188049,0.04,0.003076923076923,0.9060404455872862,0.5388789764767837,27,30,hhi_alto,False,0.0,0.0,-0.00030670509621899544,True
18180975000104,0.4737042081970502,0.3684450498364602,0.6646530625608787,0.9497908634760046,0.1666666666666666,3.3306690738754695e-17,0.8561430315875772,0.9637709770588904,6,6,hhi_alto,False,0.4737042081970502,0.3684450498364602,0.6646530625608787,0.9497908634760046,0.1666666666666666,3.3306690738754695e-17,0.8517809375910445,0.9647753644820894,6,6,hhi_alto,False,0.0,0.0,-0.0043620939965327565,True
18184942000132,0.5554894949493475,0.548544018307931,0.73614961769628,0.9192340905040808,0.0285916824196597,0.0134134274574669,0.9364452071286012,0.5516227188997749,65,92,critico,False,0.5236116582506579,0.5184335241012086,0.7146655426493805,0.8924068074201603,0.0211202938475665,0.0104802970415618,0.928991397614715,0.5642846444430083,93,165,critico,False,-0.0318778366986896,-0.030110494206722405,-0.007453809513886189,True
18196469000103,0.3431054384469441,0.2774159822916384,0.4927320991090567,0.8817573408590191,0.0909090909090909,0.0,0.8591255067369336,0.4014183565818778,11,11,baixo_baixo,False,0.3431054384469441,0.2774159822916384,0.4927320991090567,0.8817573408590191,0.0909090909090909,0.0,0.8547810807073997,0.3989296410860706,11,11,baixo_baixo,False,0.0,0.0,-0.004344426029533888,True
18208903000128,0.1118366383791207,0.0230203022170328,0.186811133943583,0.5427882410882597,0.0909090909090909,0.0,0.5055950366104613,0.5641328922461033,11,11,baixo_baixo,False,0.1118366383791207,0.0230203022170328,0.186811133943583,0.5427882410882597,0.0909090909090909,0.0,0.4974733466226336,0.5612056961872243,11,11,baixo_baixo,False,0.0,0.0,-0.008121689987827752,True
18212310000135,0.7801774474306974,0.7487742256350828,0.8808244397505988,0.9791352881429471,0.15625,0.0357142857142857,0.8817667198689805,0.4545320417200757,8,16,hhi_alto,False,0.7801774474306974,0.7487742256350828,0.8808244397505988,0.9791352881429471,0.15625,0.0357142857142857,0.8789059057191613,0.4529229521176187,8,16,hhi_alto,False,0.0,0.0,-0.002860814149819202,True
18245821000153,0.1628300915153121,0.1329311662122875,0.3476703485729298,0.6475714788705528,0.0425,0.0083035714285714,0.8044073552411457,0.9901175185833472,29,40,baixo_baixo,False,0.19298551614593,0.1677663135254903,0.4002913674912696,0.6637016730843727,0.0390123456790123,0.0089814814814814,0.8191232249160721,0.9893265541280124,33,45,baixo_baixo,False,0.030155424630617877,0.03483514731320278,0.01471586967492644,True
18250800000126,0.5711084775034162,0.5098382600039042,0.721724699889077,0.9926068377495486,0.125,0.0,0.8330521274766932,0.5042981069560207,8,8,hhi_alto,False,0.5711084775034162,0.5098382600039042,0.721724699889077,0.9926068377495486,0.125,0.0,0.826373634697894,0.5015680803841952,8,8,hhi_alto,False,0.0,0.0,-0.006678492778799172,True
18251780000108,0.242065097804684,0.052581372255855,0.3562945368171021,0.8746634996041172,0.2,3.4694469519536136e-17,0.5623405923142026,0.5868117980226369,5,5,baixo_baixo,False,0.1720581601865318,0.0340678535509537,0.2494971437766514,0.762008206613565,0.1428571428571428,0.0,0.5779958289958868,0.6246849987340871,7,7,baixo_baixo,False,-0.07000693761815219,-0.018513518704901297,0.015655236681684115,True
18256417000185,0.145213601554011,0.0882278416576118,0.2669165411093611,0.6447312847466535,0.0657439446366782,0.0034602076124567,0.5279902897412161,0.5691531636995592,16,17,baixo_baixo,False,0.1202130166907583,0.0739084386218509,0.2340750888428047,0.5871784001277185,0.0521541950113378,0.0022675736961451,0.5319217889211922,0.613010677307288,20,21,baixo_baixo,False,-0.025000584863252698,-0.014319403035760903,0.00393149917997615,True
18302582000126,0.1161557235774822,0.0740679008906956,0.1944899627693492,0.6265464696068326,0.0532544378698224,0.0081713158636235,0.4450041733466789,0.6343111132384376,22,26,baixo_baixo,False,0.0889111880000034,0.0551671579259294,0.1552757340102565,0.525303274259729,0.0415224913494809,0.0060233243624247,0.4432016109927028,0.6208717667189799,28,34,baixo_baixo,False,-0.0272445355774788,-0.01890074296476621,-0.0018025623539761337,True
18319753000120,0.2021423481344821,0.0691660728235624,0.2825838261121763,0.8326968832745221,0.15625,0.015625,0.5664377274482875,0.6267763599012873,7,8,baixo_baixo,False,0.2021423481344821,0.0691660728235624,0.2825838261121763,0.8326968832745221,0.15625,0.015625,0.5650414818790753,0.6247971127951286,7,8,baixo_baixo,False,0.0,0.0,-0.00139624556921214,True
18325503000100,0.2746390605421598,0.0932988256776998,0.3906314833297821,0.956375951822902,0.2,3.4694469519536136e-17,0.434731223674888,0.4252195677224595,5,5,baixo_baixo,False,0.2703212820823832,0.1243855384988598,0.3875026420887519,0.9487156667519552,0.1666666666666666,3.3306690738754695e-17,0.4853040290668677,0.5368438486847524,6,6,baixo_baixo,False,-0.0043177784597766,0.031086712821160004,0.050572805391979725,True
18346935000190,0.2448072217626983,0.1608969130696648,0.3724596998933,0.9208120927210734,0.1111111111111111,0.0123456790123456,0.8980689702723154,0.5764398630876559,10,12,baixo_baixo,False,0.2484466232145327,0.190634825000266,0.3761694153489281,0.929981729808125,0.0828402366863905,0.0122894856622667,0.9251715618526584,0.5792479224691393,14,26,baixo_baixo,False,0.00363940145183439,0.029737911930601185,0.027102591580343005,True
18423582000184,0.7859938075133607,0.7431925690160328,0.8839828718964355,0.9878457385477286,0.1666666666666666,3.3306690738754695e-17,0.7854244339288556,0.4529812503675119,6,6,hhi_alto,False,0.7859938075133607,0.7431925690160328,0.8839828718964355,0.9878457385477286,0.1666666666666666,3.3306690738754695e-17,0.7794108189732982,0.4507371030005375,6,6,hhi_alto,False,0.0,0.0,-0.0060136149555574114,True
18504687000168,0.483185115473942,0.3109134872985893,0.6604773564938156,1.0,0.2777777777777778,0.037037037037037,0.8597104696971125,0.4417744596886694,4,6,hhi_alto,False,0.483185115473942,0.3109134872985893,0.6604773564938156,1.0,0.2777777777777778,0.037037037037037,0.8547467408519065,0.4391769932030295,4,6,hhi_alto,False,0.0,0.0,-0.004963728845206017,True
18660471000191,0.8476297420350309,0.8171556904420372,0.919779042105153,0.9845928238114838,0.1666666666666666,3.3306690738754695e-17,0.9520789327542852,0.4081584073766802,6,6,critico,False,0.7060607827208824,0.6570709131743626,0.8343144547770831,0.9716711564064616,0.1428571428571428,0.0,0.9426325912829464,0.405066412008176,7,7,critico,False,-0.1415689593141486,-0.16008477726767456,-0.009446341471338826,True
19110162000100,0.4881855655255051,0.3858226786306061,0.5383321183074667,0.9987736718341008,0.1666666666666666,3.3306690738754695e-17,0.9379059248704964,0.4014183565818778,6,6,critico,False,0.3308101412255947,0.2192784980965272,0.3849598306756045,0.9974614780993932,0.1428571428571428,0.0,0.9342423463743048,0.3989296410860706,7,7,oculta,True,-0.15737542429991042,-0.1665441805340789,-0.0036635784961915885,False
19116243000118,0.0901135031130778,0.0487550259818541,0.1777167249332397,0.5136319758717066,0.051129607609988,0.0079991352286239,0.3819711544650732,0.5842419243504096,23,29,baixo_baixo,False,0.0823506523610295,0.0441152628760724,0.1654032897231399,0.4780440251084475,0.0519031141868512,0.01239907727797,0.3811052052451518,0.6531944694531637,25,34,baixo_baixo,False,-0.0077628507520483,-0.004639763105781701,-0.0008659492199213914,True
19130038000107,0.8316734068053881,0.8228141124267243,0.9106245958907854,0.9808567911968868,0.05,1.460819769243627e-17,0.9790872184452648,0.9219450022333372,20,20,critico,False,0.8099009021265585,0.8012600340414021,0.8985833841235268,0.970038400486372,0.0434782608695651,0.0,0.9742790516682324,0.9178871849975944,23,23,critico,False,-0.02177250467882963,-0.021554078385322195,-0.004808166777032441,True
19153572000139,0.3514419573534826,0.2217303488241791,0.5410324366469087,0.9282912979970518,0.1666666666666666,3.3306690738754695e-17,0.653960415047295,0.8468501435561394,6,6,baixo_baixo,False,0.3316504263896717,0.2481067296883806,0.5253067594751143,0.9013095344559228,0.1111111111111111,0.0,0.6472151910458709,0.8462274737912047,9,9,baixo_baixo,False,-0.01979153096381092,0.026376380864201493,-0.006745224001424077,True
19164089000150,0.3726590264350582,0.3029544738167313,0.583897010984993,0.8548700315265177,0.1074380165289256,0.0082644628099173,0.766873951254673,0.4768369513996489,10,11,baixo_baixo,False,0.2771711020863572,0.2370139410911548,0.4850262622529323,0.7946358561235775,0.055,0.0025,0.7673186398235439,0.5555656919879427,19,20,baixo_baixo,False,-0.09548792434870101,-0.06594053272557648,0.00044468856887092123,True
19305362000119,0.1762209466790238,0.1075726922356092,0.2751807197238816,0.7416391406787053,0.0769230769230769,1.503427012513233e-17,0.8500943481242459,0.8973729937214241,13,13,baixo_baixo,False,0.1762209466790238,0.1075726922356092,0.2751807197238816,0.7416391406787053,0.0769230769230769,1.503427012513233e-17,0.8503629336427102,0.896792004872539,13,13,baixo_baixo,False,0.0,0.0,0.0002685855184643149,True
19313140000148,0.2498453439757235,0.156076011972689,0.3296322556735416,0.9247789261834783,0.12,0.01,0.637374867355707,0.5882953213751511,9,10,baixo_baixo,False,0.2498453439757235,0.156076011972689,0.3296322556735416,0.9247789261834783,0.12,0.01,0.6300224892531898,0.5854921074088932,9,10,baixo_baixo,False,0.0,0.0,-0.00735237810251721,True
19344044000167,0.3857153199517692,0.3384626522557515,0.586237405469365,0.8786848077510445,0.0755555555555555,0.0044444444444444,0.9391314161950048,0.4241684138194143,14,15,oculta,True,0.3768096350224743,0.3322960375240796,0.5793231764497292,0.8683213817052413,0.0703125,0.00390625,0.9337494903120174,0.427642650829075,15,16,critico,False,-0.008905684929294944,-0.0061666147316719044,-0.0053819258829874705,False
19352701000118,0.2114384125493162,0.0537260950591795,0.2733671372748121,0.8535451829383393,0.183673469387755,0.0204081632653061,0.3863656851242789,0.4014183565818778,6,7,baixo_baixo,False,0.2114384125493162,0.0537260950591795,0.2733671372748121,0.8535451829383393,0.183673469387755,0.0204081632653061,0.3840986294378923,0.430737167888671,6,7,baixo_baixo,False,0.0,0.0,-0.0022670556863865765,True
19420544000130,0.4924281167994707,0.3655351459993384,0.5010771065655292,0.998131078123576,0.2,3.4694469519536136e-17,0.7920153518170252,0.9311460018467804,5,5,hhi_alto,False,0.4924281167994707,0.3655351459993384,0.5010771065655292,0.998131078123576,0.2,3.4694469519536136e-17,0.8213118974357383,0.9497326338493368,5,5,hhi_alto,False,0.0,0.0,0.029296545618713088,True
19432705000106,0.2463259800249859,0.1386582628856982,0.4220398593200469,0.8089097303634232,0.125,0.0,0.646203392001284,0.4014183565818778,8,8,baixo_baixo,False,0.1080994476179289,0.058549416930036,0.159701889805696,0.558956614319936,0.0526315789473684,0.0,0.7694403516604196,0.4842676936767672,19,19,baixo_baixo,False,-0.138226532407057,-0.08010884595566221,0.12323695965913561,True
19459498000183,0.3894808960588001,0.3022638812100572,0.5740261253615027,0.9526208345063828,0.1358024691358024,0.0123456790123456,0.9297758415472164,0.4014183565818778,8,9,oculta,True,0.3878428436326105,0.3113231990866869,0.5728144630898232,0.9506100292949295,0.12,0.01,0.9260753862610402,0.4001130420517951,9,10,hhi_alto,False,-0.0016380524261895846,0.009059317876629669,-0.0037004552861761297,False
19459687000156,0.586537346033544,0.534854514287737,0.7595960388732869,0.8979199669080492,0.1111111111111111,0.0,0.8810269143334847,0.4642536497861952,9,9,hhi_alto,False,0.586537346033544,0.534854514287737,0.7595960388732869,0.8979199669080492,0.1111111111111111,0.0,0.8848006010030454,0.4800614634459934,9,9,hhi_alto,False,0.0,0.0,0.003773686669560683,True
19498254000100,0.5019272467752157,0.4687223965602301,0.6881772891330225,0.9408200023977896,0.0692520775623268,0.0072022160664819,0.719112642337565,0.4929392438194152,16,19,hhi_alto,False,0.5019272467752157,0.4687223965602301,0.6881772891330225,0.9408200023977896,0.0692520775623268,0.0072022160664819,0.7128030318117201,0.4904689098500405,16,19,hhi_alto,False,0.0,0.0,-0.006309610525844889,True
19500817000157,0.1100303199665973,0.0859770853711,0.2197841450361935,0.5660898407639547,0.0887156976917794,0.0640863922239896,0.9360891393883582,0.6060738226326929,38,183,oculta,True,0.095586257353457,0.077852654556466,0.2025558311139773,0.5217155139295386,0.0790417729591836,0.0609837685074029,0.9262619820053244,0.6268940970558134,52,224,baixo_baixo,False,-0.01444406261314031,-0.008124430814634001,-0.009827157383033858,False
19528940000186,0.2049084438623471,0.0723931845060717,0.3408837686392987,0.7892132877129587,0.1428571428571428,0.0,0.3851724549676493,0.4199630640201051,7,7,baixo_baixo,False,0.1655932902097003,0.0728814335663337,0.302329393181993,0.699952289655358,0.1,3.0839528461809905e-17,0.3784243884959164,0.4367215228377059,10,10,baixo_baixo,False,-0.03931515365264682,0.0004882490602619999,-0.006748066471732872,True
19572240000199,0.3254065919286525,0.2129743572500946,0.5294490547226427,0.8490572068669355,0.1604938271604938,0.0205761316872427,0.9564557500635168,0.4342035843684171,7,9,oculta,True,0.3254065919286525,0.2129743572500946,0.5294490547226427,0.8490572068669355,0.1604938271604938,0.0205761316872427,0.954063499887686,0.4316265197581217,7,9,oculta,True,0.0,0.0,-0.002392250175830779,True
19607632000146,0.3576927928762689,0.2659346204300216,0.4662912534611263,0.9437616210928894,0.125,0.0,0.9220456954543006,0.8870170672340023,8,8,baixo_baixo,False,0.3476277078309569,0.2660811713098265,0.4594588313406244,0.9315117146697076,0.12,0.01,0.9235742765586448,0.8833563588550668,9,10,baixo_baixo,False,-0.01006508504531195,0.00014655087980491865,0.0015285811043441733,True
19620562000166,0.3602846002510524,0.346957196089616,0.5831159032253981,0.7905254126410596,0.0299907517505615,0.0097822257453648,0.8848106589206937,0.8911725199770798,49,87,baixo_baixo,False,0.2589393473743047,0.2494385697765393,0.4926373237030596,0.6678643498635863,0.0253569303985722,0.0128615064293232,0.8624293774581614,0.8922518459369484,79,164,baixo_baixo,False,-0.10134525287674773,-0.0975186263130767,-0.022381281462532265,True
19724762000169,0.3047201492748662,0.1656641791298395,0.4042110164748326,0.9696124038527956,0.1666666666666666,3.3306690738754695e-17,0.914547433059054,0.8278644272783265,6,6,baixo_baixo,False,0.3047201492748662,0.1656641791298395,0.4042110164748326,0.9696124038527956,0.1666666666666666,3.3306690738754695e-17,0.9146850630661776,0.8277909515968106,6,6,baixo_baixo,False,0.0,0.0,0.0001376300071236347,True
19843891000176,0.2514243035550581,0.1682492261722868,0.4223147999087311,0.8506019222012956,0.1141868512110726,0.0157631680123029,0.7354550116947687,0.4137943945280741,10,17,baixo_baixo,False,0.1948887496808689,0.1216968178336752,0.3619189029968854,0.7289560172569514,0.0969529085872576,0.0148577184588264,0.7124566093979298,0.4428204079278745,12,19,baixo_baixo,False,-0.05653555387418924,-0.0465524083386116,-0.022998402296838916,True
19844989000148,0.2997158910453213,0.1596590692543856,0.4858611825192802,0.87816615699509,0.1666666666666666,3.3306690738754695e-17,0.7446548229080684,0.974195312137913,6,6,baixo_baixo,False,0.2785422072411573,0.1754768082756083,0.4520864850864439,0.8398860365318844,0.125,0.0,0.6124024910497549,0.7119517364719236,8,8,baixo_baixo,False,-0.021173683804164012,0.015817739021222688,-0.13225233185831353,True
19864368000126,0.214940894071261,0.1027895932242983,0.2825594580639415,0.8896495136767517,0.125,0.0,0.3363012304329567,0.7626980769098226,8,8,baixo_baixo,False,0.214940894071261,0.1027895932242983,0.2825594580639415,0.8896495136767517,0.125,0.0,0.3721050694661035,0.7679415077324703,8,8,baixo_baixo,False,0.0,0.0,0.03580383903314682,True
19893791000154,0.3000067628764833,0.2000077290016952,0.4173113906038746,0.914471295192128,0.1358024691358024,0.0123456790123456,0.7894647183984813,0.7008555248222332,8,9,baixo_baixo,False,0.2517016571905127,0.1685573968783474,0.3744939964109778,0.8584354710646961,0.1074380165289256,0.0082644628099173,0.7780397069104757,0.6762910474012466,10,11,baixo_baixo,False,-0.04830510568597063,-0.0314503321233478,-0.011425011488005565,True
19958329000198,0.7651560131382281,0.731606872157975,0.8721272491798371,0.9721660588424256,0.125,0.0,0.9093257446361904,0.9744652189986908,8,8,hhi_alto,False,0.4425286727735404,0.3805874141928227,0.5565873035014908,0.9708960498999072,0.1,3.0839528461809905e-17,0.8138101396308277,0.9749885691113692,10,10,hhi_alto,False,-0.3226273403646877,-0.3510194579651523,-0.09551560500536271,True
20067146000161,0.0844821963073289,0.0597384718832027,0.1466849908723743,0.4876492829834811,0.0269559500328731,0.0006574621959237,0.772622794692384,0.6074636556011045,38,39,baixo_baixo,False,0.0844821963073289,0.0597384718832027,0.1466849908723743,0.4876492829834811,0.0269559500328731,0.0006574621959237,0.7716640924245975,0.60945338801041,38,39,baixo_baixo,False,0.0,0.0,-0.0009587022677864931,True
20080606000191,0.511909589971055,0.4508982887174368,0.6722610442855429,0.9688841700186992,0.1111111111111111,0.0,0.9065962560298932,0.9649596894661596,9,9,hhi_alto,False,0.2477019590265897,0.179311228029007,0.3757224695606416,0.9253734814940472,0.0833333333333333,1.5139404881252137e-17,0.8109529604229782,0.9405719782559842,12,12,baixo_baixo,False,-0.26420763094446525,-0.2715870606884298,-0.09564329560691509,False
20129840000166,0.7507195188557262,0.7393885878946228,0.8640146454926302,0.9499827982933868,0.068359375,0.0260120738636363,0.95266178256204,0.9870182595943292,23,32,critico,False,0.6800903123383698,0.6667607420191352,0.819197440929162,0.9432577882152636,0.0664718772826881,0.0275748721694667,0.9498247917215744,0.9834149584161908,25,37,critico,False,-0.07062920651735638,-0.07262784587548765,-0.0028369908404656252,True
20260121000180,0.1819310744235773,0.1578702236713295,0.3099073020957466,0.7621860367381842,0.0299488677867056,0.0014179521333734,0.8505528905728473,0.4518946218992089,35,37,baixo_baixo,False,0.135565571727668,0.1149837996259458,0.2461435272335944,0.6806281105556707,0.0245746691871455,0.0013502565487442,0.8482839721817073,0.4738315160257992,43,46,baixo_baixo,False,-0.046365502695909305,-0.04288642404538369,-0.0022689183911400734,True
20266755000140,0.1725149291778365,0.1449320934837643,0.3149630871391732,0.7199173308039009,0.1792039129701468,0.151844043402485,0.8788394549148953,0.7406628742067658,31,154,baixo_baixo,False,0.162222160151795,0.1375816354503772,0.2867776492005044,0.7100645749852922,0.1547153137230147,0.1298539994207505,0.8782768034193881,0.7281104957002765,35,178,baixo_baixo,False,-0.01029276902604151,-0.007350458033387103,-0.0005626514955072714,True
20267427000168,0.0568281577214355,0.0451840609031816,0.1281298928603345,0.3839522661394531,0.0152606310013717,0.0031033548408948,0.8552971389785794,0.6919061653215688,82,108,baixo_baixo,False,0.0444600934920131,0.0341854708413896,0.1049668573522609,0.3154891149950476,0.0142332415059687,0.0036335989415168,0.8500161603622166,0.6795263259934028,94,132,baixo_baixo,False,-0.012368064229422396,-0.010998590061791998,-0.005280978616362786,True
20273620000101,0.20520415432416,0.0727381800448533,0.3192095661786824,0.8379251112190413,0.1428571428571428,0.0,0.5648355948942049,0.6060585501834338,7,7,baixo_baixo,False,0.1773211007933036,0.0597955437637755,0.2892838610609793,0.7593701352850708,0.125,0.0,0.5363388714322549,0.5853372910506905,8,8,baixo_baixo,False,-0.027883053530856405,-0.0129426362810778,-0.02849672346194998,True
20420399000177,0.2356245079379652,0.0445306349224565,0.3147543392876412,0.9479431726328404,0.2,3.4694469519536136e-17,0.6071612729560122,0.7445971071113963,5,5,baixo_baixo,False,0.2356245079379652,0.0445306349224565,0.3147543392876412,0.9479431726328404,0.2,3.4694469519536136e-17,0.5995145633515292,0.7416285524859307,5,5,baixo_baixo,False,0.0,0.0,-0.007646709604482993,True
20477137000149,0.2640320990813237,0.1413707822615443,0.3421958807370284,0.8947094389320096,0.1938775510204081,0.0595238095238095,0.6442177075582234,0.8400990323094188,7,14,baixo_baixo,False,0.1857312843420968,0.1117068556459238,0.2816828950269526,0.7454915594990916,0.1039697542533081,0.022512459185427,0.5924817525581182,0.8283492467914815,12,23,baixo_baixo,False,-0.0783008147392269,-0.029663926615620492,-0.051735955000105194,True
20516886000138,0.1353747226553659,0.0777330374990569,0.2086551492844035,0.694927884578656,0.0625,0.0,0.5319247909711768,0.575122747391012,16,16,baixo_baixo,False,0.1090331343743448,0.0644847910930621,0.1836302267118948,0.6115821508898397,0.0476190476190476,0.0,0.5104274571452972,0.5854079583476312,21,21,baixo_baixo,False,-0.02634158828102111,-0.013248246405994799,-0.021497333825879594,True
20918579000183,0.5222661479187342,0.4426438392385232,0.704541050931824,0.9300758731489562,0.1604938271604938,0.0205761316872427,0.8552076817804487,0.4023993809517919,7,9,hhi_alto,False,0.4593120598804693,0.391726067365528,0.659030219267186,0.8814576938511602,0.1239669421487603,0.0144628099173553,0.8310709063997941,0.3998507464394866,9,11,hhi_alto,False,-0.06295408803826485,-0.05091777187299518,-0.024136775380654618,True
20940143000190,0.2226672134014623,0.1794820585904324,0.4039754806920403,0.7933554888568695,0.0526315789473684,0.0,0.4930355699522353,0.5865361543473347,19,19,baixo_baixo,False,0.2158207910572808,0.1722552794493519,0.3968572461942342,0.7793761988263693,0.055,0.0025,0.4823572957443534,0.5892055628020046,19,20,baixo_baixo,False,-0.0068464223441815075,-0.007226779141080497,-0.010678274207881921,True
20955386000100,0.2529141566475714,0.1283998494221666,0.3705138047805925,0.9277334590423304,0.1428571428571428,0.0,0.8339654299425533,0.7349110669643356,7,7,baixo_baixo,False,0.2529141566475714,0.1283998494221666,0.3705138047805925,0.9277334590423304,0.1428571428571428,0.0,0.8325596045795058,0.7327996111543772,7,7,baixo_baixo,False,0.0,0.0,-0.0014058253630474526,True
20959219000120,0.4316818595357838,0.380016574039037,0.6436258280396284,0.8303094094238329,0.0887573964497041,0.0059171597633136,0.8855689431758589,0.5014017196041405,12,13,hhi_alto,False,0.4256148151416316,0.3814313393832955,0.6390661906556508,0.8244272498544938,0.0755555555555555,0.0044444444444444,0.8802021183145934,0.500933213507509,14,15,hhi_alto,False,-0.006067044394152232,0.001414765344258495,-0.005366824861265496,True
21260443000191,0.1304487754061183,0.095666726422363,0.2713476322555072,0.5986469305642854,0.0679012345679012,0.0306172839506172,0.8761366896989061,0.703690959371922,26,36,baixo_baixo,False,0.2773136529384639,0.2532241080364126,0.4415456196505662,0.8147225527852857,0.054421768707483,0.0229024943310657,0.9574816821654298,0.6428238851368043,31,42,oculta,True,0.1468648775323456,0.15755738161404959,0.08134499246652371,False
21337238000187,0.945092817736466,0.9405172192145048,0.9720592459957816,0.9925906319320776,0.0769230769230769,1.503427012513233e-17,0.987351469912732,0.4039919416948528,13,13,critico,False,0.8069946986576595,0.792148137015941,0.8922088002986175,0.9988105523406968,0.0755555555555555,0.0044444444444444,0.9983276370329334,0.3992448696662709,14,15,critico,False,-0.13809811907880654,-0.14836908219856382,0.01097616712020133,True
21417423000181,0.1794009058821437,0.1465769421174294,0.3492262887759654,0.7041255984875054,0.0397805212620027,0.0013717421124828,0.7430263702241148,0.4821018737753438,26,27,baixo_baixo,False,0.1794009058821437,0.1465769421174294,0.3492262887759654,0.7041255984875054,0.0397805212620027,0.0013717421124828,0.7371672066527287,0.4870533778101375,26,27,baixo_baixo,False,0.0,0.0,-0.00585916357138605,True
21611579000107,0.1842019018939667,0.1627335308911764,0.4011811599750622,0.5979737906781211,0.0256410256410256,0.0,0.6607250909556427,0.4252641614145525,39,39,baixo_baixo,False,0.154898083613723,0.1408130516739518,0.3637031975455722,0.5711438273862125,0.0163934426229508,0.0,0.6366162101116878,0.4218617688021207,61,61,baixo_baixo,False,-0.0293038182802437,-0.021920479217224592,-0.024108880843954905,True
21750924000185,0.0982453876497427,0.0507846185786765,0.1861255128576402,0.511121564408013,0.1058263971462544,0.0587646285750046,0.5797686143212055,0.6072325875180977,20,29,baixo_baixo,False,0.0784381210878192,0.0383702133090287,0.16002977291005,0.4394597313706543,0.0853994490358126,0.0456342076895436,0.5830683457105196,0.7084907119671687,24,33,baixo_baixo,False,-0.019807266561923498,-0.0124144052696478,0.0032997313893140534,True
21857115000177,0.1056016044272885,0.049701704703994,0.2089846291805237,0.5747077302464404,0.0588235294117647,0.0,0.6953821636062321,0.4973127681915565,17,17,baixo_baixo,False,0.1131406998630929,0.0609725057373925,0.2217771893289687,0.5803169787441349,0.0555555555555555,0.0,0.7240247367545278,0.473699636670261,18,18,baixo_baixo,False,0.007539095435804402,0.011270801033398496,0.02864257314829577,True
21857271000138,0.130179217285715,0.0979636327407414,0.2559238549477501,0.6364412009196855,0.0385015608740894,0.0028905075731298,0.5203449560803078,0.5729210173696041,28,31,baixo_baixo,False,0.1091914151806664,0.0821972156406866,0.2322312461951038,0.577521518068968,0.035,0.0057575757575757,0.5218808425318149,0.6073379883118122,34,40,baixo_baixo,False,-0.020987802105048595,-0.01576641710005479,0.0015358864515070403,True
22040711000122,0.1248335263162828,0.0831589323313439,0.2516078177130678,0.6084896809726641,0.0532544378698224,0.0081713158636235,0.7095852868133157,0.807304822551518,22,26,baixo_baixo,False,0.1053769287698642,0.0734261047973593,0.2265286165820562,0.5478380079286198,0.039485766758494,0.0051816869998688,0.6888520412873551,0.7996249594433827,29,33,baixo_baixo,False,-0.01945659754641861,-0.009732827533984606,-0.020733245525960564,True
22050561000138,0.1184127738554771,0.0720134461636602,0.2161124979678747,0.5980872506050644,0.0521541950113378,0.0022675736961451,0.5888042967826764,0.5116253912327534,20,21,baixo_baixo,False,0.1184127738554771,0.0720134461636602,0.2161124979678747,0.5980872506050644,0.0521541950113378,0.0022675736961451,0.5911802845388285,0.5139953295026765,20,21,baixo_baixo,False,0.0,0.0,0.0023759877561521092,True
22224976000180,0.3529087390707451,0.3066879347186555,0.5044011434095679,0.9563912441625482,0.0703125,0.00390625,0.624382264258729,0.4082518786512614,15,16,baixo_baixo,False,0.223727958079377,0.1884428652648032,0.3852310449026343,0.8097063939881248,0.0463999999999999,0.0030545454545454,0.6748470530089752,0.6815612189170139,23,25,baixo_baixo,False,-0.1291807809913681,-0.11824506945385233,0.05046478875024618,True
22228688000102,0.2504769572968066,0.1567865769589074,0.3953108456776185,0.8927508333006289,0.1111111111111111,0.0,0.8992465044585156,0.5024743523386004,9,9,baixo_baixo,False,0.2331615071430436,0.1479572301589374,0.3802063083049412,0.8586394789739759,0.1,3.0839528461809905e-17,0.8926938576849408,0.5072659086355503,10,10,baixo_baixo,False,-0.017315450153762985,-0.008829346799970023,-0.006552646773574811,True
22236244000100,0.2514752931721783,0.1579097048187006,0.3389644042240252,0.8857327616505347,0.1111111111111111,0.0,0.8726261644528153,0.5656572248146061,9,9,baixo_baixo,False,0.2514752931721783,0.1579097048187006,0.3389644042240252,0.8857327616505347,0.1111111111111111,0.0,0.8670480697065953,0.5636839903315665,9,9,baixo_baixo,False,0.0,0.0,-0.005578094746219953,True
22257307000105,0.2911852935531384,0.22674759296706,0.4969753793754783,0.8238162061270842,0.154320987654321,0.0774410774410774,0.6435549945902013,0.410317762486852,12,18,baixo_baixo,False,0.6349110047471371,0.6044869218093986,0.7886054918223582,0.9435663132443532,0.1412742382271468,0.069713758079409,0.8871426207169644,0.4008058569618545,13,19,hhi_alto,False,0.34372571119399875,0.3777393288423385,0.2435876261267631,False
22310261000140,0.1669304879563713,0.1206488483983919,0.2788352685810654,0.7181275599001439,0.055,0.0025,0.8772465908910793,0.5538426245104208,19,20,baixo_baixo,False,0.1059981816427625,0.0771594133086581,0.1862851118555607,0.5545006186661625,0.032139577594123,0.0009182736455463,0.8626553215914213,0.501188710504677,32,33,baixo_baixo,False,-0.0609323063136088,-0.04348943508973381,-0.014591269299657927,True
22405608000139,0.2116731597722247,0.1510326336008574,0.3667384873674977,0.7945115173205375,0.0755555555555555,0.0044444444444444,0.9137000342546026,0.6112735978406294,14,15,baixo_baixo,False,0.2104032877602889,0.1540035226003095,0.365628806393762,0.7921074764452175,0.0703125,0.00390625,0.9099705998206268,0.6121948829718763,15,16,baixo_baixo,False,-0.001269872011935791,0.0029708889994521093,-0.0037294344339757757,True
22604896000150,0.0595253304400315,0.0522348291256132,0.1698479181740669,0.3959289424249527,0.0292239996017172,0.0216986042497925,0.5688791850797309,0.453752059785881,130,511,baixo_baixo,False,0.0553915980734646,0.0486443952025608,0.1330048539057394,0.4220477783760337,0.0255081798875119,0.0185475240295656,0.6092392029793129,0.5021526548330616,141,621,baixo_baixo,False,-0.004133732366566896,-0.0035904339230523954,0.04036001789958199,True
22794608000178,0.3200760938320826,0.2445289931467584,0.4386675945298638,0.9467817526187366,0.1,3.0839528461809905e-17,0.9007032059599619,0.4112143746731659,10,10,baixo_baixo,False,0.3200760938320826,0.2445289931467584,0.4386675945298638,0.9467817526187366,0.1,3.0839528461809905e-17,0.8963922161816691,0.4087845158643156,10,10,baixo_baixo,False,0.0,0.0,-0.004310989778292806,True
22859490000119,0.385773703196736,0.1810316042623146,0.5618838992332968,1.0,0.2653061224489796,0.0204081632653061,0.2296504353749864,0.4014183565818778,4,7,baixo_baixo,False,0.308581468779845,0.170297762535814,0.4939293863914269,0.902273230567778,0.1851851851851851,0.0222222222222222,0.2092597310595789,0.3989296410860705,6,9,baixo_baixo,False,-0.07719223441689099,-0.010733841726500604,-0.020390704315407487,True
22936439000163,0.1377831671334965,0.105849210360663,0.2563078958510225,0.6867372274294308,0.0390625,0.0034722222222222,0.7728897078477237,0.646530742973461,28,32,baixo_baixo,False,0.1266803525078962,0.095490365097464,0.2397852164501943,0.6424672723281438,0.0380622837370242,0.0037073652990608,0.7764930930826425,0.6750253458923695,29,34,baixo_baixo,False,-0.01110281462560031,-0.010358845263198996,0.0036033852349187656,True
22988000000184,0.4903293479048147,0.4053842392222838,0.6411222587589198,0.983874754709588,0.1428571428571428,0.0,0.8790855018243539,0.4073140920225854,7,7,hhi_alto,False,0.46960101526622,0.4033011421744975,0.6272645629500084,0.964015220309958,0.1111111111111111,0.0,0.8626956701191332,0.4047070773074458,9,9,hhi_alto,False,-0.020728332638594693,-0.0020830970477863087,-0.01638983170522068,True
23278690000140,0.2669777540604872,0.2433318751592126,0.4734522329934889,0.7605490843206274,0.03125,0.0,0.8798780790044803,0.8284232429855999,32,32,baixo_baixo,False,0.2360418260498108,0.2164531549228829,0.4443665253175745,0.7138260850438696,0.025,3.5584071302088355e-18,0.8799927145365972,0.8505624148077301,40,40,baixo_baixo,False,-0.030935928010676378,-0.0268787202363297,0.00011463553211688016,True
23283347000194,0.1128943855819744,0.0322484206348812,0.198864466854428,0.5718449432075098,0.0887573964497041,0.0059171597633136,0.927517943415772,0.4014183565818779,12,13,oculta,True,0.1128943855819744,0.0322484206348812,0.198864466854428,0.5718449432075098,0.0887573964497041,0.0059171597633136,0.9238283029025788,0.3989296410860706,12,13,baixo_baixo,False,0.0,0.0,-0.003689640513193204,False
23441261000142,0.5774963848903005,0.5070791157053506,0.7507372239539227,0.936759898220052,0.15625,0.015625,0.8929522634856545,0.8513872687215159,7,8,hhi_alto,False,0.5774963848903005,0.5070791157053506,0.7507372239539227,0.936759898220052,0.15625,0.015625,0.8915971442123788,0.8548501203524327,7,8,hhi_alto,False,0.0,0.0,-0.0013551192732756956,True
23535271000147,0.4224535891540968,0.3069443069849162,0.4637981914005807,0.9928476668012048,0.1666666666666666,3.3306690738754695e-17,0.9829511306365633,0.9216954431644244,6,6,critico,False,0.4162296781754919,0.3189346245380739,0.4603382201538284,0.9854409445603016,0.1428571428571428,0.0,0.9843851044141276,0.9227554821721542,7,7,critico,False,-0.0062239109786049185,0.011990317553157714,0.001433973777564379,True
23782816000110,0.9540347729874518,0.944841727584942,0.976613747966556,0.9993662861902084,0.1666666666666666,3.3306690738754695e-17,0.992651805660816,0.9206970874235202,6,6,critico,False,0.8875764272114557,0.8688391650800317,0.9412896987841006,0.9970640186521784,0.1428571428571428,0.0,0.9865389836375932,0.9175692746574996,7,7,critico,False,-0.06645834577599607,-0.07600256250491033,-0.00611282202322283,True
23802507000164,0.8774243390374595,0.8529092068449514,0.9353747204505952,0.9945895131730608,0.1666666666666666,3.3306690738754695e-17,0.9694186539456364,0.918191293932169,6,6,critico,False,0.8774243390374595,0.8529092068449514,0.9353747204505952,0.9945895131730608,0.1666666666666666,3.3306690738754695e-17,0.9687686129364652,0.9176255982517252,6,6,critico,False,0.0,0.0,-0.0006500410091712094,True
23848604000198,0.557584060138521,0.5428368621431384,0.7416043480551237,0.8615674245316163,0.0989368998628257,0.0689014631915866,0.8028463299787882,0.7975639238334105,31,108,hhi_alto,False,0.5010282316694866,0.4863525914244715,0.7016372554532762,0.8346996037104449,0.1067002730518798,0.0804267516710528,0.7795757849640645,0.7968977796741193,35,138,hhi_alto,False,-0.0565558284690344,-0.05648427071866691,-0.023270545014723698,True
23848859000150,0.7621753278847972,0.7533670066953453,0.871483834165269,0.9462171228197218,0.0637234485630987,0.0290465392506208,0.8857528744787079,0.8380922745303702,28,49,hhi_alto,False,0.5731202484571993,0.5593499338913025,0.7427396086327649,0.9381918945260406,0.0571674806090204,0.0267535283706017,0.8759428549714154,0.836272374568599,32,59,hhi_alto,False,-0.18905507942759792,-0.1940170728040428,-0.009810019507292433,True
23982047000101,0.4849027159897836,0.433392987588762,0.6598218933337298,0.9451017330533372,0.1022222222222222,0.0124444444444444,0.920567193248502,0.4052940959029912,11,15,hhi_alto,False,0.4649968682360472,0.4163602198938697,0.64582395746987,0.9293262262354536,0.09375,0.0113636363636363,0.9123978050231946,0.4034695937576196,12,16,hhi_alto,False,-0.019905847753736383,-0.017032767694892315,-0.008169388225307439,True
24073730000180,0.1771285804375639,0.1023220877500697,0.3337094862199393,0.6896177904821423,0.1072664359861591,0.0261088392576282,0.673615843633146,0.4054193958810227,12,17,baixo_baixo,False,0.1102242231353752,0.0578844715551032,0.2424151062428643,0.5012827654143702,0.0699432892249527,0.0152340709440676,0.6465778875829122,0.4055138401029519,18,23,baixo_baixo,False,-0.06690435730218872,-0.04443761619496651,-0.027037956050233736,True
24089583000137,0.2075375800406677,0.0754605100474457,0.3347250384381335,0.8041479386743866,0.1428571428571428,0.0,0.6372631410581758,0.7933783781204105,7,7,baixo_baixo,False,0.2075375800406677,0.0754605100474457,0.3347250384381335,0.8041479386743866,0.1428571428571428,0.0,0.6295181935368075,0.7903344716531409,7,7,baixo_baixo,False,0.0,0.0,-0.007744947521368339,True
24121284000132,0.6611692773370951,0.6046974902266108,0.8068642729726438,0.9643154339419454,0.1428571428571428,0.0,0.9027200421213823,0.922494732430301,7,7,hhi_alto,False,0.6611692773370951,0.6046974902266108,0.8068642729726438,0.9643154339419454,0.1428571428571428,0.0,0.9030167982342384,0.9246970116777148,7,7,hhi_alto,False,0.0,0.0,0.00029675611285606696,True
24513574000121,0.0178297978989099,0.0084757959741376,0.0484628256563705,0.1820338705291145,0.0115940231880463,0.0021806329326944,0.8648948901760719,0.4388349779603373,106,127,baixo_baixo,False,0.0132707924161581,0.0058517758177833,0.0402965964518483,0.1444530571827113,0.0098234784899695,0.0023785422380143,0.8577802372878017,0.4395972852233308,134,163,baixo_baixo,False,-0.0045590054827518,-0.0026240201563542996,-0.007114652888270179,True
24767074000116,0.937631574866294,0.9313947323529236,0.9682244541881636,0.9895286854607594,0.1005917159763313,0.0106508875739645,0.8619619288945776,0.9485064477574606,11,13,hhi_alto,False,0.9289495192390356,0.9230286458422884,0.963721459585652,0.9849266096606848,0.0859375,0.0097656249999999,0.859430813869459,0.9608766473452804,13,16,hhi_alto,False,-0.008682055627258434,-0.008366086510635196,-0.002531115025118602,True
24810277000148,0.1405619964983951,0.1252148892930093,0.3228830011214885,0.6241085090648818,0.0180982476299913,0.0005642877662412,0.8763239710404318,0.7811597289500655,57,59,baixo_baixo,False,0.1351928468534396,0.1202823786957403,0.3156996100478416,0.6139991907881995,0.0178886369362559,0.0009556824006741,0.8752372403332287,0.7856326268307832,59,63,baixo_baixo,False,-0.005369149644955495,-0.004932510597269013,-0.0010867307072031096,True
24811911000167,0.3857355568424253,0.2321694460530315,0.5318882748661343,0.9899913496664976,0.2222222222222222,0.0277777777777778,0.6300598291849356,0.6286160947405363,5,6,baixo_baixo,False,0.3553526367145586,0.2837251519050651,0.5101897370945654,0.9496043629451388,0.1074380165289256,0.0082644628099173,0.6142424087165845,0.638114517451678,10,11,baixo_baixo,False,-0.030382920127866697,0.05155570585203359,-0.015817420468351107,True
24996845000147,0.5549043367182007,0.5178130314447175,0.7193571472194252,0.943368100515777,0.0844444444444444,0.0081481481481481,0.927456760916735,0.4121826253972633,13,15,critico,False,0.3542567661860013,0.3202702801957909,0.4426993450932651,0.9490508654928512,0.0586011342155009,0.0090538254900009,0.9420725422865456,0.4095511071097389,20,23,oculta,True,-0.2006475705321994,-0.19754275124892656,0.014615781369810565,False
25107871000130,0.0861367080603248,0.0353665251747873,0.1734308262531572,0.4824099121630253,0.0526315789473684,0.0,0.8163462868774731,0.5115567240256383,19,19,baixo_baixo,False,0.0861367080603248,0.0353665251747873,0.1734308262531572,0.4824099121630253,0.0526315789473684,0.0,0.8117999509154816,0.5116651615544002,19,19,baixo_baixo,False,0.0,0.0,-0.004546335961991499,True
25141524000123,0.0717292530565151,0.0479274390323232,0.1696276806764914,0.4189239563529696,0.0268595041322314,0.0019071837253655,0.9122650698009368,0.8830625697851822,40,44,baixo_baixo,False,0.0715518909668133,0.0489068151367355,0.1694166835198028,0.4184028635495621,0.0255198487712665,0.001752040204712,0.9150581967516134,0.8893811370663053,42,46,baixo_baixo,False,-0.0001773620897018019,0.0009793761044122953,0.002793126950676572,True
25269069000146,0.4629274777195266,0.4216142067748748,0.6617469811590839,0.9169291344713972,0.0795847750865051,0.0087836039393132,0.8779529221626315,0.9264815231407808,14,17,hhi_alto,False,0.4629274777195266,0.4216142067748748,0.6617469811590839,0.9169291344713972,0.0795847750865051,0.0087836039393132,0.8981713776939693,0.930339796065872,14,17,hhi_alto,False,0.0,0.0,0.02021845553133772,True
25769548000121,0.1490300197560257,0.142111564632091,0.3324636327734256,0.6209408140607164,0.0138888888888888,0.0058717253839205,0.9747690062946084,0.7721687779396258,124,228,oculta,True,0.1799186620783271,0.1742236527872044,0.3515597836868699,0.6850550033691065,0.0122478748553895,0.0053884850974408,0.9808318312934416,0.6394049643182237,145,282,oculta,True,0.0308886423223014,0.032112088155113405,0.0060628249988332605,True
25838855000117,0.3117537421347068,0.2625932951443287,0.4453062460295443,0.8653337973614609,0.0925925925925925,0.0277777777777777,0.95217008331139,0.4025683169332834,15,18,oculta,True,0.2689530887467063,0.2304769355228488,0.4108358878207333,0.8145549463705777,0.0661625708884688,0.0170132325141776,0.9424839342499896,0.4043904720923433,20,23,oculta,True,-0.04280065338800049,-0.032116359621479906,-0.009686149061400418,True
25947276000102,0.539398603205298,0.4882206702281089,0.7170899346835384,0.9612471460154016,0.1,3.0839528461809905e-17,0.7998532750544025,0.4818986286002029,10,10,hhi_alto,False,0.5805242036393404,0.5482568346885205,0.7412096978505389,0.9651127730116502,0.0714285714285714,0.0,0.9081029868227808,0.5043991174887675,14,14,hhi_alto,False,0.04112560043404245,0.0600361644604116,0.10824971176837828,True
26063838000118,0.0630491285140515,0.0431140035888185,0.1768714427685777,0.4033312064006366,0.0235969387755102,0.0028224055579678,0.5518553611797891,0.4087465871244499,48,56,baixo_baixo,False,0.0549063664920604,0.0356187413184289,0.1531136421213736,0.3820881342028824,0.0228928199791883,0.0029518571216207,0.5589194762340733,0.4052564305493858,50,62,baixo_baixo,False,-0.008142762021991108,-0.007495262270389602,0.007064115054284281,True
26141515000103,0.6674309443915781,0.6418487093447764,0.8120852181659847,0.9449184583104706,0.0714285714285714,0.0,0.7445422381566501,0.7687177135498127,14,14,hhi_alto,False,0.6506331271162801,0.6287976975610475,0.80176427353102,0.9329093109025132,0.0588235294117647,0.0,0.7338197151853029,0.7675317301330091,17,17,hhi_alto,False,-0.016797817275298055,-0.013051011783728916,-0.010722522971347237,True
26938926000116,0.4345003936158407,0.4249156545245838,0.5732528673029142,0.9728315101892042,0.0195918367346938,0.0029747492217225,0.979598713631862,0.572333392325617,60,70,critico,False,0.3163655203706831,0.3067368657280166,0.4126675051994851,0.973547527964965,0.0175716739331483,0.0037346552561504,0.983524478017425,0.4994069646134159,72,87,oculta,True,-0.11813487324515759,-0.11817878879656718,0.003925764385563024,False
27108141000189,0.4037935211112159,0.388506175498683,0.6190128235234167,0.8301958623915439,0.0265008112493239,0.0015392935890502,0.9317601556081516,0.8038214420600589,40,43,critico,False,0.2507567006958837,0.2360656556114893,0.4755952490032003,0.6920971303498398,0.020621729763004,0.0014182342681609,0.9301164830307448,0.8079389129366469,52,57,oculta,True,-0.15303682041533223,-0.1524405198871937,-0.0016436725774068295,False
27142702001138,0.0328293602512097,0.0186062626078451,0.0794744092402246,0.2572080880865452,0.0184461805555555,0.0040115655637254,0.576379778959542,0.4297391410626789,69,96,baixo_baixo,False,0.0441292482270468,0.0323283747483683,0.1537902301261079,0.3163185415093811,0.0168550465992464,0.0047174545819532,0.6230460550272628,0.4887960896164557,82,123,baixo_baixo,False,0.0112998879758371,0.013722112140523199,0.04666627606772089,True
27142702001480,0.8713437359060422,0.8499010252237158,0.9329995108929487,0.9786983293208374,0.1428571428571428,0.0,0.7078627093559309,0.4280557420139249,7,7,hhi_alto,False,0.3812056702499313,0.3038563790311728,0.5325944745781391,0.9714261015948542,0.1111111111111111,0.0,0.752982574735935,0.5657850263663494,9,9,hhi_alto,False,-0.4901380656561109,-0.546044646192543,0.04511986538000412,True
27562511000153,0.2749236290673436,0.194359587852604,0.4794716280776357,0.7650859027907112,0.1074380165289256,0.0082644628099173,0.8921844174780914,0.8639582110639535,10,11,baixo_baixo,False,0.2746894298020611,0.1940993664467345,0.4792627486614227,0.7647525969445063,0.1111111111111111,0.0123456790123456,0.8933280793257261,0.871479569694237,10,12,baixo_baixo,False,-0.00023419926528245316,-0.00026022140586948184,0.0011436618476347027,True
27600799000103,0.2600557162756273,0.1367316689882318,0.4222364371580899,0.867453118785305,0.18,0.0433333333333334,0.6191491348504122,0.4309461089226334,7,10,baixo_baixo,False,0.2600557162756273,0.1367316689882318,0.4222364371580899,0.867453118785305,0.18,0.0433333333333334,0.6144625436310029,0.4300073334500314,7,10,baixo_baixo,False,0.0,0.0,-0.004686591219409286,True
27611852000171,0.049689539636454,0.0341106796304942,0.1325739978084332,0.3575553353286927,0.0318394446959408,0.0159679601827595,0.8829389476333601,0.9956121972737386,62,141,baixo_baixo,False,0.0456070339895544,0.0306946438956412,0.1188481433396313,0.347541714613619,0.0315028792954194,0.0163701117844104,0.9029222933402732,0.997550577159834,65,163,baixo_baixo,False,-0.0040825056468995966,-0.0034160357348530027,0.01998334570691307,True
27744234000108,0.2284896366273495,0.099904576065241,0.3819558977691628,0.7921222144682559,0.1428571428571428,0.0,0.6911500921682797,0.449301219881464,7,7,baixo_baixo,False,0.2284896366273495,0.099904576065241,0.3819558977691628,0.7921222144682559,0.1428571428571428,0.0,0.6919903929425197,0.4474598409369339,7,7,baixo_baixo,False,0.0,0.0,0.0008403007742400215,True
27780220000131,0.2064385592961972,0.1703675847187516,0.334985885821532,0.7996205207639557,0.0451388888888888,0.0017361111111111,0.9078254966665712,0.5662661156858783,23,24,baixo_baixo,False,0.1914339017488859,0.1562788539988374,0.3211395851323837,0.7665690202789183,0.0432,0.0016,0.9018906281984588,0.5590772410186557,24,25,baixo_baixo,False,-0.015004657547311312,-0.014088730719914205,-0.00593486846811242,True
27834977000160,0.4310656418481464,0.3994581775063767,0.478080994286774,0.9659838999709104,0.055,0.0025,0.9538784310641572,0.4207238857812469,19,20,critico,False,0.3892296573752333,0.3626744250872,0.4537642549222326,0.9334718826975902,0.0432,0.0016,0.942416017074101,0.4398258763352597,24,25,critico,False,-0.04183598447291309,-0.036783752419176696,-0.011462413990056097,True
27993108000189,0.247576492193544,0.1723341414128984,0.4129305884209879,0.8581824215095271,0.0909090909090909,0.0,0.9088816993791726,0.4158516380652607,11,11,baixo_baixo,False,0.1364195814456137,0.0747352658345861,0.268565212592987,0.6078475014499788,0.0666666666666666,0.0,0.9102280163591708,0.5014844852668625,15,15,baixo_baixo,False,-0.1111569107479303,-0.0975988755783123,0.0013463169799982078,True
27998368000147,0.6425461663633943,0.5710553996360732,0.7954165036484251,0.9454008552329892,0.1666666666666666,3.3306690738754695e-17,0.8922255461845154,0.7611785932865371,6,6,hhi_alto,False,0.3670085636771566,0.2878846341368012,0.4398518727129649,0.9056467029276196,0.1111111111111111,0.0,0.9252275085033584,0.8785456506127391,9,9,hhi_alto,False,-0.2755376026862377,-0.283170765499272,0.033001962318843,True
28052214000120,0.6102717939399326,0.5669686599332584,0.77245689877951,0.9589475524103162,0.1,3.0839528461809905e-17,0.6425589112121067,0.4916213524114459,10,10,hhi_alto,False,0.5143924290984165,0.4658316720082581,0.7037033147129041,0.9325564916751008,0.0909090909090909,0.0,0.653178836650541,0.5303995364686344,11,11,hhi_alto,False,-0.09587936484151605,-0.10113698792500031,0.010619925438434263,True
28164691000188,0.3137590279180436,0.2756345294690461,0.5337906699936462,0.7751328995493021,0.0857142857142857,0.0349206349206349,0.9882284924155856,0.7597001732549924,19,35,oculta,True,0.3110788892034577,0.2748198833720607,0.5314900838244582,0.7717921517089417,0.0817901234567901,0.0334632878492527,0.9868282892288052,0.7575248395721701,20,36,oculta,True,-0.002680138714585889,-0.0008146460969853941,-0.0014002031867804687,True
28199862000104,0.3218951847860345,0.2602492924938559,0.5360599075327682,0.818621039256122,0.0833333333333333,1.5139404881252137e-17,0.7776147480218618,0.6453884416698221,12,12,baixo_baixo,False,0.2845242877923339,0.242437481191883,0.5032072381965178,0.7684514855617243,0.0555555555555555,0.0,0.7622270478550678,0.6534175909321894,18,18,baixo_baixo,False,-0.03737089699370061,-0.01781181130197293,-0.015387700166794027,True
28543098000142,0.7005298755427388,0.6672554172697098,0.8312144695630648,0.9666523732159036,0.1111111111111111,0.0123456790123456,0.8446129760410697,0.427969284279843,10,12,hhi_alto,False,0.6211895858114724,0.5896220512957618,0.7807532359585876,0.9440859580818148,0.09375,0.0182291666666666,0.8253633642720385,0.4530320326718149,13,16,hhi_alto,False,-0.07934028973126639,-0.07763336597394799,-0.019249611769031172,True
28546334000184,0.4163659093715984,0.2218212124954646,0.5488342965273826,1.0000000000000002,0.28,0.04,0.9066358091951188,0.8537099988278046,4,5,hhi_alto,False,0.4163659093715984,0.2218212124954646,0.5488342965273826,1.0000000000000002,0.28,0.04,0.9325514341499888,0.8884696302004633,4,5,critico,False,0.0,0.0,0.025915624954869987,False
28550176000136,0.0653101978899888,0.0161159977789356,0.1206379106971176,0.3790929569237439,0.0613943808532778,0.0119940851087134,0.6637184404426381,0.4014183565818778,20,31,baixo_baixo,False,0.3952693821919004,0.3728719519027115,0.6179654185732321,0.7651004221571069,0.0440499671268901,0.008644410353812,0.8790023154922078,0.400060022460152,28,39,hhi_alto,False,0.32995918430191157,0.3567559541237759,0.2152838750495697,False
28553049000190,0.2778572044710465,0.2122078594229598,0.4624576477466504,0.8865184115314808,0.0833333333333333,1.5139404881252137e-17,0.9829726154714572,0.404695302915506,12,12,oculta,True,0.2608939746872056,0.2040396650477599,0.4474426443171925,0.8577350687664046,0.0714285714285714,0.0,0.979645638578681,0.4020916480819648,14,14,oculta,True,-0.016963229783840905,-0.008168194375199916,-0.003326976892776168,True
28725566000108,0.1523817094510471,0.0958738234144503,0.2716948323642884,0.6779831047613474,0.0625,0.0,0.8366326202987868,0.4162398061478403,16,16,baixo_baixo,False,0.1289613103791345,0.0874832775400457,0.2440476863171736,0.6089928418560855,0.0472589792060491,0.0018903591682419,0.8268069553172164,0.4551221990035783,22,23,baixo_baixo,False,-0.023420399071912595,-0.008390545874404604,-0.009825664981570448,True
28736680000125,0.1262860486844051,0.0680384519300321,0.2467690402458961,0.6091715107181459,0.0699432892249527,0.0079395085066162,0.5266181764877631,0.554838868418442,16,23,baixo_baixo,False,0.5336686943256143,0.5062374410506504,0.7246424508470497,0.851173404462626,0.0624,0.0072470588235294,0.8080680300959608,0.4657190081491208,18,25,hhi_alto,False,0.4073826456412092,0.4381989891206183,0.28144985360819774,False
28841729000100,0.1811420840793562,0.1329739713781418,0.3070833993549173,0.7748199034249862,0.0555555555555555,0.0,0.864444744599386,0.4128169421038854,18,18,baixo_baixo,False,0.1707227781630669,0.1346672467788525,0.2978530628950008,0.7515303071150704,0.0416666666666666,0.0,0.8650567124188401,0.5664123635569197,24,24,baixo_baixo,False,-0.010419305916289284,0.0016932754007107087,0.0006119678194540512,True
28842189000189,0.3872454814453527,0.3191616460503918,0.5535937657340607,0.914479001401972,0.1,3.0839528461809905e-17,0.8944892022160699,0.4480852912895461,10,10,baixo_baixo,False,0.3544584553881167,0.2827316170979074,0.5232423051511932,0.9191677955658905,0.1074380165289256,0.0082644628099173,0.8947419051667037,0.4460842321279645,10,11,baixo_baixo,False,-0.03278702605723599,-0.03643002895248443,0.00025270295063384296,True
28842205000133,0.2527267828262349,0.1459734660871256,0.3383564893812401,0.885160365168933,0.14,0.0171428571428571,0.8418183296605164,0.4116258620209482,8,10,baixo_baixo,False,0.2527267828262349,0.1459734660871256,0.3383564893812401,0.885160365168933,0.14,0.0171428571428571,0.8378416395836628,0.4096729482697005,8,10,baixo_baixo,False,0.0,0.0,-0.0039766900768536395,True
28875494000177,0.215128966062161,0.1366418626683771,0.3450830933702029,0.8406486095135898,0.0909090909090909,0.0,0.8621654330946774,0.724787145778751,11,11,baixo_baixo,False,0.4150063573941311,0.394834162821515,0.6225198012625883,0.8873380289064405,0.0363321799307958,0.0031022551008232,0.9833448894254262,0.48926911647382,30,34,critico,False,0.1998773913319701,0.2581923001531379,0.12117945633074878,False
28983143000180,0.4619308785611933,0.3722526916547255,0.6556171409860203,0.9481941446835364,0.15625,0.015625,0.7998226980483192,0.4633381276746283,7,8,hhi_alto,False,0.3073525653472489,0.230391739274721,0.5221820230857899,0.7799501809912974,0.1111111111111111,0.0123456790123456,0.7576290983311958,0.5158774040089252,10,12,baixo_baixo,False,-0.15457831321394438,-0.1418609523800045,-0.04219359971712333,False
28997560000181,0.239746037476268,0.1854421830102871,0.3968201668499848,0.7865237969932017,0.1041666666666666,0.0401785714285713,0.9133604358633292,0.6610226295447527,15,24,baixo_baixo,False,0.1883340860567177,0.1432415352820909,0.3433524650294169,0.7126508555308995,0.0816326530612245,0.0306122448979591,0.9086025118366532,0.6794019363659838,19,28,baixo_baixo,False,-0.051411951419550295,-0.04220064772819618,-0.004757924026675964,True
29063294000182,0.2021164393870784,0.1522487168487707,0.2999389165260168,0.835642497166125,0.0588235294117647,0.0,0.9547949633449686,0.6066646652125699,17,17,oculta,True,0.2021164393870784,0.1522487168487707,0.2999389165260168,0.835642497166125,0.0588235294117647,0.0,0.952772898396992,0.6212821059195338,17,17,oculta,True,0.0,0.0,-0.0020220649479766317,True
29112760000172,0.245938645257943,0.2260949253963099,0.437668747556212,0.7986295219225683,0.0426446280991735,0.0174510656807307,0.9420499680204786,0.5621500489611375,39,55,oculta,True,0.1856021748678652,0.1675044454204844,0.371113942959231,0.677184634496353,0.0349743818222321,0.0135293680849484,0.9345628274834156,0.5435358570557338,46,67,oculta,True,-0.06033647039007781,-0.058590479975825505,-0.007487140537063008,True
29355454000167,0.2813643120195038,0.2614022095756012,0.4795562125100756,0.7935816471712728,0.0303390838786436,0.0034040584308282,0.897172264106986,0.6770506448075098,37,41,baixo_baixo,False,0.1838821416741981,0.1639768280564956,0.290656321773445,0.7398929286785296,0.0277777777777777,0.0040650406504065,0.9097173373445068,0.574988291747465,42,48,baixo_baixo,False,-0.09748217034530568,-0.09742538151910557,0.012545073237520743,True
29505936000156,0.2275140200466698,0.0987663567211148,0.3814602813278347,0.8237579621085297,0.1428571428571428,0.0,0.748568406718412,0.4014183565818778,7,7,baixo_baixo,False,0.2275140200466698,0.0987663567211148,0.3814602813278347,0.8237579621085297,0.1428571428571428,0.0,0.741086757560592,0.3989296410860706,7,7,baixo_baixo,False,0.0,0.0,-0.007481649157820014,True
29578965000148,0.2524217067456877,0.0655271334321096,0.2825744352082722,0.999999529042608,0.2,3.4694469519536136e-17,0.6830184575527872,0.5207042212585637,5,5,baixo_baixo,False,0.2524217067456877,0.0655271334321096,0.2825744352082722,0.999999529042608,0.2,3.4694469519536136e-17,0.6759330800055472,0.5178941015809849,5,5,baixo_baixo,False,0.0,0.0,-0.007085377547240035,True
29937718000190,0.066466552864998,0.0412359191586466,0.1431721513001017,0.4014487114907075,0.0303819444444444,0.004176051051051,0.4796800266183465,0.4715349629798289,38,48,baixo_baixo,False,0.0547782157078703,0.0358737800220277,0.1266757034302572,0.3630393538731389,0.0271771473913905,0.0077206903392184,0.5010093356412425,0.6277618796027625,51,71,baixo_baixo,False,-0.0116883371571277,-0.005362139136618899,0.02132930902289598,True
29957183000110,0.1111111111111111,0.0,0.1111111111111111,0.4444444444444444,0.1111111111111111,0.0,0.0244174839474335,0.4516729834980919,9,9,baixo_baixo,False,0.1111111111111111,0.0,0.1111111111111111,0.4444444444444444,0.1111111111111111,0.0,0.0237939368150002,0.4490488426266891,9,9,baixo_baixo,False,0.0,0.0,-0.000623547132433299,True
30024283000172,0.2514867806601233,0.101784136792148,0.3873123720040307,0.9292200970297584,0.1666666666666666,3.3306690738754695e-17,0.9217677792046488,0.4014183565818778,6,6,baixo_baixo,False,0.2468769649387212,0.1213564590951747,0.3836777381422473,0.9205000687687486,0.1428571428571428,0.0,0.9140836651993828,0.3989296410860706,7,7,baixo_baixo,False,-0.004609815721402122,0.019572322303026704,-0.0076841140052660295,True
30078127000194,0.2885969211566728,0.1463163053880073,0.439376503818391,0.9345468493914983,0.183673469387755,0.0204081632653061,0.631908965350874,0.4014183565818778,6,7,baixo_baixo,False,0.2885969211566728,0.1463163053880073,0.439376503818391,0.9345468493914983,0.183673469387755,0.0204081632653061,0.6244236280434246,0.3989296410860706,6,7,baixo_baixo,False,0.0,0.0,-0.007485337307449491,True
30391653000100,0.2112537677174432,0.1126604886821237,0.2587057088253045,0.8668125646886162,0.12,0.01,0.9700578683895938,0.608425375427692,9,10,oculta,True,0.2414219284449467,0.1571354760499408,0.4096220898608694,0.8455676717954415,0.1074380165289256,0.0082644628099173,0.9786721951796752,0.7349947194743396,10,11,oculta,True,0.0301681607275035,0.044474987367817104,0.00861432679008134,True
30497215000120,0.3513182045005677,0.1891477556257096,0.4181411316450318,0.9941416303797542,0.2222222222222222,0.0277777777777778,0.9525299083914412,0.7722162730065192,5,6,oculta,True,0.3428341218165982,0.2114009461799178,0.4129691977022758,0.9818452202613814,0.183673469387755,0.0204081632653061,0.9637524057489186,0.8765690157888858,6,7,oculta,True,-0.008484082683969496,0.022253190554208213,0.011222497357477379,True
30499841000156,0.2597285393199414,0.1980392509299365,0.459451037277245,0.7598279039982136,0.0769230769230769,1.503427012513233e-17,0.9078984687324662,0.4014183565818778,13,13,baixo_baixo,False,0.2597285393199414,0.1980392509299365,0.459451037277245,0.7598279039982136,0.0769230769230769,1.503427012513233e-17,0.9040288527931568,0.3989296410860706,13,13,baixo_baixo,False,0.0,0.0,-0.0038696159393093454,True
30543746000102,0.5268475726443008,0.432217087173161,0.7128543650617627,0.917709334294462,0.1666666666666666,3.3306690738754695e-17,0.8867742820119366,0.7903505617371908,6,6,hhi_alto,False,0.5268475726443008,0.432217087173161,0.7128543650617627,0.917709334294462,0.1666666666666666,3.3306690738754695e-17,0.8855685056366287,0.8113955754614558,6,6,hhi_alto,False,0.0,0.0,-0.0012057763753079431,True
30613786000183,0.6066300796567208,0.5672930876223928,0.7716303233677355,0.923553271835148,0.0909090909090909,0.0,0.9320438289825738,0.8062001861502183,11,11,critico,False,0.5648059779479148,0.5252428850340889,0.7436906396056581,0.9081191873535592,0.0833333333333333,1.5139404881252137e-17,0.9221831354326616,0.7883010361868031,12,12,hhi_alto,False,-0.041824101708806016,-0.04205020258830394,-0.009860693549912147,False
30629684000156,0.4486140801131598,0.3383368961357918,0.6502602183957197,0.8886251360193016,0.1666666666666666,3.3306690738754695e-17,0.7858932284063505,0.4014183565818778,6,6,hhi_alto,False,0.424116885374814,0.3281363662706163,0.6316457055556569,0.8631871289930629,0.1428571428571428,0.0,0.7690132257557266,0.3989296410860706,7,7,hhi_alto,False,-0.024497194738345773,-0.0102005298651755,-0.016880002650623838,True
30638611000120,0.5197113696941263,0.4510987082218586,0.6575474199717583,0.9812841400928068,0.173469387755102,0.0553935860058308,0.9628507671096076,0.5976374029292767,8,14,critico,False,0.2599082895684482,0.2277303891149024,0.3425949542929024,0.8766533175090269,0.0598958333333333,0.0190217391304347,0.9411926672420832,0.7444310437255244,24,48,oculta,True,-0.25980308012567815,-0.2233683191069562,-0.021658099867524427,False
30649011000168,0.2139197743682739,0.1353117518051012,0.3757036745051181,0.7509515773395252,0.0972222222222222,0.0069444444444444,0.884749767444861,0.9890045759116488,11,12,baixo_baixo,False,0.2139197743682739,0.1353117518051012,0.3757036745051181,0.7509515773395252,0.0972222222222222,0.0069444444444444,0.8920095982745395,0.991074091114176,11,12,baixo_baixo,False,0.0,0.0,0.007259830829678515,True
30695182000123,0.2875659433543475,0.198511686273641,0.4192746204551237,0.9451912410764184,0.1377777777777778,0.03,0.7013767283024692,0.5477879480871509,9,15,baixo_baixo,False,0.2900996203156757,0.2112218003507508,0.4303637599042609,0.939691074530601,0.1412742382271468,0.0458602646968297,0.6971857675595199,0.5437298954025378,10,19,baixo_baixo,False,0.002533676961328224,0.012710114077109813,-0.0041909607429493345,True
30704185000186,0.5287523184484068,0.4698463582544576,0.7044523249052747,0.941566349617752,0.1111111111111111,0.0,0.9581728785601004,0.4355340884816923,9,9,critico,False,0.5169865100701169,0.4730761928037639,0.6965022436626471,0.930940323256363,0.0833333333333333,1.5139404881252137e-17,0.953076766624852,0.4410890335243995,12,12,critico,False,-0.011765808378289888,0.0032298345493063096,-0.005096111935248393,True
30746268000138,0.1857809662581121,0.0953121847312357,0.3707447357059802,0.6568836214688009,0.1,3.0839528461809905e-17,0.6909789558578703,0.5084599212460293,10,10,baixo_baixo,False,0.1857809662581121,0.0953121847312357,0.3707447357059802,0.6568836214688009,0.1,3.0839528461809905e-17,0.6847956350972035,0.5060621076507307,10,10,baixo_baixo,False,0.0,0.0,-0.006183320760666744,True
30747548000160,0.1577921729849882,0.1430165970724441,0.283894998628053,0.7261109135127686,0.0251826220684352,0.0080805628064779,0.9181491561947086,0.7924213695242968,58,102,baixo_baixo,False,0.1373762582629966,0.1263169795227786,0.2638612247544083,0.6748710469466128,0.0185808187981988,0.0059985216033039,0.9127590696508954,0.8068544208099409,79,139,baixo_baixo,False,-0.020415914721991613,-0.016699617549665507,-0.005390086543813233,True
30753960000193,0.144082336126335,0.126250718128967,0.273965506572113,0.669422334293481,0.0289256198347107,0.0086949035812672,0.8249287114097452,0.6174831087121402,49,66,baixo_baixo,False,0.1114688125969793,0.0966599594735957,0.2274582219486914,0.5740439456522692,0.0235262303948079,0.0072516675680547,0.8304285140194381,0.7083622881404281,61,86,baixo_baixo,False,-0.032613523529355704,-0.029590758655371294,0.00549980260969285,True
30753994000188,0.1522520442022804,0.1023845173906499,0.2295326173637484,0.6882977166464485,0.0657596371882086,0.0108043217286914,0.963637883137048,0.6308058300746295,18,21,oculta,True,0.1272773345663872,0.087608122501223,0.2075098589635439,0.622258238269851,0.0502958579881656,0.0071274878967186,0.9589082002740932,0.6529554660364288,23,26,oculta,True,-0.024974709635893183,-0.014776394889426891,-0.0047296828629548315,True
30755320000112,0.2451394860118811,0.1507819217633662,0.4004635110582688,0.8586534158869584,0.1111111111111111,0.0,0.8140780301631373,0.4014183565818778,9,9,baixo_baixo,False,0.2451394860118811,0.1507819217633662,0.4004635110582688,0.8586534158869584,0.1111111111111111,0.0,0.8080444216354236,0.3989296410860706,9,9,baixo_baixo,False,0.0,0.0,-0.00603360852771373,True
30773502000116,0.1951932285164349,0.1674412708790706,0.3704987375794424,0.6867406497856708,0.0413223140495867,0.0082644628099173,0.861763533893353,0.7580295462085951,30,33,baixo_baixo,False,0.1377393403465063,0.1193933688645171,0.2628978453707576,0.6501550759105459,0.0242214532871972,0.0034602076124567,0.8554529036145716,0.6947094061927097,48,51,baixo_baixo,False,-0.05745388816992858,-0.0480479020145535,-0.006310630278781426,True
30784957000137,0.2402399284025072,0.2002525562131655,0.4227336519611527,0.822463801391414,0.05,1.460819769243627e-17,0.9294705969859642,0.7935643208018485,20,20,oculta,True,0.2386280541581227,0.1985558464822344,0.421296982299121,0.8196686399792658,0.0537190082644628,0.0039147455415397,0.9253298430847212,0.791478177308717,20,22,baixo_baixo,False,-0.0016118742443845258,-0.0016967097309311119,-0.004140753901243022,False
30899445000116,0.3957243137680368,0.340790160474222,0.5863045776403975,0.9393561430560348,0.0918367346938775,0.0092764378478664,0.9564734118278364,0.4955837790987378,12,14,oculta,True,0.3058825200429022,0.248039396713144,0.4942753937663037,0.8900782614347554,0.0844444444444444,0.0081481481481481,0.9555303608041932,0.4781004815790031,13,15,oculta,True,-0.08984179372513462,-0.09275076376107799,-0.0009430510236432266,True
30920620000100,0.5139491554973444,0.4329406814135685,0.6487470010318321,0.9828521751027264,0.1428571428571428,0.0,0.9267274924257576,0.5830403117127467,7,7,critico,False,0.5107144603206133,0.4408165260807009,0.646695906662811,0.9797447656523134,0.125,0.0,0.9217903456405064,0.5816800192740943,8,8,hhi_alto,False,-0.0032346951767311394,0.00787584466713237,-0.004937146785251145,False
30935256000151,0.2003979304569667,0.0404775165483601,0.2749655512302542,0.801354898842937,0.1666666666666666,3.3306690738754695e-17,0.6860901176518515,0.519959299129544,6,6,baixo_baixo,False,0.179279744636233,0.0424930354089385,0.2298624774783334,0.7793893953204839,0.15625,0.015625,0.6897062920449752,0.5547308543171033,7,8,baixo_baixo,False,-0.021118185820733687,0.002015518860578401,0.0036161743931237833,True
30957190000109,0.1599215929711999,0.0199085251330665,0.2368127827972362,0.7107327663296987,0.1428571428571428,0.0,0.5880434193321404,0.6607998599037708,7,7,baixo_baixo,False,0.1341008693387601,0.0378898548208445,0.2544016553782614,0.6061437002235743,0.1,3.0839528461809905e-17,0.6298171731724072,0.7291275322386342,10,10,baixo_baixo,False,-0.025820723632439813,0.017981329687778,0.041773753840266714,True
30985841000166,0.5258618570681609,0.4863503451571743,0.7146947854834151,0.8998819347747292,0.0816326530612245,0.0051020408163265,0.8799091971435082,0.4085304265381383,13,14,hhi_alto,False,0.4408648984539107,0.4009266769149043,0.6505290763982924,0.8654442754961542,0.0703125,0.00390625,0.8632413523567568,0.4054352137996138,15,16,hhi_alto,False,-0.08499695861425022,-0.08542366824226999,-0.01666784478675143,True
31010615000122,0.2973092497473966,0.180194124705296,0.4723771330206401,0.8858977676838476,0.1604938271604938,0.0205761316872427,0.8997096907452061,0.451794848885075,7,9,baixo_baixo,False,0.0644367962846992,0.0391513042923938,0.1885225453777151,0.3685803372703676,0.0297458085451595,0.0035227222896233,0.8273671321960162,0.4806330838625157,38,43,baixo_baixo,False,-0.2328724534626974,-0.1410428204129022,-0.07234255854918992,True
31015782000166,0.673153055672089,0.6077836668065069,0.8081988022999722,0.9967260572597428,0.1666666666666666,3.3306690738754695e-17,0.9597559740298623,0.4014183565818779,6,6,critico,False,0.673153055672089,0.6077836668065069,0.8081988022999722,0.9967260572597428,0.1666666666666666,3.3306690738754695e-17,0.9576218164895278,0.3989296410860706,6,6,critico,False,0.0,0.0,-0.0021341575403345248,True
31030781000190,0.170337688761652,0.051814501441888,0.2244986139468656,0.7509697946121733,0.125,0.0,0.8465624534140845,0.4014183565818778,8,8,baixo_baixo,False,0.1574993298894834,0.0638881443216482,0.2023196451242381,0.747054459011202,0.1074380165289256,0.0082644628099173,0.8404428615157159,0.4077096470935745,10,11,baixo_baixo,False,-0.01283835887216861,0.012073642879760205,-0.006119591898368637,True
31030892000105,0.0751682532741398,0.0559009252173511,0.1683439552430231,0.4568210024339769,0.0595585172844648,0.0399659863945578,0.8767065056825513,0.9381851010128456,49,196,baixo_baixo,False,0.0704350363023661,0.0535338551442273,0.1580328505623154,0.4393395555516946,0.0540625172686916,0.0368636539463042,0.8893391574283321,0.9774658459865044,56,233,baixo_baixo,False,-0.004733216971773702,-0.0023670700731237976,0.012632651745780876,True
31049535000180,0.4740444186866911,0.3688533024240293,0.6580000745733419,0.955745108317779,0.183673469387755,0.0204081632653061,0.9078614401949135,0.9869569428335128,6,7,hhi_alto,False,0.2823858049080356,0.2271847129778845,0.4764276691085967,0.83600255905182,0.078125,0.0072115384615384,0.8977145201153377,0.9892391087179334,14,16,baixo_baixo,False,-0.1916586137786555,-0.1416685894461448,-0.01014692007957585,False
31178434000100,0.2764168234258567,0.0955210292823208,0.3549896402367256,0.9916569562369608,0.2,3.4694469519536136e-17,0.7751744322749691,0.4615014646738912,5,5,baixo_baixo,False,0.1464668708512404,0.0962590397248427,0.2982665285730891,0.6287832530438161,0.0581717451523545,0.002770083102493,0.8650407343653197,0.4622641078833996,18,19,baixo_baixo,False,-0.1299499525746163,0.0007380104425219053,0.08986630209035062,True
31294097000116,0.1638476146264833,0.099528200366982,0.3058126652233234,0.7165576243303773,0.0795847750865051,0.0087836039393132,0.8128595858826433,0.7309535173595241,14,17,baixo_baixo,False,0.1638476146264833,0.099528200366982,0.3058126652233234,0.7165576243303773,0.0795847750865051,0.0087836039393132,0.8084701067658058,0.7281293480062466,14,17,baixo_baixo,False,0.0,0.0,-0.004389479116837514,True
31417180000135,0.2893779132035863,0.1472534958443035,0.4318791307853645,0.943772621641578,0.3061224489795919,0.1673469387755103,0.2040589376978491,0.4675402267046455,6,14,baixo_baixo,False,0.2263329597545378,0.0973884530469608,0.303633560994874,0.875434528861634,0.3217993079584775,0.2087658592848904,0.2136664796641671,0.4452914927316608,7,17,baixo_baixo,False,-0.06304495344904851,-0.049865042797342704,0.009607541966317995,True
31442430000197,0.2943362219489376,0.1935271107987858,0.3765664364355037,0.94438384332331,0.14,0.0171428571428571,0.9508444021501544,0.7331922003786746,8,10,oculta,True,0.2802216131054513,0.1902493147436328,0.3670035336843004,0.920401220392296,0.1239669421487603,0.0144628099173553,0.9452280423347746,0.7377635415542336,9,11,oculta,True,-0.01411460884348631,-0.0032777960551529928,-0.005616359815379779,True
31724255000120,0.0689780950775965,0.0331695602728886,0.1029343518550733,0.3839769057976006,0.0405827263267429,0.0036820619546946,0.6455572831344623,0.6433732472095948,27,31,baixo_baixo,False,0.0689780950775965,0.0331695602728886,0.1029343518550733,0.3839769057976006,0.0405827263267429,0.0036820619546946,0.647274567446987,0.6484938840000541,27,31,baixo_baixo,False,0.0,0.0,0.001717284312524714,True
32001836000105,0.0831494973114049,0.0651720364743737,0.204137781135543,0.4898152507052852,0.0357666015625,0.0168600643382352,0.8547541115090327,0.477410169942718,52,128,baixo_baixo,False,0.0747205924008422,0.0578973304444939,0.1910985214899676,0.4597098133497364,0.0333673469387755,0.0157922077922077,0.8503856130207746,0.5849373293171777,56,140,baixo_baixo,False,-0.00842890491056271,-0.007274706029879799,-0.0043684984882580435,True
32257384000119,0.6769897463314996,0.5962371829143744,0.8158917290409718,0.9915908020287482,0.2,3.4694469519536136e-17,0.9603357635910292,0.4651961237086861,5,5,critico,False,0.6232719869112642,0.547926384293517,0.7817528214280133,0.9501002150116332,0.1666666666666666,3.3306690738754695e-17,0.953921076229966,0.4789747908726969,6,6,critico,False,-0.05371775942023538,-0.04831079862085741,-0.006414687361063209,True
32370759000152,0.2711013554827988,0.2597123141622176,0.4707209759722495,0.7549086783374387,0.0170132325141776,0.0016540642722117,0.9355119194941004,0.469212208047318,65,69,oculta,True,0.1772550967919538,0.1651559070388943,0.3361896877696267,0.7587937329738859,0.0159504597485456,0.0014791429801419,0.9481427453353756,0.7259246447142608,69,73,oculta,True,-0.09384625869084498,-0.09455640712332328,0.012630825841275173,True
32402447000183,0.2853353394299633,0.183240387919958,0.374680386276555,0.9113861963204116,0.125,0.0,0.5873073353636635,0.6194719612226052,8,8,baixo_baixo,False,0.2585832296974706,0.1526665482256807,0.349303439545101,0.917387972388798,0.1358024691358024,0.0123456790123456,0.5749478357242538,0.6323220141434673,8,9,baixo_baixo,False,-0.0267521097324927,-0.030573839694277294,-0.012359499639409743,True
32467800000103,0.3618460846095787,0.042769126914368,0.4474803500191298,1.0,0.3888888888888889,0.0833333333333333,0.7530474435334172,0.9820094835636756,3,6,baixo_baixo,False,0.2623069953173812,0.0778837441467265,0.3358144423717231,0.9922426863812132,0.25,0.0624999999999999,0.7765924502412566,0.9753963571453252,5,8,baixo_baixo,False,-0.09953908929219746,0.035114617232358494,0.023545006707839322,True
32504706000187,0.0759148186346559,0.0684625187849354,0.219574667862232,0.4345793053074446,0.0102233710119208,0.0022413014233072,0.8119606503529997,0.6622383851816147,125,161,baixo_baixo,False,0.0692053096305302,0.0627414576140755,0.2089424505217633,0.4135361600726869,0.0094401041666666,0.0025612160011574,0.8055585711081498,0.6858916887193459,145,192,baixo_baixo,False,-0.006709509004125702,-0.005721061170859895,-0.006402079244849923,True
32531313000162,0.2059716532995205,0.1492553428209148,0.3254292208811334,0.8523370995192817,0.0726643598615916,0.0064260998517053,0.9447436830833584,0.6107271605033401,15,17,oculta,True,0.2849184807437279,0.2472826113091872,0.4227774252398246,0.8743705974347522,0.1022222222222221,0.054970760233918,0.9799711492717076,0.6548958260316564,20,30,oculta,True,0.07894682744420739,0.0980272684882724,0.035227466188349155,True
32538167000105,0.4573118554288259,0.2764158072384346,0.4894303863376028,1.0,0.28,0.04,0.5127197991721343,0.4204615367591934,4,5,hhi_alto,False,0.392866705586286,0.2714400467035432,0.4506745135172389,0.98017511581496,0.1875,0.025,0.539520316865403,0.6419402989076881,6,8,hhi_alto,False,-0.0644451498425399,-0.004975760534891405,0.026800517693268744,True
32556060000181,0.9543321261291212,0.9429151576614014,0.97677139079722,0.998547506592982,0.2,3.4694469519536136e-17,0.9813025647835802,0.4038413202957923,5,5,critico,False,0.9543321261291212,0.9429151576614014,0.97677139079722,0.998547506592982,0.2,3.4694469519536136e-17,0.9801609981738288,0.841959612399153,5,5,critico,False,0.0,0.0,-0.0011415666097513988,True
32557811000184,0.1657437540079214,0.0614617232589116,0.2951777764002815,0.6820361745949424,0.1111111111111111,0.0,0.4013913332648469,0.4101876805973369,9,9,baixo_baixo,False,0.1657437540079214,0.0614617232589116,0.2951777764002815,0.6820361745949424,0.1111111111111111,0.0,0.3931544516956524,0.4077775154085388,9,9,baixo_baixo,False,0.0,0.0,-0.008236881569194499,True
32579624000100,0.116770275845462,0.0852263571256571,0.1970310686390314,0.6161164508638376,0.04,0.0057142857142857,0.8268846539884549,0.993713107274216,29,35,baixo_baixo,False,0.1107478600975131,0.0800839932043238,0.1910949233018978,0.5975541153794421,0.0385802469135802,0.0054278416347382,0.8473694280707986,0.9950571133951652,30,36,baixo_baixo,False,-0.0060224157479489004,-0.005142363921333298,0.020484774082343726,True
32988237000119,0.4535639418534601,0.3169549273168251,0.6140907509160187,0.9781588389590868,0.2222222222222222,0.0277777777777778,0.6206689278473649,0.4653170344029909,5,6,hhi_alto,False,0.3693736627983596,0.2432483953580315,0.5444377902047863,0.9611919558020215,0.183673469387755,0.0204081632653061,0.5857914979222114,0.4556795993287764,6,7,hhi_alto,False,-0.08419027905510051,-0.07370653195879362,-0.034877429925153525,True
33002067000114,0.1611609326947199,0.0679565918830221,0.2508145263827082,0.722643833439288,0.1074380165289256,0.0082644628099173,0.4366424297342186,0.7016670375731513,10,11,baixo_baixo,False,0.1309552073380574,0.0519511352778808,0.2239178010426964,0.6252798972513034,0.1020408163265306,0.0204081632653061,0.411977391349758,0.7275989270407419,12,14,baixo_baixo,False,-0.030205725356662494,-0.0160054566051413,-0.024665038384460547,True
33098125000155,0.1135089522830469,0.0396346983066341,0.1901579264748672,0.5558925013154967,0.0933333333333333,0.0177777777777777,0.525007933724179,0.4878102220966777,13,15,baixo_baixo,False,0.1135089522830469,0.0396346983066341,0.1901579264748672,0.5558925013154967,0.0933333333333333,0.0177777777777777,0.5173864235184956,0.4851139588319243,13,15,baixo_baixo,False,0.0,0.0,-0.007621510205683357,True
33103241000115,0.0943753380205516,0.0120458232951472,0.1511627906976744,0.4418604651162791,0.0833333333333333,1.5139404881252137e-17,0.1733765773526372,0.4014183565818778,12,12,baixo_baixo,False,0.0943753380205516,0.0120458232951472,0.1511627906976744,0.4418604651162791,0.0833333333333333,1.5139404881252137e-17,0.1769255099162918,0.4618700337184752,12,12,baixo_baixo,False,0.0,0.0,0.0035489325636546,True
33318128000157,0.8670862381228951,0.8227816508305268,0.9301958594100818,1.0,0.28,0.04,0.7411435923196771,0.8611580285453188,4,5,hhi_alto,False,0.8199061303297437,0.7748826629121797,0.9041006698239392,0.9885429205346262,0.2222222222222222,0.0277777777777778,0.731500207445223,0.8602251743933973,5,6,hhi_alto,False,-0.047180107793151405,-0.047898987918347125,-0.009643384874454042,True
33840043000134,0.8934888954617242,0.8914406049898342,0.9450993941396448,0.9678886492577008,0.020808561236623,0.0019779566450196,0.9645053040170686,0.901630593013052,53,58,critico,False,0.8631907715376059,0.8608719710551924,0.9289011083222322,0.951299772915887,0.0183654729109274,0.0017275995704347,0.9568577304657434,0.8950496708803037,60,66,critico,False,-0.030298123924118237,-0.03056863393464182,-0.007647573551325171,True
34481804000171,0.4909269321785254,0.3636586652231567,0.5194709823252536,0.9999999848369648,0.2,3.4694469519536136e-17,0.8842543553112472,0.7019670964589402,5,5,hhi_alto,False,0.4909269321785254,0.3636586652231567,0.5194709823252536,0.9999999848369648,0.2,3.4694469519536136e-17,0.8900257200883122,0.7038886632532289,5,5,hhi_alto,False,0.0,0.0,0.005771364777064969,True
34550730000188,0.0939355178560184,0.060377574072908,0.2417894027734587,0.4646050538015003,0.0397923875432525,0.0042291426374471,0.523766974722552,0.572655356851489,28,34,baixo_baixo,False,0.0847923984329285,0.0532335156202709,0.2154229680378139,0.4548907296914484,0.0372534696859021,0.0040553134681746,0.5263853464675435,0.5609930433667819,30,37,baixo_baixo,False,-0.009143119423089902,-0.007144058452637103,0.0026183717449915767,True
34833539000143,0.1334377207377691,0.0824634690164614,0.2719843250494774,0.6340556440931822,0.0659722222222222,0.0110294117647058,0.7686151343144764,0.6027541345323572,18,24,baixo_baixo,False,0.1305014988096007,0.0821960265212452,0.2688372396889523,0.6267190917572307,0.0623999999999999,0.0103111111111111,0.7664831121128016,0.6135259613090109,19,25,baixo_baixo,False,-0.002936221928168392,-0.0002674424952161941,-0.0021320222016747437,True
34906284000100,0.4568241076739592,0.321030134592449,0.6271226586983456,0.9931810728081044,0.2,3.4694469519536136e-17,0.5036283262692486,0.411048356388548,5,5,hhi_alto,False,0.7281394269740802,0.6979326966378668,0.8475295498977895,0.9920119527032496,0.1,3.0839528461809905e-17,0.9838648073211396,0.4457427466910883,10,10,critico,False,0.271315319300121,0.37690256204541783,0.480236481051891,False
35001011000170,0.279585914961903,0.1766696170993177,0.4407507086444988,0.8975447430836573,0.14,0.0171428571428571,0.4013278573153355,0.5390813450356251,8,10,baixo_baixo,False,0.2185692999647847,0.1208904624603827,0.3411390205472296,0.8638435991303797,0.1239669421487603,0.0144628099173553,0.4848555242405074,0.6420210725510124,9,11,baixo_baixo,False,-0.0610166149971183,-0.055779154638935,0.08352766692517188,True
35182004000112,0.3803652710940691,0.2254565888675863,0.4661331991942832,0.9926289709460996,0.2,3.4694469519536136e-17,0.5351135449901183,0.41135799569031,5,5,baixo_baixo,False,0.2565086200587879,0.1635721975661364,0.3405130968931242,0.9458553876592044,0.1111111111111111,0.0,0.5073663669613898,0.4203881823046912,9,9,baixo_baixo,False,-0.1238566510352812,-0.061884391301449904,-0.027747178028728503,True
35250517000113,0.4184490109007662,0.1276735163511493,0.5687124368333941,1.0,0.4285714285714285,0.1428571428571428,0.6608246553748527,0.4014183565818778,3,7,hhi_alto,False,0.3787162817041553,0.1716217089388737,0.5390985334053803,1.0,0.34375,0.125,0.6402501404010443,0.4260674892401904,4,8,hhi_alto,False,-0.039732729196610916,0.04394819258772442,-0.020574514973808355,True
35306813000199,0.3337480424703791,0.200497650964455,0.5034814439271246,0.9476736884700716,0.183673469387755,0.0204081632653061,0.4837611238529664,0.4764897244621857,6,7,baixo_baixo,False,0.3337480424703791,0.200497650964455,0.5034814439271246,0.9476736884700716,0.183673469387755,0.0204081632653061,0.4779670655713411,0.4739126653515202,6,7,baixo_baixo,False,0.0,0.0,-0.0057940582816252695,True
35607532000176,0.7337743638448398,0.720463082037082,0.8551956075747058,0.9206746595916274,0.0476190476190476,0.0,0.9755404859443269,0.410394998082328,21,21,critico,False,0.3855954936010421,0.3685287017566266,0.6128581201888735,0.7351481680444975,0.027027027027027,0.0,0.960341650816626,0.470875138315508,37,37,critico,False,-0.34817887024379773,-0.3519343802804554,-0.015198835127700816,True
36330231000100,0.261938164978845,0.1389278591419858,0.4004356084453386,0.9458072782815397,0.15625,0.015625,0.4757268466531873,0.5963960464605992,7,8,baixo_baixo,False,0.2334549092816458,0.1376367729418516,0.3765966169435489,0.8895008679779658,0.1239669421487603,0.0144628099173553,0.4626062483957012,0.6019684883729367,9,11,baixo_baixo,False,-0.028483255697199172,-0.0012910862001342116,-0.013120598257486127,True
36975571000199,0.3000687360402337,0.2709049333752435,0.4841018531513548,0.8322273566225336,0.0425240054869684,0.0026291723822587,0.9203048921159124,0.5697211834034701,25,27,baixo_baixo,False,0.2357356674374217,0.2084405127030439,0.4227547601247181,0.7628255673041303,0.037109375,0.0027204241071428,0.9077752421590936,0.5469014034573795,29,32,baixo_baixo,False,-0.06433306860281202,-0.06246442067219962,-0.012529649956818822,True
37382116000142,0.1706184385348138,0.101503308412715,0.3491964152669657,0.661649322555563,0.0816326530612245,0.0051020408163265,0.8273355581405689,0.7757550775128574,13,14,baixo_baixo,False,0.1616762697874872,0.0971898290019093,0.3390303663790872,0.6423869273371321,0.0755555555555555,0.0044444444444444,0.8127874419812041,0.8132260527910413,14,15,baixo_baixo,False,-0.00894216874732659,-0.004313479410805704,-0.014548116159364799,True
37622644000121,0.1310057052947103,0.0641599903173803,0.2205277914445862,0.6393492593395713,0.0714285714285714,0.0,0.5637171168294671,0.670534460226264,14,14,baixo_baixo,False,0.1613796300979348,0.1014781751049301,0.3000022030718707,0.6915723530941651,0.0703125,0.00390625,0.5855801112885811,0.6265654077214682,15,16,baixo_baixo,False,0.030373924803224484,0.037318184787549794,0.021862994459113994,True
39215827000158,0.6850744216262316,0.6063430270327894,0.8217560203912733,0.978343798487921,0.2244897959183673,0.0306122448979591,0.9274929391481804,0.4014183565818778,5,7,critico,False,0.4597830864050831,0.3517397036860998,0.6337190616293522,0.9586558403273086,0.1875,0.025,0.9246814134939824,0.3989296410860706,6,8,hhi_alto,False,-0.22529133522114847,-0.2546033233466896,-0.002811525654198066,False
39223581000166,0.5946210488921236,0.5675957854849318,0.7325949280920311,0.9862638753479164,0.074792243767313,0.0131117266851338,0.991176356594281,0.7339777411572062,16,19,critico,False,0.4410568836139824,0.4081778767677461,0.613056067750964,0.977723328327758,0.0661157024793388,0.011181332036947,0.9898293249913374,0.6801854107739966,18,22,critico,False,-0.15356416527814126,-0.15941790871718575,-0.0013470316029436935,True
39250220000109,0.5390278272475472,0.4237847840594339,0.7005699250270382,0.990188672209358,0.2,3.4694469519536136e-17,0.8692148987405068,0.8384187378670507,5,5,hhi_alto,False,0.5390278272475472,0.4237847840594339,0.7005699250270382,0.990188672209358,0.2,3.4694469519536136e-17,0.87058014022985,0.8409057401537883,5,5,hhi_alto,False,0.0,0.0,0.0013652414893431386,True
39563911000162,0.153776667391191,0.1264791405328423,0.350538399196063,0.602755443048589,0.0383991346673877,0.0073797519147228,0.9574771270790629,0.4206033330711874,32,43,oculta,True,0.1385783083388173,0.1152966409966232,0.3305931168302807,0.5684592645509172,0.032069970845481,0.0059096997872508,0.9533838889881492,0.4218203149154834,38,49,oculta,True,-0.015198359052373711,-0.011182499536219082,-0.0040932380909136645,True
39750948000108,0.3989915519420918,0.3131332022195335,0.596208785541623,0.9002306845041324,0.1358024691358024,0.0123456790123456,0.7373519279582389,0.7170215534829942,8,9,hhi_alto,False,0.3989915519420918,0.3131332022195335,0.596208785541623,0.9002306845041324,0.1358024691358024,0.0123456790123456,0.7373745683661275,0.7150096881382293,8,9,hhi_alto,False,0.0,0.0,2.2640407888574465e-05,True
39754247000139,0.1548738810625763,0.0703612691688339,0.2413107957782272,0.7137157240175194,0.0909090909090909,0.0,0.4336935299490176,0.4126408355710217,11,11,baixo_baixo,False,0.2045838227331664,0.1477683814998211,0.3743444182587606,0.7263037052083363,0.0666666666666666,0.0,0.7129833399741252,0.6913128172112389,15,15,baixo_baixo,False,0.04970994167059009,0.07740711233098721,0.2792898100251076,True
39758701000120,0.237908630249455,0.1532318113882834,0.3296625787130481,0.874461730595703,0.219467401285583,0.1327415569839811,0.9103952613166072,0.4014183565818778,10,33,baixo_baixo,False,0.1845284304677455,0.1165724663400576,0.3204977307486727,0.7431085583896677,0.2026143790849672,0.1361655773420478,0.9156113038363412,0.4160636721256808,13,51,baixo_baixo,False,-0.05338019978170949,-0.036659345048225794,0.005216042519733954,True
40637159000136,0.0671721717114473,0.0525967368944387,0.170451456658835,0.4240025005023112,0.0171658144631117,0.0018090303140978,0.9053894882826856,0.5473128788040182,65,74,baixo_baixo,False,0.0605630047363624,0.0480371781328472,0.1603525302857989,0.3988811544106402,0.0145328719723183,0.0013933102652825,0.8957920138026984,0.5545925894232298,76,85,baixo_baixo,False,-0.006609166975084908,-0.004559558761591503,-0.009597474479987267,True
40933406000141,0.4118420366029358,0.2648025457536697,0.6082742716321722,0.9336516165638988,0.28,0.1,0.806164258306818,0.7549813097068554,5,10,hhi_alto,False,0.4118420366029358,0.2648025457536697,0.6082742716321722,0.9336516165638988,0.28,0.1,0.801574553300773,0.7528940122609904,5,10,hhi_alto,False,0.0,0.0,-0.004589705006045053,True
41090291000133,0.233455091092799,0.0801461093113588,0.3605138582980108,0.8955237649642589,0.1666666666666666,3.3306690738754695e-17,0.911333542414688,0.4947832750782158,6,6,baixo_baixo,False,0.2862216042377681,0.1969993047674892,0.4830940927670369,0.8361703720493041,0.1111111111111111,0.0,0.939007797155542,0.4639086894400955,9,9,oculta,True,0.05276651314496911,0.11685319545613039,0.027674254740853943,False
41102337000197,0.1509479561891764,0.0094392822207057,0.2138690252164095,0.6589721072220132,0.1428571428571428,0.0,0.7728172958843899,0.9974292580149402,7,7,baixo_baixo,False,0.1509479561891764,0.0094392822207057,0.2138690252164095,0.6589721072220132,0.1428571428571428,0.0,0.8016106891187532,0.9980393136014766,7,7,baixo_baixo,False,0.0,0.0,0.028793393234363363,True
41256744000159,0.3596643399432976,0.2315972079319571,0.5039988053361651,0.97925930842238,0.1666666666666666,3.3306690738754695e-17,0.5565984230504286,0.569872838608422,6,6,baixo_baixo,False,0.1959456471024721,0.1066062745583023,0.2916672117922854,0.8182165498217409,0.1074380165289256,0.0082644628099173,0.527478998806368,0.5441449958071539,10,11,baixo_baixo,False,-0.16371869284082552,-0.1249909333736548,-0.029119424244060665,True
41464724000173,0.3243846773613297,0.2117821235882179,0.4304325200001176,0.9344060825054468,0.1428571428571428,0.0,0.9139691892709972,0.9798219431028072,7,7,baixo_baixo,False,0.3243846773613297,0.2117821235882179,0.4304325200001176,0.9344060825054468,0.1428571428571428,0.0,0.9102172264688648,0.9803641377204282,7,7,baixo_baixo,False,0.0,0.0,-0.0037519628021324136,True
41593983000102,0.6454018385813256,0.626738777454027,0.800372045450058,0.8951006183875411,0.05,1.460819769243627e-17,0.9461471146668065,0.4227781656087316,20,20,critico,False,0.513699482755009,0.4942474620652093,0.7114523022837413,0.8215657704040087,0.0384615384615384,0.0,0.9304745465544236,0.4433365963458706,26,26,critico,False,-0.13170235582631662,-0.13249131538881764,-0.015672568112382823,True
41683884000103,0.1481850315307468,0.1033526647692072,0.2789182735052337,0.6551646687021302,0.0537190082644628,0.0039147455415397,0.8739279059751017,0.8495713974543615,20,22,baixo_baixo,False,0.1255076574212343,0.081783040292296,0.2362776164879333,0.6442419863772108,0.0527999999999999,0.0054399999999999,0.8668355035610464,0.8222659148336253,21,25,baixo_baixo,False,-0.02267737410951251,-0.0215696244769112,-0.007092402414055288,True
41714199000105,0.2233397181437381,0.1635966195394103,0.4021534514854366,0.7947139152797952,0.0755555555555555,0.0044444444444444,0.6583160583648167,0.6143838680584744,14,15,baixo_baixo,False,0.2122562663652836,0.1559888568199468,0.3913851356477509,0.7734341515261164,0.0703125,0.00390625,0.6530075064129122,0.6263356398408171,15,16,baixo_baixo,False,-0.01108345177845449,-0.007607762719463507,-0.005308551951904494,True
41761645000124,0.5060076642054999,0.3825095802568748,0.6876306900434294,0.9941826175540188,0.2,3.4694469519536136e-17,0.8539866237099211,0.9638934012330622,5,5,hhi_alto,False,0.5060076642054999,0.3825095802568748,0.6876306900434294,0.9941826175540188,0.2,3.4694469519536136e-17,0.8502039436824328,0.9652095898869228,5,5,hhi_alto,False,0.0,0.0,-0.003782680027488272,True
41779117000100,0.3815292296138355,0.3622020180392679,0.6051891002347504,0.7869327798094065,0.0303030303030303,3.5778671692021654e-18,0.8678487877037261,0.887374299637435,33,33,baixo_baixo,False,0.3815292296138355,0.3622020180392679,0.6051891002347504,0.7869327798094065,0.0303030303030303,3.5778671692021654e-18,0.8766722470510195,0.9013244440698056,33,33,hhi_alto,False,0.0,0.0,0.00882345934729345,False
41851556000179,0.4772353250441606,0.4336716021311739,0.6740759644120573,0.8973169870138925,0.0769230769230769,1.503427012513233e-17,0.8249425284320775,0.9156044281012624,13,13,hhi_alto,False,0.4772288262880179,0.4398880281657334,0.674071374762441,0.8973108773604074,0.0666666666666666,0.0,0.8216007179014493,0.9194672138056652,15,15,hhi_alto,False,-6.498756142725437e-06,0.006216426034559519,-0.0033418105306282087,True
41863890000142,0.1595478233742213,0.1070195623351102,0.3300324813842772,0.6286087418866154,0.0637119113573407,0.0051939058171745,0.5694968909843537,0.6136173342233282,17,19,baixo_baixo,False,0.1590139341341598,0.1064523050175447,0.3294209335885338,0.6274439344444106,0.065,0.0065625,0.5665083434516566,0.6370922380537536,17,20,baixo_baixo,False,-0.0005338892400615081,-0.0005672573175655032,-0.002988547532697172,True
41923828000107,0.1404225844923429,0.0974437137169601,0.2913732510364712,0.6433821946106368,0.0495867768595041,0.0020661157024793,0.8828381057894878,0.5987793932583747,21,22,baixo_baixo,False,0.1251401222341376,0.0853737641538712,0.2686310844749068,0.5931651448968025,0.0451388888888888,0.0017361111111111,0.8877623466476344,0.6264921235036587,23,24,baixo_baixo,False,-0.015282462258205315,-0.012069949563088905,0.004924240858146578,True
42399307000157,0.2608181954008862,0.1552207947438699,0.4501518575228535,0.823568859438008,0.125,0.0,0.8328224733668906,0.9810989740584684,8,8,baixo_baixo,False,0.2608181954008862,0.1552207947438699,0.4501518575228535,0.823568859438008,0.125,0.0,0.8262169636125264,0.9815284657026652,8,8,baixo_baixo,False,0.0,0.0,-0.006605509754364247,True
43008975000179,0.9698409276965008,0.9668250204661508,0.9847197718291644,0.9988081638526604,0.0909090909090909,0.0,0.9904750035404278,0.4086294249576093,11,11,critico,False,0.6365373554586997,0.6085786904939843,0.7828406589947754,0.9981212818905064,0.0859375,0.015625,0.9818215789220834,0.4393705935124175,14,16,critico,False,-0.33330357223780105,-0.35824632997216654,-0.008653424618344396,True
43355376000121,0.2300496019882636,0.1933852973210381,0.3388389005434208,0.7778376397914623,0.0495999999999999,0.0043428571428571,0.9102718211233748,0.875722370796545,22,25,baixo_baixo,False,0.18258170037488,0.1470417743042227,0.2947813725363688,0.7057002615662871,0.0452674897119341,0.0037573805689747,0.9065328300854608,0.8482899181057383,24,27,baixo_baixo,False,-0.0474679016133836,-0.04634352301681541,-0.0037389910379139746,True
43467992000174,0.3253453889187437,0.2289661587642786,0.5018691345806201,0.9034271790042931,0.125,0.0,0.7523146077926417,0.4116826480173431,8,8,baixo_baixo,False,0.2347387984657929,0.1497097760731032,0.3308886163500929,0.8664281793486509,0.1,3.0839528461809905e-17,0.8067643213954082,0.6346966823646552,10,10,baixo_baixo,False,-0.0906065904529508,-0.07925638269117538,0.054449713602766514,True
43939047000128,0.5568461870645682,0.5291490737561038,0.7417951009502634,0.846656655764575,0.0617283950617283,0.0030864197530864,0.8558286215766614,0.4781052594862524,17,18,hhi_alto,False,0.556539316096478,0.5288230233525079,0.7415905575751031,0.8464231977520456,0.0929705215419501,0.0362811791383219,0.8519674647113147,0.476154392536594,17,21,hhi_alto,False,-0.00030687096809023373,-0.0003260504035959011,-0.0038611568653467154,True
44239770000167,0.221375041133578,0.197780345410353,0.3616368995376737,0.806475640461894,0.03625,0.0070454545454545,0.9469339141485568,0.6234155185212158,34,40,oculta,True,0.1379470999189369,0.1183549885534582,0.2535795757395225,0.6681722314621446,0.0265282583621684,0.0044039005976722,0.94712214622029,0.621125821327772,45,51,oculta,True,-0.08342794121464112,-0.0794253568568948,0.00018823207173324086,True
44318534000136,0.2002281464912465,0.179721175888458,0.3508556812873709,0.7647796626485922,0.0346680999731255,0.0099159999724364,0.8217003505817554,0.8430540317051469,40,61,baixo_baixo,False,0.195064484913207,0.1758993536016167,0.346234396096975,0.7547063900256554,0.0319526627218935,0.0089039165962243,0.8134016007410407,0.8474001099159054,43,65,baixo_baixo,False,-0.005163661578039519,-0.003821822286841303,-0.008298749840714659,True
44392215000170,0.3017400041854542,0.2899050890021568,0.4777752151720414,0.8114889592643676,0.0184896413455112,0.0018538725547572,0.8695850767695276,0.4307992970863807,60,67,baixo_baixo,False,0.2781331429039814,0.2682445558204743,0.4582386032561802,0.7783065245802131,0.0167871900826446,0.0033185214536397,0.854414591070458,0.4336017200761664,74,88,baixo_baixo,False,-0.023606861281472824,-0.021660533181682484,-0.015170485699069536,True
44483469000102,0.1854708851383727,0.0949676501537474,0.3481207943952789,0.7138374245138182,0.1074380165289256,0.0082644628099173,0.7323674280250442,0.4049977569679956,10,11,baixo_baixo,False,0.1854708851383727,0.0949676501537474,0.3481207943952789,0.7138374245138182,0.1074380165289256,0.0082644628099173,0.7249859661219322,0.4025333031354171,10,11,baixo_baixo,False,0.0,0.0,-0.007381461903111952,True
44490662000162,0.842921455342953,0.8036518191786912,0.9169412752921196,0.99095042230158,0.2,3.4694469519536136e-17,0.9262170779418604,0.4313443677238094,5,5,critico,False,0.842921455342953,0.8036518191786912,0.9169412752921196,0.99095042230158,0.2,3.4694469519536136e-17,0.949481232726494,0.842458550292169,5,5,critico,False,0.0,0.0,0.023264154784633617,True
44497659000170,0.0560089464147997,0.035924030381072,0.1183265973847688,0.3418481946080001,0.0248724489795918,0.0041250542770299,0.408665781101478,0.4195013029847347,48,56,baixo_baixo,False,0.0503009095663645,0.034204314813252,0.1170440250772914,0.3176253543273948,0.0220947883285545,0.0055201237239537,0.4289884996339868,0.4135451443882482,60,77,baixo_baixo,False,-0.005708036848435197,-0.001719715567820003,0.020322718532508777,True
44534082000120,0.3591796267620204,0.2523762312223571,0.5443848139613694,0.970664807139767,0.1428571428571428,0.0,0.9627925609767428,0.7273511916766945,7,7,oculta,True,0.3591796267620204,0.2523762312223571,0.5443848139613694,0.970664807139767,0.1428571428571428,0.0,0.9609518020740532,0.7239841575200956,7,7,oculta,True,0.0,0.0,-0.0018407589026896432,True
44544005000150,0.3601074716331475,0.2686942532950258,0.4581685202656953,0.948799723577073,0.2088888888888889,0.0958730158730158,0.8972969237936633,0.4134984302322819,8,15,baixo_baixo,False,0.3579371111335205,0.2776792500252106,0.4567798859614431,0.9459240658534476,0.1875,0.0859375,0.8913441942172686,0.4111603605722086,9,16,baixo_baixo,False,-0.0021703604996269887,0.008984996730184824,-0.0059527295763947,True
44552129000188,0.336278853256664,0.17034856657083,0.4623344779796147,0.9668150831301408,0.2,3.4694469519536136e-17,0.6001062030550968,0.7230453376627938,5,5,baixo_baixo,False,0.336278853256664,0.17034856657083,0.4623344779796147,0.9668150831301408,0.2,3.4694469519536136e-17,0.6533832173022444,0.8669396759227279,5,5,baixo_baixo,False,0.0,0.0,0.05327701424714759,True
44616474000138,0.044121653039547,0.0279203251249631,0.1305255593071081,0.3121961584315846,0.0225,0.0059322033898305,0.4662802929884029,0.5587683813185752,60,80,baixo_baixo,False,0.0433473696428405,0.0276645396369854,0.1285303880417471,0.3074240294496031,0.0228373702422145,0.0068183107379885,0.4632798373296837,0.5806773792167292,62,85,baixo_baixo,False,-0.0007742833967065016,-0.00025578548797770134,-0.0030004556587192033,True
44621400000190,0.493745185732357,0.3671814821654462,0.6730689527896339,0.9992540407864638,0.25,0.0624999999999999,0.8833166129601564,0.9838316978623924,5,8,hhi_alto,False,0.493745185732357,0.3671814821654462,0.6730689527896339,0.9992540407864638,0.25,0.0624999999999999,0.8811465977234217,0.98443985094713,5,8,hhi_alto,False,0.0,0.0,-0.002170015236734657,True
44699908000100,0.1606597628405275,0.1471220170798909,0.2775484331112465,0.7359471209072747,0.0288022106493782,0.0131377301759811,0.7751028042678664,0.5251460277276805,63,97,baixo_baixo,False,0.1202703629172668,0.1086949729556518,0.2330073173949451,0.6245918356605143,0.02272,0.0098610526315789,0.7397709309717371,0.5086597109293686,77,125,baixo_baixo,False,-0.040389399923260697,-0.0384270441242391,-0.0353318732961293,True
44761693000100,0.1853777391488275,0.0835499565424309,0.2852867918643209,0.7813825006443418,0.12,0.01,0.7144995534433196,0.4545311313339575,9,10,baixo_baixo,False,0.1853777391488275,0.0835499565424309,0.2852867918643209,0.7813825006443418,0.12,0.01,0.7075064479269795,0.4523895562705324,9,10,baixo_baixo,False,0.0,0.0,-0.006993105516340137,True
44798711000129,0.6625019808747534,0.5950023770497042,0.804324458882902,0.9934760385879065,0.2098765432098765,0.0518518518518518,0.8452847883032828,0.4284559873085117,6,9,hhi_alto,False,0.57804533780216,0.5177661003453258,0.7496108487058896,0.9491156480403764,0.1570247933884297,0.0365997638724911,0.8241114584913332,0.4481323419601838,8,11,hhi_alto,False,-0.08445664307259337,-0.07723627670437838,-0.021173329811949637,True
44848243000150,0.1680900227941227,0.1126293576470642,0.2171266240290016,0.7594777299177988,0.0657439446366782,0.0034602076124567,0.902920284028211,0.5525691545558362,16,17,baixo_baixo,False,0.1644832913010939,0.1122634970074122,0.214510177079028,0.750325774468287,0.07,0.011875,0.8968464302014509,0.5558938859937756,17,20,baixo_baixo,False,-0.0036067314930287864,-0.00036586063965199367,-0.006073853826760067,True
44956238000160,0.454772128500849,0.4440813859224343,0.6684948295564129,0.7913407906369336,0.0306122448979591,0.0116046418567426,0.9019272806821684,0.5323270438697453,52,84,hhi_alto,False,0.2762445891691171,0.2637660476030674,0.4980383614815144,0.7350289405215502,0.0295867768595041,0.0128555143915645,0.8989899561493773,0.6222217317703485,59,110,baixo_baixo,False,-0.17852753933173193,-0.1803153383193669,-0.0029373245327911635,False
45084018000157,0.147171580743376,0.0618887388177136,0.249290823418752,0.6891589002033024,0.0972222222222222,0.0069444444444444,0.7125239623175279,0.9905746419785976,11,12,baixo_baixo,False,0.1429138831641835,0.0572052714806018,0.2427022687952983,0.6709449884517189,0.1005917159763313,0.0106508875739645,0.7821696310004398,0.993581352783227,11,13,baixo_baixo,False,-0.004257697579192504,-0.0046834673371117935,0.06964566868291189,True
45102052000107,0.183349643214764,0.1091087016888334,0.3679475923665515,0.6544655049209311,0.0918367346938775,0.0092764378478664,0.7738180769317783,0.8260313390371637,12,14,baixo_baixo,False,0.183349643214764,0.1091087016888334,0.3679475923665515,0.6544655049209311,0.0918367346938775,0.0092764378478664,0.7808625986383577,0.8627973508999287,12,14,baixo_baixo,False,0.0,0.0,0.007044521706579432,True
45193699000191,0.2871159988098402,0.2667478844901213,0.4393986539294349,0.7889046390579728,0.1637051039697542,0.1398109640831757,0.9071390164467816,0.6615927098190424,36,115,baixo_baixo,False,0.3199930082720896,0.304178892185394,0.5011038418587854,0.7998875980154536,0.143982356647763,0.1240749695930598,0.9109717594373096,0.6386114181155089,44,138,baixo_baixo,False,0.03287700946224942,0.03743100769527269,0.0038327429905279375,True
45253346000130,0.2365211535446824,0.0456514419308529,0.3196265916357054,0.934435570946522,0.2222222222222222,0.0277777777777778,0.7246172826673264,0.4014183565818778,5,6,baixo_baixo,False,0.2365211535446824,0.0456514419308529,0.3196265916357054,0.934435570946522,0.2222222222222222,0.0277777777777778,0.7171916513763265,0.3989296410860706,5,6,baixo_baixo,False,0.0,0.0,-0.0074256312909999345,True
45271342000184,0.18154713121985,0.099701844341835,0.3008108733103672,0.7468446018688014,0.1005917159763313,0.0106508875739645,0.7026210788673606,0.6007589563874766,11,13,baixo_baixo,False,0.1725755852084509,0.0973551838637646,0.292659470450302,0.7266065328232838,0.0918367346938775,0.0092764378478664,0.6871111902728452,0.5923458662118279,12,14,baixo_baixo,False,-0.0089715460113991,-0.002346660478070403,-0.015509888594515409,True
45310125000156,0.1757201606792526,0.0726851807641592,0.2574801278157762,0.7752836682775679,0.12,0.01,0.2636896840017865,0.5766134750208621,9,10,baixo_baixo,False,0.1757201606792526,0.0726851807641592,0.2574801278157762,0.7752836682775679,0.12,0.01,0.2644409535425899,0.6669808073070558,9,10,baixo_baixo,False,0.0,0.0,0.0007512695408034009,True
45316509000186,0.2262822536960857,0.2143789037529485,0.4428030010020493,0.6894392722210937,0.0372314453125,0.0224196213942307,0.9584766653388004,0.4163453793319026,66,128,oculta,True,0.1780534739517829,0.1673788437433644,0.3203264224421838,0.7148048781818026,0.0311506675143038,0.0185682086508532,0.96461258464279,0.4299884842453679,78,143,oculta,True,-0.04822877974430281,-0.047000060009584094,0.006135919303989601,True
45359973000150,0.1435720930886203,0.0984969400932845,0.257865867981094,0.6599919178480036,0.0521541950113378,0.0022675736961451,0.9155516809772348,0.4482580099424527,20,21,baixo_baixo,False,0.1864335437678223,0.151061089149032,0.3703921393758372,0.6898815208377882,0.0480109739368998,0.006620146716765,0.9228536841119402,0.5057682099507552,24,27,baixo_baixo,False,0.04286145067920202,0.052564149055747494,0.007302003134705415,True
45400604000163,0.0719054208672308,0.0230583377549798,0.0937542616083677,0.3528166068800528,0.05,1.460819769243627e-17,0.6479717172370387,0.5823922373331362,20,20,baixo_baixo,False,0.0658177400296456,0.0191086270311279,0.0858391774172222,0.3262784318829579,0.0495867768595041,0.0020661157024793,0.6571132323896818,0.6187544403217687,21,22,baixo_baixo,False,-0.006087680837585194,-0.003949710723851901,0.009141515152643054,True
45519461000103,0.2769276879519031,0.2111938414020762,0.4913691137120889,0.7664864736370576,0.12,0.04,0.7467520334094472,0.5105699151167387,12,15,baixo_baixo,False,0.2562948388289542,0.1990867495081045,0.4687301598442586,0.7485214934948954,0.1172839506172839,0.0493827160493827,0.738715648382856,0.5289196809542847,14,18,baixo_baixo,False,-0.020632849122948882,-0.012107091893971689,-0.008036385026591208,True
45557047000199,0.6961299103078269,0.6527198974946593,0.8299600654670017,0.961109653141223,0.125,0.0,0.9338996066752352,0.4248592670445615,8,8,critico,False,0.6929293051618804,0.6545454683071156,0.828046733044888,0.9588939775478112,0.1111111111111111,0.0,0.9298991362580452,0.4224070961356916,9,9,critico,False,-0.0032006051459464446,0.0018255708124562675,-0.004000470417189983,True
45579061000193,0.18067615253768,0.1123991652491533,0.3660160725641204,0.6568975004696633,0.1724336793540946,0.1034698193002691,0.7426042675537821,0.4939047654127866,13,102,baixo_baixo,False,0.1699822108627156,0.1146476915868966,0.3545296085603012,0.6362824781825702,0.1629931972789115,0.1071927437641723,0.7337240139411201,0.508135565394309,16,105,baixo_baixo,False,-0.010693941674964402,0.0022485263377432924,-0.008880253612661981,True
45704567000187,0.088713009939486,0.0279605439354518,0.1682440900535295,0.4560391456642712,0.072,0.0101333333333333,0.6678078012034561,0.6518593315134361,16,25,baixo_baixo,False,0.0812449085138255,0.0238227152959396,0.1597930987563041,0.4331320536530354,0.0688775510204081,0.0106823979591836,0.6543699556651557,0.6488801417900865,17,28,baixo_baixo,False,-0.007468101425660498,-0.0041378286395122,-0.013437845538300408,True
45742707000101,0.0323194316394438,0.0205184490984614,0.0762576791653267,0.251102023647907,0.0135808057944771,0.0015513034261171,0.7639344462852369,0.6481390116286896,83,94,baixo_baixo,False,0.0322424680381019,0.0205827387373561,0.0761650858355412,0.250797131435871,0.0134072022160664,0.0015205420018022,0.7810097025812472,0.6865189773687351,84,95,baixo_baixo,False,-7.696360134189922e-05,6.428963889469966e-05,0.017075256296010366,True
45767829000152,0.0703865210009277,0.0551469557714347,0.1844909365352251,0.4444136244072903,0.0203813280736357,0.0043220055830396,0.6705787313522358,0.4868653773608309,62,78,baixo_baixo,False,0.0831598894990385,0.0755195552448638,0.2622437124377333,0.3835150732918206,0.0098194802618528,0.0015679759307015,0.8606668168298522,0.6422217817427056,121,142,baixo_baixo,False,0.01277336849811081,0.0203725994734291,0.19008808547761646,True
45788709000131,0.1288076765093059,0.0852480603347712,0.2110021474961763,0.6471984606707453,0.0718336483931947,0.0254253308128544,0.6464343068683092,0.6398819416334316,21,46,baixo_baixo,False,0.1038146042965283,0.0648500218746382,0.1661126125512674,0.5780690740967072,0.0701530612244898,0.0297249334516415,0.641990657814745,0.6684566787076773,24,56,baixo_baixo,False,-0.024993072212777606,-0.020398038460132994,-0.004443649053564203,True
45806848000140,0.7657003885712814,0.7188404662855378,0.8727727554014647,0.9744407447682596,0.1666666666666666,3.3306690738754695e-17,0.9188048582281316,0.9019158179491896,6,6,hhi_alto,False,0.6688039496662919,0.6136046079440072,0.8127978509323301,0.9535378060188414,0.1428571428571428,0.0,0.9096787371672478,0.8739706310435029,7,7,hhi_alto,False,-0.09689643890498956,-0.1052358583415306,-0.00912612106088384,True
45812676000118,0.3119534726995062,0.2136611116565785,0.4606656727399462,0.9203729161422736,0.1358024691358024,0.0123456790123456,0.5839906342878273,0.7732199331967708,8,9,baixo_baixo,False,0.3030164581369652,0.2158935154040858,0.4538552516119186,0.9067662431803442,0.12,0.01,0.5698623418674106,0.7659788679587567,9,10,baixo_baixo,False,-0.00893701456254098,0.0022324037475073,-0.014128292420416688,True
45845902000167,0.2650144329611342,0.1915158762572476,0.4606106638266501,0.8201693375420326,0.1326530612244898,0.0459183673469387,0.7968514127428494,0.5608213441061594,11,14,baixo_baixo,False,0.2184408269051956,0.1533108958139618,0.4126777684889549,0.7348194008102497,0.109375,0.0351562499999999,0.7815537574270733,0.5917564474233408,13,16,baixo_baixo,False,-0.046573606055938604,-0.038204980443285824,-0.015297655315776093,True
45916929000101,0.3009129977952537,0.2135271225196605,0.5054015413620254,0.8264288439487653,0.2991735537190082,0.2115702479338842,0.8973957145041457,0.4079395011722102,9,55,baixo_baixo,False,0.3160456258447136,0.240050695383015,0.5239832734832287,0.8305360744422919,0.3324661810613943,0.2582957567348826,0.8948736996018882,0.4051915526755872,10,62,baixo_baixo,False,0.015132628049459862,0.026523572863354494,-0.0025220149022574523,True
45959954000164,0.255074539563064,0.1805819935193704,0.4589295850051728,0.7647876618222679,0.0972222222222222,0.0069444444444444,0.6546084394773314,0.4659473766790411,11,12,baixo_baixo,False,0.2450241994796482,0.1763900357959799,0.4494016515266569,0.7489097445880801,0.0887573964497041,0.0059171597633136,0.6488357297112101,0.4620218818453711,12,13,baixo_baixo,False,-0.010050340083415765,-0.00419195772339051,-0.00577270976612132,True
45965982000194,0.3530111835216372,0.3314448896390251,0.5782596419118887,0.7815270237717649,0.0383673469387755,0.006312925170068,0.9037023874876258,0.4637477702000636,31,35,baixo_baixo,False,0.349995791988875,0.3290279143110968,0.5756073076705697,0.7799809027134031,0.0372534696859021,0.0061971299983505,0.9029874821266802,0.4862244522377508,32,37,baixo_baixo,False,-0.0030153915327622016,-0.0024169753279282835,-0.0007149053609455391,True
46008811000130,0.3355042806125468,0.1693803507656835,0.46217488233837,0.9651391297167864,0.2345679012345679,0.0432098765432098,0.4968439601021462,0.6673924542064363,5,9,baixo_baixo,False,0.1934615538714033,0.1038461709682258,0.3368351284175642,0.7915095277547639,0.12,0.0222222222222222,0.4895026121539672,0.509261636541949,10,15,baixo_baixo,False,-0.1420427267411435,-0.0655341797974577,-0.007341347948179033,True
46139952000191,0.1107130183847558,0.1023235185581969,0.2148133576082187,0.5923951323235882,0.0134480903711672,0.0041409968841028,0.9138390928889096,0.6218886982313048,107,143,baixo_baixo,False,0.0968230429643417,0.0890370347140343,0.1991368852759039,0.5491638081402669,0.0123017285708634,0.0037870882999226,0.9039230172886764,0.6188027875685315,117,159,baixo_baixo,False,-0.013889975420414105,-0.013286483844162589,-0.00991607560023322,True
46190305000104,0.1213716907427891,0.0976249796817834,0.2146997239123325,0.6229880376276814,0.1651790439886074,0.1426163154477589,0.8629613144814604,0.5933130994575557,38,1271,baixo_baixo,False,0.2241124953879331,0.2036944031612998,0.4302593873112992,0.7275936200971416,0.1694416997842212,0.1475849024101218,0.911885526316104,0.511837021935316,39,1484,baixo_baixo,False,0.102740804645144,0.10606942347951641,0.04892421183464357,True
46251021000180,0.2438662668186099,0.2147842001577872,0.4466012199145929,0.7716607320178072,0.0422222222222222,0.0053846153846153,0.916692966135625,0.4907428842598488,27,30,baixo_baixo,False,0.1554975415796826,0.1299065579911882,0.2556682330831973,0.7137582387623345,0.03625,0.0070454545454545,0.9356560915007984,0.6326010336906119,34,40,oculta,True,-0.0883687252389273,-0.08487764216659902,0.018963125365173417,False
46335839000181,0.2276991762124623,0.182269715989666,0.4249013332260645,0.7429285297661259,0.0657596371882086,0.0108043217286914,0.6796814458117553,0.6795010380152109,18,21,baixo_baixo,False,0.2147621876412834,0.1790695598067963,0.4123991010719732,0.721068713788349,0.0502958579881656,0.0071274878967186,0.6754517394938787,0.6825595586262809,23,26,baixo_baixo,False,-0.012936988571178892,-0.0032001561828696734,-0.004229706317876558,True
46378766000105,0.4067713142680494,0.3408570158533883,0.6107816210760831,0.8811860058472386,0.1,3.0839528461809905e-17,0.8814266353073718,0.8096835456898358,10,10,hhi_alto,False,0.4067713142680494,0.3408570158533883,0.6107816210760831,0.8811860058472386,0.1,3.0839528461809905e-17,0.879822601308659,0.8091727331232201,10,10,hhi_alto,False,0.0,0.0,-0.0016040339987127838,True
46392072000122,0.337864199881878,0.2642935554243089,0.5316230335303221,0.8869781892204509,0.1074380165289256,0.0082644628099173,0.742951229367452,0.8112627959768983,10,11,baixo_baixo,False,0.279095621297256,0.2135588595970066,0.4787651962580314,0.8007493078673115,0.0887573964497041,0.0059171597633136,0.7298563281332693,0.8024834322935651,12,13,baixo_baixo,False,-0.05876857858462198,-0.05073469582730228,-0.013094901234182665,True
46392114000125,0.0685506741276978,0.0596797281670092,0.1992785355289156,0.4359822353026492,0.0134140903686087,0.004018034086405,0.866513044290506,0.4635166822545847,106,232,baixo_baixo,False,0.9096023235897014,0.9089226418121804,0.95359888884918,0.9789872099979834,0.0113610069878291,0.0039276311005195,0.997284268587254,0.400204038508807,134,294,critico,False,0.8410516494620036,0.8492429136451712,0.13077122429674803,False
46392130000118,0.1665029654127573,0.1023878089060463,0.2857454530910525,0.7254135298436933,0.0802469135802469,0.0094966761633428,0.7014649142635004,0.6372003612760867,14,18,baixo_baixo,False,0.1560621858929929,0.0997996649525257,0.2759268077672674,0.7004872253808868,0.07,0.008,0.7279453347601137,0.6699486017388238,16,20,baixo_baixo,False,-0.01044077951976441,-0.0025881439535206108,0.026480420496613255,True
46439865000150,0.7423069342991335,0.677883667873917,0.8575138326363259,0.9901240957344232,0.2222222222222222,0.0277777777777778,0.9674196394710004,0.4098700464457396,5,6,critico,False,0.7264338184598854,0.6717205821518625,0.8482274906908006,0.9794016670440008,0.183673469387755,0.0204081632653061,0.9691300660027042,0.4410746233858235,6,7,critico,False,-0.01587311583924811,-0.006163085722054484,0.0017104265317038347,True
46561593000166,0.1750017985329535,0.1000019620359492,0.3256981934101913,0.7144320320049391,0.0833333333333333,1.5139404881252137e-17,0.4259189140863698,0.5684490169598444,12,12,baixo_baixo,False,0.1351958885529837,0.0843250584678651,0.2662478669030546,0.6101572593993094,0.06,0.0047058823529411,0.4448771472198668,0.4932520610191364,18,20,baixo_baixo,False,-0.0398059099799698,-0.0156769035680841,0.018958233133497038,True
46634242000138,0.4836799916881203,0.4320479908569324,0.6753344087043942,0.9495362957860414,0.0909090909090909,0.0,0.913704525061485,0.4016278171742928,11,11,hhi_alto,False,0.2256533733869319,0.1919861287515811,0.405075215452547,0.7662399428073672,0.0432,0.0016,0.8893243421004337,0.4455640678106973,24,25,baixo_baixo,False,-0.25802661830118845,-0.2400618621053513,-0.024380182961051378,False
46675997000180,0.0646612620774571,0.0578834451359893,0.2070071488077366,0.4079121558404905,0.0115626696696092,0.004400080319389,0.6730464358665,0.6189661573467656,139,223,baixo_baixo,False,0.0545815930955013,0.0486727280523482,0.155984206155736,0.4063245026608927,0.0112044412959562,0.005024469054056,0.6972759867331333,0.5739001778031502,161,263,baixo_baixo,False,-0.010079668981955794,-0.009210717083641101,0.024229550866633254,True
46709309000156,0.2222442885307124,0.2160222428389581,0.4436074471838979,0.6719696272732384,0.0136027559537587,0.0057115780013888,0.7843733527443273,0.4810449915434486,126,271,baixo_baixo,False,0.2250603155400481,0.2197525094821033,0.4526761391721747,0.6531874833587219,0.0127841838977265,0.0060224317326424,0.7945858210067472,0.6874316125743408,147,327,baixo_baixo,False,0.0028160270093356976,0.003730266643145186,0.01021246826241995,True
46711362000191,0.1043281968464226,0.0446167433028508,0.1963541131891467,0.548400675294521,0.0625,0.0,0.4230427795399929,0.5878203079247608,16,16,baixo_baixo,False,0.0613919943065986,0.025291686395314,0.1267463066522323,0.3847806626117354,0.037037037037037,0.0,0.4263406334208461,0.6609721222332909,27,27,baixo_baixo,False,-0.042936202539824,-0.0193250569075368,0.0032978538808531854,True
46712907000184,0.0879241995327551,0.0618648909479767,0.1857283636579793,0.5223706926233739,0.0526315789473684,0.025563909774436,0.4262871816424235,0.4333877652659718,36,95,baixo_baixo,False,0.0743968481677488,0.0523586778860285,0.1682448443447749,0.4731973842860917,0.0492452701318216,0.0266082527540078,0.4046604365087909,0.4841470246136777,43,121,baixo_baixo,False,-0.013527351365006296,-0.009506213061948203,-0.021626745133632608,True
46755690000190,0.5054808696883557,0.423061014636415,0.687481830710114,0.9583236403144646,0.1428571428571428,0.0,0.9346814016843976,0.8478054364228604,7,7,critico,False,0.3293309450151257,0.2548121611279174,0.4549739235731799,0.9141397028368848,0.1,3.0839528461809905e-17,0.9556973849212168,0.9075840029974038,10,10,oculta,True,-0.17614992467322999,-0.1682488535084976,0.02101598323681919,False
46854998000192,0.7515697971352886,0.744471791339154,0.8662103332631841,0.9142297094202216,0.029585798816568,0.0018596787827556,0.9649134324023512,0.4317273177547905,36,39,critico,False,0.6761335367239147,0.6695240170652191,0.8212744592978513,0.8708155342399688,0.021003915984336,0.001024404065649,0.9526068897950826,0.4369069463403282,50,53,critico,False,-0.07543626041137386,-0.07494777427393484,-0.0123065426072686,True
46965083000154,0.1563639892356454,0.1212124887871306,0.2579443400375102,0.7471286972199165,0.04,0.0,0.919839221201082,0.6596904288473681,25,25,baixo_baixo,False,0.1830693617775286,0.1597284863997437,0.3689959556378457,0.6931474060633269,0.0277777777777777,0.0,0.9283683857630662,0.7214837764977445,36,36,oculta,True,0.02670537254188321,0.03851599761261311,0.00852916456198427,False
46969952000119,0.3642871047090216,0.2371445256508259,0.4583367475154846,0.938592479457159,0.6506122448979593,0.5807346938775512,0.8130117635141911,0.4014183565818778,6,35,baixo_baixo,False,0.4002009355069286,0.2802411226083143,0.5175839038871906,0.9507125020811056,0.7671957671957672,0.7206349206349206,0.8412863042103631,0.3989296410860706,6,63,hhi_alto,False,0.035913830797907,0.04309659695748841,0.028274540696171968,False
47018676000176,0.3231904203879504,0.261662276786855,0.5166912115782886,0.8889033336924789,0.0833333333333333,1.5139404881252137e-17,0.9892705013379222,0.426690362485348,12,12,oculta,True,0.2654912486387298,0.2165239985479785,0.465396871612461,0.8006577650173268,0.0625,0.0,0.9861298003865704,0.4460798748969827,16,16,oculta,True,-0.05769917174922057,-0.045138278238876506,-0.0031407009513517714,True
47223323000108,0.2,3.4694469519536136e-17,0.2,0.8,0.2,3.4694469519536136e-17,0.0023150861563708,0.4014183565818779,5,5,baixo_baixo,False,0.1428571428571428,0.0,0.1428571428571428,0.5714285714285714,0.1428571428571428,0.0,0.10619419368867,0.4633686144954372,7,7,baixo_baixo,False,-0.05714285714285722,-3.4694469519536136e-17,0.1038791075322992,True
47987136000109,0.1553859245537242,0.1169943756698026,0.3296500108313575,0.6430995825589862,0.0577777777777777,0.0149494949494949,0.2211394470659417,0.4206607434492032,23,30,baixo_baixo,False,0.1553859245537242,0.1169943756698026,0.3296500108313575,0.6430995825589862,0.0577777777777777,0.0149494949494949,0.2159860265458978,0.4182310887781768,23,30,baixo_baixo,False,0.0,0.0,-0.0051534205200439165,True
48197395000190,0.1020061619936797,0.0789806789678766,0.235258637967028,0.532753562130224,0.0304709141274238,0.0056111939768449,0.8949769324797168,0.7118870597554805,40,57,baixo_baixo,False,0.0991202688132647,0.0791007192313373,0.2310732373453372,0.5245609509569914,0.0298367423531619,0.0082775588498988,0.8914677211722675,0.7594396357392094,46,73,baixo_baixo,False,-0.002885893180415003,0.00012004026346069951,-0.0035092113074493003,True
48211262000121,0.1755536915558131,0.1321617805850664,0.3448313909493566,0.7032779111962786,0.0521541950113378,0.0022675736961451,0.7415599495007542,0.5178880469813416,20,21,baixo_baixo,False,0.3209215603832061,0.2975050624653856,0.545160046258299,0.7615474527870182,0.03515625,0.0018857758620689,0.8705509045985623,0.7218450609322533,30,32,baixo_baixo,False,0.14536786882739297,0.16534328188031922,0.1289909550978081,True
48344022000103,0.166051313071143,0.0618077272050358,0.2445857531501395,0.7438943930067392,0.1111111111111111,0.0,0.5745806603779433,0.6815235725429467,9,9,baixo_baixo,False,0.1281825868841791,0.041000845572597,0.1931507773918615,0.6352278205415851,0.0972222222222222,0.0069444444444444,0.5973371077087068,0.7049691941693169,11,12,baixo_baixo,False,-0.03786872618696388,-0.020806881632438802,0.02275644733076354,True
48626721000138,0.2364654624362808,0.1410236452408159,0.370327731159481,0.8412770149150967,0.1111111111111111,0.0,0.8428590914467391,0.429687838488397,9,9,baixo_baixo,False,0.2364654624362808,0.1410236452408159,0.370327731159481,0.8412770149150967,0.1111111111111111,0.0,0.8373784325829617,0.4273439792625947,9,9,baixo_baixo,False,0.0,0.0,-0.0054806588637773546,True
48962625000160,0.3083541891258194,0.3002171795861231,0.4992633648357374,0.8350950739311902,0.0152066115702479,0.0036208070004861,0.915597380372018,0.532136303393023,86,110,baixo_baixo,False,0.2800423761058875,0.2734973067977592,0.4752144360332919,0.7948695268737734,0.0126958936718905,0.0037204017961804,0.9014432709821708,0.5352085514953866,111,142,baixo_baixo,False,-0.02831181301993191,-0.026719872788363908,-0.01415410938984718,True
48971139000109,0.610385859363399,0.5779180143103487,0.775730973784364,0.9193849774802164,0.0769230769230769,1.503427012513233e-17,0.626779427736446,0.4188696354994533,13,13,hhi_alto,False,0.5527260855878809,0.5183203998638718,0.7364702651894155,0.8892119283521484,0.0714285714285714,0.0,0.6016324087451786,0.4155600078921296,14,14,hhi_alto,False,-0.05765977377551801,-0.05959761444647693,-0.025147018991267367,True
49095809000133,0.2460073249041929,0.1622303610046588,0.4188735095084286,0.8284387188055589,0.1,3.0839528461809905e-17,0.8161292040012911,0.6574073816954896,10,10,baixo_baixo,False,0.2460073249041929,0.1622303610046588,0.4188735095084286,0.8284387188055589,0.1,3.0839528461809905e-17,0.812734910240009,0.6545091120766086,10,10,baixo_baixo,False,0.0,0.0,-0.0033942937612820856,True
49123521000125,0.4085500253089782,0.349405027839876,0.6183711801081435,0.8712746165161952,0.0972222222222222,0.0069444444444444,0.8122134121627465,0.4623744593838051,11,12,hhi_alto,False,0.3021290137723394,0.2386861968425521,0.4962760528742615,0.8539279825142885,0.0887573964497041,0.0059171597633136,0.8136893822969213,0.4482776180326244,12,13,baixo_baixo,False,-0.1064210115366388,-0.11071883099732388,0.0014759701341748865,False
49139093000129,0.0650117809133981,0.0446859500636894,0.1668578856070816,0.4083396772002755,0.0481453927091082,0.0274529012462628,0.6692965729872472,0.6843232529517657,47,97,baixo_baixo,False,0.0749787540588417,0.0584605175241782,0.1741364595559439,0.4579534260444122,0.0362680144798852,0.0190585147384546,0.7030041999505683,0.7097348531229243,57,121,baixo_baixo,False,0.009966973145443606,0.013774567460488794,0.03370762696332108,True
49269236000117,0.8900460588588377,0.8625575735735471,0.9429554493720352,0.9913541769525728,0.2222222222222222,0.0277777777777778,0.9937888102790672,0.8365042502393528,5,6,critico,False,0.8900460588588377,0.8625575735735471,0.9429554493720352,0.9913541769525728,0.2222222222222222,0.0277777777777778,0.9933109059033546,0.8328430721429749,5,6,critico,False,0.0,0.0,-0.00047790437571260114,True
49269244000163,0.212052902141468,0.1991357366028036,0.435361166846573,0.6299473227812241,0.0184487204919658,0.0023577159098669,0.8403142048929058,0.4465821602801665,62,71,baixo_baixo,False,0.0202574438482354,0.0171372446248221,0.1072309231739896,0.1852712138374199,0.0055540313976527,0.0023870060199383,0.7824475991924986,0.4942275775528816,315,405,baixo_baixo,False,-0.19179545829323258,-0.18199849197798149,-0.05786660570040714,True
49269251000165,0.5347546976629955,0.4924596701778134,0.7143796433770712,0.9304999262429254,0.0833333333333333,1.5139404881252137e-17,0.802972085947994,0.4460883285559326,12,12,hhi_alto,False,0.1094330694130133,0.064904722883664,0.1188488579766027,0.474331988696529,0.0476190476190476,0.0,0.8806575791182696,0.405637473986062,21,21,baixo_baixo,False,-0.42532162824998226,-0.4275549472941494,0.07768549317027562,False
49286753000102,0.128950640564021,0.0874720996384982,0.2386643678763541,0.6389125240584786,0.0527999999999999,0.007695238095238,0.8255069318901002,0.7520214977345692,22,25,baixo_baixo,False,0.128950640564021,0.0874720996384982,0.2386643678763541,0.6389125240584786,0.0527999999999999,0.007695238095238,0.8270452496763882,0.7575370608549205,22,25,baixo_baixo,False,0.0,0.0,0.0015383177862879904,True
49381616000149,0.6502452681541164,0.6113836312823516,0.8001519661394736,0.9572360214218948,0.1111111111111111,0.0123456790123456,0.913162950989266,0.9173803179046922,10,12,hhi_alto,False,0.6502452681541164,0.6113836312823516,0.8001519661394736,0.9572360214218948,0.1111111111111111,0.0123456790123456,0.9114739437588008,0.9197339321745042,10,12,hhi_alto,False,0.0,0.0,-0.0016890072304652781,True
49413800000123,0.4819915289897115,0.3783898347876538,0.6069416700010065,0.9881330884867872,0.1666666666666666,3.3306690738754695e-17,0.9150822912603436,0.4046962142152719,6,6,hhi_alto,False,0.4291839571152983,0.3476388081317694,0.571593770382482,0.9456245487262468,0.125,0.0,0.8941988648538808,0.4020282095943484,8,8,hhi_alto,False,-0.052807571874413206,-0.030751026655884417,-0.02088342640646279,True
49576082000106,0.7150037148350223,0.6742899598114541,0.8363423943647736,0.9846135286782964,0.125,0.0,0.9238178020566712,0.4824001193410908,8,8,critico,False,0.5299740867671641,0.4628275277339018,0.6590301437454077,0.987875601577535,0.1358024691358024,0.0123456790123456,0.9320312168309792,0.5904272241853024,8,9,critico,False,-0.18502962806785828,-0.21146243207755233,0.008213414774308037,True
49962743000131,0.6562705974861299,0.6133044221718963,0.8041546596882483,0.9614514927275,0.1111111111111111,0.0,0.8483985569423655,0.4398637378195374,9,9,hhi_alto,False,0.6562705974861299,0.6133044221718963,0.8041546596882483,0.9614514927275,0.1111111111111111,0.0,0.844036291773987,0.4372714203642495,9,9,hhi_alto,False,0.0,0.0,-0.004362265168378565,True
50062751000100,0.0517445217544912,0.0435699055627196,0.1608269202266662,0.3578114623669456,0.0163248648097133,0.007844906747728,0.6066333796071645,0.4673131869260459,117,198,baixo_baixo,False,0.046020043760958,0.0383266570170948,0.1311590403580626,0.330004767791915,0.0156221207591982,0.0076835894749982,0.6189136229477281,0.460156017503316,125,221,baixo_baixo,False,-0.005724477993533199,-0.005243248545624801,0.012280243340563657,True
50457753000107,0.1638791705892756,0.1418759908679407,0.3724677795987935,0.5622984612612688,0.0275824770146024,0.0019925421991972,0.6457459828585338,0.403494874998184,39,43,baixo_baixo,False,0.132834434616296,0.1154911233086219,0.3328286313301747,0.5024569573836436,0.0208264462809917,0.0012429752066115,0.6170567108925465,0.4075005791057012,51,55,baixo_baixo,False,-0.031044735972979604,-0.026384867559318792,-0.02868927196598725,True
50525166000108,0.1426333407536923,0.0997650077913769,0.3299181352395017,0.5816630197982623,0.0520833333333333,0.0046875,0.8941805678529169,0.4616996108235931,21,24,baixo_baixo,False,0.0835477101389559,0.0557764286280152,0.2377467274710684,0.4344796207821673,0.0335305719921104,0.004243619628235,0.8808410220888836,0.4994487903703606,34,39,baixo_baixo,False,-0.0590856306147364,-0.0439885791633617,-0.01333954576403329,True
50563382000130,0.2361726531068641,0.1406942347452222,0.3960331100931323,0.849564730998097,0.3339100346020761,0.2506487889273356,0.923173294260778,0.4102484776340461,9,34,baixo_baixo,False,0.2189130678198723,0.1321256309109693,0.3798262399951108,0.8147979782083902,0.300925925925926,0.2232510288065844,0.9147461592472904,0.4074527238111058,10,36,baixo_baixo,False,-0.017259585286991813,-0.008568603834252897,-0.008427135013487574,True
50634611000160,0.5203146267278508,0.4834157518607624,0.622816641509327,0.99258608478231,0.0714285714285714,0.0,0.9926379694060824,0.5659850196982779,14,14,critico,False,0.5203146267278508,0.4834157518607624,0.622816641509327,0.99258608478231,0.0714285714285714,0.0,0.9922935740508486,0.5630528325555673,14,14,critico,False,0.0,0.0,-0.00034439535523378417,True
50727113000161,0.4095659479742151,0.335761691470992,0.5406164415864319,0.930414785098014,0.1239669421487603,0.0144628099173553,0.9140994067964004,0.5862954491496525,9,11,hhi_alto,False,0.4095659479742151,0.335761691470992,0.5406164415864319,0.930414785098014,0.1239669421487603,0.0144628099173553,0.9113520047868782,0.5845021275120255,9,11,hhi_alto,False,0.0,0.0,-0.0027474020095222818,True
50765274000140,0.3180600297755113,0.1816720357306136,0.4001088296016516,0.961856291577976,0.1875,0.025,0.7931009664590086,0.4014183565818778,6,8,baixo_baixo,False,0.3180600297755113,0.1816720357306136,0.4001088296016516,0.961856291577976,0.1875,0.025,0.785320800920802,0.3989296410860706,6,8,baixo_baixo,False,0.0,0.0,-0.007780165538206596,True
50797752000101,0.9448058921746054,0.9310073652182568,0.9718994295372914,0.9957743503063596,0.2222222222222222,0.0277777777777778,0.9703156295705516,0.8410003456651787,5,6,critico,False,0.7888031592643365,0.7624035541723786,0.8863019964828068,0.9633534676384712,0.12,0.01,0.9504815427965686,0.8254935731096037,9,10,critico,False,-0.1560027329102689,-0.16860381104587818,-0.019834086773983017,True
50818947000182,0.3520710442448092,0.1900888053060114,0.4601475362786512,0.9801340150202776,0.2222222222222222,0.0277777777777778,0.5603101705659932,0.6764904579860898,5,6,baixo_baixo,False,0.3520710442448092,0.1900888053060114,0.4601475362786512,0.9801340150202776,0.2222222222222222,0.0277777777777778,0.5670898578133711,0.6794957308342893,5,6,baixo_baixo,False,0.0,0.0,0.006779687247377875,True
51337970000118,0.1923799384516837,0.1385386010151293,0.3911646262156991,0.6612267077610461,0.0625,0.0,0.8177787213601181,0.7171786858281007,16,16,baixo_baixo,False,0.1785281491210301,0.1302062755399143,0.3757864347787312,0.635231333400231,0.0555555555555555,0.0,0.7994940600415961,0.7016480348713614,18,18,baixo_baixo,False,-0.013851789330653591,-0.008332325475215008,-0.018284661318522022,True
51426849000162,0.2529290015076734,0.0661612518845917,0.4043509275252552,0.8696516024765877,0.2,3.4694469519536136e-17,0.5994135794068713,0.4770947200525239,5,5,baixo_baixo,False,0.518352430747705,0.4839490329439696,0.657593040489426,0.971806562506544,0.0795847750865051,0.0138408304498269,0.9799149177432578,0.5591574017735582,15,17,critico,False,0.2654234292400316,0.4177877810593779,0.38050133833638644,False
51501559000136,0.2180155741789406,0.0616186890147288,0.3269085804749802,0.8859977440244547,0.1666666666666666,3.3306690738754695e-17,0.6277293125510577,0.6443627398614611,6,6,baixo_baixo,False,0.29724111578442,0.2191567953160222,0.511667534593943,0.7770914662944061,0.1,3.0839528461809905e-17,0.6535260597545003,0.4742001870308279,10,10,baixo_baixo,False,0.07922554160547937,0.1575381063012934,0.025796747203442605,True
52156114000129,0.0805590072276644,0.0693463121938555,0.1596140352525827,0.5049063399438869,0.0197959183673469,0.0078422100547536,0.5741135548457714,0.5526119326532699,83,140,baixo_baixo,False,0.3282470566330038,0.3218494095533181,0.5614980373811937,0.7294236975770199,0.0148586456278763,0.0054763470148085,0.7803043851866148,0.4906119849490603,106,195,baixo_baixo,False,0.2476880494053394,0.2525030973594626,0.2061908303408434,True
52193342000179,0.0967938383260595,0.0146841872647922,0.1111032486927132,0.4367143737982191,0.0833333333333333,1.5139404881252137e-17,0.7308315246599043,0.9147096596861284,12,12,baixo_baixo,False,0.0823544290349046,0.0117663081914357,0.0952250754943942,0.3768118453057392,0.0714285714285714,0.0,0.7196117064782872,0.907390430234094,14,14,baixo_baixo,False,-0.014439409291154906,-0.0029178790733564997,-0.011219818181617103,True
52350980000156,0.2547914462581688,0.2051108760087134,0.402997537920063,0.8235219838937371,0.0679012345679012,0.0057613168724279,0.4995732464196177,0.614810108357665,16,18,baixo_baixo,False,0.3474025484453887,0.3111471344701325,0.5534799209867505,0.8636907690730274,0.0566893424036281,0.0042831947593852,0.630052852608703,0.5123588339114792,19,21,baixo_baixo,False,0.09261110218721991,0.10603625846141909,0.13047960618908533,True
52561214000130,0.4650807707631262,0.4164517499234104,0.5997870940634191,0.9724912618474144,0.0833333333333333,1.5139404881252137e-17,0.956172986211178,0.4198286074695883,12,12,critico,False,0.4344400646972919,0.3940429264613843,0.5792859697561195,0.9445582726406384,0.0666666666666666,0.0,0.946098264874764,0.4226008087370765,15,15,critico,False,-0.0306407060658343,-0.022408823462026106,-0.010074721336413961,True
52742236000105,0.3762945684503582,0.3195940746731181,0.5918243906590518,0.842680765828883,0.0833333333333333,1.5139404881252137e-17,0.8189980492236347,0.4504190023320895,12,12,baixo_baixo,False,0.3169131217082525,0.2681212018302706,0.5403855733992377,0.7694385970268137,0.0666666666666666,0.0,0.7927113628703581,0.4437422227934827,15,15,baixo_baixo,False,-0.059381446742105715,-0.05147287284284752,-0.026286686353276578,True
53855592000190,0.2326804299562298,0.1367654837007586,0.3518111527755563,0.8708066513041368,0.1111111111111111,0.0,0.2434088185220429,0.5475797720143104,9,9,baixo_baixo,False,0.2326804299562298,0.1367654837007586,0.3518111527755563,0.8708066513041368,0.1111111111111111,0.0,0.242422106566251,0.5631849937535705,9,9,baixo_baixo,False,0.0,0.0,-0.000986711955791919,True
54010863000179,0.2343907368160214,0.1940955124379173,0.3621166568930513,0.8147992463406608,0.05,1.460819769243627e-17,0.9446424689187202,0.8027971889909876,20,20,oculta,True,0.2042031635220865,0.1735955928883206,0.3369960635203484,0.7582753605759864,0.037037037037037,0.0,0.9368683748391616,0.8061905600255486,27,27,oculta,True,-0.0301875732939349,-0.020499919549596707,-0.007774094079558536,True
54675103000180,0.0929053223413289,0.0702279553998621,0.1709731171571467,0.5623323004023938,0.0321361058601134,0.0079395085066162,0.7125988635252913,0.5635638290559002,41,46,baixo_baixo,False,0.0890392592851678,0.0678541257801717,0.1666400632695905,0.5480808426242834,0.0327999999999999,0.010306976744186,0.706127673824179,0.5707783471517365,44,50,baixo_baixo,False,-0.0038660630561610926,-0.00237382961969039,-0.006471189701112379,True
54758896000100,0.2062124960197082,0.1495133885925445,0.2820946877457966,0.8289491442287319,0.0826446280991735,0.0171192443919716,0.6774360330016272,0.4132292832559731,15,22,baixo_baixo,False,0.2002751832839792,0.1502923822392279,0.2777956710749201,0.8163162718452597,0.173076923076923,0.1213942307692307,0.6640817432702946,0.4106252955806787,17,52,baixo_baixo,False,-0.005937312735729006,0.0007789936466833791,-0.01335428973133268,True
54782228000100,0.2353856978619507,0.0442321223274384,0.2823321381207328,0.9593370429364336,0.2,3.4694469519536136e-17,0.8756710987569665,0.9819569726309736,5,5,baixo_baixo,False,0.2353856978619507,0.0442321223274384,0.2823321381207328,0.9593370429364336,0.2,3.4694469519536136e-17,0.8698948336877902,0.9824446257332335,5,5,baixo_baixo,False,0.0,0.0,-0.0057762650691762785,True
55262249000167,0.1368616637005748,0.0914333302111314,0.2204125030069378,0.675635849812192,0.05,1.460819769243627e-17,0.7836127558220759,0.5656710480714368,20,20,baixo_baixo,False,0.1055532916167352,0.0807075497172001,0.1913832992956831,0.5866519199023386,0.0277008310249307,0.0006925207756232,0.7508296274126066,0.5976028607264394,37,38,baixo_baixo,False,-0.03130837208383959,-0.010725780493931303,-0.032783128409469287,True
55555957000196,0.0387794592092861,0.0239914508894289,0.0776892475024553,0.2658491596041651,0.0168617337829795,0.001736529687333,0.3912385687723781,0.4048220027895205,66,71,baixo_baixo,False,0.0343443588826751,0.0218033765305021,0.0684078557856516,0.2440693251753892,0.0165233137166138,0.003750889219427,0.3826853538880831,0.4032601890045451,78,94,baixo_baixo,False,-0.0044351003266109995,-0.0021880743589267997,-0.008553214884295002,True
56401177000154,0.2328071417254799,0.0793685700705759,0.3576548043818166,0.8568879263315948,0.183673469387755,0.0204081632653061,0.9237520050668712,0.8613293362288834,6,7,baixo_baixo,False,0.2328071417254799,0.0793685700705759,0.3576548043818166,0.8568879263315948,0.183673469387755,0.0204081632653061,0.922559525303939,0.8620537942945605,6,7,baixo_baixo,False,0.0,0.0,-0.0011924797629321304,True
57500902000104,0.6185300117133471,0.6011904667912266,0.7745918694644036,0.9575547045177668,0.0817901234567901,0.0400533108866442,0.9888388326658458,0.4020380839944429,23,36,critico,False,0.6175093697074897,0.6027981916193161,0.7743984581095049,0.9536976497030324,0.0668934240362811,0.0310047095761381,0.9871543598195366,0.3996201287963757,27,42,critico,False,-0.0010206420058573862,0.001607724828089574,-0.0016844728463092373,True
57522468000163,0.5965456678282227,0.592062841915203,0.7705743365968453,0.8461297113101338,0.0143778554152109,0.0034264982531577,0.8465707277075062,0.4255971446082556,91,122,hhi_alto,False,0.5704652815281983,0.5666301501132714,0.7535125550499054,0.8273950096608345,0.011888431641518,0.0030660069240316,0.8329754700109848,0.4252155530930893,113,162,hhi_alto,False,-0.026080386300024405,-0.02543269180193153,-0.013595257696521368,True
57538696000121,0.0637903834327423,0.0263419987700519,0.1049527518454104,0.3841165589868925,0.0384615384615384,0.0,0.5514112157025259,0.5976476225645834,26,26,baixo_baixo,False,0.0727913901186102,0.0396767969085605,0.1842986051320556,0.4063888820996695,0.0344827586206896,0.0,0.5828184520150406,0.5393496589533259,29,29,baixo_baixo,False,0.009001006685867896,0.013334798138508599,0.03140723631251463,True
57602096000185,0.8180803053017038,0.7953403434644168,0.9010369277130028,0.9926240396267872,0.1111111111111111,0.0,0.8926987673322102,0.4114689605761699,9,9,hhi_alto,False,0.8019741560229132,0.7821715716252046,0.8920879930855805,0.9844804760238623,0.0909090909090909,0.0,0.882261480468502,0.408886703252334,11,11,hhi_alto,False,-0.016106149278790616,-0.013168771839212279,-0.010437286863708262,True
57604530000166,0.3670461263865934,0.2615538141176923,0.4771887868029912,0.9935684315754426,0.1428571428571428,0.0,0.9277052310883024,0.6183753578044854,7,7,oculta,True,0.3513242307053739,0.2702397595435457,0.4666961944131592,0.9732557954090544,0.1111111111111111,0.0,0.9137213317642258,0.6105754358899399,9,9,baixo_baixo,False,-0.01572189568121951,0.00868594542585338,-0.01398389932407662,False
57614976000171,0.6125136465690457,0.6032877810111659,0.7780448914157433,0.913387674972088,0.0237603305785123,0.0005165289256198,0.8143328428299517,0.4404455958745419,43,44,hhi_alto,False,0.3574144012241199,0.3465231198889354,0.4764345999040737,0.8844058829376235,0.0224742701113211,0.0059060374013435,0.8455681612305594,0.4322464374591619,60,69,baixo_baixo,False,-0.25509924534492584,-0.25676466112223045,0.03123531840060778,False
58854069000162,0.3176598843369788,0.1470748554212234,0.4604874874037485,0.9616260427163544,0.2222222222222222,0.0277777777777778,0.8310430110042969,0.8804009035714518,5,6,baixo_baixo,False,0.1804911489465436,0.0780525425648616,0.2566537672483248,0.8052819931936888,0.140495867768595,0.0330578512396694,0.7019683327027992,0.6508048563491343,9,11,baixo_baixo,False,-0.13716873539043517,-0.06902231285636179,-0.12907467830149766,True
59006460000170,0.1927502605584288,0.119363920609195,0.2724812761949046,0.8174438285847139,0.0887573964497041,0.0059171597633136,0.836280837647756,0.4493657362133815,12,13,baixo_baixo,False,0.1927502605584288,0.119363920609195,0.2724812761949046,0.8174438285847139,0.0887573964497041,0.0059171597633136,0.8305700574013168,0.4474099934427314,12,13,baixo_baixo,False,0.0,0.0,-0.005710780246439118,True
59045351000161,0.3713507386224061,0.2141884232780075,0.448315489624068,0.999536501130124,0.2,3.4694469519536136e-17,0.9671803643474975,0.4052299323097931,5,5,oculta,True,0.3713507386224061,0.2141884232780075,0.448315489624068,0.999536501130124,0.2,3.4694469519536136e-17,0.965636987481703,0.6049538748441087,5,5,critico,False,0.0,0.0,-0.0015433768657945324,False
59108100000189,0.2273912692754293,0.141545854750477,0.301588470902193,0.9068324408160228,0.1,3.0839528461809905e-17,0.7098813991143046,0.5916353304456075,10,10,baixo_baixo,False,0.2421656687874894,0.1663822356662383,0.353008953317408,0.908162197608591,0.0972222222222222,0.0069444444444444,0.7215709496747813,0.5696401624644759,11,12,baixo_baixo,False,0.01477439951206011,0.02483638091576129,0.011689550560476714,True
59118862000166,0.1432838033390429,0.0208957752446205,0.2271030403924206,0.636479191284391,0.1358024691358024,0.0123456790123456,0.6606229801445666,0.8642081755594867,8,9,baixo_baixo,False,0.1118867651384013,0.0132075168204459,0.1829562497736339,0.5127533550195216,0.1074380165289256,0.0082644628099173,0.6498500744813842,0.8750195035629088,10,11,baixo_baixo,False,-0.03139703820064159,-0.0076882584241746,-0.010772905663182342,True
59314518000142,0.2795883286146404,0.1355059943375684,0.3544926089200646,0.956914277011076,0.1666666666666666,3.3306690738754695e-17,0.5352104948514007,0.6377230682757508,6,6,baixo_baixo,False,0.227211409682927,0.0984133112967481,0.3062880621129819,0.893685618826901,0.1428571428571428,0.0,0.5083678030651311,0.6025510119065913,7,7,baixo_baixo,False,-0.052376918931713395,-0.03709268304082031,-0.026842691786269635,True
59426431000167,0.5585974291862231,0.4955399190699693,0.735361706039158,0.9412629837301222,0.125,0.0,0.7815819470856137,0.4155537696128196,8,8,hhi_alto,False,0.3553406562612475,0.309293560279908,0.5796303659480376,0.7738065385406302,0.0703125,0.00390625,0.7098389511931704,0.4486061861183914,15,16,baixo_baixo,False,-0.20325677292497563,-0.1862463587900613,-0.07174299589244326,False
59593430000107,0.2012839738722362,0.1513642222392509,0.3943530488482907,0.7004045563300884,0.0637119113573407,0.0051939058171745,0.838512911319022,0.8284833241186415,17,19,baixo_baixo,False,0.1522209300402464,0.1098319765422587,0.269694646021457,0.6841261296055094,0.051039697542533,0.0035916824196597,0.8563093732137357,0.6444799275068801,21,23,baixo_baixo,False,-0.04906304383198981,-0.041532245696992195,0.017796461894713733,True
59754648000104,0.4171070733371773,0.3970073172453559,0.6243705655867263,0.8518726219830556,0.03515625,0.0018857758620689,0.8966546069336698,0.4806120125008609,30,32,hhi_alto,False,0.27074282393977,0.2545371089162094,0.4729318337942809,0.7930731402106606,0.0246913580246913,0.0030178326474622,0.8862822732361717,0.4698296043108949,46,54,baixo_baixo,False,-0.14636424939740728,-0.14247020832914647,-0.010372333697498126,False
59989830000136,0.4036978268026071,0.3540059790361577,0.5915283529507444,0.9115108941978294,0.111111111111111,0.037037037037037,0.5853047535786629,0.550457100523759,13,21,hhi_alto,False,0.3471457538910077,0.3036221374837416,0.5315543690266202,0.8773241023711953,0.0973936899862825,0.037219935985368,0.5797078220494521,0.5845699104085107,16,27,baixo_baixo,False,-0.05655207291159936,-0.0503838415524161,-0.0055969315292107025,False
60269453000140,0.1045483524384903,0.0405875204698111,0.1680033340463245,0.4977256918260814,0.074074074074074,0.0079365079365079,0.9549379212215982,0.4082949708227539,15,18,oculta,True,0.1045483524384903,0.0405875204698111,0.1680033340463245,0.4977256918260814,0.074074074074074,0.0079365079365079,0.9529425974076804,0.4058679323527308,15,18,oculta,True,0.0,0.0,-0.00199532381391776,True
63761126000107,0.718396942932755,0.5775954143991325,0.839948863913165,1.0,0.5510204081632654,0.326530612244898,0.8030677103255929,0.9153760857076768,3,7,hhi_alto,False,0.718396942932755,0.5775954143991325,0.839948863913165,1.0,0.5510204081632654,0.326530612244898,0.8168716709600026,0.9199006758792678,3,7,hhi_alto,False,0.0,0.0,0.013803960634409695,True
63761902000160,0.5624010095518214,0.4165346794024285,0.6840275368079828,1.0,0.28,0.04,0.9629328310141452,0.4014185825283248,4,5,critico,False,0.4268832689762138,0.3122599227714567,0.5740255240082492,0.9963923872659648,0.183673469387755,0.0204081632653061,0.9738179600764546,0.3989297357756657,6,7,critico,False,-0.13551774057560756,-0.1042747566309718,0.010885129062309429,True
65700239000110,0.5930855477193886,0.4913569346492357,0.746788150304302,0.9998452286943984,0.2222222222222222,0.0277777777777778,0.9874611328758944,0.401510301368748,5,6,critico,False,0.5930855477193886,0.4913569346492357,0.746788150304302,0.9998452286943984,0.2222222222222222,0.0277777777777778,0.9867197715455104,0.399022175587387,5,6,critico,False,0.0,0.0,-0.0007413613303840494,True
66228909000100,0.2501926027553439,0.0002568036737918,0.2618930848455125,1.0,0.28,0.04,0.5870507807862724,0.5436089359126387,4,5,baixo_baixo,False,0.2501926027553439,0.0002568036737918,0.2618930848455125,1.0,0.28,0.04,0.5819311273251095,0.5423856249590491,4,5,baixo_baixo,False,0.0,0.0,-0.005119653461162832,True
66489741000196,0.2403143967024356,0.1643458363726791,0.4267425194895088,0.7959443050746047,0.0909090909090909,0.0,0.3041561736143061,0.5570858232038568,11,11,baixo_baixo,False,0.2403143967024356,0.1643458363726791,0.4267425194895088,0.7959443050746047,0.0909090909090909,0.0,0.2969128715044936,0.5551504403415612,11,11,baixo_baixo,False,0.0,0.0,-0.0072433021098124994,True
66493396000164,0.2152559750627932,0.1171629719456424,0.3279838165879973,0.8879298718813216,0.12,0.01,0.3873270995928036,0.7835731723360065,9,10,baixo_baixo,False,0.2152559750627932,0.1171629719456424,0.3279838165879973,0.8879298718813216,0.12,0.01,0.3937982174545946,0.7947044579791793,9,10,baixo_baixo,False,0.0,0.0,0.006471117861790998,True
67165936000143,0.2736178066853327,0.1525541077995548,0.4437277580071174,0.8860097864768683,0.1428571428571428,0.0,0.2843524507924695,0.6021127129610201,7,7,baixo_baixo,False,0.4979934093847841,0.4684636099368302,0.6969318860925293,0.8547310029936611,0.0619834710743801,0.0068060281964025,0.7214545995221827,0.8494235237780813,18,22,hhi_alto,False,0.2243756026994514,0.3159095021372754,0.4371021487297132,False
67652750000119,0.1265383260813992,0.0471327193615264,0.1960875712940396,0.6263845574486135,0.0887573964497041,0.0059171597633136,0.4471656052727406,0.4303558398477696,12,13,baixo_baixo,False,0.1197812923585848,0.0464297333884669,0.1900149972488748,0.6069862519835996,0.0816326530612245,0.0051020408163265,0.4331203498610798,0.4268954032481387,13,14,baixo_baixo,False,-0.006757033722814401,-0.0007029859730595042,-0.014045255411660795,True
68004118000121,0.2161050879011644,0.1041201004584736,0.3522342154490456,0.8324530420588839,0.1715976331360947,0.0532544378698225,0.5523395926309099,0.8161153554926124,8,13,baixo_baixo,False,0.1700048692543199,0.0777831880603554,0.2734252075173041,0.7458293955960645,0.1564625850340136,0.0627362055933484,0.4979780945677836,0.6342880274518917,10,21,baixo_baixo,False,-0.04610021864684449,-0.026336912398118195,-0.054361498063126346,True
71203822000118,0.3270564997452156,0.1588206246815195,0.4239640807288602,0.9472066932624847,0.2222222222222222,0.0277777777777778,0.262048022657102,0.4261336649417405,5,6,baixo_baixo,False,0.3270564997452156,0.1588206246815195,0.4239640807288602,0.9472066932624847,0.2222222222222222,0.0277777777777778,0.2562399030158964,0.4235783470229727,5,6,baixo_baixo,False,0.0,0.0,-0.005808119641205589,True
71480560000139,0.2665825280622779,0.252744462554019,0.4872811346176519,0.7342402472559985,0.02392578125,0.0055092865566037,0.9392081792605472,0.7764025289744441,54,64,oculta,True,0.2040183868014239,0.1924824213927488,0.3797583620707404,0.740336826793166,0.0181405895691609,0.0039107430411778,0.9426786763922628,0.7036608119348539,70,84,oculta,True,-0.062564141260854,-0.06026204116127021,0.003470497131715544,True
72311392000110,0.5025435521493596,0.4403614961680296,0.687947994277848,0.9520626950810186,0.1242603550295858,0.014792899408284,0.75874646469035,0.9335006251364204,9,13,hhi_alto,False,0.466306019894402,0.4070066887715578,0.6616407337472452,0.9204278328439828,0.1111111111111111,0.0123456790123456,0.7598937031198584,0.935222798242864,10,15,hhi_alto,False,-0.03623753225495763,-0.033354807396471786,0.0011472384295083682,True
72519622000131,0.2015711256172522,0.0684996465534609,0.2940755329263542,0.8353242246912448,0.1428571428571428,0.0,0.5149446757166194,0.4281267159177373,7,7,baixo_baixo,False,0.2015711256172522,0.0684996465534609,0.2940755329263542,0.8353242246912448,0.1428571428571428,0.0,0.5068891003088003,0.4256803001013224,7,7,baixo_baixo,False,0.0,0.0,-0.008055575407819093,True
72962806000171,0.1084442520038706,0.0919339603743126,0.2029179040177246,0.5828771385869962,0.0966469428007889,0.079918182482285,0.8738136651953944,0.5844361893391848,55,117,baixo_baixo,False,0.0964389277490188,0.0833438397453814,0.1871486632195121,0.5375803472632078,0.0920897284533648,0.0789316085758773,0.8677715537083529,0.6370698734759571,70,154,baixo_baixo,False,-0.012005324254851804,-0.008590120628931205,-0.006042111487041479,True
73802134000108,0.8014155434291155,0.7517694292863943,0.8927973087608063,0.9913686463349328,0.2222222222222222,0.0277777777777778,0.95236231947324,0.4014183565818778,5,6,critico,False,0.8014155434291155,0.7517694292863943,0.8927973087608063,0.9913686463349328,0.2222222222222222,0.0277777777777778,0.9529262268646947,0.4101137039931015,5,6,critico,False,0.0,0.0,0.0005639073914547321,True
74047341000159,0.2850981964356651,0.2612681363168538,0.4176236734867428,0.9064671907476642,0.0659722222222222,0.0348379629629629,0.8563757409477109,0.8235695178686135,31,48,baixo_baixo,False,0.2492398024992475,0.2264894934840731,0.3862365611172536,0.8810394590524819,0.0584319526627218,0.0298995875918952,0.8957255119286038,0.9521604768969948,34,52,baixo_baixo,False,-0.0358583939364176,-0.034778642832780704,0.039349770980892984,True
74077025000120,0.5065236365348132,0.342031515379751,0.5988349009264975,1.0,0.28,0.04,0.9537743236077684,0.4055855731911277,4,5,critico,False,0.5065236365348132,0.342031515379751,0.5988349009264975,1.0,0.28,0.04,0.9515162746220056,0.403112532199909,4,5,critico,False,0.0,0.0,-0.0022580489857627617,True
74097114000138,0.1384909140356414,0.093148330563833,0.1917920215858759,0.653543559606331,0.0521541950113378,0.0022675736961451,0.6462649879487169,0.496484228993362,20,21,baixo_baixo,False,0.1313635001770088,0.1058153678292738,0.1866109628258008,0.6358887710672106,0.0315288518738845,0.0030444063407635,0.6390604521200892,0.5073245330318175,35,41,baixo_baixo,False,-0.007127413858632609,0.0126670372654408,-0.007204535828627678,True
74125063000100,0.6258500456717896,0.5323125570897369,0.7803129136349487,0.99020948853671,0.2,3.4694469519536136e-17,0.9621490942092168,0.9611696398272565,5,5,critico,False,0.6258500456717896,0.5323125570897369,0.7803129136349487,0.99020948853671,0.2,3.4694469519536136e-17,0.9601093969217722,0.9615733557990712,5,5,critico,False,0.0,0.0,-0.002039697287444575,True
74130709000148,0.2512001091911224,0.1888001182903826,0.4243157312140176,0.8508869657367698,0.115,0.04125,0.5567978292663733,0.7498717132775458,13,20,baixo_baixo,False,0.2512001091911224,0.1888001182903826,0.4243157312140176,0.8508869657367698,0.115,0.04125,0.5524556553348687,0.7475784828717121,13,20,baixo_baixo,False,0.0,0.0,-0.0043421739315046,True
75123125000108,0.0858497361595321,0.0767082335211275,0.2186184129248893,0.5007500491055967,0.0274381718325298,0.0177125535508551,0.8279799501271348,0.4222278112105873,101,299,baixo_baixo,False,0.0745311715722234,0.0663411819401192,0.2019742523336987,0.4626262510144285,0.0247290748241101,0.016098358672111,0.8163183786001675,0.4231868380895311,114,317,baixo_baixo,False,-0.011318564587308705,-0.0103670515810083,-0.01166157152696723,True
75658435000127,0.1660185193927153,0.0733539104363504,0.2520254373796124,0.7231406688926123,0.1,3.0839528461809905e-17,0.8226555711057176,0.8203171844451644,10,10,baixo_baixo,False,0.1485246052356011,0.0711177511661103,0.2357333694807657,0.6763935746289879,0.0833333333333333,1.5139404881252137e-17,0.7969412864145492,0.8096304957168001,12,12,baixo_baixo,False,-0.01749391415711421,-0.0022361592702400956,-0.025714284691168432,True
76568930000108,0.8956888314612391,0.8696110393265488,0.9459058841678214,0.9928757747169742,0.3271604938271605,0.1589506172839506,0.9516534492573542,0.4014183565818778,5,18,critico,False,0.8956888314612391,0.8696110393265488,0.9459058841678214,0.9928757747169742,0.3271604938271605,0.1589506172839506,0.9501354210112948,0.3989296410860706,5,18,critico,False,0.0,0.0,-0.0015180282460593997,True
76582337000116,0.7803369684807567,0.7489565354065791,0.8780211639957517,0.9908048826095625,0.1358024691358024,0.0123456790123456,0.9603043920161124,0.4484105077786231,8,9,critico,False,0.7522125597412351,0.7246806219347057,0.8619314705706295,0.979226944266805,0.1074380165289256,0.0082644628099173,0.9506814666932376,0.4449588226994233,10,11,critico,False,-0.0281244087395216,-0.02427591347187341,-0.009622925322874787,True
76878669000142,0.4876844002888583,0.4556646753069119,0.5837307762347596,0.9856599389942844,0.0588235294117647,0.0,0.988999792549984,0.6706837434601377,17,17,critico,False,0.4774225563980308,0.459402644549687,0.5775384015390588,0.9752037905209006,0.0333333333333333,0.0,0.9845943562943534,0.6666351491245677,30,30,critico,False,-0.010261843890827516,0.0037379692427750855,-0.004405436255630613,True
77651602000133,0.6955663382404522,0.6194579228005652,0.8208519449137508,0.9943692482200516,0.2,3.4694469519536136e-17,0.9787507040290836,0.9643990175309876,5,5,critico,False,0.6474817451507202,0.5769780941808643,0.7911710607752652,0.9888150881685632,0.1666666666666666,3.3306690738754695e-17,0.9746211447017992,0.9738361505617712,6,6,critico,False,-0.04808459308973201,-0.0424798286197009,-0.004129559327284427,True
78009149000129,0.2671954535760467,0.2366619308083819,0.4486265508965051,0.8223217580993156,0.04,0.0,0.8094528835106831,0.7922806653212329,25,25,baixo_baixo,False,0.2671954535760467,0.2366619308083819,0.4486265508965051,0.8223217580993156,0.04,0.0,0.8082355424500725,0.7928707025000743,25,25,baixo_baixo,False,0.0,0.0,-0.001217341060610666,True
78079639000100,0.277732893546596,0.2632875514175279,0.5143808396417197,0.6651318579375665,0.0202919188323246,0.0006977572089711,0.821073210468211,0.5562914104726578,51,53,baixo_baixo,False,0.2654165803932948,0.2515565158724135,0.5026458488696609,0.6499576608960588,0.0191326530612244,0.0006257219869079,0.8154516209178914,0.5593158003962454,54,56,baixo_baixo,False,-0.012316313153301228,-0.011731035545114399,-0.005621589550319661,True
78499936000104,0.2694404501130455,0.2376769914223083,0.4518335053821489,0.7845199838043093,0.0452674897119341,0.0037573805689747,0.8156101779927635,0.940888343734282,24,27,baixo_baixo,False,0.2226508769748933,0.1938601687147042,0.4051760457417995,0.7412559368825969,0.0390625,0.0034722222222222,0.8375710340942074,0.9598589471351148,28,32,baixo_baixo,False,-0.04678957313815221,-0.04381682270760409,0.021960856101443937,True
78501053000183,0.1417606789665211,0.104445925878109,0.2270287968954068,0.6669851030123013,0.0473372781065088,0.0059171597633136,0.6845084545431868,0.9225807842145002,24,26,baixo_baixo,False,0.1333004956696177,0.0999658993492183,0.2167856468588404,0.6556928904524327,0.04296875,0.0061598557692307,0.6960312245737813,0.9273985610565826,27,32,baixo_baixo,False,-0.008460183296903373,-0.004480026528890693,0.011522770030594542,True
78634771000128,0.4616717215143601,0.3270896518929501,0.6489690455883361,0.9565150733323282,0.2,3.4694469519536136e-17,0.9571095574341624,0.961126102422163,5,5,critico,False,0.4616717215143601,0.3270896518929501,0.6489690455883361,0.9565150733323282,0.2,3.4694469519536136e-17,0.9548378946660868,0.9615231605624244,5,5,critico,False,0.0,0.0,-0.0022716627680755552,True
79356713000142,0.1581169028983511,0.0933566646597627,0.2772500538122467,0.6779173256717173,0.0714285714285714,0.0,0.5002572500635318,0.5636578054709274,14,14,baixo_baixo,False,0.1535375465897117,0.1006336432515686,0.2731086033646634,0.6677908677207698,0.0617283950617283,0.0030864197530864,0.4977429110809594,0.56847656001619,17,18,baixo_baixo,False,-0.0045793563086393985,0.007276978591805899,-0.002514338982572417,True
79369757000107,0.2346729726054316,0.0816075671265179,0.2710337854037882,0.9598314030863104,0.1666666666666666,3.3306690738754695e-17,0.4373617653329164,0.6437160164256319,6,6,baixo_baixo,False,0.111134028142414,0.0476436015811578,0.2033505821228148,0.5782782179117547,0.0666666666666666,0.0,0.4950242322614291,0.4436507536847766,15,15,baixo_baixo,False,-0.12353894446301761,-0.033963965545360096,0.057662466928512734,True
79373940000186,0.4508949229854952,0.3959844152840447,0.6555824871990282,0.8910499955617432,0.0909090909090909,0.0,0.7806186010524234,0.9862261293073656,11,11,hhi_alto,False,0.2478724625138575,0.2036296661911433,0.4031110113977255,0.8995790654135607,0.06,0.0047058823529411,0.5587410311443142,0.5420055239901002,18,20,baixo_baixo,False,-0.20302246047163772,-0.1923547490929014,-0.22187756990810925,False
79376760000158,0.0480247160789801,0.032913997286583,0.1111932992547997,0.3483291594950173,0.0480908970801955,0.0329812287798811,0.8546472565218785,0.9911683609931974,64,174,baixo_baixo,False,0.0480247160789801,0.032913997286583,0.1111932992547997,0.3483291594950173,0.0480908970801955,0.0329812287798811,0.8715314784815151,0.9931899793579326,64,174,baixo_baixo,False,0.0,0.0,0.01688422195963668,True
80636475000108,0.0391672932238259,0.0335153361251426,0.1079283973169817,0.2909314125854746,0.017429968707721,0.011650144994237,0.9375895633409972,0.7643072679012135,171,729,oculta,True,0.0642950481110411,0.0595452767816555,0.1538857620282508,0.4246096289597004,0.0162843154116364,0.0112908347792082,0.9533627448851888,0.688631632192172,198,899,oculta,True,0.0251277548872152,0.0260299406565129,0.015773181544191606,True
80889108000116,0.2007464698995035,0.1586804946310563,0.373185648541488,0.7574580102475581,0.05,1.460819769243627e-17,0.6850897931133654,0.582058990703793,20,20,baixo_baixo,False,0.1422095458510294,0.1092176053068382,0.3075045430776744,0.6241445249891628,0.037037037037037,0.0,0.6421773209147169,0.6170953489071391,27,27,baixo_baixo,False,-0.058536924048474104,-0.04946288932421809,-0.042912472198648466,True
80909245000175,0.3079184563622831,0.1925715324226636,0.3853182794397139,0.9352403654672524,0.1428571428571428,0.0,0.5506122377169443,0.6206130125566677,7,7,baixo_baixo,False,0.3079184563622831,0.1925715324226636,0.3853182794397139,0.9352403654672524,0.1428571428571428,0.0,0.5642284982600989,0.6215560884424232,7,7,baixo_baixo,False,0.0,0.0,0.013616260543154568,True
80910201000165,0.4137185285280882,0.2182913713707843,0.5457522284882663,1.0,0.28,0.04,0.8494882877153376,0.4729912354874699,4,5,hhi_alto,False,0.4129977139554079,0.2662471424442598,0.5452760914609764,0.9991275582536624,0.2222222222222222,0.0277777777777778,0.842898122623368,0.4715928928845781,5,6,hhi_alto,False,-0.0007208145726803061,0.047955771073475484,-0.006590165091969524,True
80991094000147,0.4016353190471182,0.3351503544967981,0.5415835177985422,0.955378821416179,0.1,3.0839528461809905e-17,0.9319801945917064,0.5726507107093652,10,10,critico,False,0.382399609225547,0.3309329099943426,0.5282188925221994,0.9326251659904604,0.0769230769230769,1.503427012513233e-17,0.927128226242622,0.5868220279453473,13,13,critico,False,-0.01923570982157119,-0.004217444502455481,-0.004851968349084412,True
81286254000110,0.0702920200511926,0.0496318427189969,0.175018093702974,0.4083318261367248,0.0470914127423822,0.0259156663588796,0.912804339424741,0.9957080591326076,46,114,baixo_baixo,False,0.0652591894341481,0.0465643732228311,0.1711723084901791,0.3931330572004189,0.0451491534533727,0.0260521365224402,0.9131547941098108,0.9954068874202842,51,122,baixo_baixo,False,-0.005032830617044501,-0.003067469496165799,0.0003504546850697787,True
81650525000174,0.7080600373224855,0.6715675419877961,0.8391643601301824,0.9300738324776188,0.1111111111111111,0.0,0.9152506654890524,0.4061607966787142,9,9,hhi_alto,False,0.4484021202000739,0.3982568584000807,0.5897781228489481,0.9501980868121942,0.0833333333333333,1.5139404881252137e-17,0.950548404779069,0.400702484181263,12,12,critico,False,-0.25965791712241154,-0.27331068358771543,0.03529773929001656,False
82559154000182,0.7286937741306522,0.7151284628371849,0.8520529400073651,0.9286661264955742,0.06064209274673,0.0136741973840665,0.935287307964194,0.9816590267710054,21,29,critico,False,0.7143665272138139,0.7013831875417145,0.8435951627466042,0.9194478597908724,0.05859375,0.0158025568181818,0.9343171018631432,0.9835895968707832,23,32,critico,False,-0.014327246916838288,-0.013745275295470427,-0.0009702061010508078,True
82568221000125,0.1785432408976999,0.1456849705336079,0.2702874228891887,0.8084675811617434,0.0447450572320499,0.0065348595213319,0.8735033008077662,0.5200855947143402,26,31,baixo_baixo,False,0.1539438104022503,0.1237275179166163,0.2151153298475684,0.7054685433401976,0.04,0.0057142857142857,0.8737811249508619,0.49460242651372,29,35,baixo_baixo,False,-0.024599430495449603,-0.0219574526169916,0.00027782414309573955,True
82636028000184,0.2348299551517449,0.2243481737154674,0.3849880349191686,0.8552476160452408,0.0202777777777777,0.0068569254185692,0.9454386653968044,0.956523926496911,74,120,oculta,True,0.2132505899024978,0.2031640590038118,0.3651179486621269,0.811106389927613,0.0203566529492455,0.0077971228588512,0.9420804558865592,0.956059445330981,79,135,oculta,True,-0.021579365249247112,-0.0211841147116556,-0.003358209510245236,True
82662958000102,0.1210656071597578,0.101533731763308,0.2461302255149602,0.5892482576759288,0.0441176470588235,0.022875816993464,0.7614201080604384,0.6902338496606336,46,68,baixo_baixo,False,0.0901094096817222,0.074687535269548,0.2016688751407632,0.4961918606560716,0.0317460317460317,0.0153349475383373,0.7490428458425783,0.7081310795774619,60,84,baixo_baixo,False,-0.030956197478035602,-0.026846196493760008,-0.012377262217860063,True
82702879000188,0.1093295299827321,0.0763417347969073,0.2089030214632218,0.5803621152494203,0.0413223140495867,0.0058157330884603,0.6130685456612853,0.9855821063410252,28,33,baixo_baixo,False,0.0950763901496601,0.0638721277410277,0.1913983079014264,0.5317315472547522,0.0387143900657414,0.0055666104128359,0.6390703422350489,0.98736208985203,30,37,baixo_baixo,False,-0.014253139833071998,-0.0124696070558796,0.026001796573763558,True
82780008000182,0.7704801564079315,0.7561351661834272,0.87577338452871,0.954776901547045,0.08,0.0225,0.9687076580702804,0.9947555744945132,17,20,critico,False,0.7326763932080615,0.7186067296926963,0.8538569229523914,0.9351312941636148,0.0656,0.0164210526315789,0.9683849910467256,0.9954477014351294,20,25,critico,False,-0.03780376319987,-0.0375284364907309,-0.00032266702355476795,True
82985003000196,0.1081420596232372,0.0954012319035692,0.2762442706460028,0.5041909267957085,0.014449240007506,0.0003699434361847,0.9191947476635032,0.5917531436696415,71,73,baixo_baixo,False,0.0866521035763429,0.0757789143332041,0.2334552130479749,0.4660490760988844,0.0122459285443757,0.0004869515032373,0.9155738137927246,0.6351422801106296,85,89,baixo_baixo,False,-0.0214899560468943,-0.01962231757036509,-0.0036209338707785532,True
83108035000176,0.1385023038716741,0.1225486428322607,0.2165541778866695,0.6809937608215828,0.0196183821553345,0.001463167010063,0.9188271894007256,0.4902041473452964,55,61,baixo_baixo,False,0.2489418931759418,0.2370203359247663,0.4578203102398424,0.7620843500638208,0.0176,0.0020063492063492,0.9467704485728836,0.4572563921643843,64,75,oculta,True,0.1104395893042677,0.11447169309250559,0.027943259172158008,False
83145375000177,0.0476977921252601,0.0359409747440905,0.1297956765720659,0.3509545679418869,0.0409967960128159,0.0291572502845791,0.8976873379170794,0.9945489128348798,82,265,baixo_baixo,False,0.043965608276714,0.0334597358401944,0.1084940017999119,0.3408578165218481,0.0353637704378826,0.0247633723108264,0.9074897367019716,0.9962365040154088,92,307,baixo_baixo,False,-0.0037321838485460945,-0.0024812389038961005,0.009802398784892197,True
83156455000128,0.1340371005179458,0.1267601013626345,0.285081610152635,0.6225628506996282,0.0281308214650561,0.0199638535782079,0.906096125740778,0.636551809735515,120,516,baixo_baixo,False,0.2025755087039948,0.1967548919792064,0.3046552641631733,0.7622392934530869,0.0265445385158265,0.0194390241984237,0.946959644677044,0.6402138697074852,138,631,oculta,True,0.068538408186049,0.0699947906165719,0.04086351893626594,False
83158105000109,0.1240866389852176,0.1120878258206316,0.2725316937579757,0.6104692581472048,0.0179584120982986,0.0045057876064945,0.8887880886969715,0.9419645342215084,74,92,baixo_baixo,False,0.1519813062528758,0.1413810725810367,0.3123734468330424,0.6733473586388113,0.0163709440250955,0.0040755808254092,0.8760063606178857,0.7740826899395296,81,101,baixo_baixo,False,0.027894667267658185,0.02929324676040508,-0.01278172807908573,True
83222034000158,0.2901610412304559,0.2112900458116177,0.4932347438789677,0.8276011475414928,0.1242603550295858,0.0269559500328731,0.8574060622581154,0.9914118210042516,10,13,baixo_baixo,False,0.2382340896714216,0.1689826432779144,0.4392743105147708,0.7412098758829774,0.1022222222222222,0.0206060606060606,0.8593434753422211,0.9929840111537628,12,15,baixo_baixo,False,-0.05192695155903429,-0.0423074025337033,0.0019374130841056658,True
83684324000113,0.0449208449145693,0.0331297442345023,0.1013805878200362,0.3255592236110393,0.0284735349716446,0.0164793810824056,0.8812807119966597,0.9965814392146124,82,184,baixo_baixo,False,0.0710197256343388,0.0598271922082465,0.2010567876249042,0.4252140633241684,0.0282118055555555,0.0165035140562248,0.8021684792217035,0.8758268400933137,84,192,baixo_baixo,False,0.0260988807197695,0.026697447973744196,-0.07911223277495616,True
83779462000186,0.5325493417285359,0.5013859645104383,0.7181632200854097,0.91853374509164,0.0625,0.0,0.9831678911389125,0.4257517473630224,16,16,critico,False,0.4542840516544681,0.4201768048828724,0.6581833955789776,0.8974705732793818,0.0588235294117647,0.0,0.9820739634092212,0.4220123668820495,17,17,critico,False,-0.07826529007406774,-0.08120915962756586,-0.001093927729691302,True
83788281000116,0.5360495949699019,0.5227938691118991,0.7264567678202529,0.8605251670361412,0.0422222222222222,0.0148571428571428,0.8038525684675631,0.867642237402435,36,60,hhi_alto,False,0.3531303523722071,0.3384287694715754,0.5824025149492027,0.7507388427485054,0.033235938641344,0.01126402815592,0.7139650067638743,0.8021060451093187,45,74,baixo_baixo,False,-0.18291924259769482,-0.18436509964032366,-0.08988756170368883,False
83820076000190,0.1080788558162247,0.0762245292382327,0.2076326277511996,0.5642754430464683,0.0432098765432098,0.0090388007054673,0.4691231841184178,0.6357393155690894,29,36,baixo_baixo,False,0.0697632381729814,0.0439233281222309,0.1340286982145486,0.4200451594041218,0.0330812854442344,0.0062224322621298,0.5125147281261794,0.723002277912958,37,46,baixo_baixo,False,-0.0383156176432433,-0.0323012011160018,0.04339154400776157,True
83820894000193,0.1454375404493632,0.1112550420673377,0.2171314423227864,0.6977199031968784,0.046831955922865,0.0087052341597796,0.8194806821998478,0.9874279252023432,26,33,baixo_baixo,False,0.1624156814088653,0.1302008999245908,0.3081217552807457,0.7307632102356845,0.0571992110453648,0.0209376422394173,0.8503753509388089,0.9925345610048536,27,39,baixo_baixo,False,0.01697814095950212,0.0189458578572531,0.030894668738961073,True
83871277000117,0.3276535181051609,0.2796287693983867,0.41981836558413,0.8630332086822635,0.0703125,0.00390625,0.8448279465475008,0.9596553431176462,15,16,baixo_baixo,False,0.4488873443497941,0.4121465006397803,0.639575715245724,0.9416065436307746,0.0679012345679012,0.0057613168724279,0.8969529667787923,0.9663284182594134,16,18,hhi_alto,False,0.12123382624463319,0.1325177312413936,0.05212502023129151,False
84438381000185,0.5713761788798337,0.5655046196864068,0.7346410943212064,0.9524398582071206,0.0189504373177842,0.0055114022125484,0.980044935889821,0.424118677925413,74,98,critico,False,0.3892832549333097,0.3820983520501721,0.5061531133672137,0.9595949665813786,0.0173900118906064,0.005829894383437,0.987857890332694,0.4150438975711982,86,116,critico,False,-0.18209292394652404,-0.18340626763623463,0.007812954442872999,True
84591890000143,0.3542908975465446,0.3459050650471491,0.5819601448307266,0.7604793162508077,0.0202352253634304,0.0075110075110075,0.9158788054366408,0.8957989477439922,78,117,baixo_baixo,False,0.2817950778622993,0.2740724442909261,0.3976402924853388,0.818281594175453,0.017554012345679,0.0069900769945572,0.9360477560676446,0.6985289006080855,94,144,oculta,True,-0.07249581968424529,-0.07183262075622299,0.020168950631003768,False
84703248000109,0.078873086485248,0.0759855413018161,0.2579962832799785,0.3926241575954787,0.0088366944007391,0.0057295993988606,0.9088634753112168,0.6823145472088418,320,958,baixo_baixo,False,0.0662762299585947,0.0635460434964853,0.2333505299926266,0.357974649709435,0.0091922136713445,0.0062951148809098,0.9080274035780264,0.715006717969889,343,1175,baixo_baixo,False,-0.012596856526653308,-0.01243949780533081,-0.0008360717331904466,True
85448116000140,0.4178013132772763,0.2722516415965954,0.560652528548124,0.9636759108210984,0.2222222222222222,0.0277777777777778,0.571677200172432,0.7178903119474259,5,6,hhi_alto,False,0.3182887867342093,0.1819465440810511,0.4677814950823599,0.9345040574273652,0.183673469387755,0.0204081632653061,0.5158693997033126,0.664446799916513,6,7,baixo_baixo,False,-0.09951252654306703,-0.09030509751554427,-0.05580780046911937,False
85461804000140,0.187078797580259,0.1245463973941251,0.3421208450352279,0.7404591307370971,0.0803324099722991,0.0095887492009375,0.8236540088230733,0.9932638717612812,14,19,baixo_baixo,False,0.1573662535628096,0.0925482730676411,0.2971691080019553,0.6931334967810612,0.0868055555555555,0.016559829059829,0.8247071385193461,0.9940993125608965,14,24,baixo_baixo,False,-0.02971254401744941,-0.031998124326483995,0.0010531296962728032,True
85908309000137,0.268301929816983,0.2500094780624076,0.4968972303301495,0.7168250408477014,0.0452446906740535,0.0213758079409048,0.76200673627657,0.9829154194837854,41,57,baixo_baixo,False,0.2167736475042793,0.1997469876674158,0.44028330855428,0.6620165536229106,0.0363265306122449,0.015377107364685,0.7489676222577093,0.9800787766059612,47,70,baixo_baixo,False,-0.05152828231270368,-0.05026249039499178,-0.013039114018860709,True
86050978000183,0.1434579699334156,0.1244237025986026,0.2490641562581075,0.715329277197664,0.0261593341260404,0.0045184304399524,0.9003526915056776,0.8507254319659997,46,58,baixo_baixo,False,0.1125626992433504,0.0944517339217861,0.1988812927284027,0.6019383740062815,0.025390625,0.005500637755102,0.8849191672524224,0.7713419604966965,50,64,baixo_baixo,False,-0.030895270690065216,-0.029971968676816493,-0.015433524253255282,True
86446630000100,0.1388269951550514,0.0881697595759368,0.2914529345146892,0.6157626074212244,0.0850661625708884,0.0312465250750583,0.6554585021779168,0.988536802325633,18,23,baixo_baixo,False,0.0952615644396816,0.0575641296246684,0.2292468302804933,0.484337638224922,0.0577777777777777,0.0185185185185185,0.7317002807697357,0.9918730386835344,25,30,baixo_baixo,False,-0.04356543071536979,-0.0306056299512684,0.07624177859181891,True
88368386000130,0.6002214781709477,0.5638779761864884,0.7673439475698547,0.9355188821292338,0.0887573964497041,0.0059171597633136,0.976529585940339,0.4215125031418245,12,13,critico,False,0.3842465491351013,0.3402641597876086,0.5442922484313417,0.9211542271284118,0.3269896193771627,0.2789174493326743,0.9795041064251826,0.572844614175336,15,34,critico,False,-0.21597492903584642,-0.22361381639887978,0.0029745204848435902,True
88659313000105,0.2510854991276172,0.2424772864739116,0.4765749372585094,0.6981479877852838,0.0150815635580178,0.0037606619897192,0.9598213848595136,0.5477816788018469,88,114,oculta,True,0.2628078452912807,0.2556506399057591,0.4825253887795675,0.7312865336480571,0.0129174543163201,0.0033341286300707,0.966838506086088,0.517073261439556,104,138,oculta,True,0.011722346163663522,0.013173353431847501,0.007017121226574385,True
88892393000136,0.3968726425862846,0.3667162747155988,0.4632497403086373,0.9702553676109792,0.0688775510204081,0.0223214285714285,0.8825526053914897,0.4485293614193341,21,28,baixo_baixo,False,0.2959364865779872,0.2677739460411067,0.3952702369204984,0.8747608978928456,0.0541781450872359,0.0163452708907254,0.8672808239174565,0.5029708188655124,26,33,baixo_baixo,False,-0.10093615600829736,-0.0989423286744921,-0.015271781474033186,True
89421259000110,0.0853690472937777,0.0619169715833618,0.1665159905733495,0.5168050015317333,0.0275824770146024,0.0026486943739512,0.8073720491745322,0.5488354375316208,40,43,baixo_baixo,False,0.04748094737277,0.0307700868003624,0.0884346672646513,0.3181301849196649,0.018896447467876,0.0016841044409966,0.8595446535801101,0.6621397522919319,58,63,baixo_baixo,False,-0.0378880999210077,-0.031146884782999398,0.052172604405577916,True
89525901000100,0.3279840856211839,0.1935809027454207,0.4218180413559465,0.965245790711865,0.1666666666666666,3.3306690738754695e-17,0.9360197181577786,0.6060662538458035,6,6,oculta,True,0.3279840856211839,0.1935809027454207,0.4218180413559465,0.965245790711865,0.1666666666666666,3.3306690738754695e-17,0.934436932397704,0.607572461086929,6,6,oculta,True,0.0,0.0,-0.0015827857600746453,True
89985378000103,0.1491137847293897,0.1163873918343662,0.295566125230798,0.6604777341944121,0.0512465373961218,0.014756019603665,0.3770831029355458,0.4226567321762158,27,38,baixo_baixo,False,0.1272970603409329,0.0982069623522973,0.2531906828131982,0.633165000763197,0.0470637234485631,0.0152991808968485,0.3769510506074658,0.4202584496569096,31,49,baixo_baixo,False,-0.021816724388456776,-0.018180429482068897,-0.00013205232808000122,True
90896275000148,0.0684701266163511,0.0468066411888244,0.1924104026994559,0.4094634056620588,0.0259878960484157,0.0033364517704719,0.4754819955692705,0.5369266105494066,44,53,baixo_baixo,False,0.065534418690282,0.045219949531375,0.1871485164090637,0.3982657268960314,0.0249928181557023,0.0037970098547393,0.465218029433575,0.5339441839642262,47,59,baixo_baixo,False,-0.002935707926069106,-0.0015866916574493947,-0.010263966135695524,True
92032226000192,0.3138468431502225,0.2957901811278599,0.5121509514597882,0.8353338234700723,0.028664142779881,0.0031026728530357,0.9176794410205544,0.7129254547235233,39,43,baixo_baixo,False,0.2302757172236265,0.2165306407454769,0.4341049624440331,0.7202978411342916,0.0205917159763313,0.0031022823330515,0.8985355360980256,0.6840054172322491,57,65,baixo_baixo,False,-0.08357112592659599,-0.07925954038238298,-0.01914390492252882,True
93856862000100,0.2265532294811323,0.1713070315869275,0.4357617002206385,0.7044174244229079,0.0666666666666666,0.0,0.718128574562693,0.4103792213201516,15,15,baixo_baixo,False,0.1958856655157907,0.1535638584376745,0.3660077875950568,0.7376329905494257,0.05,1.460819769243627e-17,0.8004970802872236,0.4028767262589116,20,20,baixo_baixo,False,-0.030667563965341593,-0.017743173149253,0.08236850572453058,True
94707684000100,0.1803517809437178,0.1218054795825548,0.3261287354358283,0.7516335555408884,0.0666666666666666,0.0,0.950546057945534,0.4041911050438559,15,15,oculta,True,0.1771223868383412,0.1222638792942306,0.3231179341993407,0.7446945189197092,0.0625,0.0,0.9461235917214036,0.4016693887197846,16,16,oculta,True,-0.003229394105376593,0.00045839971167579985,-0.00442246622413045,True
94707817000148,0.7514446281719217,0.689305785214902,0.8631373937677054,0.9840651558073654,0.2222222222222222,0.0277777777777778,0.7475231610311069,0.888456801481881,5,6,hhi_alto,False,0.7514446281719217,0.689305785214902,0.8631373937677054,0.9840651558073654,0.2222222222222222,0.0277777777777778,0.7409235530668048,0.8868220047747071,5,6,hhi_alto,False,0.0,0.0,-0.0065996079643021455,True
95778502000154,0.0935397678554501,0.0503749948961858,0.173974632520715,0.5173217740661226,0.0486111111111111,0.0033068783068783,0.794553763881131,0.990464916945024,22,24,baixo_baixo,False,0.0907197884323416,0.0493888697247207,0.1710684143278081,0.5086799972185764,0.0463999999999999,0.0030545454545454,0.8143211801190336,0.9920605872159944,23,25,baixo_baixo,False,-0.002819979423108493,-0.0009861251714650965,0.01976741623790268,True
95785267000148,0.2348516576391177,0.1945806922517029,0.4007814054705582,0.837352374478133,0.0623999999999999,0.0130526315789473,0.7661536025340265,0.8083322480082421,20,25,baixo_baixo,False,0.2343217026631608,0.1960377877963189,0.4003278641034314,0.8364047907441977,0.0591715976331361,0.0121301775147929,0.7705326382550387,0.808775760084417,21,26,baixo_baixo,False,-0.0005299549759568978,0.0014570955446159828,0.00437903572101217,True
95994059000159,0.3614292766236744,0.2550008227276201,0.4828404071947662,0.9564598662812118,0.1428571428571428,0.0,0.7744257905500681,0.7195588075004374,7,7,baixo_baixo,False,0.3614292766236744,0.2550008227276201,0.4828404071947662,0.9564598662812118,0.1428571428571428,0.0,0.7707387746994815,0.7186633663462334,7,7,hhi_alto,False,0.0,0.0,-0.003687015850586617,False
96041330000102,0.3791815495709857,0.2239769369637321,0.4985089415358479,0.9784132392395916,0.2,3.4694469519536136e-17,0.860416699207504,0.4014183565818778,5,5,baixo_baixo,False,0.3758444300918148,0.2510133161101777,0.4962974486776952,0.9740727877238494,0.1666666666666666,3.3306690738754695e-17,0.852520913657409,0.3989296410860705,6,6,hhi_alto,False,-0.0033371194791709247,0.027036379146445577,-0.007895785550094958,False
96484134000102,0.1192920985072182,0.084063782447507,0.2004833821931404,0.623037055101461,0.0448979591836734,0.0066938775510204,0.5515523922803647,0.8012828356032041,26,35,baixo_baixo,False,0.0988464579587805,0.0697769888606767,0.1756440535732852,0.5458445118356903,0.04,0.0090322580645161,0.5484094943472645,0.7867239704214734,32,45,baixo_baixo,False,-0.0204456405484377,-0.014286793586830299,-0.003142897933100186,True
97552692000112,0.2420087614404534,0.0904105137285441,0.3829193908984181,0.8803913870279372,0.1666666666666666,3.3306690738754695e-17,0.6562200706434201,0.9601779676961374,6,6,baixo_baixo,False,0.2420087614404534,0.0904105137285441,0.3829193908984181,0.8803913870279372,0.1666666666666666,3.3306690738754695e-17,0.7225325188043651,0.9621365191055252,6,6,baixo_baixo,False,0.0,0.0,0.06631244816094495,True
