orgao_cnpj,valor_total,n_instrumentos,n_fornecedores,portfolio_hhi,count_hhi,portfolio_cr1,portfolio_cr4,portfolio_neff,portfolio_hhi_norm,count_hhi_norm,hhi_gap_value_count,hhi_norm_gap_value_count,exposicao_degree_global,exposicao_strength_global
00057011000108,109046.4,6,4,0.4829648133554434,0.2777777777777778,0.6602693899110837,1.0,2.0705442142925614,0.3106197511405912,0.037037037037037056,0.2051870355776656,0.27358271410355417,0.866382202846799,0.6417431813431906
00091238000170,463764.85,11,9,0.3303067153054515,0.12396694214876033,0.43125288602618334,0.9731237932327127,3.027489159810901,0.246595054718633,0.014462809917355383,0.2063397731566912,0.23213224480127762,0.5615495247490827,0.7879573378713607
00118735000114,111063.09999999999,8,8,0.48240566804923307,0.125,0.67974016572561,0.8988048235642621,2.072944134433227,0.4084636206276949,0.0,0.35740566804923307,0.4084636206276949,0.4630226364205698,0.5583930980960434
00202770000117,3232560.62,6,6,0.5160285226261689,0.16666666666666669,0.6929491085614969,0.9699696273599966,1.9378773772248221,0.41923422715140274,3.3306690738754695e-17,0.34936185595950225,0.4192342271514027,0.4911310230478846,0.9342668747454267
00204125000133,610239.2,24,22,0.44517031283195974,0.04861111111111112,0.6440097587962229,0.9138506998567121,2.24633128305093,0.4187498515382435,0.0033068783068783136,0.39655920172084863,0.4154429732313652,0.505001120485745,0.7734631879124804
00324208000166,20395.239999999998,5,3,0.4662282745721222,0.44000000000000006,0.5740074644868116,1.0,2.144872060618252,0.19934241185818327,0.1600000000000001,0.026228274572122123,0.039342411858183185,0.4337377820476057,0.2919815057606655
00421772000105,6611636.220000001,20,16,0.1812125737566933,0.07500000000000001,0.25938511178402374,0.8006036363567505,5.518380867669034,0.12662674534047286,0.013333333333333345,0.1062125737566933,0.11329341200713951,0.4355354202306462,0.9320785423314372
00426641000102,62633.64,5,5,0.28075083867594613,0.20000000000000004,0.335283084297831,0.9817989182809749,3.561877160246848,0.10093854834493265,3.469446951953614e-17,0.0807508386759461,0.10093854834493263,0.45523699322673905,0.418076453406213
00444435000125,319910.04000000004,10,8,0.2852700824257914,0.14,0.40511388764166323,0.923778572251124,3.505449963404889,0.18316580848661873,0.017142857142857158,0.14527008242579137,0.16602295134376158,0.6292812857858923,0.7181875207471254
00460408000146,578732.03,33,27,0.12682021197333274,0.04132231404958677,0.24314880239132436,0.6425280798783506,7.88517843047192,0.09323637397230707,0.004450095359186264,0.08549789792374596,0.0887862786131208,0.7062223418820968,0.6406166808350311
00536717000152,548712.75,15,15,0.08631237716955865,0.06666666666666667,0.12028151341480584,0.4476101202313961,11.585823873620388,0.021048975538812846,0.0,0.01964571050289199,0.021048975538812846,0.5122307930401889,0.6338541480284949
00569168000112,123197.82,11,11,0.9442896818766181,0.09090909090909091,0.9716081015069911,0.9930149738039197,1.0589970632874723,0.9387186500642799,0.0,0.8533805909675272,0.9387186500642799,0.9893425469076869,0.9706903916586926
00634997000131,10571405.96,8,8,0.14924688226456945,0.125,0.19755714972088725,0.7023498915937951,6.700307469252881,0.027710722588079367,0.0,0.024246882264569447,0.027710722588079367,0.43477171971598594,0.9544976656482108
00675468000186,6357767.28,61,52,0.15098758685921349,0.02338081160978232,0.3388899506872167,0.6067207889370874,6.6230610131708225,0.13434028464076672,0.0042314157589937364,0.12760677524943118,0.13010886888177298,0.7268849394722418,0.8810552586902395
00879976000186,12443340.0,141,135,0.015596574159021192,0.007695789950203711,0.05625499263059597,0.1418429457042884,64.11664445051169,0.00825027993632732,0.00029053465132463356,0.007900784208817482,0.007959745285002687,0.3989296410860706,0.7317832941197299
00955107000193,12650330.57,328,95,0.22407463942209996,0.026583878643664485,0.36995080674796943,0.781367313312825,4.462798657532381,0.2158201143095691,0.01622838799093751,0.19749076077843547,0.1995917263186316,0.48267996093509935,0.9269717984721227
00956081000106,106151.38,6,6,0.23207393264667553,0.16666666666666669,0.31015046624923764,0.8874422546367273,4.308971665173896,0.07848871917601065,3.3306690738754695e-17,0.06540726598000884,0.07848871917601062,0.5662804573296113,0.5330387652924302
00999472000108,26941823.0,80,80,0.027245707315073357,0.012500000000000004,0.053448499012112134,0.21379399604844854,36.70302952446245,0.014932361838048969,3.513364001978343e-18,0.014745707315073353,0.014932361838048965,0.5166812450112631,0.8861198435053071
01071994000108,2374612.26,27,27,0.17378282243872525,0.03703703703703703,0.2736810598291108,0.7285865693290069,5.754308659318696,0.14200523868636852,0.0,0.13674578540168822,0.14200523868636852,0.5887038803245653,0.8823631799097059
01210830000106,467884.51999999996,15,15,0.2115697380398444,0.06666666666666667,0.4167695054326653,0.6934959079218949,4.726573891260727,0.15525329075697616,0.0,0.14490307137317776,0.15525329075697616,0.73455643166781,0.7186349699352569
01280363000190,18009370.59,55,42,0.5072547203884036,0.033388429752066115,0.653089009481036,0.9647295452761296,1.9713961443952708,0.4952365428369012,0.009812537794799436,0.47386629063633745,0.48542400504210176,0.404606136247675,0.9732219018081736
01282378000198,304468.75000000006,99,37,0.2729473842149322,0.06091215182124274,0.3946858257210305,0.8436317356050498,3.663709776432775,0.25275147822090255,0.0348263782607217,0.21203523239368946,0.21792509996018083,0.9892717410957963,0.9495765818430608
01294821000140,108830.32,5,5,0.29080902865346125,0.20000000000000004,0.411833761032771,0.9356796892630656,3.438682783097621,0.11351128581682655,3.469446951953614e-17,0.09080902865346122,0.11351128581682651,0.7203286798075172,0.7414093490437119
01335616000186,298078.42000000004,11,8,0.5983323750215647,0.14049586776859505,0.762685202102185,0.9608621784830985,1.6713118690325903,0.540951285738931,0.017709563164108624,0.45783650725296965,0.5232417225748224,0.8610819977332572,0.7760702434356306
01349236000109,945408.037,185,27,0.0797985653991157,0.07325054784514246,0.14082017794397064,0.4616215093589267,12.531553606239163,0.04440620252985092,0.03760633814687871,0.0065480175539732455,0.006799864382972212,0.9989294309449629,0.968915944160482
01393989000103,384377.68,9,8,0.15817546346799166,0.13580246913580246,0.2320431040636907,0.7093863514655689,6.322093060927618,0.03791481539199047,0.01234567901234567,0.0223729943321892,0.0255691363796448,0.4542171986465636,0.6197926641823261
01397083000167,186926.62000000002,82,43,0.21117271376429195,0.04342653182629388,0.4092515020065093,0.7198870337461833,4.735460288284149,0.1923911117110608,0.020650973060253257,0.16774618193799806,0.17174013865080753,0.9113668698440348,0.8089384270847968
01404511000131,2791763.5699999994,64,38,0.34282848438802466,0.05224609375,0.5625662061347122,0.8006283820087243,2.916910483051247,0.32506709207418744,0.02663112331081081,0.29058239063802466,0.29843596876337664,0.7106916518016232,0.8709507813674692
01420402000108,686508.5800000001,24,20,0.5164917492658109,0.05555555555555556,0.7059876221794635,0.8959779643249325,1.9361393505733488,0.4910439465955904,0.00584795321637427,0.4609361937102553,0.48519599337921615,0.5233825405397051,0.8258932496730257
01465988000127,5503768.37,204,117,0.06425353148909367,0.017637447135717046,0.15224609279841475,0.43590852098305144,15.56334689821273,0.05618675158813758,0.009168804438611157,0.04661608435337662,0.04701794714952642,0.6419934909751159,0.8055192993186204
01494665000161,636626.3300000001,19,16,0.16886670754876493,0.06925207756232686,0.2931075753652853,0.7045877760035466,5.921830386319472,0.11345782138534925,0.007202216066481985,0.09961462998643807,0.10625560531886727,0.5551316530892535,0.7030839203938131
01600293000100,106022.36000000002,68,31,0.38598217895801773,0.05233564013840833,0.5961006715941807,0.8576470095553428,2.5907931881714346,0.3655149182566183,0.02074682814302194,0.3336465388196094,0.3447680901135964,0.640229602990591,0.6974259679021885
01610999000153,21492.719999999998,16,15,0.26543545740125546,0.0703125,0.36805020490659157,0.8228925887463289,3.7673941898738588,0.21296656150134516,0.003906250000000001,0.19512295740125546,0.20906031150134516,0.9928763569543253,0.829675278485762
01648573000199,7256005.920000001,52,42,0.2690944537846748,0.03032544378698225,0.5012133865513716,0.6931273479446114,3.7161672637080234,0.2512674892428376,0.006674844854957429,0.23876900999769252,0.24459264438788017,0.7745848589736769,0.9008504056110502
01650166000116,579048.92,18,15,0.21380006151089428,0.07407407407407407,0.41447275301022923,0.6717912538374133,4.6772671295468475,0.15764292304738672,0.007936507936507933,0.13972598743682021,0.1497064151108788,0.4807390411812353,0.6646036364013711
01743462000161,13438.5,11,9,0.21005002089439573,0.12396694214876033,0.2547903411839119,0.8675149756297206,4.760770771371443,0.11130627350619521,0.014462809917355383,0.0860830787456354,0.09684346358883983,0.9895481794548329,0.8200607591989957
01746653000187,1974258.3714,795,175,0.05466834603143979,0.02025394565088406,0.18291552171254985,0.3489672481476909,18.292120991275272,0.04923540549139059,0.014623221200601786,0.034414400380555724,0.03461218429078881,0.9581752530939159,0.9174496340426884
01815216000178,46022370.87,148,129,0.1342201712306583,0.009222059897735575,0.33618433182644947,0.5439633957736607,7.4504449728460935,0.12745626631839782,0.0014816072406866338,0.12499811133292273,0.1259746590777112,0.4413134603681855,0.9286793666269976
01823752000115,169659.65000000002,19,9,0.2052672825314581,0.1412742382271468,0.32610558845311777,0.8343702229728753,4.871696978044934,0.10592569284789037,0.033933518005540154,0.0639930443043113,0.07199217484235021,0.870703275889076,0.8161847981796571
01824828000127,232749.24000000005,126,45,0.4208958445744556,0.040438397581254705,0.6367367730180343,0.8186374314261992,2.37588470613447,0.4077343864966024,0.01863017934446504,0.3804574469932009,0.38910420715213734,0.6131953410063103,0.7606257951816885
01834835000100,6830000.0,24,24,0.058214663153900746,0.041666666666666664,0.08784773060029283,0.3206442166910688,17.17780273599322,0.017267474595374692,0.0,0.016547996487234082,0.017267474595374692,0.6478298910454363,0.8861362159569557
01842685000186,43549.99,5,5,0.3669854646107463,0.20000000000000004,0.5510908268865274,0.9425947055326535,2.7249035627628433,0.20873183076343288,3.469446951953614e-17,0.1669854646107463,0.20873183076343285,0.5157656339420618,0.3945138416268523
01850671000104,496470.25,188,61,0.1585469434940581,0.043062471706654594,0.32159026648625977,0.6663128556041373,6.307280215953688,0.14452272588562573,0.027113512901765502,0.11548447178740351,0.11740921298386023,0.9158680520962352,0.8060646773082181
01877528000106,13863172.3536,69,52,0.16917567276924278,0.023734509556815796,0.28567876954740135,0.7393603540778532,5.911015358360711,0.15288499968628677,0.0045920489598906145,0.14544116321242698,0.14829295072639614,0.6931678731933163,0.942633533450937
01896727000161,88328.01,46,31,0.2741536516897199,0.047258979206049136,0.4755003537382989,0.7620730954993779,3.6475895682461106,0.24995877341271056,0.015500945179584107,0.22689467248367076,0.23445782823312644,0.5929392725505465,0.6001723997307719
01906118000146,670362.69,10,10,0.5859091727998346,0.10000000000000003,0.7605486516560162,0.8774639441822156,1.7067491796064305,0.5398990808887051,3.0839528461809905e-17,0.48590917279983453,0.5398990808887051,0.3989296410860706,0.7756283845061551
01933030000113,434715.92,6,5,0.7532521916163409,0.22222222222222227,0.8642239741300479,0.9960801987652074,1.3275766219201879,0.691565239520426,0.027777777777777818,0.5310299693941187,0.6637874617426482,0.42300257883742126,0.8218064589528167
01935036000120,50402.63,72,37,0.1272404701384932,0.045524691358024706,0.24040412176904263,0.6092150350090859,7.859134746292302,0.10299714986456246,0.019011488340192055,0.08171577878046851,0.0839856615243704,0.9900735895866977,0.7958963025578017
01941360000150,1381958.9663999998,397,139,0.07960908770537423,0.020170167947261897,0.23082450908869473,0.4465150786694153,12.56137997336317,0.07293958834092042,0.013069951772966692,0.05943891975811233,0.05986963656795372,0.993505220671628,0.9428228880026149
01977854000195,335345.55,18,16,0.2665972648875124,0.06790123456790123,0.32205586148377396,0.9142688787729553,3.7509762165862366,0.21770374921334656,0.0057613168724279795,0.19869603031961117,0.21194243234091859,0.5824411194616577,0.6867022267609616
02061040000179,8829.67,13,10,0.3172775189270758,0.1124260355029586,0.5039825950460209,0.8852448619257571,3.15181486347239,0.24141946547452864,0.013806706114398437,0.2048514834241172,0.2276127593601302,0.9925222139814673,0.7729204501884583
02073207000111,1634712.0308,402,116,0.24415314170150562,0.02371228434939729,0.42820997632068075,0.791690894552631,4.095790015360811,0.23758056032499697,0.015222825952435525,0.22044085735210833,0.22235773437256146,0.5359828513467366,0.8918103217181008
02179215000147,118231.70000000001,10,9,0.2701814206853613,0.12000000000000002,0.44471321988942053,0.8513872337114327,3.7012167508162825,0.17895409827103145,0.010000000000000033,0.15018142068536125,0.16895409827103142,0.6040478805630244,0.4959736114809832
02180700000130,50217.01,7,6,0.3571860279696148,0.18367346938775508,0.503016806456617,0.9978491351834767,2.7996615816256627,0.22862323356353775,0.02040816326530611,0.1735125585818597,0.20821507029823164,0.558091369608529,0.5197971537097159
02246138000109,2780138.56,40,16,0.19454243733903845,0.14625000000000002,0.34608613176459807,0.7829089245105827,5.140266636308519,0.14084526649497434,0.08933333333333335,0.04829243733903843,0.05151193316164099,0.3989296410860706,0.8447511076705153
02247113000111,344345.53,43,34,0.19381319473937428,0.04056246619794484,0.28241792480942035,0.799708798310813,5.159607432015794,0.16938329154965834,0.011488601537276502,0.15325072854142943,0.15789469001238182,0.8558984416876012,0.8358075486178659
02299772000100,17680.64,9,9,0.19826365334839863,0.1111111111111111,0.343878954607978,0.7806844096141317,5.043788829225047,0.09804661001694846,0.0,0.08715254223728752,0.09804661001694846,0.9934087263462664,0.7129141378436541
02307876000100,2058497.0799999998,6,6,0.9919611659947236,0.16666666666666669,0.9959693506099121,0.9997974347381636,1.0081039805597785,0.9903533991936684,3.3306690738754695e-17,0.8252944993280569,0.9903533991936684,0.9204068518570783,0.9679685369404478
02316487000141,17266220.209999997,60,35,0.5192918139700448,0.04277777777777779,0.6885120110488849,0.9299000478808326,1.9256995259657315,0.5051533379103402,0.014624183006535962,0.47651403619226695,0.4905291549038043,0.5662928237207174,0.975911821427728
02318396000145,1123067.01,9,9,0.37390882512843615,0.1111111111111111,0.5573020972274842,0.9097106235895933,2.6744487768014142,0.2956474282694907,0.0,0.26279771401732505,0.2956474282694907,0.4353660124816211,0.8210061693786344
02362976000130,2758056.5,165,146,0.07744867358982266,0.007529843893480257,0.2679410302145732,0.3338570112686234,12.911776969817693,0.07108625064906282,0.0006852221272283974,0.0699188296963424,0.07040102852183443,0.5420591618292973,0.5296035219356852
02396675000127,641837.71,32,23,0.41273526892111795,0.052734375,0.6181504978883213,0.8752646833418374,2.4228605483945698,0.38604141750844145,0.009676846590909092,0.36000089392111795,0.37636457091753234,0.8426564323535848,0.8455736883736549
02406542000194,865711.9715,64,49,0.3327860509614472,0.02880859375,0.42739820365300335,0.9237110815441691,3.0049336416322587,0.3188857603564773,0.008575439453125002,0.3039774572114472,0.3103103209033523,0.7227985456671412,0.8751842709177022
02458148000108,133264.0,7,7,0.14986510959044846,0.14285714285714285,0.207107696001921,0.653319726257654,6.672667192068928,0.008175961188856551,0.0,0.007007966733305615,0.008175961188856551,0.5595860827155824,0.5015599347483346
02482295000105,12507602.76,453,124,0.3536419015694142,0.01886369506210741,0.5806268898485547,0.7693626376410437,2.8277192141602487,0.34838695767973465,0.01088697713578308,0.33477820650730683,0.3374999805439516,0.8615423619501575,0.9431395868985534
02524947000127,44230.0,6,6,0.21922223405298868,0.16666666666666669,0.2780917929007461,0.8659281030974452,4.561581102025846,0.06306668086358642,3.3306690738754695e-17,0.052555567386322,0.0630666808635864,0.7048055697729614,0.5293381429293824
02533645000115,32158.059999999998,9,9,0.19354593579664256,0.1111111111111111,0.3097015180642116,0.7695899566080789,5.1667321035906095,0.0927391777712229,0.0,0.08243482468553145,0.0927391777712229,0.5672728090226629,0.24659131472170903
02555079000142,37452244.56,9,9,0.4247397468133206,0.1111111111111111,0.5781018396724898,0.9592291458645756,2.3543829074219293,0.3528322151649857,0.0,0.3136286357022095,0.3528322151649857,0.3989296410860706,0.9874393947454666
02571926000162,18870.0,6,6,0.3373189892408073,0.16666666666666669,0.4239533651298357,0.9666136724960255,2.964552936230086,0.20478278708896874,3.3306690738754695e-17,0.1706523225741406,0.20478278708896872,0.9650711900848368,0.5764274320849403
02581343000112,79666.7,23,21,0.1450792305131761,0.05103969754253306,0.26416306938783707,0.6511980538920277,6.892785386735147,0.1023331920388349,0.003591682419659718,0.09403953297064302,0.09874150961917517,0.5991594198593897,0.40119382207589943
02701029000126,114177.13000000002,7,7,0.23501226668920178,0.14285714285714285,0.32629721906655035,0.8705518346800274,4.25509703849832,0.10751431113740208,0.0,0.09215512383205893,0.10751431113740208,0.6417192093911224,0.5733322567093981
02762633000162,7673811.4,54,44,0.07899280067362191,0.028120713305898486,0.19338550723308107,0.4609034201700605,12.659381506572286,0.05757402859626428,0.005518869429291473,0.050872087367723424,0.05205515916697281,0.5539108386520867,0.8526961950490752
02920909000193,2238600.3500000006,72,62,0.04624141599798783,0.01929012345679013,0.09315347422330207,0.334834621105996,21.62563534048167,0.030606029375004028,0.003212912365917837,0.026951292541197703,0.02739311700908619,0.7688018502790301,0.7412589683419523
02983473000181,5348957.1,7,6,0.8353422475700001,0.18367346938775508,0.9125203303649603,0.989635923608361,1.1971141204805422,0.8024106970840001,0.02040816326530611,0.651668778182245,0.782002533818694,0.3989296410860706,0.9626013832119268
02994421000100,369674.69,18,17,0.13830714894545404,0.06172839506172839,0.256982700113984,0.6374956316322331,7.2302842450637375,0.08445134575454492,0.003086419753086417,0.07657875388372565,0.0813649260014585,0.443760437581436,0.5512319023993772
03061303000102,4014083.369999999,36,33,0.2851221979146543,0.037037037037037035,0.5171541616486156,0.6976360558251185,3.507268137359583,0.2627822665994873,0.0069444444444444415,0.24808516087761728,0.25583782215504286,0.40641497817364086,0.8356544023880427
03130778000103,219634.8,7,7,0.2837917295305102,0.14285714285714285,0.4370892044430118,0.9242615468951186,3.5237108623790636,0.16442368445226188,0.0,0.14093458667336733,0.16442368445226188,0.6320239875486791,0.6376166543882602
03133862000180,27087.739999999998,14,13,0.16442778265002284,0.0816326530612245,0.27646270969818815,0.7045866506397358,6.081697289128171,0.09479676453752472,0.005102040816326534,0.08279512958879834,0.08969472372119819,0.4270737078976415,0.18018734006679646
03183869000107,446354.55,8,7,0.2187594090025405,0.15625,0.31385005484989453,0.8939897666552297,4.571231950934676,0.08855264383629727,0.015625000000000007,0.06250940900254051,0.07292764383629727,0.5220458764088454,0.6722998616061421
03230443000167,9826066.919999998,220,98,0.5952469725362778,0.020578512396694212,0.739804841467536,0.9653950718259509,1.679974945087275,0.5910742609129405,0.010481383658515803,0.5746684601395836,0.5805928772544247,0.5222646162405242,0.9834038491984907
03264792000108,4616658.594500001,333,125,0.10923430692785718,0.02100298496694894,0.2859210775456877,0.5146080701593019,9.154633082996911,0.10205071262888828,0.013107847748940464,0.08823132196090824,0.08894286487994782,0.660554992016856,0.8907450423704323
03331692000149,589992.7699999999,15,12,0.10077743009094985,0.10222222222222224,0.14034070281912098,0.47673829969136733,9.922856725930773,0.019029923735581655,0.020606060606060635,-0.001444792131272396,-0.0015761368704789794,0.41860816143838736,0.6058898759201128
03347877000141,81453.46999999999,65,35,0.294414961078418,0.059881656804733736,0.4952750324817347,0.8010561121582667,3.396566520726669,0.2736624599336656,0.03223111729899061,0.2345333042736843,0.241431342634675,0.9948677376765512,0.8688303514468046
03347885000198,539737.5401,610,140,0.038390675928699054,0.030959419510884177,0.08991995070605614,0.3046412020359671,26.047991492966844,0.03147262323753862,0.02398790454333658,0.007431256417814877,0.0074847186942020374,0.9966427791542869,0.9289016198344605
03383321000100,8765.250000000002,13,11,0.2632191712114213,0.10059171597633138,0.42782578933858134,0.8356635577992642,3.799115373692846,0.18954108833256345,0.01065088757396451,0.16262745523508992,0.17889020075859893,0.989031950931238,0.8346317786453215
03387174000147,68519.87999999999,10,10,0.14477385252480285,0.10000000000000003,0.2682433185814102,0.6413251161560702,6.907324648480143,0.04974872502755871,3.0839528461809905e-17,0.044773852524802815,0.049748725027558685,0.5719217437657761,0.327581646147145
03532661000156,1714218.28,9,7,0.7092110910972237,0.18518518518518517,0.838632989026345,0.9605826161181761,1.4100174300050714,0.6607462729467609,0.049382716049382706,0.5240259059120385,0.6113635568973782,0.48555269778439664,0.9451255568724786
03587269000104,4114042.8699999996,23,21,0.21286077184475077,0.05103969754253306,0.40611007050590114,0.7517195585275951,4.697906482878613,0.17350381043698831,0.003591682419659718,0.1618210743022177,0.1699121280173286,0.4347364760875937,0.882179607966261
03608586000160,1392509.1500000001,5,5,0.30666683189932575,0.20000000000000004,0.3590640679093563,0.9928505317182296,3.260867808254808,0.13333353987415716,3.469446951953614e-17,0.10666683189932571,0.13333353987415714,0.9680533119623839,0.965928291172504
03838193000142,21950.27,10,9,0.6808700447162989,0.12000000000000002,0.8200354710898773,0.960523947996995,1.4687090550689073,0.6409788003058363,0.010000000000000033,0.5608700447162989,0.6309788003058363,0.5063123575169622,0.4554520371194441
03842931000125,186200.66,10,9,0.4157977723946621,0.12000000000000002,0.6186873881112989,0.9237376494798677,2.405015289622167,0.3427724939439949,0.010000000000000033,0.2957977723946621,0.3327724939439949,0.5081591353188613,0.6328819696278263
03852808000195,173912.72,7,6,0.197300961544354,0.18367346938775508,0.23460043635681163,0.8237621721976404,5.068399019308359,0.036761153853224815,0.02040816326530611,0.01362749215659892,0.016352990587918705,0.8489611153273102,0.7481699020501839
03918310000188,372767.48,19,17,0.15189886653675463,0.06371191135734071,0.24618161434039257,0.7102510658923359,6.583327596839126,0.0988925456953018,0.005193905817174504,0.08818695517941393,0.0936986398781273,0.6235264428987196,0.6261425291016908
03937163000193,224834.1,8,8,0.37698480055969463,0.125,0.4936973528481667,0.9669181409759462,2.6526268393721417,0.2879826292110796,0.0,0.25198480055969463,0.2879826292110796,0.4806548846170561,0.6887030725624667
04073373000143,44707.93,11,7,0.44928454901687953,0.256198347107438,0.6441810211298085,0.9326788334865872,2.2257609396721767,0.35749864051969277,0.13223140495867766,0.19308620190944153,0.2252672355610151,0.8212555599985406,0.6828616643988799
04124168000160,104136.43,6,6,0.4710999804413578,0.16666666666666669,0.6620923148604192,0.9699432753744295,2.122691661042171,0.3653199765296294,3.3306690738754695e-17,0.3044333137746911,0.36531997652962933,0.44675183715717043,0.5391284301186293
04200511000108,47420.07000000001,18,14,0.5748533477776676,0.08641975308641975,0.7437357220265597,0.9663638202136776,1.7395741085372676,0.5421497591451805,0.01614434947768281,0.48843359469124786,0.5260054096674976,0.9492990168512858,0.8213979459635661
04244520000109,27423.9,6,6,0.28960971967071353,0.16666666666666669,0.39928675352520976,0.9450515790970649,3.45292278566134,0.14753166360485623,3.3306690738754695e-17,0.12294305300404684,0.1475316636048562,0.7344983253383035,0.4463935707168898
04244525000123,2732888.1,252,139,0.04212254657185543,0.016219450743260262,0.10718087213303755,0.329459127872817,23.74025507442039,0.03518140560498481,0.009090606183428815,0.025903095828595166,0.026090799421555996,0.7200885992170739,0.7156154276312952
04249257000132,3017206.09,14,8,0.3577284809718642,0.173469387755102,0.4172734518111754,0.9899796271457215,2.7954162254099395,0.26597540682498766,0.05539358600583087,0.1842590932167622,0.21058182081915677,0.4199787752261255,0.9215832077535773
04326257000199,866964.76,50,49,0.22715780166678137,0.020800000000000003,0.45358639490721625,0.6563852606881045,4.402226085401653,0.21105692253483932,0.00040000000000000425,0.20635780166678136,0.2106569225348393,0.7457052240386725,0.7408273866211279
04394880000189,188215.54,6,6,0.23832810546890568,0.16666666666666669,0.32834695796106955,0.9081295837740073,4.1958962331887815,0.08599372656268682,3.3306690738754695e-17,0.07166143880223899,0.08599372656268679,0.6294686878506778,0.6552105225399902
04402872000137,677287.04,21,21,0.9451010017116588,0.0476190476190476,0.9717534237773101,0.9999748998592974,1.0580879696338428,0.9423560517972417,0.0,0.8974819540926112,0.9423560517972417,0.414389772599669,0.9051899056764596
04407139000105,210908.63000000003,17,15,0.2123312266093559,0.07266435986159168,0.3176731080183869,0.8228233240147641,4.709622865975273,0.15606917136716703,0.0064260998517053775,0.13966686674776424,0.14964307151546163,0.6641490142806331,0.659251552134499
04413256000181,189243.56,8,7,0.21246968749586934,0.15625,0.33026222926687704,0.7930550450435409,4.706553729079313,0.08121463541184756,0.015625000000000007,0.056219687495869336,0.06558963541184756,0.5820064830170065,0.5528492228032975
04515660000166,37103.159999999996,15,13,0.33526933501544937,0.08444444444444445,0.5248865595275443,0.9051776182945064,2.9826765992598743,0.27987511293340345,0.008148148148148146,0.25082489057100493,0.2717269647852553,0.9914053176784808,0.7758067107754912
04529388000173,1595000.0,6,6,0.3366802606106465,0.16666666666666669,0.5184952978056426,0.9623824451410659,2.970177099739295,0.2040163127327758,3.3306690738754695e-17,0.1700135939439798,0.20401631273277576,0.5569735787176779,0.8862256280635912
04539825000130,7940.43,7,7,0.2959863154581219,0.14285714285714285,0.47453349503742237,0.9107101252702938,3.3785345733035643,0.17865070136780886,0.0,0.15312917260097902,0.17865070136780886,0.8478304474481985,0.29359454893586434
04587036000174,206436.0,6,6,0.2538140653871196,0.16666666666666669,0.31971167819566354,0.9190257513224438,3.93989197751823,0.10457687846454351,3.3306690738754695e-17,0.0871473987204529,0.10457687846454349,0.4221960581431071,0.5635945111043087
04603063000193,3784794.0,8,7,0.4202710641850375,0.15625,0.6045243149296897,0.9688506164404191,2.3794167270095916,0.32364957488254376,0.015625000000000007,0.2640210641850375,0.30802457488254376,0.400795371950652,0.9285048508198093
04621712000189,309370.58999999997,17,15,0.31433484373701104,0.07266435986159168,0.4848553962417695,0.9075412436586168,3.1813208746169175,0.2653587611467976,0.0064260998517053775,0.24167048387541934,0.2589326612950922,0.5474354274041064,0.7185640611505452
04691691000178,27851312.029999997,213,157,0.11936788395678738,0.011042782516696421,0.2189757079821133,0.6336053307288303,8.37746273831923,0.11372280628984371,0.004703313173854731,0.10832510144009096,0.10901949311598898,0.5802177266184605,0.9268226202370312
04704773000100,63203.5,15,11,0.19871521320837385,0.1288888888888889,0.3651854723235264,0.7746960215810833,5.032327338478079,0.11858673452921123,0.041777777777777775,0.06982632431948496,0.07680895675143345,0.8738984086932676,0.5686212153509791
04729502000109,395777.65,44,28,0.31309265670677927,0.04958677685950413,0.5053342451247562,0.9085680305595831,3.193942683033062,0.28765164399221554,0.014386287113559836,0.26350587984727514,0.2732653568786557,0.8351974269458344,0.7164354951437305
04739716000166,105018.9,6,6,0.2553823000123483,0.16666666666666669,0.35707858299791756,0.9181204526042456,3.915698151170413,0.10645876001481797,3.3306690738754695e-17,0.08871563334568161,0.10645876001481794,0.7369972603214359,0.5496228425144349
04755519000130,7845185.88,6,6,0.9892777891772816,0.16666666666666669,0.9946198852843497,0.9993690398066133,1.0108384226756322,0.9871333470127379,3.3306690738754695e-17,0.822611122510615,0.9871333470127379,0.3999794170329418,0.9882527629800735
04755973000191,26564827.8,202,101,0.055315865069753486,0.01999803940790119,0.13118729608328197,0.3984202890259277,18.077996226561705,0.04586902372045102,0.010198019801980202,0.03531782566185229,0.03567100391847082,0.5647040552377597,0.9037238307046671
04776218000193,50937.8,15,13,0.1351338560976386,0.08444444444444445,0.2824081526881805,0.5936233995186286,7.400070040756238,0.06306167743910847,0.008148148148148146,0.05068941165319414,0.05491352929096032,0.8120367202635905,0.6404747266509828
04794805000105,122604.52000000002,21,17,0.44951943982938314,0.06575963718820861,0.6361918793858498,0.8940486859701421,2.2245978958764363,0.4151144048187196,0.00736961451247165,0.38375980264117454,0.40774479030624794,0.7770481233481201,0.6029264163022525
04816835000175,885222.7699999999,7,7,0.6740506124123735,0.14285714285714285,0.8110952568470421,0.9903450517884894,1.4835681202351847,0.6197257144811025,0.0,0.5311934695552307,0.6197257144811025,0.48511993219410854,0.8951079393060736
04828495000100,66126.01000000001,9,6,0.7115571485618221,0.20987654320987653,0.8393066510439688,0.9723558097638129,1.4053684964323245,0.6538685782741865,0.05185185185185184,0.5016806053519456,0.6020167264223347,0.41436017887158116,0.5242371378741381
04841899000126,109549.45999999999,12,10,0.12935929973927765,0.125,0.1912378207980213,0.6306738527054355,7.730406720007682,0.03262144415475294,0.02777777777777777,0.00435929973927765,0.00484366637697517,0.4943960837827691,0.4186940343341198
04846427000166,308099.79000000004,38,21,0.13579965838235547,0.08864265927977835,0.1999352222862599,0.7061673102730774,7.363788774669927,0.09258964130147325,0.04307479224376728,0.04715699910257712,0.04951484905770597,0.6452966844287062,0.6070414999620622
04862101000122,18754.0,7,7,0.26086110623370595,0.14285714285714285,0.3999146848672283,0.8958088941025915,3.8334576374298517,0.1376712906059903,0.0,0.1180039633765631,0.1376712906059903,0.9526982814066162,0.8406892580547612
04870834000109,160451.85,17,17,0.25742065757419363,0.058823529411764705,0.4112972832659767,0.8037413716326736,3.884692119985672,0.21100944867258073,0.0,0.19859712816242892,0.21100944867258073,0.589805161879938,0.6029001070178408
04894677000171,162663.4,5,4,0.3367403638048037,0.28,0.4610748330601721,1.0000000000000002,2.9696469668829604,0.11565381840640494,0.040000000000000036,0.056740363804803684,0.07565381840640491,0.5972631852435151,0.7093449938554774
04902949000138,401451.14,14,13,0.2729159356703943,0.0816326530612245,0.47029384447631656,0.8065738709821574,3.6641319516340696,0.21232559697626047,0.005102040816326534,0.1912832826091698,0.20722355615993393,0.9237071771253511,0.8137458387523913
04927953000150,124875.65000000001,16,12,0.48312775944046116,0.1015625,0.673461959957766,0.9401832943412107,2.0698458750500266,0.4361393739350486,0.019886363636363643,0.38156525944046116,0.41625301029868494,0.9839507494567011,0.9527865454447147
04939180000122,47182.560000000005,6,6,0.2646671026115848,0.16666666666666669,0.3984523094974075,0.9152693283280942,3.7783313080188936,0.11760052313390179,3.3306690738754695e-17,0.09800043594491814,0.11760052313390176,0.7521270360747183,0.47654062068792724
04973965000111,1790456.2699999998,25,25,0.11239264573692369,0.04,0.18255324381644908,0.5931648473045366,8.897379303096839,0.07540900597596219,0.0,0.0723926457369237,0.07540900597596219,0.525860734759833,0.7626771655778625
05002371000126,99289.24999999999,18,14,0.743620498535489,0.08641975308641975,0.8559138073859959,0.9767123832640491,1.3447719663046318,0.7238989984228342,0.01614434947768281,0.6572007454490691,0.7077546489451514,0.929332252213817,0.8558485114445494
05002963000148,267330.56,19,17,0.33082717759090513,0.06371191135734071,0.5543698408442342,0.7853011642215542,3.0227262683859117,0.2890038761903367,0.005193905817174504,0.2671152662335644,0.2838099703731622,0.8341223717364462,0.6977360818714302
05009757000160,32438.75,7,6,0.44277643753938445,0.18367346938775508,0.5733883087356942,0.9753997919155332,2.2584760958763783,0.3313317250472614,0.02040816326530611,0.25910296815162936,0.3109235617819553,0.6977576571451382,0.43455013019284644
05029092000156,27425316.5922,589,186,0.03122779102771756,0.017303651263544148,0.06401873553938649,0.17340671616358194,32.02275816154935,0.025991184492732248,0.011991779108211954,0.01392413976417341,0.013999405384520294,0.4771613877284563,0.9303014126973513
05054133000164,3604940.6100000003,12,12,0.44918917041580525,0.08333333333333334,0.6454066909024613,0.9262171145726587,2.226233546713338,0.39911545863542397,1.5139404881252137e-17,0.36585583708247194,0.39911545863542397,0.40315290334214166,0.9062124401746754
05054229000122,19607.489999999998,5,5,0.3132753377133666,0.20000000000000004,0.4827236938537264,0.942180768675644,3.1920801914990093,0.1415941721417082,3.469446951953614e-17,0.11327533771336654,0.14159417214170816,0.8360358093911402,0.630062317921683
05055033000152,133753006.60000001,44,42,0.5670685499108263,0.024793388429752067,0.7476467448620329,0.8786269350299599,1.7634552298082018,0.5565092462501148,0.0010078613182826063,0.5422751614810742,0.5555013849318322,0.41364330596308546,0.9901295327524263
05085153000100,227280.97999999998,5,4,0.42060009993330555,0.28,0.5228488543124022,1.0,2.377555307662955,0.22746679991107407,0.040000000000000036,0.14060009993330552,0.18746679991107404,0.6697954472555937,0.8212697750663138
05106805000138,7803072.080000001,256,80,0.022996450048935715,0.07244873046875,0.051261861469309916,0.17893593519130993,43.484972588031276,0.010629316505251356,0.06070757515822785,-0.04945228041981428,-0.05007825865297649,0.5824594131151747,0.774770339818473
05121894000191,8962.09,8,8,0.36882239018942853,0.125,0.5547143579232076,0.9027693317072244,2.7113321387196594,0.27865416021648975,0.0,0.24382239018942853,0.27865416021648975,0.39892964108607054,0.13970417782393654
05140677000149,209100.0,5,4,0.33532809990940654,0.28,0.480726924916308,1.0,2.982153897243218,0.11377079987920873,0.040000000000000036,0.055328099909406514,0.07377079987920869,0.49935371725113886,0.6695299949888931
05152243000169,1817358.8,5,5,0.875272568524281,0.20000000000000004,0.9343229306177734,0.9980197636262029,1.1425012458530612,0.8440907106553514,3.469446951953614e-17,0.675272568524281,0.8440907106553514,0.4018084910707098,0.9339436589160233
05156411000194,110188.0,6,6,0.21615384225973033,0.16666666666666669,0.2658184194286129,0.8790703161868806,4.626334602918604,0.05938461071167641,3.3306690738754695e-17,0.04948717559306365,0.059384610711676375,0.5432193600803126,0.4648301495809064
05160388000101,214728.64,5,5,0.3478042703821789,0.20000000000000004,0.42764039300952117,0.9861127048539029,2.8751803389336383,0.18475533797772364,3.469446951953614e-17,0.1478042703821789,0.18475533797772362,0.9455996529163372,0.8393436583892837
05211356000198,2392213.85,130,106,0.06298455962184796,0.011834319526627224,0.13794753341136287,0.4346601370943488,15.876907070619923,0.05406060304681794,0.002423217807833198,0.051150240095220734,0.05163738523898474,0.6016521799969143,0.6949355818724279
05234481000113,252256.28,6,5,0.8693149183181724,0.22222222222222227,0.9304030012652212,0.9994285969808165,1.1503311158339014,0.8366436478977154,0.027777777777777818,0.6470926960959502,0.8088658701199376,0.9254314158300949,0.9197365235034634
05298824000103,632194.23,9,8,0.6731136309042477,0.13580246913580246,0.8067141011394552,0.9956896316500706,1.4856332632227631,0.6264155781762831,0.01234567901234567,0.5373111617684452,0.6140698991639375,0.9660987431250283,0.9547708896637523
05322181000196,895367.08,11,9,0.35788135006777416,0.12396694214876033,0.5210153583042164,0.9141479715783161,2.794222162766023,0.27761651882624594,0.014462809917355383,0.23391440791901383,0.26315370890889056,0.6355430287545085,0.8308935178413188
05380490000112,82155.63000000002,20,17,0.26011261948936915,0.07,0.47657476426143897,0.7461363268713294,3.844488598681273,0.2138696582074547,0.011875000000000009,0.19011261948936914,0.2019946582074547,0.47595266716465984,0.3969132818132825
05419083000171,178581.36000000002,11,11,0.1665271342240044,0.09090909090909091,0.26878505125058966,0.7104257689604335,6.005027376828856,0.08317984764640483,0.0,0.07561804331491348,0.08317984764640483,0.5874637816028332,0.5793745358007057
05446297000137,3694077.5700000003,113,53,0.07606255407676941,0.05646487587125069,0.1956022813023929,0.4409956664770307,13.147073644026031,0.05829452627055345,0.038319969638005505,0.019597678205518727,0.019974556632547942,0.6212890449121127,0.7841879623149554
05448443000163,135961.19,10,7,0.28273414458891577,0.18000000000000005,0.4501284520972492,0.8969853088223191,3.5368915256201556,0.16318983535373507,0.0433333333333334,0.10273414458891572,0.11985650202040168,0.3989296410860706,0.4821527340593309
05469074000195,116315.59999999999,14,14,0.1449076390758942,0.07142857142857142,0.28886924883678544,0.6267431023869541,6.9009474336702015,0.07913130362019377,0.0,0.07347906764732279,0.07913130362019377,0.8395509182159141,0.7288628840672149
05472936000139,74107496.3,37,36,0.3306684513652204,0.028487947406866325,0.519461618891583,0.9289317195566894,3.0241772260744306,0.3115446928327981,0.00073046018991965,0.30218050395835405,0.3108142326428785,0.6663410111682811,0.9912512788905938
05478139000169,142813.44999999998,11,9,0.6548735314717223,0.12396694214876033,0.7894914659648653,0.9906257428834608,1.5270123954355916,0.6117327229056877,0.014462809917355383,0.530906589322962,0.5972699129883323,0.9440566473150643,0.8025043963560348
05491593000150,61955.56,6,6,0.20023326559085194,0.16666666666666669,0.2750358482757641,0.8315702416377158,4.994175153909526,0.040279918709022346,3.3306690738754695e-17,0.03356659892418526,0.04027991870902231,0.550737764359896,0.3420038211724052
05499749000149,79977.9,7,7,0.8138493718588629,0.14285714285714285,0.9002486937016352,0.9863724853990916,1.228728600866229,0.7828242671686734,0.0,0.6709922290017201,0.7828242671686734,0.9142324351901153,0.7011745153016551
05509957000181,142603.35,9,6,0.45453685859661086,0.25925925925925924,0.5259343486671245,0.9846472751166083,2.2000416051792024,0.3454442303159331,0.1111111111111111,0.19527759933735162,0.23433311920482197,0.6096420484627203,0.6885528561993057
05522917000170,94005612.06000002,26,26,0.17612217526665022,0.038461538461538464,0.2827784505358392,0.7573822089957467,5.677876726686988,0.14316706227731624,0.0,0.13766063680511176,0.14316706227731624,0.4355046404881262,0.9903563955776351
05532421000187,2997870.04,143,75,0.45882019380979844,0.021076825272629475,0.6664875973075871,0.84911726193441,2.1795030242599673,0.4515069531856065,0.007848133722259601,0.43774336853716894,0.4436588194633469,0.577949509635157,0.938067813523699
05568854000192,554310.06,20,17,0.13771271838222737,0.06500000000000002,0.22730960358179317,0.666746044623473,7.261493431742872,0.08381976328111658,0.006562500000000018,0.07271271838222736,0.07725726328111657,0.7218735730099065,0.6943863771427471
05587823000189,1971386.07,21,21,0.9487233634281279,0.0476190476190476,0.9739340402258193,0.9922943403977689,1.0540480381832156,0.9461595315995344,0.0,0.9011043158090803,0.9461595315995344,0.4008919770232581,0.946436720898567
05593119000139,33421849.72,182,128,0.04339353184124325,0.010083323270136453,0.18613440165992107,0.2632037446669484,23.044909173526943,0.03586119744629241,0.002288703768326504,0.033310208571106795,0.03357249367796591,0.5167494455211527,0.8595134482287117
05604369000127,23344.45,7,7,0.23417187859593944,0.14285714285714285,0.4026653016027364,0.8023320318105588,4.270367586389343,0.10653385836192934,0.0,0.09131473573879659,0.10653385836192934,0.5249659828886462,0.28654313451655666
05606204000194,94963.0,8,7,0.2176977691178562,0.15625,0.3392900392784558,0.8164758906100269,4.5935243344575785,0.08731406397083225,0.015625000000000007,0.06144776911785621,0.07168906397083225,0.608180851541541,0.4744031378117796
05613121000122,136820.26,25,19,0.10368084354342023,0.0656,0.24236198644849818,0.4969046981784715,9.644983256537767,0.05388533485138802,0.013688888888888896,0.03808084354342023,0.040196445962499126,0.5876988945036334,0.3812054925384832
05628919000148,1259480.0,17,17,0.1105553264081412,0.058823529411764705,0.18102709054530441,0.5835741734684156,9.045244878643503,0.054965034308650025,0.0,0.05173179699637649,0.054965034308650025,0.4719579911626076,0.7146818979516391
05629151000127,4792767.3,5,5,0.9719175969608855,0.20000000000000004,0.9858170164030288,0.9988733022777885,1.0288938106758496,0.9648969962011069,3.469446951953614e-17,0.7719175969608855,0.9648969962011069,0.8436048966315424,0.9850747013168567
05649898000147,7301.2,7,7,0.21498279586866495,0.14285714285714285,0.3489837287021312,0.8093190160521558,4.65153500287953,0.08414659518010911,0.0,0.0721256530115221,0.08414659518010911,0.6106413179924531,0.19633135647925704
05658440000154,112465.61999999998,31,28,0.18317306712930537,0.040582726326742966,0.3530412227309999,0.7084814008049749,5.459317877196875,0.1529202177637241,0.005048753227733448,0.1425903408025624,0.14787146453599065,0.6895524094757641,0.5374224677982787
05722202000160,328778.61,6,6,0.5027058207246798,0.16666666666666669,0.6934757708234122,0.9207673516230269,1.9892349735645423,0.40324698486961585,3.3306690738754695e-17,0.33603915405801316,0.4032469848696158,0.819420505216447,0.8023050622050473
05774805000106,64423.45,21,19,0.5687162297195874,0.05668934240362811,0.7450703121301328,0.9078526530323973,1.758346162361258,0.5447560202595645,0.004283194759385226,0.5120268873159592,0.5404728255001793,0.9853431114134277,0.866565291068527
05806495000164,281938.55000000005,20,16,0.1179485499260187,0.07500000000000001,0.19564546955356052,0.6298858385985173,8.478272947206504,0.05914511992108662,0.013333333333333345,0.042948549926018695,0.04581178658775328,0.5859937408563942,0.5295240750986536
05921795000194,224569.17,13,12,0.13454867675178014,0.08875739644970415,0.20390154178331782,0.6523602505188046,7.432254438628432,0.05587128372921471,0.005917159763313625,0.04579128030207599,0.049954123965901084,0.612411327986342,0.5149166970873068
06068089000104,2832436.2399999998,14,14,0.9089208337060836,0.07142857142857142,0.9532076598483291,0.9805586444551353,1.1002058297228652,0.9019147439911669,0.0,0.8374922622775122,0.9019147439911669,0.40105115222098486,0.9443854152262674
06068796000109,419833.96,7,6,0.3335861153270222,0.18367346938775508,0.5259222002908006,0.9044050652786639,2.997726686015324,0.20030333839242664,0.02040816326530611,0.14991264593926712,0.17989517512712053,0.7972702578511512,0.7665675785079434
06069513000135,51426.16,16,15,0.11873150346000741,0.0703125,0.18589954995667574,0.6193365400022091,8.422364501910247,0.055783753707150795,0.003906250000000001,0.04841900346000741,0.051877503707150795,0.5279123092245126,0.22596222483184228
06073250000138,367459.13,109,55,0.05102090997158307,0.028532951771736384,0.10365778637749455,0.36751080317421964,19.599807227212654,0.03344722311920498,0.010542821248990763,0.022487958199846683,0.022904401870214215,0.9317252934913424,0.7892436635848112
06079623000188,35071269.89,52,52,0.3511754550471265,0.01923076923076923,0.570267345970916,0.7996010292172513,2.8475794239828165,0.3384534051460898,0.0,0.3319446858163573,0.3384534051460898,0.7413025381322007,0.9670927547778451
06085215000139,177970.0,7,7,0.17466823000552492,0.14285714285714285,0.26970837781648593,0.7343934370961398,5.725139597328999,0.037112935006445746,0.0,0.03181108714838207,0.037112935006445746,0.5417601205660586,0.5120993306014385
06088862000102,121364.42,7,4,0.9120383978196711,0.30612244897959184,0.9545633720327589,1.0,1.096445064583477,0.8827178637595615,0.07482993197278913,0.6059159488400793,0.8078879317867724,0.3989296410860706,0.6838065894217324
06089125000116,273870.3501999999,331,124,0.030111818675115597,0.018701910351311135,0.07950842427483777,0.2714323509124428,33.20955173080927,0.02222654890824662,0.010723877102134804,0.011409908323804462,0.011502671806111815,0.9952615051264702,0.8988433511288625
06089695000106,1300969.75,5,5,0.2420530621127568,0.20000000000000004,0.30699983608381365,0.9481156268237598,4.1313255501562915,0.05256632764094597,3.469446951953614e-17,0.04205306211275675,0.05256632764094594,0.6589237488275679,0.8843063696409876
06091010000166,3369796.1,10,10,0.19944090161175365,0.10000000000000003,0.2957226403104924,0.8444793143418974,5.014016643119041,0.11048989067972627,3.0839528461809905e-17,0.09944090161175362,0.11048989067972624,0.3989296410860706,0.8931672485864515
06113056000139,11117649.95,8,8,0.2056860752966994,0.125,0.36698403154886167,0.775372432912407,4.861777826026937,0.09221265748194218,0.0,0.08068607529669941,0.09221265748194218,0.5330572690495234,0.9637597420266593
06129491000151,441088.74,102,72,0.05139402842149367,0.01864667435601692,0.13091696695771468,0.3706079642840124,19.45751346438114,0.03803338093447245,0.004824796530045327,0.03274735406547675,0.03320858440442712,0.6598206938154686,0.5009777405241345
06216559000130,379367.91000000003,11,7,0.2933175184982323,0.256198347107438,0.39223138298650506,0.9060278978261498,3.4092747174459226,0.17553710491460434,0.13223140495867766,0.03711917139079429,0.043305699955926674,0.4357313659092097,0.693137593665703
06217954000137,85398403.41000001,138,38,0.08036309121193931,0.0485192186515438,0.1840583453830639,0.4816180423483634,12.44352332543715,0.055508039623072804,0.022803521858342283,0.03184387256039551,0.03270451776473052,0.39935622050904684,0.9742428745311539
06231312000192,4265738.7502,343,137,0.18107891332748116,0.018861188790384956,0.39785019650357867,0.6188419250654372,5.522454169975608,0.17505743474900676,0.011646932825608376,0.1622177245370962,0.16341050192339837,0.9343651588961379,0.9593396464949022
06698248000154,11070114.038,21,18,0.26571151118240965,0.06575963718820861,0.4447930483008453,0.869254066847762,3.7634801576718475,0.2225180706637279,0.010804321728691474,0.19995187399420106,0.21171374893503642,0.6443445264310497,0.9672249036330062
06741243000167,997770.0,5,5,0.3959179621507584,0.20000000000000004,0.5747316515830302,0.9777503833548814,2.5257757808402186,0.244897452688448,3.469446951953614e-17,0.19591796215075838,0.24489745268844798,0.3989296410860706,0.8305650278866903
06894325000141,6015821.4799999995,10,10,0.4854654267931967,0.10000000000000003,0.6583330361724763,0.981457342048654,2.059878921977259,0.42829491865910746,3.0839528461809905e-17,0.3854654267931967,0.4282949186591074,0.9631575546323246,0.9835967196877204
06916689000185,552510.2,20,15,0.2886522985638346,0.07500000000000002,0.40723230086973966,0.8784498458128014,3.4643756691889043,0.2378417484612514,0.008928571428571456,0.2136522985638346,0.22891317703267994,0.6555529485170288,0.7625625528442279
07095193000150,1097971.79,11,8,0.19437109492170052,0.19008264462809918,0.29445279281719977,0.8331651125572178,5.144797894989659,0.0792812513390863,0.0743801652892562,0.004288450293601337,0.004901086049830097,0.6445323420777841,0.8209253808492043
07104377000130,440762.49,87,59,0.06401714439744052,0.029198044655833005,0.11598083130894374,0.4082463323954813,15.620815477048694,0.047879508956017086,0.012460079908519781,0.03481909974160752,0.03541942904749731,0.6142206722059108,0.5604628374608781
07146181000108,737943.4800000001,5,5,0.5349297231613408,0.20000000000000004,0.6775586661460848,0.9996444036608333,1.8694044408117303,0.41866215395167594,3.469446951953614e-17,0.33492972316134073,0.4186621539516759,0.42799996812846275,0.8688912942506442
07173244000115,278514.9,7,6,0.2063790438445662,0.18367346938775508,0.30516069337762536,0.8517134989905387,4.84545320770624,0.04765485261347946,0.02040816326530611,0.022705574456811123,0.02724668934817335,0.6416890625797671,0.6706193160524501
07184109000175,216000.0,7,7,0.16666666666666669,0.14285714285714285,0.2777777777777778,0.6666666666666667,5.999999999999999,0.027777777777777807,0.0,0.023809523809523836,0.027777777777777807,0.4490488426266891,0.502354025847913
07200263000193,1738500.0,14,14,0.27620765374730477,0.07142857142857142,0.49525452976704054,0.7536381938452689,3.620464481823788,0.22053131942017437,0.0,0.20477908231873335,0.22053131942017437,0.3989296410860706,0.7943590958655296
07222467000125,64853830.02,337,145,0.33963924342526347,0.045073919819669094,0.5796117875907678,0.6450975113898139,2.944300516969108,0.3350534048379389,0.03844248870730568,0.2945653236055944,0.2966109161306332,0.7433766704179783,0.9445671510910212
07252975000156,7683359.76,28,20,0.785658984857154,0.07397959183673469,0.8836417507540998,0.9909053705432634,1.27281685728041,0.7743778787970043,0.025241675617615464,0.7116793930204193,0.7491362031793888,0.40096798147905754,0.9687182139309556
07276220000191,787181.44,54,27,0.2520108792492439,0.13648834019204387,0.4011468436044427,0.8090966423192092,3.9680826596814476,0.22324206691267637,0.10327635327635325,0.11552253905720006,0.11996571363632312,0.5828172076912015,0.7600741367146183
07314524000104,93293.0,5,5,0.8150070577897639,0.20000000000000004,0.9003890967167955,0.9959696869004105,1.2269832395217812,0.7687588222372049,3.469446951953614e-17,0.6150070577897638,0.7687588222372049,0.39892964108607054,0.6141533767650705
07343110000103,348907.93,11,10,0.20437427377152265,0.10743801652892562,0.2751442192787077,0.8372842084729917,4.892983747641036,0.11597141530169182,0.008264462809917352,0.09693625724259702,0.10770695249177446,0.8501082632350525,0.8211789316073258
07349637000137,1000400.0,20,20,0.06340342711376065,0.05000000000000002,0.13034786085565775,0.3802479008396642,15.77201809936496,0.014108870646063842,1.460819769243627e-17,0.013403427113760635,0.014108870646063828,0.45980012276525045,0.586349341051128
07381646000105,66497.22,12,11,0.20651038673249947,0.09722222222222224,0.3970090779734852,0.6981930973956505,4.842371445923138,0.12716142540574943,0.006944444444444459,0.10928816451027723,0.12021698096130497,0.7079998878753309,0.511380017941137
07420613000127,245585.17,30,27,0.06826126654913127,0.04,0.14419437460331988,0.3925766364475509,14.649596331182146,0.03242516141640555,0.0030769230769230795,0.02826126654913127,0.02934823833948247,0.7036187728623569,0.43304906700651685
07460294000183,4184690.5700000003,37,30,0.21305502091244485,0.04747991234477723,0.34410833869611535,0.8266973512452559,4.6936232514837135,0.18591898715080502,0.014634392080804028,0.16557510856766763,0.171284595070001,0.9178612406232688,0.9389759848656878
07464768000165,107280.74,13,11,0.3034388082665228,0.1124260355029586,0.3914961809547548,0.8768358607518928,3.295557366945822,0.2337826890931751,0.023668639053254458,0.1910127727635642,0.21011405003992065,0.8752523089267781,0.6758399805055909
07505809000114,937645.0,5,5,0.5024755972635813,0.20000000000000004,0.6717307723072165,0.9916812866276683,1.9901463980457437,0.3780944965794765,3.469446951953614e-17,0.3024755972635812,0.37809449657947647,0.4951436269475782,0.8539868510549634
07556356000155,24665.530000000002,27,16,0.28512845817042876,0.09465020576131687,0.5067801097320837,0.7495192683879083,3.507191132083609,0.23747035538179068,0.03429355281207133,0.19047825240911187,0.20317680256971934,0.7415211338444819,0.28156415339622837
07556717000163,2734622.2,89,44,0.22204388369653527,0.03345537179649034,0.43881747175167374,0.6624917182344237,4.503614255669785,0.20395188099180353,0.010977589745245925,0.18858851190004494,0.1929742912465576,0.8559943705946391,0.8644264710177515
07581720000137,269075.41000000003,6,5,0.49433386690938075,0.22222222222222227,0.5708268548211075,0.9973999853795631,2.0229243168227353,0.3679173336367259,0.027777777777777818,0.2721116446871585,0.34013955585894806,0.9868422818112189,0.9635008996809761
07622504000192,274452.0,6,5,0.20637692534854693,0.22222222222222227,0.22675732004139157,0.8695946832232958,4.845502947149323,0.007971156685683649,0.027777777777777818,-0.015845296873675335,-0.01980662109209417,0.5171068676574533,0.6020460852796908
07633040000110,6597951.66,23,23,0.40513203264518205,0.043478260869565195,0.6002490203148897,0.9106204970286187,2.468331110405699,0.37809257958359943,0.0,0.36165377177561686,0.37809257958359943,0.9253347977326243,0.9605530931069879
07676836000150,366246.5,8,8,0.14777980374591893,0.125,0.1671005729747588,0.6593919668856904,6.766824523054058,0.026034061423907344,0.0,0.022779803745918925,0.026034061423907344,0.3989296410860706,0.578610665948382
07690399000129,890651.32,16,16,0.15649593884601487,0.0625,0.32933918517069055,0.6148061173928311,6.389942175968899,0.10026233476908253,0.0,0.09399593884601487,0.10026233476908253,0.4929698455715526,0.6944894185394136
07711512000105,1052804.88,8,8,0.1976101889337027,0.125,0.34464844045935655,0.7796008316374827,5.060467809863263,0.08298307306708878,0.0,0.07261018893370269,0.08298307306708878,0.5218648533804028,0.8193172024261297
07720960000175,2053935.9500000002,9,8,0.5281098257189031,0.13580246913580246,0.6811741135355268,0.975748440451612,1.8935455303046564,0.46069694367874636,0.01234567901234567,0.3923073565831006,0.4483512646664007,0.5552321170487575,0.9215796590396614
07733475000136,278886.32,12,10,0.13504965612921155,0.11111111111111112,0.20495856519602682,0.6429145753725031,7.404683793072596,0.0389440623657906,0.012345679012345682,0.02393854501810043,0.02659838335344492,0.49109630139336646,0.5325479382807009
07742778000115,7012506.7722000005,21,21,0.30547464156918963,0.0476190476190476,0.49157428462896685,0.9213978655699644,3.273594151262802,0.27074837364764914,0.0,0.257855593950142,0.27074837364764914,0.5532385246644437,0.9396932201370437
07748322000162,515115.57999999996,38,28,0.13863543853212032,0.0443213296398892,0.27954891211017147,0.6386916116961556,7.213162886690844,0.1067330473666433,0.008925823330255465,0.09431410889223113,0.09780722403638784,0.5206340750532391,0.6328421819687458
07750478000188,4973915.08,586,140,0.08508257137595113,0.02420529068480705,0.24083643985333178,0.4561540765187329,11.75328840945977,0.07850043160167738,0.017185184862395588,0.06087728069114408,0.06131524673928179,0.6269244449624706,0.7727514399256628
07777639000127,4103416.5,65,40,0.17867348656776527,0.04615384615384616,0.38748199213996437,0.6219549002642067,5.5968012893772645,0.15761383237719517,0.021696252465483245,0.13251964041391912,0.13591757991171194,0.5529522486426758,0.845688842661243
07784414000106,3093590.04,16,14,0.2908157772994499,0.078125,0.4929547807827827,0.818334041442673,3.438602985319846,0.23626314478402297,0.007211538461538465,0.2126907772994499,0.2290516063224845,0.8032722691337832,0.8925617684252557
07789410000102,313035.56,18,18,0.48220507734619666,0.05555555555555555,0.6820412032422131,0.8639087201466823,2.0738064507812206,0.4517465524842082,0.0,0.4266495217906411,0.4517465524842082,0.5103606004160337,0.7412571717385206
07791947000107,5033474.33,81,47,0.08487955542906259,0.05044962658131384,0.19251116355648523,0.49771585901780097,11.78140006677747,0.06498563272099873,0.029807227159168493,0.034429928847748745,0.035178405561830245,0.6323267746521255,0.8331480407696495
07793624000152,502521.36,9,7,0.22387794873766656,0.16049382716049382,0.2984947744310809,0.8474094713108314,4.466719503365514,0.09452427352727766,0.020576131687242795,0.06338412157717274,0.07394814184003487,0.6011756657154569,0.7902700243715908
07804588000185,5954124.279999999,77,69,0.03833720849059295,0.01568561308821049,0.0685407258580098,0.2558730601437832,26.08431963024581,0.02419510861545461,0.0012104015159782897,0.022651595402382464,0.02298470709947632,0.5146240677638422,0.7514051299766177
07806941000166,34632845.599999994,25,24,0.07769390193566328,0.0432,0.11008024128401392,0.41009990816348046,12.871023015784166,0.037593636802431246,0.0016000000000000046,0.034493901935663276,0.03599363680243124,0.8222310258563809,0.9797733333420852
07821223000169,1760383.8369999998,90,37,0.08060830635774874,0.04074074074074073,0.19079838893112946,0.4756688526673856,12.4056694053574,0.05506964820101953,0.014094650205761304,0.03986756561700801,0.04097499799525823,0.9957544849895015,0.9584357985546799
07852676000152,575437.89,7,6,0.21684010219177907,0.18367346938775508,0.3086345252656199,0.8809821855839213,4.611693085790809,0.06020812263013489,0.02040816326530611,0.03316663280402399,0.03979995936482878,0.3989296410860706,0.7120816828025648
07854402000100,51720632.98,36,35,0.4336936857517295,0.029320987654320986,0.645319373854268,0.8551760672980071,2.3057748656558856,0.4170376176856039,0.0007716049382716041,0.4043726980974085,0.41626601274733227,0.4491010664739885,0.9812279336057015
07861703000153,7633961.510000001,24,19,0.7038839973003378,0.0625,0.8342638866671467,0.9527506119165643,1.4206886416446167,0.6874331082614675,0.01041666666666667,0.6413839973003378,0.6770164415948009,0.46294307323138695,0.960007452970564
07868234000102,6708431.72,55,47,0.3664969298258894,0.024793388429752053,0.5941646969613935,0.7670437614590493,2.728535817407985,0.3527251239525392,0.003593244699964055,0.34170354139613734,0.3491318792525751,0.9083992421168423,0.926968801841098
07900983000161,8018160.32,19,18,0.288533843350452,0.05817174515235456,0.4814071864305153,0.8386891046848013,3.4657979403317487,0.24668289295930215,0.0027700831024930705,0.23036209819809744,0.24391280985680908,0.4212398545893724,0.9264650543861962
07918201000111,1065136.52,6,6,0.2501375534950018,0.16666666666666669,0.3835531993588953,0.9124994794094563,3.997800354355756,0.10016506419400213,3.3306690738754695e-17,0.08347088682833509,0.1001650641940021,0.49370631416748356,0.8095404352940707
08013657000103,836352.1799999999,22,20,0.06265983042085906,0.05371900826446281,0.07419207061790643,0.2925497246865549,15.959187780806799,0.013326137285114793,0.003914745541539799,0.008940822156396244,0.009411391743574995,0.7335669980800755,0.6763408530810933
08036438000131,6118090.92,19,16,0.16145914891496133,0.06925207756232686,0.27810819130487846,0.7130346797788353,6.193517101509611,0.10555642550929208,0.007202216066481985,0.09220707135263446,0.09835420944281009,0.4732358563090018,0.9201334972958956
08046438000112,936939.15,22,14,0.10086843198082747,0.07851239669421484,0.1331996853797816,0.5215755900476567,9.91390448292162,0.03170446521012189,0.007628734901462136,0.022356035286612633,0.024075730308659758,0.456128136069314,0.7035039625098068
08082743000160,6878702.91,45,38,0.2628534371881025,0.04395061728395063,0.44849868650600005,0.8330200845961525,3.8044014592222455,0.24293055711210526,0.01811144477811146,0.21890281990415186,0.2248191123339938,0.4678488274818052,0.91597018343738
08083086000175,22549237.97,503,140,0.04519317638614443,0.0246671067037141,0.17118095099867361,0.32401274800152374,22.12723424119809,0.03832406254719583,0.017650323298704848,0.020526069682430332,0.02067373924849098,0.6348374774637259,0.8741858065192524
08151884000197,1669075.0,5,5,0.9033079814797556,0.20000000000000004,0.9498494675194344,0.9990395877956354,1.1070421390076153,0.8791349768496944,3.469446951953614e-17,0.7033079814797555,0.8791349768496944,0.4233892439035845,0.9383216114991052
08184785000101,1143140.3,223,81,0.08647853221499799,0.01860081642502363,0.18316765667346344,0.5322440123928794,11.563563515553861,0.07505951386768547,0.0063333266303364265,0.06787771578997435,0.06872618723734905,0.796582021934831,0.721230159541327
08184821000137,78789742.569,868,298,0.13880942701218316,0.012723247467561427,0.32937291751236863,0.5773389124880515,7.204121661796292,0.13590979545330162,0.009399083317620557,0.12608617954462173,0.12651071213568105,0.8039317849003417,0.9620415104369614
08259606000158,32996549.844399996,496,131,0.05515152334128575,0.02659176638917794,0.1213199567493385,0.38494691293173805,18.131865439361533,0.04788345813621872,0.01910401074601777,0.02855975695210781,0.02877944739020095,0.6507760963581946,0.9623692995126274
08281643000162,10322227.2287,662,190,0.11890087152552786,0.017916959502012577,0.237351876268331,0.5990663509912663,8.410367284694809,0.11423897137486928,0.012720752938531163,0.10098391202351528,0.10151821843633813,0.6461284954555735,0.9411016436603051
08289417000128,593471.2486999999,354,128,0.04309469997147658,0.026141913243320894,0.10499608049504489,0.3304037060422469,23.204709643224753,0.03556001256967718,0.01847373933185098,0.016952786728155686,0.017086273237826202,0.9976448065790338,0.9467243136224056
08311485000146,3743796.1199999996,19,18,0.18980459511416545,0.05817174515235456,0.3260931046640435,0.7823251870884464,5.2685763450484995,0.14214604188558694,0.0027700831024930705,0.13163284996181088,0.13937595878309386,0.6658593310132871,0.8941064258538184
08325807000106,238716.72999999998,10,8,0.1558862390154337,0.14,0.22049451665997602,0.7052154660463053,6.414934418303554,0.03529855887478136,0.017142857142857158,0.01588623901543368,0.0181557017319242,0.7595278037444214,0.620115901710825
08345495000100,1637905.6542,349,105,0.040653579347763875,0.028201738901979453,0.0983395347509632,0.28828266224566285,24.598080071761366,0.031429094533800064,0.018857524852960023,0.012451840445784422,0.012571569680840042,0.9255266815936519,0.9038307406224791
08351513000159,5381544.86,39,34,0.1077290594404425,0.036160420775805384,0.27620542960595146,0.45013318164553956,9.282546466052136,0.08069054609015287,0.006953160799314639,0.07156863866463711,0.07373738529083823,0.6082583759655797,0.8551072066392812
08361788000173,2991985.92,9,9,0.7473565769029638,0.1111111111111111,0.8627102496525118,0.9439703245662332,1.3380493741608421,0.7157761490158342,0.0,0.6362454657918526,0.7157761490158342,0.8179464006744609,0.939201721616857
08418330000103,49494135.24,58,37,0.8371715449738825,0.03864447086801428,0.9145998769449355,0.9560997433440559,1.1944983151944053,0.8326485323342679,0.011940150614348007,0.7985270741058682,0.8207083817199199,0.9204551885572592,0.9847500565481188
08418353000118,257917.0,14,14,0.09310250341976617,0.07142857142857142,0.15508865255101448,0.4815270028730173,10.740849743764189,0.023341157528978956,0.0,0.021673931991194745,0.023341157528978956,0.6021927900974751,0.568186463102953
08424027000113,116417.0,5,5,0.31562075001367995,0.20000000000000004,0.43292646263002826,0.9918396797718547,3.168359494604385,0.1445259375170999,3.469446951953614e-17,0.11562075001367991,0.14452593751709988,0.4746645943861011,0.5472181486625176
08434600000170,188887.08000000002,8,8,0.37453491458988386,0.125,0.565417179406871,0.923446325709519,2.6699780475606687,0.28518275953129585,0.0,0.24953491458988386,0.28518275953129585,0.8638127559040784,0.7036225205811126
08438054000145,178215.26280000003,177,66,0.04803781934932312,0.032015065913371006,0.11407358539663752,0.3389343766127757,20.816931608159905,0.03339224733931271,0.017122990004345945,0.016022753435952115,0.016269257334966765,0.9976856081848507,0.9363523705387289
08451635000117,7465289.83,31,28,0.19368109593444907,0.03850156087408947,0.36947936688480854,0.7155253783361817,5.163126505327333,0.16381743282091013,0.0028905075731298245,0.15517953506035959,0.1609269252477803,0.5541344493536497,0.9064207512056285
08451643000163,1867159.44,11,11,0.49588390721415365,0.09090909090909091,0.6940314641796204,0.8619271421191541,2.016601033935424,0.445472297935569,0.0,0.4049748163050627,0.445472297935569,0.3989296410860706,0.8530525214550513
08543762000146,181117.934,44,17,0.2240324464210332,0.08367768595041321,0.3967028466656427,0.7869560835427816,4.463639155734878,0.17553447432234776,0.026407541322314036,0.14035476047062,0.1491269330000337,0.8427209806895308,0.8398697836856907
08565566000172,1091722.0899999999,7,4,0.5347406898515267,0.30612244897959184,0.6874110882926259,1.0000000000000002,1.8700652839372571,0.3796542531353689,0.07482993197278913,0.22861824087193483,0.30482432116257974,0.8850291484487357,0.9036089786325904
08595042000124,11990551.9961,604,169,0.06684433621543608,0.01926450594272181,0.14781459273738834,0.44809067687188664,14.960130605187674,0.061289838216718434,0.013426794668571348,0.047579830272714264,0.047863043548147084,0.6537550937671862,0.9249954797277709
08595187000125,7650811.01,55,52,0.15100238815683392,0.020165289256198343,0.246020992747016,0.6928524248045699,6.622411818820913,0.1343553761599091,0.0009528439474963489,0.13083709890063558,0.13340253221241277,0.5112645724096664,0.900648091216116
08638248000194,243480.0,11,10,0.1694270760841464,0.10743801652892562,0.2562838836865451,0.753244619681288,5.902244334921694,0.07714119564905154,0.008264462809917352,0.06198905955522077,0.06887673283913419,0.7703771976122495,0.712951381899012
08663203000170,5906284.25,11,10,0.3606199271551786,0.10743801652892562,0.5749125145813969,0.8432677025322646,2.7730026121648272,0.2895776968390873,0.008264462809917352,0.25318191062625295,0.28131323402916997,0.4412509750613607,0.931280150825146
08674396000164,1742385.4,5,5,0.28106666047622647,0.20000000000000004,0.44200668807257,0.9196811451702936,3.5578748411698697,0.10133332559528307,3.469446951953614e-17,0.08106666047622643,0.10133332559528305,0.6888918443169882,0.8711310230275189
08677428000185,647157.12,16,15,0.2598571057101691,0.0703125,0.42329133302280597,0.906388853451848,3.8482688293902076,0.20698975611803835,0.003906250000000001,0.18954460571016912,0.20308350611803835,0.8938693075045454,0.8602279929987686
08677960000100,11862408.770000001,17,17,0.7702033446653258,0.058823529411764705,0.8765880220126658,0.9380857780034165,1.2983584230402518,0.7558410537069087,0.0,0.7113798152535611,0.7558410537069087,0.41797079731098064,0.9649902536976357
08678243000195,1065959.3399999999,22,21,0.10577236481982297,0.049586776859504134,0.18537292426182034,0.6061206799876625,9.454265314985076,0.061060983060814124,0.0020661157024793432,0.056185587960318834,0.05899486735833478,0.6130859782803282,0.7429041132591946
08682079000190,923251.45,14,13,0.17128486474879126,0.0816326530612245,0.2978603499620824,0.7391234099876042,5.838227454986252,0.10222527014452386,0.005102040816326534,0.08965221168756676,0.09712322932819732,0.7379461093480958,0.8108454987347782
08690876000119,112223.8,13,5,0.4172164820350375,0.32544378698224846,0.5934570028817416,0.9936394953655107,2.396837236923974,0.2715206025437968,0.15680473372781056,0.09177269505278901,0.11471586881598622,0.9400153843717616,0.633854464738526
08692266000154,901553.6590000001,451,128,0.14348537463532257,0.02341679736087826,0.36015604479954755,0.4948068287968648,6.969351423736148,0.1367411649867818,0.015727165844034784,0.12006857727444431,0.121013999142747,0.9782769575670343,0.9280889746574882
08712299000119,314285.69,18,11,0.21323115156217579,0.13580246913580252,0.3818182113223163,0.7626813998435628,4.689746280849641,0.13455426671839338,0.04938271604938277,0.07742868242637327,0.08517155066901061,0.5470938877596647,0.6101511125245185
08715618000140,46371284.65999999,170,131,0.25323560743848955,0.009688581314878894,0.4890957877551284,0.646138837206845,3.9488917459717747,0.24749126595724716,0.0020708011711471934,0.24354702612361065,0.24542046478609997,0.507896779479905,0.9504213909896221
08774605000141,42350.0,5,5,0.5863363855206722,0.20000000000000004,0.755608028335301,0.9574970484061393,1.7055056187788697,0.48292048190084025,3.469446951953614e-17,0.3863363855206722,0.4829204819008402,0.48814533707877217,0.4928673655424147
08806026000133,76285.81,39,23,0.21514074028142346,0.06508875739644969,0.39056411670794344,0.7265741820136667,4.648120103574572,0.17946531938512453,0.02259279182356104,0.1500519828849738,0.1568725275615635,0.9739690129205839,0.6557893829621775
08806043000170,36064.14,68,35,0.06318945112804729,0.041955017301038074,0.15361492052770426,0.40483510767205316,15.825426272078184,0.03563619969063692,0.013777223692245077,0.021234433827009215,0.021858975998391844,0.9953513366012315,0.7765572376878506
08806721000103,35317523.620000005,11,10,0.3480035595567482,0.10743801652892562,0.47828575388661404,0.9184600718050003,2.873533826130109,0.2755595106186091,0.008264462809917352,0.2405655430278226,0.2672950478086918,0.3989296410860706,0.9836763244384239
08857731000160,2309523.0163000003,380,127,0.06307741689088743,0.0239612188365651,0.17960418539778636,0.39236087434700484,15.853534423101376,0.05564152337414844,0.016214879303521966,0.03911619805432233,0.039426644070626474,0.9924360822197923,0.9597986835992631
08858200000191,1349458.6168,1016,159,0.03723218178650857,0.027535805071610138,0.08709864958935583,0.29161040086812984,26.85848510662245,0.031138714582625713,0.02138096839484818,0.009696376714898432,0.009757746187777534,0.9575599739771453,0.915324956516205
08931506000126,17391163.729999997,179,159,0.053952042148930415,0.007147092787366187,0.20113662629522033,0.32374556915289304,18.534979588716546,0.04796439684607554,0.0008632136277925547,0.04680494936156423,0.04710118321828299,0.5008816153980753,0.8315092345892662
08948407000157,377117.84,6,5,0.6486430157255358,0.22222222222222227,0.7955073141063812,0.992570385956814,1.5416800547547034,0.5608037696569198,0.027777777777777818,0.4264207935033136,0.533025991879142,0.4224185559041822,0.7799346042448008
08971900000198,465102.8507999999,270,85,0.05151306158069316,0.029519890260631003,0.13932557043789248,0.3693368352925176,19.4125522598485,0.040221550409034745,0.01796655562087661,0.021993171320062156,0.022254994788158136,0.9954022016961224,0.9130019405649736
08999257000100,9853317.7579,581,178,0.28538570520770407,0.014104117478026194,0.4836580264225318,0.7438790101560824,3.5040297455410347,0.28134833631057243,0.008534084243438772,0.27128158772967786,0.27281425206713367,0.5707995835179189,0.958200742628187
09008389000196,238779.27000000002,14,12,0.17907709974008382,0.10204081632653063,0.2784739227990771,0.7894887608962033,5.584186930944384,0.10444774517100054,0.020408163265306145,0.07703628341355319,0.0840395819056944,0.5811402628508483,0.6116449985781247
09075910000108,94702.06,8,7,0.2159733878563435,0.15625,0.2888756590933714,0.8620621346568386,4.630200090509106,0.08530228583240076,0.015625000000000007,0.05972338785634351,0.06967728583240076,0.47376704220971866,0.4056145936458784
09097711000109,41245400.0,42,41,0.1496515944924046,0.024943310657596366,0.3442808167698701,0.592453946379475,6.682187405966824,0.12839288435471471,0.0005668934240362744,0.12470828383480823,0.12782599093067845,0.4597715700779327,0.952867180701996
09105181000195,10134344.16,9,8,0.30468206943758186,0.13580246913580246,0.40511510909651205,0.9417771499877698,3.2821097803553654,0.20535093650009356,0.01234567901234567,0.1688796003017794,0.19300525748774788,0.604741355715008,0.9676245241236169
09129733000103,48065662.44,36,35,0.05107106918502536,0.029320987654320986,0.07931633117007345,0.2954900874970652,19.58055736755971,0.023161394749290812,0.0007716049382716041,0.021750081530704374,0.022389789811019207,0.7527138631100664,0.9713930050002293
09149617000148,239540.12,13,12,0.16294367728194387,0.08875739644970415,0.27135997093096553,0.738825713204118,6.137089923837211,0.08684764794393877,0.005917159763313625,0.07418628083223971,0.08093048818062515,0.6658697443814885,0.6709251189905798
09240588000125,3666684.2247,323,116,0.12039571446441083,0.01988900497464751,0.307791697031761,0.5335203453905432,8.305943483524919,0.11274698154671005,0.011366300670079228,0.10050670948976331,0.10138068087663082,0.9883547944769525,0.9568023223666638
09281224000193,190507.8,5,5,0.36337087965258896,0.20000000000000004,0.4256056707389409,0.956915149930869,2.7520091894982843,0.20421359956573618,3.469446951953614e-17,0.16337087965258892,0.20421359956573615,0.39892964108607065,0.5991061304440013
09290533000120,19509368.4,35,35,0.042190310655903535,0.028571428571428567,0.050676453472476325,0.19592833153942593,23.702124598129114,0.014019437439900698,0.0,0.013618882084474968,0.014019437439900698,0.42995006496912325,0.9122743242190013
09297907000139,48295.56999999999,10,10,0.14955154418608757,0.10000000000000003,0.2117171409303172,0.706607251969487,6.686657803785002,0.05505727131787507,3.0839528461809905e-17,0.04955154418608754,0.055057271317875044,0.8049338535227748,0.4506529080235396
09328892000129,4252126.6,16,16,0.132443020304845,0.0625,0.30425048962559115,0.5348739146195695,7.550416758076742,0.074605888325168,0.0,0.069943020304845,0.074605888325168,0.4213892583871213,0.8487712407893607
09332615000190,5288351.8,195,72,0.14972556808575352,0.03190006574621959,0.3411650412516051,0.6163808996216931,6.678885996460284,0.1377498718616092,0.01826485540461705,0.11782550233953393,0.11948501645699214,0.5445014853397575,0.8564008965662411
09356616000174,6728465.23,71,40,0.3729138118670198,0.037492560999801625,0.5896978752760829,0.8245646176877102,2.681584774222838,0.356834678837969,0.012812883076719614,0.33542125086721813,0.34402179576124936,0.4115220704095029,0.8972032256274929
09362501000192,70780.0,10,10,0.13411459009091048,0.10000000000000003,0.18366770274088726,0.6640293868324384,7.456310303913566,0.037905100101011634,3.0839528461809905e-17,0.034114590090910446,0.037905100101011606,0.5731537920858935,0.38867836239201103
09403680000169,708852.2999999999,97,69,0.03734313234467668,0.01966202572005527,0.08394628895187334,0.2971080012013786,26.778685589896735,0.023186413702686624,0.005245290804173728,0.01768110662462141,0.017941122898512896,0.43193952589657114,0.4113075953991224
09436466000109,5477186.96,7,6,0.505577762929214,0.18367346938775508,0.584188712813265,0.9966241795039986,1.9779350939135552,0.4066933155150568,0.02040816326530611,0.3219042935414589,0.3862851522497507,0.4032980090316759,0.9673865653844554
09509569000151,18199982.91,39,37,0.7173528681712057,0.02958579881656804,0.8444864462787565,0.941183240374812,1.3940140820087121,0.7095015589537391,0.0026298487836949273,0.6877670693546376,0.7068717101700442,0.8753526328522111,0.971158330297911
09522642000125,1619855.7156,509,147,0.1636888507117127,0.022722623426650355,0.3704033601398616,0.6224147251451658,6.109151574172824,0.15796069215494363,0.016028942765189055,0.14096622728506236,0.14193174938975456,0.9489801228810488,0.8897939742759426
09579148000105,3083185.0799999996,88,39,0.11136909104819026,0.037190082644628114,0.19460395157335153,0.6032482487233624,8.979152030317751,0.0879840671284058,0.011852979556328856,0.07417900840356215,0.07613108757207694,0.7177452697809704,0.8455943237700405
09626556000162,29922.129999999997,10,9,0.18461971608422653,0.12000000000000002,0.32816781425653857,0.7435794176417254,5.416539583149308,0.08269718059475487,0.010000000000000033,0.06461971608422651,0.07269718059475483,0.7522640293676454,0.4353738150910278
09664082000143,10709614.55,17,17,0.12364670763854829,0.058823529411764705,0.22850763195767862,0.588125799541497,8.087558650758918,0.06887462686595756,0.0,0.06482317822678359,0.06887462686595756,0.45345109476631096,0.9269893501038504
09688688000119,90793.97,14,12,0.17588333185711047,0.09183673469387757,0.3167435017986327,0.732584663937484,5.685587084581789,0.10096363475321143,0.009276437847866446,0.0840465971632329,0.09168719690534499,0.9030904260284802,0.6316519652315704
10157678000136,24691.26,12,9,0.3444324627688145,0.13888888888888887,0.5508017816830733,0.883753603501806,2.903326800154743,0.26248652061491634,0.031249999999999983,0.20554357387992564,0.23123652061491637,0.9866340972765179,0.8048263043849092
10237604000100,3632010.8499999996,16,16,0.313351493742401,0.0625,0.5302847594742179,0.8145431724137058,3.1913043976808892,0.2675749266585611,0.0,0.250851493742401,0.2675749266585611,0.6720029448681781,0.8847620065849549
10277035000126,1062059.44,12,12,0.3527878988149092,0.08333333333333334,0.494134301936999,0.9197849133566385,2.834564346904234,0.29395043507081003,1.5139404881252137e-17,0.26945456548157587,0.29395043507081003,0.6884495713409494,0.8262626898425842
10295311000189,439154.0,12,10,0.1411827984970935,0.11111111111111112,0.2631081579582561,0.6327506979328436,7.083015853525433,0.04575866499677055,0.012345679012345682,0.030071687385982385,0.03341298598442487,0.7313215177904209,0.6487317325308097
10298905000143,182185.08000000002,10,7,0.6158540887923151,0.16000000000000006,0.7729776774256157,0.9799649894491907,1.6237612418243288,0.5518297702577009,0.020000000000000077,0.45585408879231504,0.5318297702577007,0.8969476173875898,0.793340893574309
10316445000139,2190304.29,16,14,0.15900666329997923,0.078125,0.3216863077960734,0.673516705754158,6.289044617667483,0.09431486816920841,0.007211538461538465,0.08088166329997923,0.08710332970766994,0.5416697297242972,0.8464717982541954
10319517000100,354062.5,5,5,0.27947856529112586,0.20000000000000004,0.40670785525154457,0.983053839364519,3.5780919333056005,0.09934820661390731,3.469446951953614e-17,0.07947856529112582,0.09934820661390728,0.8020988861453233,0.8221039945248295
10324957000147,729558.7938000001,371,117,0.16899921451760044,0.02447671841965694,0.34346169510869107,0.6473571616346955,5.91718726536362,0.16183541464275217,0.01606703495775743,0.14452249609794351,0.14576837968499473,0.8236933412840739,0.8573277777464046
10377912000130,5292702.8857,590,159,0.21253932424624758,0.018632576845733984,0.3870423192533073,0.7187252113240232,4.705011665706635,0.20755539591869218,0.01242139062323863,0.19390674740051358,0.19513400529545355,0.9376684436081157,0.9622988722975425
10391817000191,2000752.9931,933,157,0.1656041162938834,0.02777404424409728,0.3083504071355224,0.6273831369134241,6.038497244992303,0.1602554247316647,0.021541826578995334,0.13783007204978615,0.13871359815266937,0.6609847841315183,0.9122210724804775
10396929000135,2791168.2311,471,166,0.035974470477256125,0.01418583580131716,0.07342268291697883,0.25625936553387707,27.797490462916546,0.030131891510451616,0.008211204503143324,0.021788634675938966,0.021920687007308294,0.9959752507404727,0.947636783613055
10411736000106,1556357.0,14,14,0.10192529384968912,0.07142857142857142,0.18443069295797815,0.48170182034070586,9.811107353535974,0.03284262414581906,0.0,0.0304967224211177,0.03284262414581906,0.5020374562862927,0.7730696038182108
10414835000141,21083010.36,9,8,0.41901694329217276,0.13580246913580246,0.5356809586086073,0.988171233816156,2.386538339340418,0.33601936376248315,0.01234567901234567,0.2832144741563703,0.32367368475013747,0.7051435394021071,0.9850556822927341
10422587000180,2753.3,5,5,0.22439770287627253,0.20000000000000004,0.33414448116805284,0.8619838012566737,4.456373604463214,0.03049712859534065,3.469446951953614e-17,0.024397702876272492,0.030497128595340615,0.998287853796109,0.9817623673117275
10423151000106,34324.74,13,10,0.16809958084188822,0.12426035502958582,0.2549764397341393,0.7257593211194026,5.948854809701066,0.07566620093543135,0.02695595003287313,0.0438392258123024,0.04871025090255822,0.9876113274175979,0.7963177279682904
10429180000185,607056.129,230,77,0.34570322330504233,0.034555765595463146,0.5765529467210108,0.7360293944087665,2.892654544668847,0.337094055190635,0.021852551984877133,0.3111474577095792,0.3152415032057579,0.6048602326850556,0.8539917648743015
10429253000139,6146168.29,5,4,0.9069596554748808,0.28,0.9517748317301608,1.0,1.1025848768062385,0.8759462072998411,0.040000000000000036,0.6269596554748808,0.835946207299841,0.952728589958336,0.9849256040993924
10432684000154,6369352.209999999,20,18,0.3730560449725696,0.06500000000000002,0.5934119947183766,0.8123589463111195,2.680562380576165,0.33617698879448543,0.010000000000000021,0.3080560449725696,0.3261769887944854,0.46319563403908687,0.9247004963712383
10441099000110,322373.71339999995,228,107,0.0362745505352908,0.019659895352416124,0.09146147522088877,0.283547763358053,27.567536612951816,0.027182801012038824,0.010411403799137032,0.016614655182874676,0.016771397212901794,0.9972760107648214,0.9248309946818629
10455823000165,29408554.9631,579,163,0.1024543661449399,0.023269826781330445,0.20410501663653569,0.5631094904451693,9.760442991617579,0.09691396099768643,0.0172406281812152,0.07918453936360945,0.07967333281647122,0.66969024295446,0.9488561663154794
10459525000143,24379660.268,593,213,0.13458531970564822,0.013658506067129435,0.23143288331240006,0.6863204690330428,7.430230891356515,0.13050317498727862,0.00900595185046495,0.12092681363851879,0.12149722313681367,0.6881270422166139,0.962666135219948
10465435000165,233915.78140000004,194,77,0.05093829716122774,0.028961632479540856,0.14214010102697586,0.35105064014291426,19.631594610138663,0.03845064317650705,0.016184811854271657,0.021976664681686884,0.022265831322235394,0.9979596698565405,0.957731029333238
10465644000109,7226521.03,300,67,0.04492034382695498,0.0766,0.09963300418154321,0.314200981436845,22.261628358239285,0.030449439945545206,0.0626090909090909,-0.03167965617304502,-0.0321596509635457,0.4996232072875392,0.8249308156967378
10467921000112,31028663.700400002,11,11,0.6689479081056072,0.09090909090909091,0.81215101763068,0.9594861998396729,1.4948847105776872,0.635842698916168,0.0,0.5780388171965163,0.635842698916168,0.40236155290724224,0.9859795736449724
10469199000155,20836940.1534,445,160,0.07415150171433113,0.015225350334553722,0.152478126663985,0.42649809111007625,13.485903547206675,0.06832855518423257,0.009031799078796197,0.05892615137977741,0.059296756105436374,0.4774687117423445,0.9401089043517384
10472663000162,26298806.0,57,37,0.7039028946908097,0.031086488150200067,0.8382129591738879,0.8851618586790594,1.4206505010030557,0.6956779750988877,0.004172223932150066,0.6728164065406096,0.6915057511667376,0.7955937155002306,0.9628589685675529
10476288000129,14300260.680000002,268,140,0.01779877186802893,0.008520828692359102,0.056369601788266145,0.14867561141549765,56.18365173814331,0.010732575982187414,0.0013878850138868653,0.00927794317566983,0.009344690968300548,0.5307816301483788,0.7740013185499237
10478051000187,837367.7412,274,99,0.14555021243942928,0.02322979380894027,0.28183555251578873,0.5933174761282529,6.870481212221865,0.13683133705615813,0.013262750888623333,0.12232041863048901,0.1235685861675348,0.9017768254383723,0.8994305749980387
10479670000196,2717637.3977999995,645,142,0.06396723139393443,0.026265248482663303,0.15263257722895324,0.423253295355428,15.633004246215089,0.057328701120132546,0.01935932825913609,0.03770198291127112,0.037969372860996456,0.994288886746073,0.9636713864913109
10480867000145,4515555.0,27,24,0.19941019162899729,0.04526748971193415,0.4049565025783099,0.6811122375876277,5.014788822130517,0.1646019390911276,0.003757380568974769,0.15414270191706314,0.16084455852215285,0.7113197022564122,0.8770207079766088
10481963000108,882179.218,193,83,0.2111409514007424,0.02783967354828317,0.40683343324916094,0.7540108477141659,4.736172653224503,0.20152071910075145,0.01598405981106711,0.18330127785245923,0.18553665928968432,0.8928193027252763,0.9108813872959916
10485444000118,3534735.7399999998,19,14,0.7708239392668785,0.11357340720221606,0.8769486230390733,0.9306466683701792,1.2973131075185445,0.7531950115181769,0.04538674621777115,0.6572505320646624,0.7078082653004057,0.8911904991745003,0.9419664107583159
10491693000116,2640604.2,11,11,0.611348493085446,0.09090909090909091,0.7721717628109506,0.9692971782745782,1.635728248798077,0.5724833423939906,0.0,0.5204394021763551,0.5724833423939906,0.7687336083885266,0.9182383928695147
10496025000181,6241781.209999999,58,50,0.046959513512014085,0.023186682520808556,0.09666519054422287,0.31967845441349585,21.294939517296335,0.027509707665320494,0.003251716857967914,0.02377283099120553,0.02425799080735258,0.5935186652252025,0.8224418467706505
10496698000131,696329.2694999998,561,108,0.0693830649294414,0.030506385020383133,0.20385470813531556,0.4148716306402513,14.412738915712973,0.060685710396071686,0.021445697029919424,0.03887667990905826,0.039240013366152265,0.9961403395838893,0.9586310749252138
10502372000170,3540726.96,13,12,0.22292367185214912,0.08875739644970415,0.42759580648376233,0.6922307276695518,4.485840340290265,0.15228036929325361,0.005917159763313625,0.13416627540244497,0.14636320952994,0.5143388976654465,0.8983508596363351
10518108000124,206331.9,13,13,0.328833368763175,0.07692307692307694,0.42165074813928427,0.9043681563539132,3.041053904478282,0.2729028161601062,1.5034270125132327e-17,0.25191029184009806,0.2729028161601062,0.9120304548675883,0.7800249292352261
10519243000194,309856.0,5,5,0.48983504361576014,0.20000000000000004,0.6202235877310751,0.9900728080140453,2.0415035898991887,0.3622938045197001,3.469446951953614e-17,0.28983504361576007,0.36229380451970006,0.415897025510824,0.7351870951906319
10532003000120,1274672.3436000003,602,167,0.03866673718688331,0.019492058586549815,0.1319539102299544,0.29192318392119226,25.862021798395347,0.03287557295306935,0.013585384240685658,0.019174678600333492,0.019290188712383693,0.9959882182418534,0.9331746044042006
10540697000147,3375236.1780000003,554,138,0.28512720060544344,0.028750537606380897,0.5245558848711772,0.6539191305740976,3.5072066006911466,0.27990915097482627,0.0216611254721209,0.25637666299906253,0.25824802550270537,0.6675844815033188,0.9402615668069639
10547985000123,2174217.6,9,9,0.6830374045594293,0.1111111111111111,0.8214449188526484,0.9504108512413844,1.4640486645749906,0.643417080129358,0.0,0.5719262934483182,0.643417080129358,0.4153947652320506,0.9115515129038371
10551277000166,8780842.4821,32,25,0.26790152729417643,0.0625,0.3614779158686031,0.9032145669584144,3.7327148154027627,0.23739742426476712,0.0234375,0.20540152729417643,0.21395992426476712,0.7567419796673621,0.9545573113244912
10552903000139,5314131.8576,241,103,0.16299762245911084,0.02336392279747249,0.3750133330150434,0.5664585261833343,6.135058811982717,0.15479171679694526,0.013789059295486926,0.13963369966163836,0.14100265750145832,0.680542896113671,0.917529360514391
10554621000170,1302483.29,5,3,0.4706119778464937,0.44000000000000006,0.5663667976884371,0.9999999999999999,2.124892792945836,0.20591796676974058,0.1600000000000001,0.030611977846493665,0.0459179667697405,0.7204047412322471,0.9402705462751413
10559279000100,10406848.6,28,27,0.2707239472063666,0.03826530612244898,0.42164540377766235,0.8511185326555054,3.6937995708141886,0.24267486825276532,0.0012755102040816356,0.23245864108391762,0.24139935804868368,0.476864347530774,0.9431952912892779
10564533000150,3131515.23,184,61,0.06106245547893462,0.03189981096408316,0.1285582123769521,0.40684523191669103,16.37667519520208,0.04541349640358354,0.015764807813484546,0.02916264451485146,0.029648688590098993,0.5651979536445899,0.7719301586856674
10565436000181,1159754.1948,519,112,0.05044284729705913,0.02639951589131314,0.15019625260337105,0.35436819797049635,19.824416217248327,0.041888278353789395,0.01762834035880245,0.024043331405745993,0.024259937994986946,0.986612308250185,0.9315879209294278
10568451000183,1842037.4361999999,443,141,0.04443951506912839,0.01902175297708523,0.1038763904791915,0.3572629345457816,22.5024957730623,0.037614083033907876,0.012014765498350127,0.025417762092043158,0.025599317535557747,0.9216100958544364,0.8954716956762471
10573381000151,27224.2,8,7,0.17934205069639467,0.15625,0.2556548952769962,0.7970482144562558,5.575937133075858,0.04256572581246045,0.015625000000000007,0.023092050696394667,0.026940725812460445,0.7138632708758295,0.3662706008953567
10574092000177,2616463.0,5,5,0.22149232001316818,0.20000000000000004,0.2866465147796854,0.8601165007875136,4.51482922721902,0.026865400016460213,3.469446951953614e-17,0.021492320013168142,0.026865400016460178,0.3989296410860706,0.8989612519745059
10589926000118,231763.1,12,6,0.8236179555832108,0.22222222222222224,0.9060976488491912,0.9848202755313507,1.214155171364485,0.788341546699853,0.0666666666666667,0.6013957333609886,0.7216748800331864,0.45088471962042215,0.7635537727519996
10589928000107,3093302.37,27,26,0.08756706920147218,0.03978052126200274,0.15614380109888837,0.4864946843201753,11.419818079091174,0.05106975196953107,0.0013717421124828455,0.047786547939469445,0.049698009857048225,0.6202977763477202,0.8488858355171194
10593919000190,12990137.76,279,103,0.06742783650110104,0.026245808764018955,0.18560234268062142,0.4174892599445381,14.830670119212128,0.05828497215307262,0.01669919904601914,0.041182027737082086,0.041585773107053484,0.6560041137825565,0.878028249519262
10594533000100,9330853.2587,507,163,0.08588699191865311,0.017097907402868713,0.19101215940119884,0.49804731691252224,11.643206702909547,0.08024431902926207,0.011030610534985188,0.06878908451578439,0.06921370849427688,0.7442015283789959,0.9082001241524873
10596772000191,1415039.4749999999,97,30,0.4135802144315896,0.05856095227973214,0.4946858461316071,0.9337591447758021,2.4179106376603765,0.3933588425154375,0.026097536841102213,0.3550192621518575,0.3672613056743353,0.9347653337654155,0.9547888032303053
10606509000136,3975548.19,21,16,0.3451231764056023,0.07029478458049886,0.5638119355811406,0.800837544368944,2.8975162155576615,0.30146472149930914,0.008314436885865447,0.27482839182510344,0.29315028461344367,0.4017906282251431,0.885170760874262
10606542000166,99700.0,6,6,0.244443460773494,0.16666666666666669,0.3510531594784353,0.884653961885657,4.090925553237112,0.0933321529281928,3.3306690738754695e-17,0.07777679410682731,0.09333215292819277,0.4579890799220463,0.42602272866618707
10624466000111,1882749.577,153,56,0.753638063246708,0.03233798966209577,0.8668173505052392,0.928066404234279,1.3268968869379463,0.749158755305739,0.014744134928679332,0.7213000735846122,0.7344146203770597,0.4725377741602738,0.949913552119984
10624592000176,547541.25,5,4,0.5279279326628274,0.28,0.6989378425826365,1.0,1.8941979352296776,0.37057057688376993,0.040000000000000036,0.24792793266282742,0.3305705768837699,0.46870192620209994,0.8112757842069935
10628610000198,4434727.59,66,62,0.10813456292076189,0.016988062442607907,0.204262602745347,0.5766737523555534,9.247737013860899,0.09351381805061044,0.0008731126465850861,0.09114650047815398,0.09264070540402536,0.6646898456393061,0.8498453718839425
10631880000158,725714.3001,502,95,0.06107906980615763,0.03558673671846477,0.1693421777455202,0.3843029822639153,16.372220519625298,0.05109054927218059,0.025327021151639928,0.025492333087692866,0.02576352812054066,0.9984743530101712,0.9646285951709915
10635089000116,27422106.560000002,5,5,0.7029385894695589,0.20000000000000004,0.8263464541069889,0.9997569180184821,1.4225993777843455,0.6286732368369485,3.469446951953614e-17,0.5029385894695588,0.6286732368369485,0.771814124746252,0.9927115111661377
10687065000100,920179.1900000001,7,7,0.30347425467478867,0.14285714285714285,0.46295330803992646,0.8669894393069246,3.29517243916334,0.18738663045392012,0.0,0.16061711181764582,0.18738663045392012,0.514820528942542,0.8480440036381809
10698251000145,4027322.437,54,37,0.22176040442175182,0.042524005486968455,0.4065475773575365,0.755837390131472,4.509371285678955,0.2001426378779116,0.015927450083828686,0.17923639893478338,0.1842151877940829,0.5209057223963924,0.8871289305867707
10700103000118,5297663.08,5,3,0.6327263449275409,0.3600000000000001,0.7800104041346472,1.0,1.5804620876257633,0.4490895173913113,0.04000000000000017,0.2727263449275408,0.40908951739131116,0.9737852144815017,0.9923937281694896
10701551000136,3032184.1499999994,178,60,0.33139324686208393,0.04835248074738037,0.5656643446276177,0.7090628252245169,3.0175629994541513,0.3200609290122888,0.03222286177699699,0.2830407661147036,0.28783806723529176,0.8250487736703498,0.8430768655089785
10711980000194,2861358.71,28,15,0.4151702430649936,0.1632653061224489,0.595381485741786,0.9138050153802632,2.4086504673781572,0.37339668899820744,0.1034985422740524,0.2519049369425447,0.269898146724155,0.4359115726115129,0.9119193987980153
10714485000139,755346.3705000001,469,106,0.05500840533337107,0.030328103618368712,0.1236240930610257,0.3789711093872265,18.179039983792187,0.04600848538416508,0.021093133176638895,0.024680301715002358,0.02491535220752619,0.9980484575578499,0.9545142267952261
10721741000115,778752.88,5,4,0.5326612298383908,0.28,0.7011210025958428,1.0,1.8773658452735513,0.3768816397845211,0.040000000000000036,0.2526612298383908,0.33688163978452107,0.4064915024368142,0.8457224238815559
10721783000156,1219740.7799999998,10,9,0.22813730978576313,0.12000000000000002,0.40758864354768887,0.7881649328802469,4.383325116523333,0.13165447350898354,0.010000000000000033,0.10813730978576311,0.12165447350898351,0.7322940130641488,0.8599558842444335
10721828000192,2725288.42,6,6,0.6791075216053781,0.16666666666666669,0.8142257471596346,0.9996924875936617,1.4725208721529799,0.6149290259264538,3.3306690738754695e-17,0.5124408549387114,0.6149290259264538,0.8456703254277127,0.9663956568678034
10732371000111,789297.73,10,9,0.15933935077615513,0.12000000000000002,0.30029952068910676,0.6597953601108165,6.275913609092276,0.05425676962317453,0.010000000000000033,0.03933935077615511,0.0442567696231745,0.7954717997471789,0.7805234615887684
10740545000198,78193.27,5,5,0.26996566901209684,0.20000000000000004,0.38366473227171594,0.9596733836556521,3.704174696209951,0.08745708626512104,3.469446951953614e-17,0.0699656690120968,0.087457086265121,0.6242694908423557,0.5267123929853319
10751888000158,21929.9,8,6,0.7209860505197541,0.1875,0.8443266955161673,0.9803966274356016,1.3869893866588774,0.6651832606237049,0.02500000000000001,0.5334860505197541,0.6401832606237049,0.39892964108607054,0.3322601368719401
10759024000182,151657.7,29,20,0.12834111401419748,0.06539833531510107,0.22294041120233263,0.6192269169320122,7.791735389560176,0.08246433054126051,0.016208774015895863,0.06294277869909641,0.06625555652536465,0.8499482874902838,0.5320265468701951
10769869000159,5174906.78,26,19,0.17381035554111496,0.06213017751479291,0.3361746547248915,0.6891358398537182,5.753397125773955,0.12791093084895466,0.010026298487836965,0.11168017802632205,0.1178846323611177,0.5325324918412915,0.9110230251097281
10778201000178,94485.95999999999,10,10,0.6867224413405918,0.10000000000000003,0.8255194740043919,0.9276932784511054,1.4561924000151216,0.6519138237117686,3.0839528461809905e-17,0.5867224413405918,0.6519138237117686,0.9756376995595886,0.9058303180277181
10778974000154,720780.8065999999,59,29,0.32616340034233615,0.060040218328066663,0.5047304210500324,0.8669750835177136,3.065947923496061,0.30209780749741955,0.026470226125497615,0.2661231820142695,0.27562758137192195,0.5854466208727768,0.8254144447831593
10788473000159,3389564.0326,331,118,0.4726168788697161,0.020618650797272743,0.6829212895041268,0.7844216189538995,2.1158787269543646,0.46810933082586753,0.01224787003485627,0.45199822807244333,0.45586146079101125,0.8955071549923754,0.9681138682973758
10817032000138,702049.29,8,8,0.45666730069656114,0.125,0.6409806354194874,0.9389643994939443,2.1897779816393372,0.3790483436532127,0.0,0.33166730069656114,0.3790483436532127,0.8443845156681073,0.9000215182666614
10836939000144,2471279.42,21,21,0.34539321590097943,0.0476190476190476,0.5665081773715415,0.7882880358385375,2.8952508444366476,0.31266287669602844,0.0,0.2977741682819318,0.31266287669602844,0.45324033704787375,0.8364530289530525
10839115000128,699666.99,21,21,0.1297440397152232,0.0476190476190476,0.30871829468473283,0.5371126626968639,7.7074831506319095,0.08623124170098435,0.0,0.08212499209617559,0.08623124170098435,0.6087779647668152,0.6807774839849046
10863375000139,92021.12,31,29,0.23529956547233016,0.03850156087408948,0.46401304396208176,0.6383860574615914,4.249901600934296,0.20798883566777052,0.00416233090530696,0.19679800459824068,0.20382650476246356,0.9239011337294714,0.7437643043205984
10870672000101,96641.41,6,6,0.2785566193350004,0.16666666666666669,0.3725111212677878,0.9306839583569817,3.5899344355460117,0.1342679432020005,3.3306690738754695e-17,0.11188995266833374,0.13426794320200047,0.945843183162114,0.7380101422404062
10873273000102,282398.0,5,5,0.5087424648983693,0.20000000000000004,0.6901606951890594,0.9776981423381186,1.9656310785846598,0.38592808112296156,3.469446951953614e-17,0.3087424648983692,0.3859280811229615,0.3989296410860706,0.6845025385671522
10906131000196,1480603.52,18,18,0.27643527818409025,0.05555555555555555,0.4639999775226794,0.802638913083227,3.617483291456225,0.23387264748903674,0.0,0.2208797226285347,0.23387264748903674,0.6126378321348958,0.8326203612350503
10936853000193,7561361.16,9,8,0.32769926911968794,0.13580246913580246,0.39675396221915155,0.9834208210205371,3.0515783653907476,0.23165630756535766,0.01234567901234567,0.19189679998388548,0.21931062855301198,0.8499383596571533,0.9724302048838961
10971858000157,1652862.9334,542,145,0.04214779370520858,0.022998052858757372,0.09401129207995584,0.3119544358946661,23.726034320900194,0.03549604227260587,0.016213317114720967,0.01914974084645121,0.0192827251578849,0.9956364391881861,0.932841431754214
11046759000121,1079150.0,5,5,0.20367468026235017,0.20000000000000004,0.22225825881480796,0.8332020571746283,4.909790449710861,0.004593350327937694,3.469446951953614e-17,0.0036746802623501273,0.004593350327937659,0.5204465190656881,0.8195146126904254
11065186000183,4577640.0600000005,17,17,0.43784682597755203,0.058823529411764705,0.5786824576155076,0.9701580490799881,2.2839037322409848,0.402712252601149,0.0,0.3790232965657873,0.402712252601149,0.6193587679531436,0.9561694940285934
11084263000142,18147989.410000004,112,100,0.0262059234686421,0.011160714285714284,0.057542546251684194,0.20214673631992164,38.15931162267935,0.016369619665295054,0.0011724386724386708,0.015045209182927816,0.015197180992856383,0.5220878771725512,0.8656520158882973
11111771000172,7769221.26,396,134,0.14266855797472627,0.020724926027956333,0.31354493822203233,0.5654320996902591,7.009252873903372,0.13622245690686707,0.013361955546963523,0.12194363194676994,0.12286050135990355,0.48738453724156516,0.8203086263208066
11112312000103,7064525.170000001,13,13,0.50839739665742,0.07692307692307694,0.7071601232613345,0.8197647457741309,1.9669652255789243,0.4674305130455383,1.5034270125132327e-17,0.4314743197343431,0.4674305130455383,0.8127459663744779,0.9365125967532976
11124654000143,104568.8,8,8,0.1631034820457793,0.125,0.2295139659248265,0.7234471467588802,6.131076954686495,0.04354683662374776,0.0,0.03810348204577929,0.04354683662374776,0.3989296410860706,0.3569708734231184
11135974000107,3202006.76,8,7,0.4536454274295345,0.15625,0.6354742018096177,0.9569683700480383,2.2043647737534657,0.36258633200112356,0.015625000000000007,0.2973954274295345,0.34696133200112356,0.39892964108607065,0.9196852229177725
11136549000124,36644446.59,20,19,0.06833105158486857,0.055000000000000014,0.0714141198332121,0.2856564793328484,14.634635013014243,0.01657166556180572,0.002500000000000018,0.01333105158486856,0.014071665561805701,0.47658921410713434,0.9697565996339352
11145615000122,425579.61000000004,5,5,0.33351683073851696,0.20000000000000004,0.518821848631329,0.9492042628640033,2.9983494319781947,0.16689603842314618,3.469446951953614e-17,0.13351683073851692,0.16689603842314615,0.7451219480203682,0.7730390236649678
11148262000114,20971322.7142,377,125,0.8598240101812559,0.025842720345601533,0.9271581132473992,0.9419850211843726,1.163028699081332,0.8586935586504596,0.01798661325161445,0.8339812898356543,0.8407069453988452,0.9470411514514001,0.9906070201053578
11149280000110,334717.75,63,32,0.11872958282194487,0.05920886873267824,0.2176878877800774,0.6186893285462154,8.422500746925637,0.09030150484845922,0.02886076772405496,0.05952071408926663,0.06144073712440426,0.5445951324916383,0.5211836263472083
11151349000140,209156.71000000002,22,18,0.20898673643565058,0.06611570247933884,0.4016127429045905,0.7038970922807113,4.784992660564904,0.16245654446127708,0.011181332036947015,0.14287103395631173,0.15127521242433006,0.5493228718728684,0.5847939233965431
11151460000137,2713569.9199999995,46,40,0.2416717933917534,0.030245746691871453,0.4514348390182627,0.7202762624963059,4.137843254131796,0.22222748040179838,0.005380253017304053,0.21142604669988196,0.21684722738449433,0.529656478994196,0.8375309287972651
11152150000137,6021228.95,44,39,0.035200022024737085,0.027892561983471065,0.05978845896567344,0.23304212672398045,28.409073133455493,0.009810548920124904,0.0023107872988255675,0.00730746004126602,0.007499761621299336,0.43101883185277,0.7882588208164597
11160486000141,3048532.44,21,21,0.1430479495416043,0.0476190476190476,0.2873513788162281,0.6574537123836544,6.990662943470982,0.10020034701868452,0.0,0.0954289019225567,0.10020034701868452,0.6682492750311911,0.860666675069814
11166368000140,1922815.0,87,47,0.1165201642389487,0.033690051525961134,0.3093901389369232,0.4710764686150253,8.582205548125499,0.0973140808528389,0.012683313515655943,0.08283011271298757,0.08463076733718294,0.5644307638536181,0.7107311761448594
11168270000122,6449275.84,92,69,0.042950385250860056,0.016540642722117208,0.06549572548597953,0.24430649875878158,23.28267823814166,0.028876126210431525,0.002078005115089519,0.026409742528742848,0.026798121095342006,0.5268928292008535,0.8334276964465501
11170888000127,731919.0,16,16,0.08076038731169202,0.0625,0.129522529132322,0.44000770577072046,12.382308125152166,0.019477746465804822,0.0,0.018260387311692022,0.019477746465804822,0.6937771733589502,0.7059169741588859
11171868000170,20384151.240000002,92,71,0.05170606711289622,0.017249527410207945,0.14249936265680888,0.35898754742559497,19.340090164207943,0.038159010928794736,0.003210234944639486,0.03445653970268828,0.03494877598415525,0.705265887715205,0.9141536767322567
11179871000130,605669.23,7,7,0.5566934320738905,0.14285714285714285,0.7297712647545261,0.972610082899539,1.7963208157039454,0.48280900408620564,0.0,0.4138362892167477,0.48280900408620564,0.5183456497278361,0.8282833197606904
11188015000141,7472039.901,211,45,0.35506106590525116,0.05487298128972846,0.5804783857510613,0.775942181361218,2.816416937887671,0.3404033628576433,0.03339282177358593,0.3001880846155227,0.30701054108405734,0.6354901802529465,0.9684897395805752
11193159000196,16625050.719999999,11,9,0.1778223813315955,0.12396694214876033,0.30624621877845315,0.7363191653468832,5.623589069675336,0.07505017899804495,0.014462809917355383,0.05385543918283517,0.06058736908068957,0.5873097099317637,0.9761916015428309
11195905000180,1067163.72,8,8,0.18101567984545341,0.125,0.2525854233500367,0.7529666769406292,5.5243833067598045,0.06401791982337533,0.0,0.056015679845453414,0.06401791982337533,0.6233678183500811,0.8004728292590945
11206573000192,639324.75,16,15,0.1563073098368764,0.0703125,0.34254891586787467,0.583471858394345,6.397653449756177,0.09604354625379614,0.003906250000000001,0.0859948098368764,0.09213729625379614,0.8449619656682343,0.7942542967872828
11208059000196,1125885.1500000001,23,15,0.17180537423065242,0.10775047258979209,0.29786608341001747,0.7361520400193573,5.8205396919509536,0.1126486152471276,0.044018363489062955,0.06405490164086033,0.06863025175806464,0.4956594238340344,0.7929507163631088
11214458000160,6973715.458800001,504,121,0.052521375200005084,0.025573192239858905,0.10840706110915635,0.3774150550663416,19.039867029222478,0.04462571999333846,0.01745296884185773,0.02694818296014618,0.027172751151480733,0.8970242119924712,0.950783076294986
11218352000134,186090.29900000003,14,11,0.16496295879664144,0.11224489795918367,0.2533716171846228,0.748040278015782,6.06196692454306,0.08145925467630559,0.023469387755102038,0.05271806083745777,0.05798986692120355,0.6166205338903036,0.527476596418313
11221619000142,5051620.7,328,134,0.023041300782064282,0.013068857822724567,0.0585885951413573,0.18482643797860754,43.400327501406345,0.01569574665260612,0.00564832291913603,0.009972442959339715,0.010047423733470088,0.7783533760996302,0.8027654135940572
11224030000106,201381.90000000002,97,62,0.06835146141751298,0.02263789988309066,0.16364429971114583,0.4300787707336161,14.63026509252925,0.053078534555505,0.0066155703729773915,0.045713561534422326,0.04646296418252761,0.9917969643622921,0.8242050455188341
11228769000188,3547623.3720000004,15,11,0.7751997904078022,0.10222222222222223,0.8728941421575457,0.994028339601321,1.2899900288594497,0.7527197694485824,0.012444444444444449,0.67297756818558,0.740275325004138,0.4061724575989441,0.9638216861676212
11231203000105,5255147.3411,418,128,0.25741545692788204,0.019768320322336944,0.36154837850888816,0.8495177680528232,3.88477060365556,0.2515683345414874,0.01204996063983566,0.2376471366055451,0.23951837390165176,0.540227150420322,0.9432083832467913
11232665000147,4625208.500000001,432,114,0.08116911066196883,0.05044367283950615,0.21648753780505248,0.45781345424752207,12.319957578006857,0.07303786385366767,0.04204051950180266,0.030725437822462683,0.030997344351865012,0.5097942062393694,0.7919073148733199
11237287000194,966988.98,21,17,0.11189801774900186,0.06575963718820861,0.17866437319689002,0.5657572023209613,8.93670880071439,0.05639164385831448,0.00736961451247165,0.04613838056079325,0.04902202934584283,0.5988041701177779,0.7124892578171539
11241709000103,2883160.655199999,547,106,0.4981579597313622,0.03801690457172077,0.7023542015765782,0.7950713727539355,2.00739540634714,0.4933785117288037,0.028855160805737162,0.46014105515964143,0.4645233509230665,0.532666828823432,0.9322716981599014
11243552000147,492138.4280000001,170,69,0.1176901691038135,0.04193771626297577,0.27451625866533635,0.5748578324796048,8.496886423180415,0.10471502453181075,0.027848565031548943,0.07575245284083773,0.0768664595002618,0.9815001884411519,0.8948254028515495
11246073000184,144690.326,96,27,0.09811519069572415,0.05729166666666667,0.18998359295976705,0.5467654347533919,10.192101680780608,0.06342731341479046,0.02103365384615385,0.04082352402905748,0.04239365956863661,0.9980911577316519,0.9703536777708583
11252074000131,676069.1939999999,112,61,0.07389599154379246,0.025669642857142856,0.20938935135092104,0.42483834280430177,13.532533756007279,0.058460924736189,0.00943080357142857,0.04822634868664961,0.04903012116476044,0.9828160463464003,0.8996241123426962
11257200000140,54596.19,67,26,0.10774743891286749,0.061706393406103816,0.22116927939477096,0.5561879501115371,9.280963056659505,0.07205733646938219,0.024174649142347966,0.046041045506763675,0.04788268732703422,0.9973906115787865,0.973347689058505
11258723000101,1566218.2,11,11,0.12576086119194962,0.09090909090909091,0.20303684378077078,0.6428339295252732,7.951599492259309,0.038336947311144585,0.0,0.03485177028285871,0.038336947311144585,0.5892274245732738,0.7937338099177118
11259476000168,1386051.6,10,10,0.6863200644475623,0.10000000000000003,0.8263328724558306,0.8921890065276068,1.457046138968598,0.6514667382750693,3.0839528461809905e-17,0.5863200644475624,0.6514667382750693,0.8296744915650952,0.9246659112003377
11261188000148,7625095.9920999985,12,12,0.2822556348414721,0.08333333333333334,0.3854586766179892,0.8878588924144805,3.5428876399992744,0.21700614709978777,1.5139404881252137e-17,0.19892230150813875,0.21700614709978774,0.49839379451142407,0.9471152957246602
11265919000123,2118161.114,234,80,0.10446357879907132,0.03239827598801959,0.22944430279065164,0.5767139203557299,9.572714351701782,0.09312767473323678,0.02015015289926034,0.07206530281105174,0.07297752183397645,0.7611883613952047,0.8720868503646869
11267244000151,964779.2699999999,21,21,0.11828390701760848,0.0476190476190476,0.18703760083899812,0.6223703376213712,8.454235451075638,0.07419810236848891,0.0,0.07066485939856088,0.07419810236848891,0.6435531671083574,0.7747340613556969
11268671000154,6647156.9799999995,164,84,0.11402943315153649,0.023497917906008327,0.31146988648370993,0.4576001347872486,8.769665623708535,0.10335508897263934,0.011732832579574692,0.09053151524552816,0.09162225639306465,0.7172556760168557,0.8464322183577663
11270247000144,2981409.3,12,11,0.5002395262317078,0.09722222222222224,0.6772516608169163,0.9297396033479872,1.999042353835923,0.4502634788548785,0.006944444444444459,0.40301730400948554,0.443319034410434,0.723211171363402,0.9159884288199204
11271704000115,4392469.68,33,30,0.07538303174351926,0.035812672176308534,0.148891181418468,0.45404980461925465,13.265584799008442,0.04349968801053717,0.0025648332858364147,0.03957035956721073,0.04093485472470076,0.443159214671175,0.800636215597822
11272232000115,2457151.8000000003,8,8,0.5806004940529105,0.125,0.7535726201368592,0.9320312729559485,1.7223547176466394,0.520686278917612,0.0,0.4556004940529105,0.520686278917612,0.8370107849473329,0.9289974164992221
11279755000193,2131926.81,46,31,0.13675211547718466,0.04914933837429109,0.2476632863395531,0.628539400937502,7.312501137628377,0.10797718599309081,0.017454316320100794,0.08760277710289358,0.09052286967299002,0.5715357922004856,0.8335537706540023
11280020000180,1082468.7,22,22,0.11725476910420786,0.045454545454545456,0.29612865480544615,0.47856349102750045,8.528437756858057,0.07521928191869394,0.0,0.0718002236496624,0.07521928191869394,0.5242125376355607,0.6792859675595562
11283491000141,946435.96,10,9,0.4669810275022338,0.12000000000000002,0.6656551807266495,0.898687323757225,2.1414146209509903,0.40035365594001304,0.010000000000000033,0.3469810275022338,0.39035365594001303,0.7324065564537038,0.8262484987594017
11283510000130,767073.5,9,8,0.3510662811096229,0.13580246913580246,0.5473399876283042,0.8767555390715491,2.848464958922509,0.2583614641252833,0.01234567901234567,0.21526381197382044,0.24601578511293765,0.7029988887954243,0.7858442183894312
11285282000137,10415802.59,123,101,0.03604747947489199,0.011699385286535798,0.08464501245890069,0.277740694968375,27.74119063432788,0.026407954269640904,0.0018163791394011561,0.02434809418835619,0.024591575130239747,0.6824275378258093,0.8465348859279969
11290422000165,2095933.3804000001,255,111,0.05926311480204043,0.024159938485197995,0.13311491796879252,0.40430674368012465,16.873902145379134,0.0507109613002408,0.015288665198699796,0.03510317631684244,0.035422296101541004,0.6224213254936407,0.7897578222137326
11290534000116,44994.9845,27,13,0.14303779594934057,0.11111111111111109,0.25653970388632985,0.6547285842492068,6.991159178334712,0.07162427894511894,0.03703703703703701,0.03192668483822948,0.034587241908081934,0.9843400611533526,0.9166770133386194
11291694000180,4141657.45,8,8,0.41722359304823575,0.125,0.5270023043552285,0.9696075999718422,2.396796386067239,0.33396982062655517,0.0,0.29222359304823575,0.33396982062655517,0.723945870912196,0.9533715006563358
11293112000102,3404890.1399999997,9,9,0.28171371990718835,0.1111111111111111,0.4345256878097101,0.8399848783373669,3.549702869741146,0.1919279348955869,0.0,0.17060260879607725,0.1919279348955869,0.7888204573627704,0.9133844692821707
11293409000160,112079227.8986,406,135,0.05963253030255346,0.020784294692906893,0.06651865952132532,0.2660746380853013,16.76937059229868,0.052614862618244156,0.013476714802555452,0.038848235609646564,0.0391381478156887,0.41105617719053766,0.9859440601060785
11294684000106,189808.44,12,12,0.17326410848928261,0.08333333333333334,0.30030276841219494,0.7138843773227365,5.771535771136674,0.0981063001701265,1.5139404881252137e-17,0.08993077515594927,0.09810630017012649,0.901787733887446,0.6617459291087537
11298607000116,249344.1,6,6,0.17617488829024705,0.16666666666666669,0.24902975446381123,0.7314955517295176,5.676177857723435,0.01140986594829647,3.3306690738754695e-17,0.009508221623580365,0.011409865948296438,0.46405498914588195,0.5589152734944635
11299994000105,452400.04000000004,5,5,0.2614741007227126,0.20000000000000004,0.3183023591244598,0.9778956695052459,3.8244705584071497,0.07684262590339073,3.469446951953614e-17,0.06147410072271256,0.0768426259033907,0.4946480016129494,0.7438923691426953
11299998000193,678032.0690000001,488,139,0.25887748570032926,0.022221848965331897,0.5014512079073947,0.5924262927451592,3.8628310889791995,0.2535070326981577,0.015136500044790823,0.23665563673499737,0.23837053265336688,0.9960640199484668,0.9539871013271091
11301643000191,247877.12000000002,7,4,0.34524977163533643,0.30612244897959184,0.47696415062430936,1.0000000000000002,2.896453762339432,0.1269996955137819,0.07482993197278913,0.03912732265574459,0.05216976354099277,0.4298047079609345,0.6765108754736582
11301658000150,708097.2790000001,84,38,0.15238327867084056,0.038548752834467126,0.22595765404713553,0.7077214287671341,6.5623998165840485,0.12947471863491733,0.012563583992155427,0.11383452583637343,0.1169111346427619,0.951386013416176,0.9228893976836888
11303923000139,2892305.443,411,130,0.39165812693418767,0.01711450914924728,0.6206121847691728,0.7272082985185602,2.5532471592707053,0.3869422984608093,0.009495241778311212,0.3745436177849404,0.37744705668249806,0.6255620972606163,0.9488338397266564
11306530000189,12503127.55,79,65,0.10979217636066613,0.020028841531805803,0.16723815634433,0.6055105196459425,9.108117109501597,0.09588267911630152,0.004716792180740267,0.08976333482886033,0.09116588693556126,0.5829881325259034,0.9048767122388747
11306532000178,340772.80999999994,81,21,0.1313079271458684,0.07818930041152264,0.27111317948166114,0.6075523161604355,7.61568643825374,0.08787332350316182,0.032098765432098775,0.05311862673434575,0.055774558071063046,0.70660700750403,0.6624580698508369
11307015000113,319285.03,66,45,0.06960397812173101,0.027548209366391192,0.15037059520140983,0.4385143894782664,14.366994918754374,0.04845861398813399,0.005447032306536446,0.04205576875533982,0.04301158168159754,0.6822944697886868,0.5183190160389137
11307776000175,659779.16,28,26,0.30976068779029836,0.04081632653061225,0.4546824425312252,0.9304807081205779,3.228298617018114,0.2821511153019103,0.0024489795918367363,0.2689443612596861,0.2797021357100735,0.9321702497410744,0.9047700488541354
11308894000106,3960924.6,18,18,0.3292680945506452,0.05555555555555555,0.5441355788494434,0.812427987142194,3.037038864529854,0.2898132765830361,0.0,0.2737125389950896,0.2898132765830361,0.4923765321616629,0.8879038374641822
11310394000109,1085481.1134000001,427,140,0.12351540439393059,0.014046037657202092,0.33155804882933676,0.47121939265977103,8.096156142683842,0.11720975982122506,0.006952843683512898,0.1094693667367285,0.11025691613771216,0.9919718868670514,0.9498284362252162
11312860000187,18189734.74,20,18,0.20938259899050238,0.06000000000000001,0.4110635557294554,0.6859438698994464,4.77594606629828,0.16287569304876723,0.0047058823529411925,0.14938259899050238,0.15816981069582603,0.8236662635354765,0.9661520708094319
11313552000176,141689.91999999998,9,8,0.24354313337673392,0.13580246913580246,0.3557063198285383,0.854707236760385,4.106048838803072,0.13547786671626733,0.01234567901234567,0.10774066424093146,0.12313218770392166,0.5593790916808946,0.5049450925497141
11315054000162,999783.9,5,5,0.21669438959321538,0.20000000000000004,0.2697403908984731,0.9066598291890877,4.614794143388886,0.020867986991519212,3.469446951953614e-17,0.016694389593215342,0.020867986991519177,0.39892964108607054,0.7968879559382037
11315213000129,25771839.5,246,139,0.06109665448946673,0.010674862846189438,0.18093989798438717,0.39522417520875835,16.367508308861712,0.05429300705823099,0.0035058401131908105,0.05042179164327729,0.05078716694504018,0.5518608483467051,0.901089624050173
11318061000118,452645.15,11,10,0.5454024694509174,0.10743801652892562,0.7221771844898813,0.9232246275034649,1.8335083832802361,0.4948916327232416,0.008264462809917352,0.4379644529219918,0.4866271699133243,0.8875835473093286,0.8644675231222207
11319184000173,286797.0,9,9,0.24048068799861966,0.1111111111111111,0.43515099530329815,0.7502170524796284,4.158338069981486,0.14554077399844714,0.0,0.12936957688750855,0.14554077399844714,0.6956317784308725,0.6463057016242664
11320964000133,8225776.930000001,247,107,0.4219388345256481,0.017915389532691908,0.6411117338675509,0.8055564023178536,2.370011760411244,0.41648542730419197,0.008650440377339946,0.4040234449929562,0.40783498692685205,0.9177461601185183,0.9253933290953767
11323077000119,1352898.34,17,17,0.09922758272764166,0.058823529411764705,0.21926259440897827,0.4915987996555602,10.077843000013258,0.04292930664811927,0.0,0.04040405331587696,0.04292930664811927,0.5407420477219899,0.747308556981511
11323261000169,168291330.17999998,25,25,0.37018743023273043,0.04,0.4883480769454811,0.955511076940256,2.70133429266174,0.3439452398257609,0.0,0.33018743023273045,0.3439452398257609,0.4561657722091216,0.9946135422857569
11323964000197,1003286.4658,746,152,0.04861254949188852,0.023902277742239218,0.15531664715096768,0.35259001866224515,20.57081989017794,0.042311970349450695,0.01743805441602888,0.024710271749649303,0.024873915933421815,0.9192594982404703,0.8850233173733948
11323985000102,4516188.1145,771,194,0.1683797820532512,0.018503097868417556,0.3929115185221765,0.5478881896118589,5.938955305713269,0.16407086900689496,0.01341762169156998,0.14987668418483363,0.15065324731532498,0.7517855921914536,0.939156213934126
11324516000108,4117195.6199999996,493,105,0.033149906500970175,0.027488284255438193,0.08138257953359039,0.2589033479055338,30.16599760155383,0.023853270986556426,0.018137210065586634,0.005661622245531982,0.005716060920969792,0.6683864861809469,0.78169012298948
11326603000102,456055.43,11,10,0.12568261233039027,0.10743801652892562,0.19734443245199385,0.604679216296142,7.956550086429086,0.028536235922655848,0.008264462809917352,0.018244595801464647,0.020271773112738495,0.6308956025173459,0.6566535227831133
11328999000119,1139222.65,74,37,0.17277989482563055,0.04894083272461652,0.2765043338982068,0.774102410972956,5.78771043360803,0.14980155857078695,0.022522522522522535,0.12383906210101403,0.1272790360482644,0.4268588235223376,0.7294121861710847
11329956000158,717811.7701,504,140,0.04817304968551739,0.019423973293020914,0.11638122622085437,0.35277205772861986,20.75849477100133,0.04132537378397434,0.012369469503762073,0.028749076392496475,0.028955904280212268,0.9982076237381575,0.9495150625644477
11331930000144,1270560.0,6,6,0.22189749706313,0.16666666666666669,0.28333962976955046,0.8802417831507368,4.506585307338997,0.06627699647575601,3.3306690738754695e-17,0.055230830396463315,0.06627699647575598,0.5710428039135064,0.8532745984994765
11333647000151,451608.7439,414,118,0.2351722324976132,0.024901397932273802,0.4769571070300085,0.5793921349714594,4.252202691532254,0.22863524303178084,0.016567221846224858,0.2102708345653394,0.21206802118555598,0.9931188549749445,0.9509803222251566
11335530000107,564124.93,45,34,0.06745486500181785,0.03802469135802469,0.10373588701353795,0.3778009066183266,14.824727615614542,0.03919592151702446,0.008873924429479986,0.02943017364379316,0.030321997087544475,0.6944508559640451,0.6642054383038278
11336672000199,16671880.29,35,23,0.7699411103893161,0.07428571428571427,0.8760559544540732,0.9498996564592056,1.298800630991578,0.759483888134285,0.0322077922077922,0.6956553961036018,0.7272760959264928,0.9397674361121336,0.9891527886989848
11337362000199,3570621.3,8,8,0.42760778897092294,0.125,0.5052342011178839,0.9629696658113814,2.3385916388627788,0.3458374731096262,0.0,0.30260778897092294,0.3458374731096262,0.6363321461488596,0.9427968265580782
11342435000130,248940.22460000002,67,30,0.15973829130884692,0.0550233905101359,0.23952738090363238,0.781826240868588,6.26023974468679,0.13076374962984166,0.022437990182899204,0.10471490079871103,0.10832575944694246,0.5295978397147081,0.6488756695824752
11344805000179,359360.68,32,23,0.08690635936519796,0.056640625,0.19123127215810032,0.474451322832537,11.506637803084114,0.045402102972706956,0.01376065340909091,0.030265734365197958,0.031641449563616045,0.6595893649734619,0.5377768915668347
11344960000195,2488546.0362,404,146,0.41216578789829805,0.014912753651602785,0.6389273000663165,0.7101864519648221,2.4262081651637475,0.40811175884932077,0.008119048504372459,0.3972530342466953,0.3999927103449483,0.5992190935810947,0.9283054718783504
11347518000112,3848853.231,61,41,0.37034964866331277,0.034668099973125505,0.5893962133262753,0.8028806541934881,2.7001510696965894,0.35460838987989557,0.010534802472453642,0.3356815486901873,0.3440735874074419,0.7574262496333303,0.9002712686568315
11352368000135,4700987.46,38,32,0.18303307084040632,0.03878116343490304,0.3446084495617863,0.7051125892601297,5.463493539219145,0.15667929893203233,0.007774104190867652,0.14425190740550328,0.14890519474116468,0.45278958466889024,0.8550192512340136
11354232000164,2962221.04,32,29,0.11197993884481483,0.037109375,0.2653573954764699,0.5609936725046014,8.930170978087691,0.08026493666070107,0.0027204241071428575,0.07487056384481483,0.07754451255355821,0.7594214721585812,0.8410041052902305
11355483000163,8329867.4794,550,156,0.2262854764782757,0.01935867768595041,0.4441847375303635,0.7211399238769983,4.419196563399436,0.22129376987490973,0.01303195947747267,0.2069267987923253,0.20826181039743705,0.5631394005857007,0.9499947654789426
11355924000127,2469674.212,114,78,0.13947102456730984,0.016928285626346563,0.20844854657291131,0.6943425945284155,7.169948045498096,0.1282953235876645,0.004161120504610804,0.12254273894096328,0.12413420308305369,0.5661688444101514,0.8734013240735231
11359214000175,1011913.656,509,140,0.04258796424591421,0.021502927655829646,0.123027957239071,0.31806080794703695,23.480812424508823,0.03570010787358265,0.014463380372778062,0.021085036590084566,0.02123672750080459,0.99792598528531,0.9521476210662222
11359904000124,3125660.75,11,10,0.38125530806862756,0.10743801652892562,0.5611016102755233,0.9087602517323736,2.622914301353139,0.3125058978540306,0.008264462809917352,0.2738172915397019,0.3042414350441133,0.6763053575681912,0.92123526012554
11360515000119,3473081.6199999996,48,43,0.11360033511221304,0.026041666666666668,0.2218196415435811,0.5721600288794826,8.802790933778603,0.09249558118631336,0.0028521825396825413,0.08755866844554637,0.08964339864663082,0.6146468023754823,0.8479807506891396
11364800000108,413432.55,8,4,0.4225190071932573,0.4375,0.5859021018059657,1.0,2.366757430968323,0.23002534292434307,0.25,-0.014980992806742699,-0.019974657075656932,0.7618532765471075,0.8597580144541558
11364954000108,79483.17600000002,120,63,0.041303887781434116,0.036388888888888866,0.08278481473865613,0.2847706538551001,24.21079597377501,0.025841047261779826,0.020846774193548363,0.00491499889254525,0.004994273068231463,0.9973566161989681,0.9311438970172771
11366503000100,493639.46,13,11,0.21033392736401268,0.10059171597633138,0.38966901065810255,0.7460951359115415,4.7543447342632374,0.13136732010041396,0.01065088757396451,0.10974221138768131,0.12071643252644945,0.40523008362282215,0.6336365826595773
11370658000101,7368313.4799999995,37,28,0.15477395422139856,0.047479912344777234,0.3564835680688222,0.5577779353654753,6.461035417945943,0.12346928585922813,0.012201390579768986,0.10729404187662132,0.11126789527945914,0.5563015734659595,0.8966699241662188
11375809000114,423587.4674,309,108,0.044610109424769964,0.020454331228202463,0.11898369021481582,0.3466240417858028,22.41644355718046,0.03568123194275847,0.01129969880977445,0.0241557781965675,0.02438153313298402,0.9183883281335603,0.834560911592978
11380216000146,3175393.33,6,6,0.5289188013777912,0.16666666666666669,0.7038598049835924,0.9809157500497742,1.8906493726354212,0.43470256165334953,3.3306690738754695e-17,0.36225213471112455,0.4347025616533495,0.5072168434256268,0.940607411503975
11381097000146,1286713.44,16,16,0.09517969981629465,0.0625,0.14354688795354464,0.5140002812125752,10.50644204520596,0.03485834647071429,0.0,0.03267969981629465,0.03485834647071429,0.5591748533217681,0.7351116993364298
11381861000183,2094000.0,5,5,0.7617844772301632,0.20000000000000004,0.8672397325692455,0.9952244508118433,1.3127072418645032,0.702230596537704,3.469446951953614e-17,0.5617844772301631,0.702230596537704,0.46688082661199465,0.9540072431155723
11382690000107,530068.0,5,5,0.2515158930417232,0.20000000000000004,0.34335217368337645,0.9308767931661598,3.975891892581567,0.06439486630215402,3.469446951953614e-17,0.05151589304172319,0.06439486630215399,0.6592471054050518,0.8094416890508322
11386903000179,86087.25,32,23,0.138637427409611,0.0546875,0.23780292668194186,0.650996750389866,7.21305940743874,0.09948458320095695,0.011718750000000002,0.08394992740961099,0.08776583320095695,0.6840752182581002,0.4071631317853336
11389851000194,3120858.92,9,9,0.4823725510374006,0.1111111111111111,0.6786913648759233,0.9213357584264014,2.0730864512281615,0.4176691199170757,0.0,0.3712614399262895,0.4176691199170757,0.8683881439922857,0.9275999379501062
11391279000106,127032.18,5,5,0.4830352355629286,0.20000000000000004,0.6297616871567503,0.9975911615466254,2.070242347506184,0.3537940444536607,3.469446951953614e-17,0.28303523556292853,0.35379404445366064,0.6843172192280652,0.6351837715117369
11391482000174,297122.593,391,96,0.040019827482138365,0.029061819323526153,0.10548506689964166,0.2880432784860625,24.987613963261577,0.029914773034581926,0.018841417421668536,0.010958008158612212,0.01107335561291339,0.9973508054128503,0.9367783575566055
11395609000123,4438585.02,16,12,0.20607354037129677,0.1171875,0.36948712092035135,0.7484716379275305,4.852636579146608,0.1338984076777783,0.03693181818181819,0.08888604037129677,0.09696658949596011,0.5810693248539783,0.9188430752696113
11395801000110,960883.1769,551,156,0.050475896536292794,0.01848808139630634,0.1477286765056694,0.366075919795823,19.81143612339778,0.044349934578462424,0.01215574643757283,0.031987815139986456,0.03219418814088959,0.9945289081633226,0.9417028874665152
11396412000109,364668.69,11,11,0.20538926633776797,0.09090909090909091,0.3881926084742839,0.7106112948715175,4.8688036031808695,0.12592819297154476,0.0,0.11448017542867706,0.12592819297154476,0.7325106047349705,0.7540253873704165
11399310000147,1276950.03,5,4,0.355233546094921,0.28,0.4916794042441896,1.0,2.815049454064771,0.14031139479322804,0.040000000000000036,0.075233546094921,0.10031139479322801,0.8109349998195859,0.9118362297926839
11400251000180,495576.48,30,27,0.11042211702499463,0.042222222222222223,0.25933434129077315,0.5328472206752024,9.056156745968243,0.0762075830644175,0.005384615384615388,0.06819989480277242,0.0708229676798021,0.6084931151947913,0.6230096331510593
11407443000118,3299368.6781000006,765,171,0.20415958560922623,0.02198299799222521,0.42432362266535634,0.6338257448707638,4.898129064162877,0.19947817140692756,0.01622995680394418,0.182176587617001,0.18324821460298338,0.7394079357743581,0.9436771436602155
11408074000188,1045134.3153000001,384,103,0.12403105876315844,0.028862847222222224,0.28866819851130765,0.5625297956380286,8.062496684072771,0.11544312796671882,0.019341894744008718,0.09516821154093622,0.09610123322271011,0.9951621438506894,0.9621451497182466
11409678000149,3218512.63,21,19,0.09645030724372386,0.05668934240362811,0.15535126236245345,0.48221106405911485,10.368033328012766,0.04625310209059741,0.004283194759385226,0.03976096484009575,0.04196990733121218,0.40919567543796437,0.8250583813967861
11414598000181,3178544.87,6,5,0.4817885698993815,0.22222222222222227,0.5706925477506316,0.9915612328606203,2.0755992617443035,0.35223571237422685,0.027777777777777818,0.25956634767715925,0.324457934596449,0.7241202410911982,0.9581847936243664
11418721000132,5841269.321999999,174,61,0.12983097431865004,0.0444576562293566,0.21075248069173005,0.6466692069433055,7.7023222327951935,0.11532815722396086,0.028531950499845877,0.08537331808929344,0.08679620672411499,0.7715107671180977,0.9154044045622363
11420595000150,1203539.37,61,44,0.16485034215062522,0.02768073098629401,0.2697876015472597,0.7318351455341257,6.0661081254310725,0.1454282570843607,0.00506865496271945,0.1371696111643312,0.14035960212164125,0.7515290026523298,0.843158413734322
11420709000162,6064657.23,21,21,0.2293351261798089,0.0476190476190476,0.39573547341273235,0.8091125044506432,4.3604310279793586,0.19080188248879934,0.0,0.18171607856076127,0.19080188248879934,0.6207258134814967,0.9324594749547525
11420840000120,487223.70999999996,7,7,0.34484838704146564,0.14285714285714285,0.5428717744462805,0.8898453443491081,2.899825075533141,0.23565645154837658,0.0,0.2019912441843228,0.23565645154837658,0.43219570784601474,0.7240474762711141
11420915000172,4393849.85,65,62,0.1078625619514205,0.016804733727810654,0.2968001284795838,0.42962058432652184,9.271057370678655,0.09323735804898477,0.0006867785430206654,0.09105782822360983,0.0925505795059641,0.5078713716258,0.7938728028985995
11420927000105,1942882.4800000002,37,37,0.2740339125933808,0.027027027027027025,0.49241269600619386,0.7488672706544762,3.6491833822182005,0.2538681879431969,0.0,0.24700688556635375,0.2538681879431969,0.5836698388297324,0.8228382801399013
11421459000185,2456090.7,24,23,0.06480323917162853,0.045138888888888895,0.11970241978441594,0.3965244443130703,15.431327396328816,0.022294295497611645,0.0017361111111111188,0.019664350282739634,0.020558184386500526,0.39892964108607054,0.7274248724197308
11422700000190,92534.5,17,6,0.269814494708502,0.2318339100346021,0.41419600257201367,0.9249915436945139,3.706250107431643,0.1237773936502024,0.07820069204152254,0.03798058467389989,0.04557670160867987,0.9585615941858183,0.7353672729727989
11422955000153,9630540.055000002,121,44,0.8368880570928348,0.03189672836554881,0.9145904538787569,0.9396847250847137,1.1949029401540037,0.8330947560949937,0.009382698792654598,0.804991328727286,0.8237120573023391,0.44316303479836255,0.9826119756031442
11423181000185,2325504.14,10,6,0.42322606868248486,0.24000000000000007,0.5713606254857064,0.9584778206415061,2.3628034140548793,0.3078712824189818,0.08800000000000009,0.18322606868248478,0.21987128241898174,0.597327562561553,0.9318061289558262
11423342000130,293808.9920000001,132,46,0.2916754625799193,0.04361799816345273,0.5278429327309355,0.6675327009732908,3.42846803483169,0.2759349173039175,0.022365064789307235,0.24805746441646653,0.2535698525146103,0.6792745329020122,0.821568868160157
11427286000102,9689.74,7,6,0.3246757735107153,0.18367346938775508,0.46961012369784944,0.9760220604474423,3.0799957421738364,0.18961092821285835,0.02040816326530611,0.14100230412296022,0.16920276494755224,0.8362733933398128,0.3315874745628478
11427667000191,6318.64,10,10,0.2071721902898743,0.10000000000000003,0.28803666611802536,0.8735265816694731,4.826902677433709,0.11908021143319365,3.0839528461809905e-17,0.10717219028987426,0.11908021143319363,0.484285002625881,0.12199312024723617
11429759000100,285399.768,96,60,0.23937112307868053,0.026692708333333332,0.47337109257916427,0.6207925088432448,4.177613352598522,0.22647910821560732,0.010195974576271185,0.21267841474534718,0.21628313363933613,0.9655331122607221,0.8960347652946318
11430652000182,563891.3,12,10,0.2407047692442258,0.11111111111111112,0.35467828640023347,0.9316682133595605,4.154466914551959,0.1563386324935842,0.012345679012345682,0.1295936581331147,0.14399295348123853,0.9047353270689389,0.9015616420786988
11431615000199,7454300.283999999,222,101,0.38407646624322594,0.024551578605632667,0.558605688174072,0.9423716395055812,2.603648200009019,0.3779172309056582,0.014797094391688994,0.35952488763759327,0.36312013651396924,0.4890671916551647,0.9576587778519231
11431661000198,459778.2284,7,4,0.9597269304217358,0.38775510204081637,0.9795727604747977,1.0,1.0419630504278616,0.9463025738956478,0.18367346938775517,0.5719718283809194,0.7626291045078926,0.9641801671427103,0.9891749326518957
11433441000101,903331.0358,237,94,0.1213753785156279,0.02839644643842689,0.25981615897005805,0.5587099081047647,8.238903245696106,0.11192780194052711,0.017949096400130402,0.09297893207720101,0.09397870554039671,0.7577797439745166,0.792127427306656
11435485000162,828991.5899999999,81,51,0.06704650698904004,0.03246456332876086,0.19951951502909698,0.3982986486026957,14.91502010930216,0.04838743712882084,0.013113854595336078,0.034581943660279175,0.03527358253348476,0.6317138102631318,0.595640379873001
11436906000170,13213031.793000001,647,180,0.14950926765567846,0.016638438256224783,0.34738431511469536,0.5789867170419515,6.688548580834543,0.14475792278224647,0.01114479824648302,0.13287082939945366,0.13361312453576346,0.8446384280957253,0.9479368841443494
11436910000138,1102963.1098000002,378,119,0.05152127023728276,0.020086223789927492,0.11122213092171725,0.3831097338120601,19.40945934357732,0.04348331490031058,0.011781869754248912,0.031435046447355265,0.031701445146061664,0.9973425473654742,0.9499623149519039
11443804000181,2718191.79,10,10,0.3770493973845713,0.10000000000000003,0.5665905679157394,0.9015558942586609,2.6521723862617677,0.30783266376063484,3.0839528461809905e-17,0.2770493973845713,0.3078326637606348,0.5446815492071025,0.897814711100062
11443806000170,259299.81,8,8,0.2744517917707994,0.125,0.4775938709712128,0.8061264680448474,3.6436271505019775,0.1708020477380565,0.0,0.14945179177079942,0.1708020477380565,0.5621583424077553,0.6570145293654791
11444466000100,157925.69,28,20,0.3667468275209524,0.061224489795918366,0.5192315449120406,0.9061580164696448,2.7266766198348904,0.3334177131799499,0.011815252416756173,0.305522337725034,0.3216024607631937,0.5044090180222381,0.6631384130750698
11447284000185,21780181.96,7,7,0.691671027470345,0.14285714285714285,0.8245276468755451,0.9838628758636871,1.4457740172482132,0.6402828653820692,0.0,0.5488138846132022,0.6402828653820692,0.48530286507450104,0.9877628144082188
11448444000100,2656354.81,29,25,0.38640742910387765,0.04399524375743162,0.6025098732951265,0.8056535941446767,2.5879419614656807,0.3608410719832059,0.004161712247324604,0.342412185346446,0.35667935973588133,0.8729472828660937,0.8930052162579291
11455792000105,478943.3564,485,126,0.03550524561181722,0.02315655223721967,0.08239337590277096,0.3029913184113645,28.16485234134445,0.027789287576711758,0.01534180465511743,0.012348693374597548,0.012447482921594328,0.9972716701753784,0.9347084590960453
11456420000101,210233.90000000002,6,6,0.8463993318575279,0.16666666666666669,0.9189764352942127,0.992658272524079,1.18147541279998,0.8156791982290335,3.3306690738754695e-17,0.6797326651908613,0.8156791982290335,0.9587959005699214,0.9371813895939652
11456532000154,45604.27999999999,27,14,0.43828049224558585,0.08641975308641975,0.5373552657776858,0.946305039790125,2.281643873484701,0.3950712993414002,0.01614434947768281,0.3518607391591661,0.3789269498637174,0.444685443317907,0.4318380569923215
11460159000105,611438.2,7,7,0.2550169519326559,0.14285714285714285,0.3145043930850248,0.9115887754477886,3.921307946085392,0.13085311058809854,0.0,0.11215980907551304,0.13085311058809854,0.39892964108607065,0.7275484701793211
11460487000101,18813.739999999998,12,9,0.1940941951560221,0.125,0.2845260963529846,0.8332686642847196,5.15213759585212,0.09335596955052489,0.015625000000000007,0.06909419515602211,0.07773096955052489,0.9947258657813356,0.858699823467967
11463194000188,2020450.83,16,13,0.20337566333401982,0.09375,0.2791456201881438,0.8531511949736486,4.917009162289106,0.13699030194518813,0.01822916666666666,0.10962566333401982,0.11876113527852147,0.5995364600247188,0.8841353388031716
11470270000182,2263835.98,118,58,0.1009878011127728,0.03677104280379202,0.20867236150209081,0.5623728977043646,9.902186095559234,0.08521565727264602,0.019872289168770832,0.06421675830898077,0.06534336810387519,0.5511875788971474,0.7469547035238572
11478938000138,2136346.7,6,6,0.3740996371037755,0.16666666666666669,0.4289191450058176,0.9535624531355327,2.6730846566488364,0.24891956452453057,3.3306690738754695e-17,0.2074329704371088,0.24891956452453054,0.8858416176713041,0.9206675842563325
11479852000120,5698521.04,24,19,0.20531677736191026,0.0625,0.41414254390469,0.6683028865328187,4.870522579055037,0.16116770943757194,0.01041666666666667,0.14281677736191026,0.15075104277090529,0.48296234796118126,0.8964647832919175
11481782000144,299306.34,250,110,0.048236286066258745,0.01679999999999999,0.15620414188352977,0.34425182907919694,20.73128098266876,0.039504508874206076,0.007779816513761456,0.031436286066258756,0.03172469236044462,0.946614334390283,0.8121646118788456
11483837000155,11430914.59,42,34,0.36814469317730364,0.034013605442176874,0.589270433871731,0.8021367221150763,2.7163232786799565,0.34899756266752496,0.004741290455576174,0.3341310877351268,0.34425627221194877,0.6972334440951811,0.9328830413381453
11485410000196,6608998.683400001,497,173,0.16138094219283283,0.013890182139112337,0.24164023576086163,0.7483433280782004,6.196518538137593,0.15650524999627954,0.00815698552364206,0.1474907600537205,0.1483482644726375,0.6963161932334628,0.9564346644584358
11491075000139,1832230.1914000001,465,126,0.05516981964411165,0.028262226847034343,0.13098790813866948,0.379985420646311,18.12585225854969,0.04761117820126454,0.02048832466181062,0.026907592797077304,0.027122853539453918,0.7966268533773857,0.8755263749850155
11497013000134,69880754.76300001,29,21,0.2964348913806883,0.060642092746730075,0.413942521486844,0.9320265775733292,3.3734220534646098,0.2612566359497227,0.013674197384066583,0.23579279863395822,0.24758243856565612,0.40141955350954506,0.9883938957314866
11500340000106,742000.0,7,4,0.38352671079111594,0.38775510204081637,0.5390835579514824,0.9999999999999999,2.6073803254465897,0.1780356143881546,0.18367346938775517,-0.004228391249700425,-0.005637854999600567,0.720746670562827,0.8740488054972919
11503081000169,8447485.4,26,22,0.07310259109655998,0.053254437869822494,0.13495140222438265,0.4285074372546414,13.679405681792003,0.02896461924401521,0.008171315863623563,0.019848153226737483,0.020793303380391648,0.6244599636296669,0.9056542675893962
11505079000129,159137.87,23,21,0.14462105900470823,0.05103969754253306,0.26392020956419737,0.6736762280405035,6.914622302464569,0.10185211195494365,0.003591682419659718,0.09358136146217516,0.09826042953528392,0.40820406212095883,0.3943850702215652
11508942000100,30382690.049999997,146,74,0.029489470255331253,0.022424469881778937,0.07390217674290496,0.2296816291946473,33.91040908302566,0.016194805464308393,0.009033024263721113,0.007065000373552316,0.00716178120058728,0.4443958283329113,0.8969506492562771
11511812000118,163911.83000000002,9,9,0.35823906640798053,0.1111111111111111,0.4324520078874111,0.993558427112918,2.7914320178055347,0.2780189497089781,0.0,0.24712795529686943,0.2780189497089781,0.7635381419742048,0.7942203586811911
11513839000140,419215.58,8,8,0.3092723156527725,0.125,0.470779258728886,0.8993490652231961,3.2333964257011742,0.21059693217459716,0.0,0.18427231565277252,0.21059693217459716,0.6240767033705374,0.7751070746929563
11520158000109,2292888.9668,213,84,0.743826521702715,0.03418633868941348,0.8617948922130947,0.9068791817259312,1.344399494805416,0.7407400942533502,0.022550029516996774,0.7096401830133016,0.7181900647363534,0.4744162804178225,0.9520316130542429
11520287000105,4692092.0,28,26,0.07819323091328272,0.04081632653061225,0.1381047089443259,0.4817041098085886,12.788830801850517,0.04132096014981402,0.0024489795918367363,0.03737690438267047,0.03887198055797728,0.4366858267356095,0.8300516293610161
11534361000134,417658.74,8,7,0.23781834584901565,0.15625,0.29030878175804486,0.9504715261076544,4.204890066113203,0.11078807015718492,0.015625000000000007,0.08156834584901565,0.09516307015718492,0.6334995628206244,0.7287453508572217
11552935000105,235526.64999999997,25,20,0.46856317598020225,0.05919999999999999,0.6404732543005218,0.9313531186385913,2.1341839292173743,0.44059281682126555,0.009684210526315774,0.4093631759802023,0.43090860629494976,0.8488246225456131,0.8582215076818175
11553540000119,1179187.4000000001,284,126,0.10989995589356873,0.020085300535607992,0.20323487174303254,0.5993012815435443,9.099184725501052,0.10277915554071727,0.012245982939892857,0.08981465535796074,0.09053317260082441,0.6845102802017115,0.8396487857952408
11588933000168,458081.5,8,7,0.23229299489455293,0.15625,0.3706763971040088,0.8396933733407702,4.304908120255369,0.10434182737697842,0.015625000000000007,0.07604299489455293,0.08871682737697842,0.5947285759685428,0.7151290892060784
11598317000198,1514715.81,40,35,0.17595778683547877,0.03250000000000001,0.347867234580459,0.6639166194482383,5.6831812787859395,0.15172125115416932,0.004044117647058833,0.14345778683547877,0.14767713350711048,0.5778636028349367,0.787191423196544
11607006000148,1101828.3092000003,49,38,0.2147518811159833,0.033735943356934604,0.35526946143198623,0.792709665114856,4.6565366263773,0.19352895898398287,0.007620698582797703,0.1810159377590487,0.18590826040118516,0.7136100611082904,0.8661717939087675
11607258000177,614275.7,17,13,0.1294181158532705,0.09342560553633218,0.20511962299664468,0.6580460532624033,7.7268935141488475,0.056869625507709715,0.017877739331026526,0.03599251031693833,0.038991886176683185,0.6588959193233986,0.6888478450121728
11627479000107,4186535.0999999996,13,11,0.6483706036584537,0.1124260355029586,0.7997159273787051,0.9308506215557586,1.5423277896275143,0.613207664024299,0.023668639053254458,0.5359445681554951,0.5895390249710446,0.41237706751691594,0.9263120096380214
11632895000101,57427.306399999994,23,21,0.12431095731041955,0.05103969754253306,0.23886894336384892,0.5781734697554959,8.04434316681255,0.08052650517594054,0.003591682419659718,0.07327125976788648,0.07693482275628082,0.9989926965998241,0.9762504904304414
11633598000172,171696.14,5,5,0.26217411071203195,0.20000000000000004,0.3579929053734114,0.9534258603600523,3.8142591474197265,0.07771763839003992,3.469446951953614e-17,0.06217411071203191,0.0777176383900399,0.9511975580843326,0.6988343749667393
11639339000159,120955.73,53,41,0.08142657815644011,0.029547881808472762,0.17074015426966543,0.5054153284015565,12.281002378348242,0.058462242610351114,0.005286578853684581,0.05187869634796735,0.05317566375666653,0.7084659097283326,0.44246283343059645
11642164000139,2431188.05,6,6,0.8376057177617595,0.16666666666666669,0.9134422983034982,0.9928468963970105,1.1938791471865648,0.8051268613141114,3.3306690738754695e-17,0.6709390510950928,0.8051268613141114,0.4273756529977702,0.9417777049566111
11643598000153,556675.41,57,32,0.40211224267145695,0.05940289319790705,0.5532847229591118,0.9431663058370048,2.4868678291325814,0.3828255408221491,0.029061051043000826,0.3427093494735499,0.35376448977914826,0.7757107218398926,0.8862910059141605
11679183000130,195255.1,7,7,0.6516827365332956,0.14285714285714285,0.7938332980803062,0.9741925819095122,1.5344890142703793,0.5936298592888448,0.0,0.5088255936761528,0.5936298592888448,0.42448485563317,0.699075345073592
11682696000108,1091885.1,8,8,0.5514421594809341,0.125,0.73267782480043,0.923430496487222,1.8134268169508259,0.4873624679782104,0.0,0.4264421594809341,0.4873624679782104,0.8451040863498699,0.9002577436563569
11688879000122,15799170.0,290,143,0.04736215623787984,0.010963139120095123,0.16072648056828304,0.34347025761479877,21.1139035768859,0.04065343902828745,0.003998090804039455,0.03639901711778472,0.03665534822424799,0.5515922064108683,0.7995885819847225
11692044000146,1880784.97,89,30,0.12862093873946964,0.08824643353111984,0.2798171233790751,0.5886438788374623,7.77478387112045,0.09857338490289963,0.056806655377020523,0.0403745052083498,0.04176672952587911,0.5025734961404154,0.7868689274399953
11694100000181,208832.62,11,5,0.5809949338273656,0.256198347107438,0.7182785907680515,0.9969912746389908,1.7211854041693517,0.4762436672842069,0.07024793388429748,0.32479658671992756,0.40599573339990946,0.9509740279251143,0.8621071453361957
11696615000110,410576.60000000003,14,13,0.2093558932844887,0.0816326530612245,0.3711853037898409,0.7720902506377616,4.776555292098341,0.1434688843915294,0.005102040816326534,0.1277232402232642,0.13836684357520287,0.4448144957183661,0.6471473374161122
11701924000131,7457026.290000001,13,11,0.4145724916525568,0.10059171597633138,0.6217474258093302,0.8783519522766762,2.4121233804342137,0.35602974081781247,0.01065088757396451,0.3139807756762254,0.345378853243848,0.692423429912991,0.9432486899109921
11701954000148,387850.4,11,10,0.19475030844819163,0.10743801652892562,0.24751811523205852,0.8650242464620378,5.134780057439675,0.1052781204979907,0.008264462809917352,0.08731229191926601,0.09701365768807334,0.6763581409719372,0.7356804996191619
11712986000149,9594.84,28,23,0.11613880811123853,0.05102040816326531,0.2553455815834344,0.5738709556386558,8.610386280546235,0.07596329938902209,0.007884972170686459,0.06511839994797322,0.06807832721833564,0.997291752437506,0.8557460794364218
11715955000141,2329376.36,7,7,0.26668211584357127,0.14285714285714285,0.4017933795807905,0.9263970378749788,3.749782758535536,0.14446246848416647,0.0,0.12382497298642842,0.14446246848416647,0.6345114657500552,0.8956909762124351
11718406000120,88873146.17000002,17,15,0.36115783059485707,0.07266435986159168,0.5222711079814133,0.944201131683645,2.7688725407197086,0.3155262470659183,0.0064260998517053775,0.28849347073326537,0.3091001472142129,0.536507917316206,0.9933512014140174
11722278000199,2504490.3699999996,30,30,0.05874618207137829,0.03333333333333333,0.11606988930047273,0.3334394294356979,17.02238281263915,0.02628915386694306,0.0,0.02541284873804496,0.02628915386694306,0.39975874834472197,0.7108968514724726
11730430000185,313659.10000000003,6,5,0.47652793312780545,0.22222222222222227,0.6427360149920727,0.9882343601700063,2.098512868776149,0.3456599164097568,0.027777777777777818,0.2543057109055832,0.317882138631979,0.43172043761579015,0.7398696268891184
11732185000145,281606.2605,169,28,0.0846395708990469,0.053394488988480794,0.1373076718228713,0.49614869623965624,11.81480469924335,0.05073733278419679,0.018335025617683787,0.03124508191056611,0.032402307166513,0.9982680186705155,0.9583452493954375
11738894000138,90812.19999999998,51,32,0.1926000829170345,0.044982698961937725,0.3747431512506029,0.6829836739997489,5.192105760571067,0.16655492430145497,0.01417568925103249,0.14761738395509677,0.15237923505042247,0.9945319861747606,0.8318237619983655
11750074000161,4727138.36,34,32,0.09129666977889837,0.032871972318339104,0.26333056179045283,0.38954150688324674,10.953302047290366,0.06198365912660477,0.0016742940060274626,0.05842469746055927,0.06030936512057731,0.6255364539851687,0.8158261697369241
11772824000104,664313.8200000001,13,12,0.20729076958219642,0.08875739644970415,0.32399145331644613,0.7640183671024638,4.824141480180442,0.13522629408966882,0.005917159763313625,0.11853337313249226,0.1293091343263552,0.526255607332623,0.7303572849396855
11800731000138,11501589.0,14,12,0.16626377594898242,0.09183673469387757,0.23733421877620564,0.7699562103984067,6.014539212118262,0.09046957376252629,0.009276437847866446,0.07442704125510485,0.08119313591465985,0.7019929933261697,0.9545328786372662
11809185000104,16826552.17,25,25,0.1950286167193635,0.04,0.38547929691528715,0.7141074296505747,5.127452662185213,0.16148814241600365,0.0,0.1550286167193635,0.16148814241600365,0.8651936251235668,0.965157171589099
11810130000106,679346.12,27,22,0.1701319680354626,0.05075445816186556,0.3401537054484097,0.6850507072889443,5.8777901152096135,0.13061444270381795,0.005552289502906774,0.11937750987359705,0.12506215320091119,0.8503393299886943,0.7174796941311775
11816419000132,8068261.18,11,11,0.24916060719085253,0.09090909090909091,0.43013112399021275,0.8361709926698233,4.01347552999828,0.17407666790993778,0.0,0.15825151628176162,0.17407666790993778,0.39892964108607065,0.9363349323757513
11822633000100,6722673.3793,16,12,0.23972800321648557,0.109375,0.2781980611699358,0.9347633812836427,4.171394190844502,0.17061236714525702,0.028409090909090915,0.13035300321648557,0.1422032762361661,0.7639997650270342,0.9682692246521949
11839890000146,1533378.17,20,16,0.1964474302466613,0.07,0.3132603615975568,0.7862642259997741,5.090420367140411,0.14287725892977207,0.008000000000000007,0.1264474302466613,0.13487725892977206,0.6236098759646801,0.8205456544257947
11840546000177,182395029.825,1061,235,0.018588530810408264,0.019568791912027938,0.019189149635042695,0.07675659854017078,53.796613094353354,0.014394464702760438,0.015378914954387032,-0.0009802611016196741,-0.0009844502516265941,0.4134342188029199,0.9771698251042529
11850969000178,8187088.06,71,59,0.12266681666103846,0.019638960523705607,0.21140969015056618,0.6293517270412747,8.15216394473878,0.10754038246553912,0.002736183981010876,0.10302785613733285,0.10480419848452825,0.5621301361653526,0.9024788219159384
11867889000125,9128094.55,29,22,0.23474133594979466,0.05588585017835909,0.42579609563750626,0.7816797909920861,4.260008131733029,0.19830044718549916,0.010928033520185714,0.17885548577143556,0.18737241366531346,0.623973689419361,0.9448700947958283
11873495000180,98055.331,112,51,0.05743030023640741,0.04097576530612245,0.11076297320336412,0.37290395766447415,17.41241114679145,0.03857890624113556,0.0217952806122449,0.01645453493028496,0.016783625628890658,0.9832506813100541,0.870964806668966
11877880000103,2024908.55,24,24,0.11095390888665087,0.041666666666666664,0.16515017431281032,0.6231530801724354,9.012751421147204,0.07229973101215742,0.0,0.0692872422199842,0.07229973101215742,0.6885999654035377,0.8323965524323079
11888327000168,1087622.108,651,153,0.03443225865470699,0.02149357835399162,0.09117909912879409,0.25496948835468136,29.042532760577327,0.028079839303751113,0.015056036106320511,0.01293868030071537,0.013023803197430602,0.9913982674980591,0.9324826057073924
11891451000182,2136497.26,5,4,0.9081246749300665,0.28,0.9524936156482599,1.0,1.1011703872896181,0.8774995665734221,0.040000000000000036,0.6281246749300665,0.8374995665734221,0.4187938187707926,0.950221322640891
11892520000172,391474.15,153,88,0.04063065063050228,0.018326284762270918,0.1350382905231418,0.30620923501590075,24.611961277560223,0.029603416729703454,0.00704267883999817,0.02230436586823136,0.022560737889705286,0.6422697512274791,0.5135359513535491
11902878000139,6198146.4,6,6,0.881075404120229,0.16666666666666669,0.9380459938797187,0.9874155925068179,1.1349766380080937,0.8572904849442748,3.3306690738754695e-17,0.7144087374535624,0.8572904849442748,0.40460612518485123,0.9708541418396488
11924138000101,32033517.909999996,1273,326,0.017933926537421412,0.011399364034830602,0.09365190574537181,0.1650142583418806,55.76023733081393,0.01491218477292117,0.008357515924168543,0.00653456250259081,0.006554668848752627,0.5662564189326359,0.8570530654591326
11926843000130,1359809.5899999999,23,22,0.09730165806401363,0.04725897920604913,0.13237147415617212,0.5294858966246885,10.277317158789952,0.054316022733728556,0.001890359168241943,0.0500426788579645,0.05242566356548661,0.4137905908909454,0.6924462353992483
11934211000118,8468702.780000001,83,49,0.10577635654542632,0.04543475105240239,0.21539890552163174,0.5962905419146143,9.453908535510426,0.08714669730678937,0.025547975032660777,0.06034160549302393,0.06159872227412859,0.4817775932450427,0.8894294397413881
11960753000165,487968.3143999999,184,40,0.19420625964418894,0.04276937618147448,0.4098626777558653,0.6235631925694558,5.149164614117638,0.17354488168634766,0.018225001211768694,0.15143688346271447,0.15531988047457895,0.9500124476432675,0.9379455060579255
11996804000109,7188849.49,6,4,0.4645675027262639,0.2777777777777778,0.6261986978948422,1.0,2.152539715179406,0.2860900036350185,0.037037037037037056,0.1867897249484861,0.24905296659798146,0.4484440018411619,0.9718961427381301
12008540000109,240308.6,6,6,0.26698909982901514,0.16666666666666669,0.3786797476245128,0.9138607607051933,3.74547125946497,0.12038691979481818,3.3306690738754695e-17,0.10032243316234846,0.12038691979481815,0.8840998113531844,0.7367053771134933
12053489000149,57896759.95,132,119,0.05562748609061283,0.009067952249770427,0.14275520784129822,0.4037763030295446,17.976724642402107,0.047624329193075646,0.0006702230315481431,0.046559533840842396,0.0469541061615275,0.44318167765908845,0.9342245870652469
12063587000167,852295.35,25,25,0.29174305641196446,0.04,0.5186934318015463,0.7346580619030715,3.42767369444406,0.2622323504291297,0.0,0.2517430564119645,0.2622323504291297,0.7565056409833971,0.7518177131297294
12092636000190,20914550.909999996,19,16,0.2552684470975089,0.07479224376731301,0.417004013977176,0.8975614929902409,3.917444601439575,0.20561967690400948,0.01311172668513388,0.18047620333019587,0.1925079502188756,0.40833554114489257,0.9742647848971117
12094507000130,3660877.5788000003,187,78,0.29522195347624436,0.0325717063684978,0.4916853817848841,0.8777044085296197,3.387281969463924,0.28606899183307866,0.020007702555101668,0.26265024710774654,0.266061289277977,0.6889073530820435,0.9657878179803244
12105376000140,3878337.67,37,29,0.20540164451482565,0.04309715120525933,0.3802469319284414,0.7438522881376649,4.8685101931003345,0.17702313181892657,0.008922049462590021,0.1623044933095663,0.16810108235633656,0.6021025766028928,0.9046534773647166
12115907000185,340264.12,182,71,0.22026206019512232,0.029344282091534828,0.4433277302349716,0.6601592903771341,4.540046520558899,0.20912294676933835,0.01547777183569961,0.19091777810358748,0.19364517493363873,0.9911118204937622,0.8753307264083241
12116187000172,19372162.1,6,5,0.856094368359855,0.22222222222222227,0.9242288964740801,0.9920165854899593,1.1680955242304023,0.8201179604498188,0.027777777777777818,0.6338721461376327,0.792340182672041,0.41549906337006864,0.988653121360791
12139961000160,798049.2157000001,761,143,0.06470386955378844,0.028348134500389383,0.1890215754020695,0.40853868569248936,15.455026212438472,0.05811727708585738,0.021505515729265366,0.03635573505339906,0.03661176135659201,0.9954148352528649,0.9449492101272637
12157728000100,10953962.440000001,7,7,0.38291847962266334,0.14285714285714285,0.5421815340823827,0.9356422806941812,2.611521911884281,0.28007155955977386,0.0,0.2400613367655205,0.28007155955977386,0.5770614984505449,0.973590207439144
12219015000124,19502756.71,64,33,0.2886324198070959,0.05029296875,0.40249271201619785,0.8707016019583008,3.46461426844683,0.26640218292606765,0.0206146240234375,0.23833945105709592,0.24578755890263015,0.437732702511279,0.9680188734069506
12251090000172,396611.76,32,28,0.08960321881411368,0.0390625,0.19162316316591319,0.5118355542457944,11.160313359663448,0.0558848195109327,0.003472222222222224,0.05054071881411368,0.05241259728871048,0.6849369334561826,0.632903162655727
12251189000174,1374315.19,14,13,0.2801843085570153,0.0816326530612245,0.3875595670306169,0.9035694715707829,3.5690792434099063,0.22019966760343324,0.005102040816326534,0.19855165549579082,0.2150976267871067,0.8867186954602074,0.8993544078458511
12259049000142,1741398.5,6,6,0.4107177489364724,0.16666666666666669,0.4920757655413164,0.956913078769736,2.4347620783115334,0.29286129872376687,3.3306690738754695e-17,0.2440510822698057,0.2928612987237668,0.6553806752756077,0.9178634915327796
12273240000149,251993.28000000003,92,48,0.3279372040742318,0.04017013232514178,0.5617677185677332,0.7103011239029866,3.0493642916271253,0.31363799565027933,0.01974822024695331,0.28776707174909005,0.293889775403326,0.9835177176006747,0.9220697294208582
12282048000119,9475916.38,9,9,0.24389511566796732,0.1111111111111111,0.3572579014252551,0.9172058966607303,4.10012310931792,0.14938200512646324,0.0,0.1327840045568562,0.14938200512646324,0.6400097355781132,0.9635253951280331
12292556000188,100606534.55000001,8,8,0.1708384755551037,0.125,0.20590072575956747,0.7845522936760373,5.853482342023424,0.052386829205832805,0.0,0.0458384755551037,0.052386829205832805,0.4741911925832138,0.9952133729246759
12298037000127,2201203.91,121,51,0.28303344032944844,0.07656580834642444,0.5031246741697819,0.7741672601335693,3.533151414320544,0.2686941091360374,0.05809712451335294,0.20646763198302398,0.21059698462268447,0.4870995024796201,0.7972771232637197
12306202000145,855473.5,12,12,0.29685027581198914,0.08333333333333334,0.45354999307401106,0.9342194702699733,3.368701603071282,0.2329275736130791,1.5139404881252137e-17,0.2135169424786558,0.23292757361307906,0.4384439550601154,0.7888324576856667
12321353000172,7960725.000000001,23,21,0.13464696839393506,0.05103969754253306,0.2699502871911792,0.6345313322593106,7.426828928478447,0.09137931681363182,0.003591682419659718,0.08360727085140199,0.0877876343939721,0.5335478814073747,0.9036378440521079
12334083000134,1364920.6192,516,138,0.12210934864938909,0.02330839492818942,0.3039004570413189,0.5103019312641357,8.189381165821189,0.1157013876906255,0.01617925912474555,0.09880095372119967,0.09952212856587996,0.989559376730335,0.9481074839492152
12342968000185,926246.8,8,8,0.22734576854461372,0.125,0.3912564124378081,0.8271428306149075,4.398586375289245,0.11696659262241568,0.0,0.10234576854461372,0.11696659262241568,0.3989296410860706,0.7584806333454625
12366625000150,623110.77,12,12,0.1318415749594849,0.08333333333333334,0.1827925394388545,0.6429996387319705,7.5848608476294475,0.05291808177398353,1.5139404881252137e-17,0.048508241626151555,0.052918081773983515,0.6163375162399325,0.6717020947057711
12403446000146,77279.72999999998,34,23,0.19605507651186152,0.06055363321799308,0.38820011405319355,0.7001577257063399,5.100607532289525,0.15951212544421886,0.017851525636992764,0.13550144329386843,0.1416605998072261,0.9889581506826932,0.8858206819825497
12433830000191,2905404.4800000004,8,8,0.17151135350343322,0.125,0.18393550491117847,0.7357420196447139,5.8305178028927545,0.053155832575352245,0.0,0.04651135350343322,0.053155832575352245,0.39892964108607054,0.8803174861767469
12448797000173,578548.0,8,7,0.2649881470399882,0.15625,0.39365445909414604,0.8725257022753514,3.7737536986856037,0.14248617154665288,0.015625000000000007,0.10873814703998819,0.12686117154665288,0.5764964656403947,0.7279240655481624
12457020000175,3596598.73,10,10,0.3228488478475376,0.10000000000000003,0.4990825957390026,0.9022715831298757,3.0974247133514345,0.2476098309417084,3.0839528461809905e-17,0.22284884784753756,0.24760983094170838,0.5111385405091701,0.9208110918854471
12462982000112,683216.73,14,8,0.18583541174257495,0.16326530612244897,0.32225343779271914,0.7490254666334063,5.3811057355700935,0.0695261848486571,0.04373177842565596,0.022570105620125985,0.025794406423001133,0.3989296410860706,0.6949298270596722
12488175000179,3764452.641,640,144,0.2596706469819761,0.0233447265625,0.4762976642266118,0.738501495840707,3.8510321117250137,0.25449351863919273,0.016514969405594406,0.23632592041947612,0.23797854923359832,0.6946106454906035,0.9517870979835613
12489912000158,615488.73,12,11,0.21837631984261524,0.09722222222222224,0.4242979396227125,0.6631921595055039,4.579251086934263,0.14021395182687676,0.006944444444444459,0.121154097620393,0.13326950738243232,0.673972646765812,0.7189249146938347
12560864000147,283097.2,8,3,0.47048555314667806,0.40625,0.6354608947033034,1.0,2.1254637752675927,0.2057283297200171,0.10937500000000001,0.06423555314667806,0.09635332972001708,0.9476961175074456,0.9764318681488234
12570642000105,1282974.2599999998,42,39,0.14480410337965857,0.02834467120181405,0.3030458303972521,0.6519421519805082,6.905881647415217,0.12229894820543907,0.0027747941281775785,0.11645943217784452,0.1195241540772615,0.6731921431509176,0.7767957036735609
12592033000157,2170339.86,14,12,0.2083532501803194,0.09183673469387757,0.38565388556242064,0.7353635388698986,4.79954115971097,0.1363853638330757,0.009276437847866446,0.11651651548644182,0.12710892598520926,0.6101332272579781,0.8489766021385445
12640342000155,953078.6499999999,13,13,0.1453440011447029,0.07692307692307694,0.22474535548561494,0.6939653511281572,6.880228919832825,0.07412266790676146,1.5034270125132327e-17,0.06842092422162595,0.07412266790676145,0.40919997110330925,0.7124634500440631
12652188000131,149795.0,7,7,0.17456296049163647,0.14285714285714285,0.2643612937681498,0.7437497913815547,5.728592120479712,0.03699012057357589,0.0,0.03170581763449362,0.03699012057357589,0.48029521296984473,0.4703843538461337
12652881000104,435034.3,9,9,0.14078162615941658,0.1111111111111111,0.22162459373893048,0.6365196951136957,7.10319966660729,0.033379329429343664,0.0,0.02967051504830548,0.033379329429343664,0.7429284949446937,0.6246609049262452
12710978000126,70923349.64,203,145,0.15307428654339947,0.009051420806134582,0.35249322158213847,0.619527880916934,6.532775834408223,0.14719285797772866,0.0021698334506216276,0.1440228657372649,0.14502302452710703,0.7812180309129435,0.9543728068427091
12769172000103,652265.6000000001,14,14,0.15762241837881996,0.07142857142857142,0.24529884758601406,0.7159660113916786,6.34427520073104,0.09282414286949842,0.0,0.08619384695024854,0.09282414286949842,0.5423799854058374,0.6953138921454066
12770455000175,6619899.98,18,18,0.4025791063341105,0.05555555555555555,0.5982588909145421,0.9148521938846573,2.4839838537722696,0.3674367008243523,0.0,0.34702355077855496,0.3674367008243523,0.9199129870645787,0.9606177794601203
12816116000182,214179.03,84,54,0.09030485541282736,0.026360544217687062,0.2117034987038647,0.5302224498822318,11.073601695374123,0.07314079608099391,0.00798998844820946,0.0639443111951403,0.06515080763278445,0.9904666779824568,0.7749262385251686
12877385000159,1005498.22,41,35,0.1627355243846128,0.0362879238548483,0.35600739303148643,0.6102097326437833,6.144939795914366,0.13811009863121906,0.007943451027049724,0.1264476005297645,0.13016664760416935,0.4343487652857347,0.6615537995515702
12984850000150,298272.85,5,5,0.34042434291090107,0.20000000000000004,0.40230949615427625,0.9956415744845701,2.9375102598398173,0.1755304286386263,3.469446951953614e-17,0.14042434291090103,0.17553042863862628,0.6527839306694134,0.7344052289564179
12998458000160,3452182.92,10,10,0.3226462754669766,0.10000000000000003,0.527202654719119,0.865884302561812,3.0993694210561302,0.24738475051886288,3.0839528461809905e-17,0.22264627546697657,0.24738475051886286,0.4229504107157235,0.9026802165764073
13018648000137,1035023.7999999999,9,7,0.2318191516749161,0.18518518518518517,0.38208783218318265,0.8491226965022446,4.313707442956727,0.10378901028740212,0.049382716049382706,0.04663396648973092,0.05440629423801941,0.772781470721578,0.8160035311006676
13019421000106,203328.21,77,52,0.5499558817706721,0.03356383875864395,0.7377235062463787,0.8545773850072256,1.8183276752679467,0.5411314872955872,0.014614110106852657,0.5163920430120281,0.5265173771887346,0.9952307595639046,0.9574669465882499
13019629000125,3190.09,8,7,0.27919675485322176,0.15625,0.42945496835512476,0.8865267124125024,3.5817035213239357,0.15906288066209207,0.015625000000000007,0.12294675485322176,0.14343788066209207,0.9314815337830455,0.5337910707629968
13034603000156,144293.44,5,5,0.2349335244358846,0.20000000000000004,0.29938990989472564,0.9099058141520502,4.256523211836924,0.04366690554485575,3.469446951953614e-17,0.03493352443588457,0.043666905544855715,0.4882137887687297,0.518008490719818
13072654000172,15004.8,7,4,0.26540041628990524,0.30612244897959184,0.33522606099381536,1.0,3.7678916031076173,0.020533888386540317,0.07482993197278913,-0.040722032689686605,-0.054296043586248816,0.8616943794005297,0.3919703217760451
13102858000109,2066219.83,10,10,0.14282323219599521,0.10000000000000003,0.183910731318458,0.6696450251375237,7.001662016916882,0.047581369106661345,3.0839528461809905e-17,0.04282323219599518,0.04758136910666132,0.739896711592982,0.8726521169051691
13128780003389,97623863.2,10,9,0.5558255181911674,0.12000000000000002,0.7127600883551185,0.9974223054512351,1.7991257458893166,0.5003037079650634,0.010000000000000033,0.43582551819116744,0.4903037079650634,0.4002435448174315,0.9973287575238843
13128780003974,2532887.82,56,6,0.30717859702453604,0.29209183673469385,0.48855483066755,0.920809757772849,3.2554351432242674,0.16861431642944325,0.15051020408163263,0.015086760289842183,0.01810411234781062,0.6507648981293025,0.907614774280083
13128780004431,9533607.299999999,7,7,0.712826187956022,0.14285714285714285,0.8391367032707545,0.9801033738824126,1.4028665288903432,0.6649638859486924,0.0,0.5699690450988792,0.6649638859486924,0.9152328109553324,0.9800723814990825
13128780004512,72755.6,15,4,0.48709915034482243,0.6533333333333335,0.5056188114729312,0.9999999999999999,2.052970117669246,0.31613220045976326,0.537777777777778,-0.16623418298851111,-0.22164557731801476,0.6956261271799518,0.6971697966098137
13128780009581,1755399.0899999999,10,6,0.49712346065649027,0.24000000000000007,0.6773905186426865,0.9689937232450085,2.01157273623623,0.3965481527877883,0.08800000000000009,0.25712346065649017,0.30854815278778824,0.8109046818781547,0.9162437294214956
13128780009905,695570.06,37,33,0.05187098996129785,0.04163623082542002,0.0995401670968989,0.35832071322908865,19.278598707025317,0.02224195839758841,0.011687363038714395,0.010234759135877833,0.010554595358874014,0.5110802009430395,0.5220108897522582
13128814001049,14656985.25,9,9,0.7264073924493722,0.1111111111111111,0.8495522638258778,0.9601198854996459,1.3766379725681221,0.6922083165055439,0.0,0.6152962813382612,0.6922083165055439,0.43597662006751847,0.9809122101682707
13133909000160,7970784.87,70,62,0.08556819390923812,0.0183673469387755,0.1542860257875709,0.5325473951726412,11.686585334040082,0.07057750856348792,0.0022750083640013298,0.06720084697046261,0.0683025001994866,0.694107757794836,0.8996713452734653
13153852000160,1186833.8699999999,17,14,0.11334946798798473,0.07958477508650517,0.16673774232614375,0.576772889031217,8.822273432337608,0.04514558091013741,0.008783603939313269,0.03376469290147956,0.03636197697082414,0.5878760203693462,0.7546973901415139
13170158000151,4164462.525,371,98,0.56334591851044,0.02613320158964262,0.7385170310783383,0.9380083279774502,1.775108272097063,0.5588443300414755,0.01609333768850492,0.5372127169207974,0.5427509923529705,0.817383916840968,0.956244496761314
13182493000170,505259.0,9,9,0.3838718655550665,0.1111111111111111,0.5937548861079169,0.8652987873546043,2.6050359240420806,0.3068558487494499,0.0,0.2727607544439554,0.3068558487494499,0.6852382851631118,0.7560434369711512
13183513000127,13053846.94,24,21,0.25298507843727214,0.05555555555555556,0.401638614586054,0.8486222621513286,3.952802300345753,0.21563433235913576,0.00833333333333334,0.19742952288171658,0.20730099902580243,0.4440950634757862,0.9536973583866368
13240198000122,95391.44,9,8,0.3678067297519032,0.13580246913580246,0.5660885295368222,0.9022291727643487,2.7188192034292857,0.2774934054307465,0.01234567901234567,0.23200426061610074,0.26514772641840084,0.42830088454801435,0.4614761961000299
13244984000106,1031798.0,6,6,0.5859200766384889,0.16666666666666669,0.7545740542237919,0.9611261118939947,1.7067174173944502,0.5031040919661867,3.3306690738754695e-17,0.4192534099718222,0.5031040919661867,0.7651026074941004,0.8682665605983888
13286669000133,7767.6,9,5,0.3599352012813736,0.3580246913580247,0.47172871929553534,0.9749047324785005,2.7782778579032787,0.19991900160171694,0.19753086419753088,0.0019105099233488465,0.002388137404186058,0.7839836542445255,0.5880157272300367
13358623000182,220095.0,12,12,0.11367181197048618,0.08333333333333334,0.13998500647447693,0.5466321361230377,8.797255737065585,0.03309652214962129,1.5139404881252137e-17,0.030338478637152833,0.03309652214962128,0.7334200189645028,0.5781960902935127
13366927000191,61732001.82,5,5,0.8259926874802125,0.20000000000000004,0.906580028996701,0.9992224454321121,1.2106644709538739,0.7824908593502655,3.469446951953614e-17,0.6259926874802124,0.7824908593502655,0.828082314418799,0.9966178517003191
13417917000138,168862.015,87,25,0.09365522101468483,0.08336636279561369,0.18229973152931994,0.5239220436875635,10.677461322131771,0.055890855223630034,0.045173294578764255,0.010288858219071148,0.01071756064486578,0.9941361029820985,0.9165539312459073
13449811000116,156352.74,12,12,0.1846585809115609,0.08333333333333334,0.3204293061957213,0.7619487192869151,5.415399571812658,0.1105366337217028,1.5139404881252137e-17,0.10132524757822756,0.11053663372170279,0.6621764558562149,0.5583256107873232
13468241000101,98239.7,7,7,0.2230662156483569,0.14285714285714285,0.32064430164180063,0.8616648870059661,4.482973798131792,0.09357725158974974,0.0,0.08020907279121406,0.09357725158974974,0.463431960023601,0.42001422054170434
13469368000145,291084.5,16,11,0.15474120642845687,0.125,0.2108339674561854,0.723197215928708,6.462402763173108,0.07021532707130256,0.0375,0.029741206428456873,0.032715327071302557,0.6952369762569287,0.6002770738145374
13497205000176,77464.42999999998,85,52,0.05663749724146424,0.02809688581314879,0.134876097326218,0.39914177384381455,17.65614740596096,0.03814019326580668,0.009039962005563472,0.02854061142831545,0.029100231260243206,0.9935652835010912,0.8141277331213871
13509695000183,31583.79,19,12,0.3138450155318147,0.11357340720221606,0.4598909757188735,0.8871332414507569,3.186286066406013,0.2514672896710706,0.03298917149332662,0.20027160832959864,0.218478118177744,0.9923206429073924,0.8273635884825001
13571334000167,2498275.3400000003,7,7,0.20183878606101857,0.14285714285714285,0.29728020290990026,0.8330832261267087,4.954449139907562,0.06881191707118833,0.0,0.05898164320387572,0.06881191707118833,0.852805256743689,0.9503035526474178
13577818000113,2148744.87,6,6,0.6442688793932463,0.16666666666666669,0.7740737503191805,0.9956297929404713,1.5521469870495235,0.5731226552718955,3.3306690738754695e-17,0.4776022127265796,0.5731226552718955,0.40307141152254955,0.9355107703913701
13617528000156,692019.35,8,8,0.20605996417580857,0.125,0.2890092596399219,0.8456410937064116,4.852956293570975,0.09263995905806695,0.0,0.08105996417580857,0.09263995905806695,0.7357113968431254,0.8500449150052058
13633606000106,211934.51,19,17,0.12743317233673776,0.06371191135734071,0.22648505899298796,0.631798945815856,7.847250301181662,0.07289774560778388,0.005193905817174504,0.06372126097939705,0.06770383979060937,0.563649056718125,0.4909619443591211
13659627000109,1038647.4,6,6,0.21062250633538504,0.16666666666666669,0.2953874433229217,0.7960616856114981,4.74783069197576,0.05274700760246206,3.3306690738754695e-17,0.043955839668718355,0.05274700760246202,0.3989296410860706,0.7846340190251753
13660803000114,35822.99,39,23,0.1431895133628678,0.06245890861275476,0.2956612499403316,0.6670939527940019,6.983751648529046,0.10424358215208906,0.019843404458789064,0.08073060475011305,0.0844001776933,0.9814550647654086,0.7660610957065358
13660914000120,1502860.49,12,11,0.3303307145542052,0.09722222222222224,0.3942481713655271,0.9926144242437301,3.027269206103165,0.26336378600962573,0.006944444444444459,0.23310849233198297,0.25641934156518126,0.4033484995518593,0.8863111626536043
13667230000150,2492402.0100000002,84,44,0.1994774789582377,0.0334467120181406,0.39975284725436405,0.6704346543196696,5.013097243971879,0.18086067614331297,0.010968728576702004,0.1660307669400971,0.16989194756661097,0.5925135878821953,0.8632702201084699
13723290000143,313128.55999999994,43,22,0.14888892034836454,0.11303407247160624,0.3354267333519497,0.5560072195267017,6.716416491302635,0.10835982131733428,0.07079759973215892,0.0358548478767583,0.03756222158517536,0.8123210335922616,0.6954362782902723
13736496000108,108855.0,5,4,0.3809170190380834,0.28,0.5470580129530109,1.0,2.6252436883110803,0.1745560253841112,0.040000000000000036,0.10091701903808337,0.13455602538411116,0.4729138851972149,0.552153284189782
13749592000190,77358.35,12,12,0.12809023522322205,0.08333333333333334,0.23471286551484097,0.6018354838230133,7.806996358912967,0.04882571115260588,1.5139404881252137e-17,0.044756901889888706,0.048825711152605866,0.5811691495404678,0.38016970602884864
13769209000166,377083.0,10,10,0.137785348923094,0.10000000000000003,0.21215488367282534,0.6556911873513258,7.257665693891432,0.04198372102565998,3.0839528461809905e-17,0.03778534892309396,0.041983721025659955,0.5008405296779377,0.601042453364481
13776308000175,3883307.24,13,8,0.36389164513855315,0.17159763313609472,0.4170465790906619,0.994216107917333,2.7480707879930746,0.2730190230154893,0.053254437869822535,0.19229401200245844,0.21976458514566677,0.3989296410860706,0.9432362537856803
13792329000184,56440845.81999999,52,30,0.30714370789911094,0.06952662721893492,0.5173557903991028,0.8279371600671734,3.2558049352209912,0.28325211161976993,0.03744133850234647,0.237617080680176,0.24581077311742347,0.8109405857828309,0.9839374682710442
13806951000102,117321.01000000001,20,16,0.24807184527196793,0.07500000000000001,0.43149986519891026,0.7977650379927688,4.031090262998902,0.19794330162343246,0.013333333333333345,0.17307184527196792,0.18460996829009912,0.9937016827917587,0.8760360818675782
13817576000198,1904685.6400000001,9,9,0.3038609971446031,0.1111111111111111,0.4934032053709398,0.8895794478715132,3.2909784717257224,0.21684362178767846,0.0,0.19274988603349197,0.21684362178767846,0.4721415399161831,0.8847666858321939
13823697000142,3298423.8899999997,38,34,0.3177515685927428,0.03324099722991689,0.5454117996944292,0.7503778387925756,3.1471127095573346,0.29707737370161375,0.003945269873247708,0.28451057136282587,0.293132103828366,0.5147610732175897,0.8786161277839872
13842783000100,115606.1,5,4,0.35047996869493825,0.28,0.44668923179659203,1.0,2.8532301110492604,0.133973291593251,0.040000000000000036,0.07047996869493822,0.09397329159325096,0.7082867760342177,0.6736058214499363
13843029000187,770728.6199999999,16,9,0.5347444739867571,0.1640625,0.7005838189841711,0.9745501600809894,1.8700520503644606,0.4765875332351017,0.05957031250000001,0.37068197398675706,0.4170172207351017,0.8126275157741619,0.8752850496551666
13843252000124,44977.89,51,29,0.1161348001495193,0.054209919261822365,0.26985481088597085,0.559603840909389,8.61068343608063,0.08456818586914498,0.020431702092601735,0.06192488088769693,0.06413648377654324,0.9961075007300956,0.8477525652633535
13844779000173,9291786.32,32,31,0.1300253417551699,0.033203125,0.21752522608591368,0.6366477872254814,7.690808472420257,0.10102618648034221,0.0009765625000000009,0.09682221675516989,0.10004962398034221,0.404211370970474,0.9082135184798322
13864377000130,643522030.8000001,216,104,0.29751571536379523,0.023619684499314127,0.49055257239221156,0.8298436189296038,3.3611669850018626,0.29069547959062814,0.014140263960472516,0.2738960308644811,0.2765552156301556,0.5608011746541314,0.9957426094924179
13872416000141,1500113.47,47,35,0.06432005761360113,0.0330466274332277,0.17332022223625523,0.3860707950312586,15.547249755394185,0.03680005930811881,0.004606822357734397,0.03127343018037343,0.03219323695038442,0.5372793057209604,0.6642833906356543
13884310000168,20931.12,10,7,0.23446457263030226,0.18000000000000005,0.286654512515336,0.9045966006596875,4.265036669641236,0.10687533473535264,0.0433333333333334,0.054464572630302216,0.06354200140201924,0.9539093876173053,0.7035768619554511
13884527000178,1956435.84,5,5,0.4845866370670899,0.20000000000000004,0.6644736174941469,0.9782768240434605,2.0636144777998746,0.3557332963338623,3.469446951953614e-17,0.28458663706708986,0.35573329633386225,0.6986556254685877,0.9194171488484938
13886006000150,1293757.9764999999,482,126,0.04185368799614675,0.02437974552779739,0.0881076693404255,0.2821358020821447,23.8927570753637,0.03418851750011592,0.016574783492019768,0.01747394246834936,0.017613734008096155,0.9964353960538685,0.9558190553159084
13886253000156,307136.08999999997,5,5,0.6416403123923508,0.20000000000000004,0.7814125653549865,0.9889365004288491,1.5585055687531664,0.5520503904904384,3.469446951953614e-17,0.4416403123923507,0.5520503904904384,0.4866634803468832,0.7535795227738813
13917262000167,10823336.209999999,63,42,0.3757585224138714,0.04409171075837741,0.543067069705303,0.9015097369870949,2.6612836179363373,0.3605331205215268,0.020776874435411007,0.331666811655494,0.3397562460861158,0.7688832136359669,0.965090934613061
13927758000111,8883702.01,14,12,0.40296782596750547,0.10204081632653063,0.5831666048870543,0.9323502736445344,2.481587698965917,0.34869217378273326,0.020408163265306145,0.30092700964097485,0.3282840105174271,0.8738814134629188,0.9698445478642056
13953949000158,1409186.9100000001,208,119,0.017659014062358862,0.02362241124260356,0.04683551878863252,0.1625277657454255,56.628303056372424,0.009334090452717835,0.015348024897201896,-0.0059633971802447,-0.006013934444484061,0.4519310436102023,0.40975894377750105
13954199000139,447293.286,151,60,0.1308397486007303,0.029253102934081836,0.2700688871954139,0.5708894096836499,7.6429373389549475,0.11610821891599693,0.012799765695676445,0.10158664566664846,0.10330845322032048,0.8965534991525842,0.8023828805581573
13959466000160,3708938.5700000003,10,8,0.9228188246368456,0.16000000000000003,0.9603837978907265,0.9898563162236467,1.0836363252489212,0.9117929424421093,0.040000000000000036,0.7628188246368456,0.8717929424421093,0.9569385582382852,0.980777054682353
13959501000141,150147.23,10,10,0.17137767861641817,0.10000000000000003,0.24868923655801042,0.7622851250735694,5.835065616907002,0.07930853179602018,3.0839528461809905e-17,0.07137767861641814,0.07930853179602015,0.7793248102687962,0.6754227120308445
14004319000108,673723.902,7,7,0.43343709100424255,0.14285714285714285,0.5937150200736088,0.9849671356917362,2.307139884321095,0.3390099395049496,0.0,0.2905799481470997,0.3390099395049496,0.8208750247555501,0.9184503844177493
14004655000142,9627888.329999998,80,71,0.0232475947114534,0.015625000000000007,0.04678076693064428,0.16356207467562103,43.015202751591744,0.009293988921617018,0.0015625000000000066,0.007622594711453393,0.007731488921617012,0.42243114061412435,0.7832625769044621
14007211000160,11112657.1316,669,190,0.15232592972899145,0.012626211845983006,0.27051531999954503,0.5914389832932511,6.56487048383119,0.14784088173813956,0.0074020119086601645,0.13969971788300845,0.1404388698294794,0.6464564199877797,0.9493160718492841
14008675000191,1519975.34,15,14,0.11328889360815471,0.07555555555555556,0.18947675822161691,0.5422193231108604,8.826990609148455,0.04508034696262815,0.00444444444444445,0.03773333805259915,0.0406359025181837,0.5893414155165734,0.786470078153055
14016436000183,22664.65,18,17,0.19453260976120923,0.06172839506172839,0.37882782218123817,0.724732126902467,5.1405263170401625,0.1441908978712848,0.003086419753086417,0.13280421469948084,0.1411044781181984,0.9957598915830949,0.8358015695241778
14088281000190,1066923.95,23,23,0.41876435649550636,0.043478260869565195,0.6373462700879478,0.7934867335202289,2.387977831658485,0.3923445545180294,0.0,0.3752860956259412,0.3923445545180294,0.9058522827569735,0.8405782202146045
14120591000145,282538.5,8,6,0.32898675279529116,0.1875,0.44878839520985636,0.9783339261728933,3.039636068939956,0.1947841033543494,0.02500000000000001,0.14148675279529116,0.1697841033543494,0.9349785735242602,0.8501600701306753
14153138000135,3570450.49,10,8,0.7116929201960673,0.14,0.8402301077699581,0.9616187255967243,1.4051003903825623,0.6705061945097912,0.017142857142857158,0.5716929201960673,0.6533633373669341,0.40649331166457475,0.9354764109695828
14158607000109,113432.76,5,3,0.5008105043300639,0.44000000000000006,0.5201319266144984,1.0,1.996763229512735,0.25121575649509587,0.1600000000000001,0.06081050433006385,0.09121575649509578,0.6335470610851481,0.6192806307126991
14164340000162,1616215.0,15,15,0.11277821861952585,0.06666666666666667,0.2078931330299496,0.5661375497690592,8.866960413461124,0.04940523423520626,0.0,0.04611155195285918,0.04940523423520626,0.5955116310972439,0.7803863286418107
14285358000112,7872.62,28,21,0.08152029114517574,0.06887755102040817,0.13438982193983706,0.46939900566774473,12.266884550487509,0.035596305702434536,0.022321428571428582,0.01264274012476757,0.013274877131005954,0.9782688780392739,0.6817702067433751
14355640000129,445640.89999999997,12,12,0.14466743352881148,0.08333333333333334,0.22439592057192237,0.6607694670753963,6.912405754408046,0.06690992748597617,1.5139404881252137e-17,0.061334100195478136,0.06690992748597616,0.5255830891794907,0.6165618355642969
14381482000181,1711208.53,14,14,0.1449760022626288,0.07142857142857142,0.2703352583217897,0.6554905964616714,6.897693303671508,0.07920492551360024,0.0,0.07354743083405738,0.07920492551360024,0.5493075841261444,0.801211371045037
14387430000112,1321049.1800000002,77,42,0.06384836047126316,0.03288918873334458,0.18060493402675593,0.39105882492580635,15.662109294882827,0.04101539365348909,0.00930112016586518,0.03095917173791858,0.031714273487623915,0.7638400690728918,0.6832945358303624
14440502000148,301070.8,5,5,0.3061629446407223,0.20000000000000004,0.4275100740423847,0.9601422655401985,3.266234590124828,0.13270368080090286,3.469446951953614e-17,0.10616294464072226,0.13270368080090283,0.6271660392033742,0.7481331800373072
14444354000130,1311674.48,6,6,0.39311877234381326,0.16666666666666669,0.4848764001263484,0.9623871617903246,2.543760487544007,0.27174252681257594,3.3306690738754695e-17,0.22645210567714658,0.2717425268125759,0.5990142054496028,0.9053817416579987
14454427000174,664509.21,21,18,0.07889240155248758,0.07482993197278909,0.15277440624186384,0.41564660932239,12.675491939926484,0.024709601643810388,0.020408163265306097,0.004062469579698497,0.004301438378504292,0.6346907173579865,0.6473468852209774
14464143000169,510543.91,12,11,0.25727022894903195,0.09722222222222224,0.3694491233868601,0.8896862759561661,3.88696354057395,0.18299725184393514,0.006944444444444459,0.16004800672680972,0.1760528073994907,0.4132175011124599,0.69610446420976
14491667000149,407100.18,30,18,0.09717577966071457,0.07777777777777777,0.14738386998502434,0.5186439612971923,10.290630067404253,0.044068472581933076,0.02352941176470587,0.019398001882936805,0.020539060817227204,0.709557496520722,0.6310404654952285
14491945000168,963056.3095999999,7,6,0.7978940652325972,0.18367346938775508,0.8905834176573054,0.9894242009543239,1.253299207970028,0.7574728782791167,0.02040816326530611,0.6142205958448421,0.7370647150138105,0.9161435432145836,0.9494451610721462
14492062000172,1835013.09,22,19,0.22975537311335148,0.05785123966942149,0.3762413542238001,0.812983590215152,4.3524553373846135,0.1869640049529821,0.005509641873278241,0.17190413344393,0.18145436307970386,0.7018700052776257,0.8785512621957364
14498649000199,871884.0,12,11,0.2458277251497281,0.09722222222222224,0.4279238981332379,0.7842144138440434,4.067889410728276,0.1704104976647009,0.006944444444444459,0.14860550292750585,0.16346605322025645,0.7054840318245085,0.8302352761807594
14499742000118,1438239.36,24,21,0.11846244485586459,0.05555555555555556,0.21689018439879157,0.619511914901286,8.44149385247551,0.07438556709865782,0.00833333333333334,0.06290688930030902,0.06605223376532447,0.8377613340566283,0.8093231261819602
14524513000106,642029.63,31,20,0.14722179270036131,0.0842872008324662,0.23631046436283634,0.7158879879110874,6.792472647275037,0.10233872915827508,0.03609179034996442,0.06293459186789511,0.06624693880831066,0.9141046489854393,0.8159204296603806
14552796000108,570762.0,5,5,0.3865933786233663,0.20000000000000004,0.529327460482653,0.9734004716501798,2.5866971740719786,0.23324172327920784,3.469446951953614e-17,0.18659337862336625,0.2332417232792078,0.906995271952622,0.9240791598010951
14567169000132,197173.0,5,5,0.3959892833081989,0.20000000000000004,0.5071688314322955,0.9619623376425779,2.525320866377333,0.2449866041352486,3.469446951953614e-17,0.19598928330819884,0.24498660413524856,0.9386923486902699,0.896028430804463
14572082000153,267921.88,14,14,0.13544251354752704,0.07142857142857142,0.2269318205739673,0.6623199269876727,7.383206157415988,0.06893809151272143,0.0,0.06401394211895561,0.06893809151272143,0.5529877722590699,0.5499092548269248
14601748000154,590242.19,17,17,0.07594593727022315,0.058823529411764705,0.11181850623046788,0.42536808492120837,13.16726129064549,0.018192558349612104,0.0,0.01712240785845845,0.018192558349612104,0.6514860017329404,0.6122429890766282
14608771000170,522420.1628,648,99,0.0453751310980613,0.037227556774881876,0.12491584331323592,0.31774928500137134,22.038503819170806,0.03563406100722519,0.02740334817054393,0.008147574323179425,0.008230712836681257,0.9975584351823523,0.9496630461027356
14621774000144,188118.61000000002,18,14,0.17790244173524566,0.09876543209876543,0.3396793118979563,0.6945086400542722,5.621058318514816,0.11466416802257226,0.02943969610636277,0.07913700963648024,0.0852244719162095,0.9204949390207313,0.8165354716983523
14627173000149,580168.78,58,18,0.1635808291390335,0.11831153388822829,0.3102545435140443,0.7025241344423945,6.113185788721381,0.11437970144132958,0.06644750646988878,0.0452692952508052,0.0479321949714408,0.8929412755750523,0.8210108109586851
14645035000192,2950422.9437,13,6,0.3856179641195568,0.33727810650887563,0.46906125176225527,0.9843558056316777,2.5932401834110625,0.2627415569434681,0.20473372781065075,0.04833985761068116,0.05800782913281738,0.6841803388853788,0.9453690626186723
14645822000134,157510.0,7,7,0.16734947573359502,0.14285714285714285,0.27147482699511144,0.7006539267348105,5.975519167994934,0.028574388355860857,0.0,0.024492332876452166,0.028574388355860857,0.5586557210393395,0.5067303346240135
14657813000163,262695.5,12,11,0.12843390386193496,0.09722222222222224,0.22840132396634125,0.6172873155421391,7.786106082043485,0.04127729424812845,0.006944444444444459,0.03121168163971272,0.034332849803683986,0.7917982981833649,0.601443314060589
14662198000183,498714.56,50,22,0.1107219201166191,0.15840000000000007,0.25275660690556134,0.5332995892480059,9.031635280048782,0.06837534488407715,0.1183238095238096,-0.047678079883380964,-0.049948464639732446,0.5997502572680612,0.6240843304553216
14674100000108,1307242.6,14,14,0.22771124854705074,0.07142857142857142,0.36718509632412527,0.7894479570968693,4.391526577543557,0.16830442151220848,0.0,0.15628267711847932,0.16830442151220848,0.5656645714492821,0.772233317588112
14674999000169,1740768.17,5,3,0.6750519776478501,0.3600000000000001,0.7986416249787012,0.9999999999999999,1.4813674103798617,0.5125779664717751,0.04000000000000017,0.31505197764785,0.47257796647177497,0.9758899200133808,0.9936404234509378
14675553000159,3702985.74,12,10,0.43996135911494716,0.11111111111111112,0.5899572516312201,0.9464857269474658,2.2729268816053763,0.3777348434610524,0.012345679012345682,0.32885024800383605,0.3653891644487067,0.41690221864430643,0.9288531083529592
14682109000160,10039544.48,82,40,0.2901645862665644,0.041344437834622244,0.4325134879027898,0.9310467639862481,3.4463199416118058,0.2719636782221173,0.01676352598422794,0.24882014843194214,0.2552001522378894,0.4087874538606297,0.9441907789829997
14700048000117,10859440.549999999,12,8,0.5576811402451347,0.18055555555555558,0.7078741657644602,0.987549101689221,1.7931393547941021,0.4944927317087254,0.06349206349206352,0.37712558468957913,0.43100066821666183,0.8237499427921183,0.9871861737356019
14706049000179,856882.88,18,14,0.13648975732487104,0.08641975308641975,0.2917551579511076,0.5898549752797021,7.326557095561492,0.07006589250370727,0.01614434947768281,0.05007000423845129,0.05392154302602446,0.523989294129237,0.7037634508163616
14720662000140,225960.0,5,4,0.3993932857619491,0.28,0.5530005310674455,1.0,2.503797724321363,0.1991910476825988,0.040000000000000036,0.11939328576194908,0.15919104768259876,0.5142917375871295,0.681411885840655
14741000000157,231126.69999999998,9,8,0.19301393426829663,0.13580246913580246,0.2693327945235232,0.8168030781385274,5.180973092906144,0.077730210592339,0.01234567901234567,0.05721146513249417,0.06538453157999334,0.6282948449509357,0.5736427271204719
14745480000124,7085962.399999999,11,9,0.5255268251280807,0.14049586776859505,0.696342666170512,0.9874832739727775,1.902852437182976,0.46621767826909083,0.033057851239669436,0.38503095735948567,0.4331598270294214,0.4658425024333379,0.9654535525749144
14749903000184,502954.0,9,9,0.38886616816776215,0.1111111111111111,0.5169458837189882,0.9809505441849553,2.571578815178867,0.31247443918873247,0.0,0.27775505705665104,0.31247443918873247,0.641684631424968,0.8415086143690367
14752037000180,4623388.03,23,20,0.3104667174541933,0.054820415879017,0.5407290030121049,0.7173267695638342,3.220957171190311,0.2741754920570456,0.005074121977912631,0.2556463015751763,0.269101370079133,0.429505335857084,0.8689057431703696
14755253000180,33257.14,35,14,0.18875333465652305,0.13632653061224495,0.3455345228122442,0.7153814188472009,5.297919646398371,0.12634974501471713,0.06989010989010995,0.0524268040442781,0.05645963512460718,0.44640079610810446,0.22093196820188624
14756846000160,37378.87,48,30,0.13792971507339008,0.048611111111111105,0.3185757086824722,0.5791154200220606,7.250069352118337,0.10820315352419664,0.01580459770114942,0.08931860396227898,0.09239855582304722,0.9897276482890016,0.7360034208881402
14761260000194,3550.41,5,5,0.29593803936680974,0.20000000000000004,0.38249103624651803,0.9716511614151606,3.3790857104399428,0.11992254920851216,3.469446951953614e-17,0.0959380393668097,0.11992254920851211,0.677471146953564,0.15033201093805598
14763412000198,743967.53,9,9,0.13479290920468637,0.1111111111111111,0.16658029416955872,0.6484393613253524,7.41878787170826,0.02664202285527217,0.0,0.023681798093575263,0.02664202285527217,0.5198453804160271,0.738767875648414
14764485000102,3163246.0,11,6,0.8557587207939333,0.23966942148760328,0.9234501521538319,0.9964865204919251,1.1685536772236995,0.82691046495272,0.08760330578512394,0.61608929930633,0.739307159167596,0.9476288354397581,0.9921642299066299
14769746000179,211585.71,36,27,0.14311334774659185,0.04475308641975309,0.2835730257964964,0.6888071978017797,6.987468434954659,0.11015616881376845,0.008012820512820519,0.09836026132683875,0.10214334830094793,0.6512963246955192,0.491232844587558
14773789000128,80383.73999999999,5,5,0.3033828060061314,0.20000000000000004,0.3881381980982721,0.9403461446307426,3.2961657028770115,0.1292285075076642,3.469446951953614e-17,0.10338280600613134,0.12922850750766418,0.9628723155412406,0.7333664222133056
14783438000106,133468.55000000002,5,5,0.24102193410090417,0.20000000000000004,0.2847117916542886,0.9757515909178605,4.148999980978282,0.051277417626130195,3.469446951953614e-17,0.04102193410090413,0.05127741762613016,0.6624108477522123,0.6494585111742902
14784810000190,180689.31999999998,15,15,0.15389602061357666,0.06666666666666667,0.33382487686599294,0.6058143890297445,6.497893811763579,0.093460022085975,0.0,0.08722935394690999,0.093460022085975,0.578844616080805,0.5069177947191622
14785598000186,29814829.1589,18,10,0.5212761415116149,0.1481481481481482,0.648230380469269,0.9969976977052952,1.9183690185784539,0.46808460167957217,0.053497942386831324,0.37312799336346675,0.41458665929274086,0.7780890252432549,0.9928705363693874
14788679000130,148746.72,5,5,0.6619925543410978,0.20000000000000004,0.8067404780421377,0.9745102278557807,1.5105910080746023,0.5774906929263722,3.469446951953614e-17,0.46199255434109776,0.5774906929263722,0.4639781537939256,0.6451013520440745
14792165000158,38446030.58,64,57,0.13804935496466028,0.02001953125,0.2964935476571636,0.6270523538141556,7.243786110090796,0.1226573791604578,0.00251988002232143,0.11802982371466028,0.12013749913813637,0.501377668100948,0.965073227921917
14795880000144,257866.54,16,15,0.1590952485239842,0.0703125,0.23733207107831825,0.7311221145636033,6.285542838504358,0.09903062341855451,0.003906250000000001,0.08878274852398421,0.09512437341855451,0.5020336629156333,0.547848601408869
14797046000198,152279.95,5,5,0.42916211453571007,0.20000000000000004,0.5253482155727001,0.9905141812825654,2.3301218027640958,0.28645264316963753,3.469446951953614e-17,0.22916211453571003,0.2864526431696375,0.6778171669528945,0.7881507056032929
14798463000155,835886.2599999999,7,7,0.23445330515399196,0.14285714285714285,0.3194573386096812,0.8832959043973279,4.265241640945036,0.10686218934632395,0.0,0.09159616229684911,0.10686218934632395,0.909948686471832,0.9144370997035849
14801752000166,158451.30000000002,28,26,0.12660185447760006,0.04081632653061225,0.29308689799326354,0.5574758932239748,7.898778450965994,0.09166592865670406,0.0024489795918367363,0.08578552794698781,0.08921694906486732,0.8199124963002877,0.5692281216174524
14804981000134,253849.08000000002,12,12,0.27404698294023117,0.08333333333333334,0.47705510691628267,0.8170602784930322,3.649009338731151,0.20805125411661585,1.5139404881252137e-17,0.19071364960689782,0.20805125411661582,0.5352483830614105,0.6169552480595093
14806879000178,961570.87,8,8,0.3545694076704887,0.125,0.5181010423079893,0.9547615247537605,2.8203222792681766,0.2623650373377014,0.0,0.22956940767048872,0.2623650373377014,0.6305924596567969,0.8709265218450718
14807623000185,2718276.4,8,8,0.6009960529182471,0.125,0.7648891039925153,0.9769890950015238,1.663904438547168,0.5439954890494253,0.0,0.4759960529182471,0.5439954890494253,0.8191778599702627,0.9472212112764087
14808407000154,6303703.52,8,6,0.39977606913017527,0.1875,0.49312948017580627,0.9698589695094036,2.5014003518914474,0.2797312829562103,0.02500000000000001,0.21227606913017527,0.2547312829562103,0.6199656455495731,0.9656607489844543
14810479000136,255150.7,12,8,0.16503235434473654,0.1527777777777778,0.23322177834511132,0.740764967527034,6.059417887907587,0.04575126210827033,0.03174603174603176,0.012254576566958747,0.014005230362238573,0.8227880220400194,0.6963236497365943
14813630000190,163215.0,17,11,0.2589910711341017,0.12802768166089967,0.4414422693992586,0.8488803112459026,3.8611369713290813,0.18489017824751186,0.04083044982698964,0.13096338947320202,0.14405972842052223,0.5304832780506321,0.581563731198049
14814026000188,82212952.0,7,7,0.7783096686864225,0.14285714285714285,0.875774415690608,0.9975597518989465,1.2848356383491049,0.7413612801341595,0.0,0.6354525258292796,0.7413612801341595,0.9029903022436419,0.996599155570859
14814139000183,15784690.55,45,40,0.3648340020508954,0.028148148148148144,0.5923442547310501,0.7540009525242166,2.7409725913115333,0.3485476944111747,0.003228869895536557,0.33668585390274725,0.34531882451563817,0.46530017569300364,0.9355392780923248
14823518000130,34218.009999999995,30,21,0.5887069996609796,0.06444444444444444,0.7614341102828599,0.8930048825165462,1.6986378632764225,0.5681423496440287,0.017666666666666667,0.5242625552165352,0.5504756829773619,0.8853831144291329,0.7024218448844941
14829853000145,123308.6,5,5,0.33633361792404054,0.20000000000000004,0.42843727039314367,0.9774711577294689,2.9732383166818774,0.17041702240505066,3.469446951953614e-17,0.1363336179240405,0.17041702240505063,0.41072914629823554,0.5159108087690621
14830853000165,6494271.94,22,16,0.39849963081684736,0.0743801652892562,0.5020213043311519,0.9510235446038313,2.5094126133823336,0.3583996062046372,0.012672176308539947,0.3241194655275912,0.3457274298960972,0.43722460118330164,0.9577989904589783
14836800000151,269100.62,26,18,0.123918223782679,0.0680473372781065,0.21924884454000887,0.582681674980905,8.069838071224659,0.07238400165224836,0.013226592412112763,0.0558708865045725,0.05915740924013559,0.4212969047405022,0.4775132714762269
14870896000174,2791205.7800000003,7,7,0.2943657658411876,0.14285714285714285,0.3896789007079227,0.9582972631992758,3.3971341645057564,0.17676006014805223,0.0,0.15150862298404477,0.17676006014805223,0.4421008205412755,0.9170049893929276
14871353000171,492431.65,28,8,0.3827705686283272,0.5229591836734693,0.5866804052907647,0.9105451487531315,2.6125310615796242,0.2945949355752311,0.454810495626822,-0.14018861504514207,-0.16021556005159093,0.4875085988945253,0.7383603175951364
14876872000122,311638.2,7,7,0.31678554555221955,0.14285714285714285,0.3675415914993733,0.9935341687893204,3.156709685906922,0.2029164698109228,0.0,0.1739284026950767,0.2029164698109228,0.8911824203163438,0.884659539953963
14878445000183,1040028.1100000001,33,20,0.2362310432041563,0.10376492194674015,0.41941174070766224,0.7635765248691212,4.233143901988262,0.19603267705700664,0.05659465468077911,0.13246612125741614,0.13943802237622754,0.809975705021489,0.8041416343260095
14901848000104,66730.54000000001,5,3,0.5124149703252758,0.44000000000000006,0.6748034707946315,0.9999999999999999,1.9515432957885874,0.26862245548791375,0.1600000000000001,0.07241497032527577,0.10862245548791366,0.45984719290411025,0.5064983634966641
14914258000108,318870.17,15,15,0.07620167209763049,0.06666666666666667,0.09833469214131883,0.37883756890774706,13.123071613425859,0.010216077247461234,0.0,0.00953500543096382,0.010216077247461234,0.640022862813045,0.5121049710470793
14969199000175,5224681.28,94,32,0.34669621289804764,0.06699864191942055,0.5546845529302794,0.8810836189418237,2.884369551201496,0.32562189718508144,0.036901823916821216,0.2796975709786271,0.2887200732682602,0.8998260848937655,0.9383137797858662
14986862000140,627060.22,209,90,0.029522056363287127,0.02406080446876216,0.07154250671490531,0.24627188119188936,33.872979161559165,0.01861780980557125,0.013095195530208924,0.005461251894524968,0.005522614275362327,0.6776287726724863,0.5657496877418454
14994916000119,613650.77,37,29,0.20387242092289737,0.04894083272461652,0.4241826340411827,0.6239583142705092,4.905028328369096,0.17543929309871512,0.014974433893352828,0.15493158819828085,0.1604648592053623,0.7964937927260477,0.7023918728555995
14999490000196,120981.98000000001,12,10,0.2076936772300005,0.125,0.39437278179775204,0.7147180100705907,4.814783065796449,0.11965964136666722,0.02777777777777777,0.08269367723000051,0.09188186358888945,0.8213902994279096,0.562386999006608
15071063000106,95560.0,6,6,0.24258290360748935,0.16666666666666669,0.3735872750104646,0.9162829635830891,4.12230204655332,0.09109948432898723,3.3306690738754695e-17,0.07591623694082267,0.0910994843289872,0.8369261637893997,0.703976063923529
15111217000146,174046.28999999998,25,5,0.32395828887835354,0.3632,0.4328503641186492,0.9759206588086424,3.086817143843788,0.1549478610979419,0.20400000000000001,-0.03924171112164648,-0.04905213890205812,0.7280269515661563,0.6657152097354314
15163648000156,443367.09,30,22,0.1850038952889912,0.0733333333333333,0.2787757656979006,0.7824679995982562,5.40529159366033,0.14619455696941933,0.029206349206349177,0.11167056195565789,0.11698820776307015,0.46674328858621833,0.6196813701826838
15196311000145,601391.3400000001,16,16,0.08032606905096568,0.0625,0.10397555774580991,0.4094671532849143,12.449258526089645,0.019014473654363387,0.0,0.017826069050965676,0.019014473654363387,0.7942036590052168,0.6773949881751872
15224648000119,50755.75,10,10,0.1981584857946228,0.10000000000000003,0.33099698063766175,0.7652886618757481,5.0464656912872705,0.10906498421624755,3.0839528461809905e-17,0.09815848579462277,0.10906498421624752,0.4922254586016419,0.3079174664594577
15245503000102,280818.39,13,11,0.15903586951492615,0.10059171597633138,0.29912570896799173,0.6804219623935598,6.287889663194163,0.07493945646641877,0.01065088757396451,0.05844415353859478,0.06428856889245425,0.5784666374781307,0.5848906502722401
15282487000110,133024.75,5,5,0.4937175055080648,0.20000000000000004,0.6765658270359464,0.998045476499674,2.0254497538444385,0.367146881885081,3.469446951953614e-17,0.29371750550806475,0.36714688188508093,0.9603336473157326,0.8330244138834789
15345471000109,61382.03,5,5,0.6376623128188912,0.20000000000000004,0.7819878228204574,0.9918542935122869,1.5682281670047826,0.5470778910236139,3.469446951953614e-17,0.4376623128188911,0.5470778910236139,0.4924249379026968,0.5042729560732507
15358498000136,90319.56,10,8,0.3516570709836353,0.14,0.5314463445127501,0.9226800927728169,2.8436794892332364,0.25903665255272607,0.017142857142857158,0.2116570709836353,0.2418937954098689,0.8331097107536464,0.7029812502646926
15372714000106,155704.12,15,12,0.33240019214025446,0.09333333333333334,0.5431070160506992,0.8323710380945604,3.008421847054936,0.2717093005166413,0.010909090909090919,0.23906685880692113,0.26080020960755035,0.9230311256207947,0.800418266962562
15408168000108,357844.1699999999,157,73,0.31370132790557204,0.022353848026289095,0.42154807216783774,0.8304484043990433,3.18774551155554,0.30416940190426056,0.008775429248876445,0.29134747987928294,0.29539397265538414,0.9823639460920524,0.9412273142720307
15442776000139,95975.72,41,28,0.19936057786896236,0.04223676383105294,0.4001011922598757,0.6963007935757084,5.016036824779318,0.16970726593818317,0.006764051380351198,0.15712381403790943,0.16294321455783198,0.7551543015829287,0.7108095541157372
15462287000149,1345666.21,21,20,0.22880355013263606,0.052154195011337855,0.4092693982410393,0.7590369085659067,4.370561555624054,0.18821426329751165,0.0022675736961451074,0.1766493551212982,0.18594668960136654,0.6908751117637641,0.8827023833145948
15470555000174,129325.48000000001,9,9,0.5784421541250462,0.1111111111111111,0.7498908954368466,0.937105356191216,1.728781335987872,0.525747423390677,0.0,0.4673310430139351,0.525747423390677,0.830947438199316,0.8320252629084848
15487793000192,816155.89,9,9,0.26241466680185244,0.1111111111111111,0.4361878586699901,0.8356931541595565,3.8107626078503203,0.170216500152084,0.0,0.15130355569074133,0.170216500152084,0.3989296410860706,0.7377824143940246
15513690000150,4905435.069999999,69,64,0.1301145251247377,0.01701323251417769,0.3044452079558358,0.5789510205462775,7.685537022414091,0.11630681917433672,0.0014102679509106688,0.11310129261056001,0.11489655122342605,0.4597661445704462,0.8178681911978667
15553985000150,657596.6799999999,16,16,0.2775260168958832,0.0625,0.4059327063512547,0.8685414895951118,3.603265780934551,0.22936108468894206,0.0,0.2150260168958832,0.22936108468894206,0.458949829154367,0.743954811751785
15609665000174,896246.01,8,8,0.20122520513666772,0.125,0.24546831734291347,0.8702967614885113,4.969556370042322,0.08711452015619169,0.0,0.07622520513666772,0.08711452015619169,0.5268583225038717,0.7923325784406284
15710935000139,158462.85,6,5,0.2510136593678165,0.22222222222222227,0.2902888595024007,0.9273324946509542,3.9838469448974303,0.06376707420977061,0.027777777777777818,0.028791437145594234,0.03598929643199279,0.6316850763529132,0.6579473915789047
15913253000123,170869.02,22,17,0.1286917978654705,0.0743801652892562,0.224344471572436,0.6419086970827128,7.770502989206522,0.0742350352320624,0.016528925619834715,0.0543116325762143,0.05770610961222769,0.7218154286184898,0.5470610099522932
16098402000100,1125486.57,20,19,0.2590872754550345,0.055000000000000014,0.38262480555409917,0.8046618361692224,3.859703253445009,0.21792545742475863,0.002500000000000018,0.2040872754550345,0.2154254574247586,0.42875097448247734,0.7786947356389808
16176067000111,2172416.08,25,25,0.11165933764849358,0.04,0.21957119742917755,0.585274916580437,8.955811677371985,0.07464514338384748,0.0,0.07165933764849358,0.07464514338384748,0.4156505908258837,0.7645512442276142
16236457000130,1173101.87,11,9,0.5430753607007291,0.14049586776859505,0.7229339000201236,0.9304349757792134,1.8413650707881533,0.4859597807883203,0.033057851239669436,0.40257949293213413,0.4529019295486509,0.3989296410860706,0.8391029443206179
16247298000179,1430708.7,5,5,0.40790153677840185,0.20000000000000004,0.5243196605989745,0.9664501935299618,2.4515720335303954,0.2598769209730023,3.469446951953614e-17,0.2079015367784018,0.25987692097300225,0.3989296410860706,0.8744289823052906
16501189000136,138511.09,43,37,0.1624544693902425,0.029745808545159548,0.3476255944560107,0.6335232796160943,6.155570873201615,0.13918931576219368,0.0027943032269695336,0.13270866084508295,0.13639501253522415,0.46227027149634853,0.431428582643189
16673998000125,194052010.17000002,25,25,0.28399853860949265,0.04,0.4278609836984612,0.9252806786835256,3.5211448794637388,0.2541651443848882,0.0,0.24399853860949264,0.2541651443848882,0.4159315597148695,0.9953450436884363
16692121000181,98841920.67,198,159,0.17680125452607237,0.0076012651770227535,0.3256980910708966,0.7322526027356687,5.656068463318132,0.17159113588383232,0.001320260526244416,0.16919998934904962,0.1702708753575879,0.4725019895061229,0.9663570141289667
16779440000129,131400.0,5,4,0.2920822242145817,0.28,0.395738203957382,0.9999999999999999,3.4236934571729982,0.056109632286108914,0.040000000000000036,0.01208222421458166,0.01610963228610888,0.6485728884109019,0.5744256515467802
16978926000196,84006.0,6,6,0.19743739965892823,0.16666666666666669,0.251172535295098,0.8375592219603363,5.064896527848792,0.03692487959071389,3.3306690738754695e-17,0.030770732992261546,0.036924879590713854,0.6114739743898169,0.460723061418476
17058108000138,3176491.41,29,26,0.12189459387955914,0.04399524375743162,0.21064593403071724,0.6357180326831106,8.203809276300422,0.0867703776347415,0.005755053507728883,0.07789935012212752,0.08101532412701262,0.5515218349950899,0.8590926810678398
17228178000197,3057652.03,6,5,0.27082462856609674,0.22222222222222227,0.36546023191527127,0.9536672326968482,3.6924263693984636,0.08853078570762091,0.027777777777777818,0.04860240634387447,0.06075300792984309,0.886025772390769,0.9607955148564667
17257474000116,933703.62,22,20,0.06293667285510829,0.05371900826446281,0.12594478320647404,0.36394412822347205,15.888987368337418,0.013617550373798196,0.003914745541539799,0.009217664590645477,0.009702804832258397,0.6013459279455418,0.6539925121996217
17323405000163,302289.8,10,8,0.14652134877103398,0.14,0.2066189464546935,0.671143386247237,6.824943998861765,0.02459582716689598,0.017142857142857158,0.006521348771033969,0.007452970024038823,0.6951190057719809,0.6348194084695851
17380242000150,353920.26,8,8,0.4352844665752789,0.125,0.6281083202187974,0.955865764791199,2.29734823268052,0.3546108189431759,0.0,0.3102844665752789,0.3546108189431759,0.5074247159271651,0.7411053488745858
17387125000119,175088240.01,14,14,0.9876221852483871,0.07142857142857142,0.993784619629863,0.9991030807666407,1.0125329452259113,0.9866700456521091,0.0,0.9161936138198157,0.9866700456521091,0.8484461101701074,0.99876977663098
17391027000155,231383.93,14,14,0.3179455841826158,0.07142857142857142,0.5065174578027092,0.8662574362878184,3.1451922899663174,0.2654798598889709,0.0,0.2465170127540444,0.2654798598889709,0.45907828404352663,0.5969807577565732
17444886000165,36173.6,16,12,0.2292642815586874,0.1015625,0.31156672269279256,0.8657692350222261,4.361778438408944,0.15919739806402264,0.019886363636363643,0.1277017815586874,0.139311034427659,0.6835873596060382,0.4508786276090979
17455641000133,75389.28,6,3,0.6491523332608309,0.5,0.78943955957664,1.0,1.5404704701233782,0.4737284998912463,0.25,0.14915233326083088,0.22372849989124632,0.9815424207167539,0.7497372661243105
17467454000170,1922818.6,5,5,0.4064610011630483,0.20000000000000004,0.5920527292590159,0.9594345509243565,2.4602606329724086,0.2580762514538103,3.469446951953614e-17,0.20646100116304825,0.25807625145381025,0.5674431678481692,0.9160721050828158
17509587000161,796464.9199999999,11,8,0.3362081535119675,0.15702479338842973,0.4398184919431229,0.9559165518551652,2.9743478543104533,0.24138074687081998,0.03659976387249112,0.17918336012353775,0.20478098299832886,0.6619649772798146,0.8531970209354817
17526555000174,2579929.0,19,17,0.10117521207043897,0.06925207756232687,0.1550430263778577,0.5426505923225019,9.883843873772088,0.04499866282484141,0.011080332409972306,0.0319231345081121,0.03391833041486911,0.6099677401774427,0.8379642236668638
17527365000171,810497.0,8,8,0.4811971926494024,0.125,0.6203601000373845,0.9877926753584529,2.0781501124188693,0.4070825058850313,0.0,0.3561971926494024,0.4070825058850313,0.9343145433093549,0.9145602560410789
17527397000177,21928663.67,19,15,0.511785129026664,0.08033240997229917,0.666046058245737,0.9595947166077355,1.953945011848713,0.47691263824285424,0.014641867827463392,0.4314527190543648,0.46227077041539083,0.8027923792966052,0.9883325189251724
17572121000100,78186881.25000001,9,9,0.20527664897189934,0.1111111111111111,0.30122879469629693,0.8686840306729845,4.871474690415916,0.10593623009338678,0.0,0.09416553786078824,0.10593623009338678,0.3991164777363553,0.99310598512739
17590843000198,9551557.27,9,8,0.4342255223427033,0.13580246913580246,0.6290299927186638,0.9130464827333858,2.3029507676215566,0.35340059696308945,0.01234567901234567,0.2984230532069008,0.3410549179507438,0.5483635490294041,0.9701797249092887
17701982000141,476010.0,5,5,0.45360696418129154,0.20000000000000004,0.5538539106321296,0.9882985651561944,2.2045516911427607,0.3170087052266144,3.469446951953614e-17,0.25360696418129147,0.31700870522661434,0.64275327111385,0.8265447337196564
17710115000172,548401.0025000001,230,94,0.10450924667463596,0.023251417769376184,0.2750697378602987,0.5081759262465972,9.568531319656872,0.09488031384318042,0.012748744842165175,0.08125782890525977,0.08213156900101524,0.9905786601809333,0.9397535428663468
17714486000122,201986.95,11,10,0.16780845406702855,0.10743801652892562,0.2514878312683072,0.763659533450057,5.959175332135324,0.07534272674114283,0.008264462809917352,0.06037043753810292,0.06707826393122547,0.793125522430012,0.5739632919589623
17718435000179,65168.0,7,5,0.2009453005104591,0.22448979591836732,0.22587773140191506,0.8104898109501596,4.976478660907775,0.001181625638073877,0.030612244897959134,-0.023544495407908206,-0.029430619259885257,0.6459010597938218,0.5767978789796481
17718490000169,1818873.8,21,9,0.253483110178582,0.17006802721088435,0.36060170859572555,0.9229285506229183,3.945036019541845,0.16016849895090476,0.0663265306122449,0.08341508296769765,0.09384196833865986,0.5558579459021125,0.8984122185515604
17718507000188,62828.2,5,4,0.3934350646173855,0.28,0.5154055026246176,1.0,2.5417154949635647,0.19124675282318063,0.040000000000000036,0.11343506461738545,0.1512467528231806,0.7675002780786155,0.6612053850723046
17726399000195,145428.97,7,7,0.27869467077388826,0.14285714285714285,0.4455783465976552,0.8943231874639558,3.5881561610890085,0.15847711590286964,0.0,0.13583752791674542,0.15847711590286964,0.6429508949747261,0.6124920488869465
17756464000125,288219.61600000004,303,120,0.03168199063581378,0.026152120162511304,0.10779543887810886,0.2600255008319767,31.5636732393193,0.02354486450670297,0.017968524533624845,0.005529870473302473,0.005576339973078125,0.9930134597301361,0.8676118010841065
17799033000146,3777231.3084,1163,255,0.03431258234898418,0.013052938519217874,0.1098688341053146,0.2843595618863424,29.143828052032486,0.030510663381854198,0.00916732016693133,0.02125964382976631,0.02134334321492287,0.7352217944257804,0.8551761052838511
17819061000188,5222536.649999999,31,27,0.17858665903797497,0.04266389177939645,0.3044504972502204,0.7677320790080047,5.5995224133027675,0.14699383823174322,0.005843272232450164,0.13592276725857852,0.14115056599929307,0.5232609819090842,0.8923618519526649
17844908000184,60187.149999999994,8,7,0.20339205231115232,0.15625,0.24185062758412715,0.8595904607544965,4.916612958259472,0.0706240610296777,0.015625000000000007,0.047142052311152316,0.0549990610296777,0.46378352142251433,0.361235972451776
17851361000144,10566445.14,64,60,0.08324963239224631,0.017578125,0.209957083068715,0.4935993071365153,12.012065053792812,0.06771149056838609,0.0009269067796610172,0.06567150739224631,0.06678458378872507,0.67236525368111,0.8694977415281759
17901209000129,10678674.92,6,6,0.6372197848370942,0.16666666666666669,0.7632032982609045,0.99907291868381,1.5693172493940233,0.5646637418045131,3.3306690738754695e-17,0.4705531181704275,0.5646637418045131,0.7447748999736401,0.9909123611525875
17932766000107,1267866.698,508,135,0.03183723643867924,0.02053754107508215,0.07399926202651944,0.26445519984783133,31.409761394525262,0.02461214118822162,0.013228119739821567,0.011299695363597088,0.011384021448400053,0.9970407838404325,0.9349168586864551
17977824000119,289935.44,6,6,0.28567711777113813,0.16666666666666669,0.4311304613192509,0.9734078731458286,3.50045536654119,0.14281254132536578,3.3306690738754695e-17,0.11901045110447145,0.14281254132536575,0.7994163273972056,0.7092991588231263
18009906000132,34293.5,9,7,0.2717141959058127,0.16049382716049382,0.4374006735970373,0.9072465627597066,3.6803377043525582,0.15033322855678147,0.020576131687242795,0.11122036874531888,0.12975709686953868,0.7976033246414221,0.5916063905867005
18070772000165,2156791.1,128,50,0.10693427145697465,0.0572509765625,0.19102452713199716,0.604144100928458,9.351538906798025,0.08870844026221902,0.03801120057397959,0.04968329489447465,0.050697239688239436,0.7192262738848657,0.8067683566535292
18091059000106,547640.49,68,48,0.06350765525598345,0.02897923875432526,0.12462555498772562,0.4217593918229092,15.74613321762944,0.04358228621887673,0.008319222557608776,0.03452841650165819,0.035263063661267954,0.7338713744862735,0.5937944178359547
18097936000148,222506.08,47,23,0.08417598675256477,0.12358533272974194,0.1552973294033134,0.4723223742919745,11.879872616634707,0.04254762251404499,0.08374830239927566,-0.03940934597717717,-0.04120067988523068,0.5792601904210163,0.48365769522295676
18123264000106,244014.35,8,6,0.20538874788035272,0.1875,0.2921959302803298,0.8376351636696776,4.868815893373772,0.04646649745642327,0.02500000000000001,0.017888747880352718,0.02146649745642326,0.3989296410860706,0.5529953900637401
18137082000186,1092223.09,32,25,0.08455256624149052,0.056640625,0.16480149673451785,0.48648612619973086,11.826962142626172,0.04640892316821929,0.017333984375,0.027911941241490518,0.02907493879321929,0.4099699950608874,0.6277579129230418
18180942000164,2269436.15,30,27,0.47586893499253313,0.04,0.6794727403985347,0.8715909456188049,2.101418954813033,0.4557100478768613,0.0030769230769230795,0.43586893499253315,0.4526331247999382,0.5388789764767837,0.9060404455872862
18180975000104,122169.0,6,6,0.4737042081970502,0.16666666666666669,0.6646530625608787,0.9497908634760046,2.111021989452166,0.36844504983646026,3.3306690738754695e-17,0.30703754153038354,0.3684450498364602,0.9647753644820894,0.8517809375910445
18184942000132,1812736.0599999998,165,93,0.5236116582506579,0.021120293847566574,0.7146655426493805,0.8924068074201603,1.90981232797779,0.5184335241012086,0.010480297041561863,0.5024913644030914,0.5079532270596467,0.5642846444430083,0.928991397614715
18196469000103,1991621.82,11,11,0.3431054384469441,0.09090909090909091,0.49273209910905674,0.8817573408590191,2.9145559584437613,0.27741598229163844,0.0,0.25219634753785314,0.27741598229163844,0.3989296410860706,0.8547810807073997
18208903000128,235532.0,11,11,0.11183663837912075,0.09090909090909091,0.18681113394358304,0.5427882410882597,8.941613540010463,0.023020302217032825,0.0,0.02092754747002984,0.023020302217032825,0.5612056961872243,0.49747334662263365
18212310000135,737945.01,16,8,0.7801774474306974,0.15625,0.8808244397505988,0.9791352881429471,1.2817596859448175,0.7487742256350828,0.03571428571428571,0.6239274474306974,0.7130599399207971,0.4529229521176187,0.8789059057191613
18245821000153,52222.71,45,33,0.19298551614593001,0.03901234567901234,0.4002913674912696,0.6637016730843727,5.181736018177806,0.16776631352549032,0.008981481481481477,0.15397317046691766,0.15878483204400884,0.9893265541280123,0.8191232249160721
18250800000126,507869.55199999997,8,8,0.5711084775034162,0.125,0.721724699889077,0.9926068377495486,1.7509808370757696,0.5098382600039042,0.0,0.4461084775034162,0.5098382600039042,0.5015680803841952,0.826373634697894
18251780000108,248580.0,7,7,0.1720581601865318,0.14285714285714285,0.2494971437766514,0.762008206613565,5.811988219075918,0.03406785355095378,0.0,0.029201017329388956,0.03406785355095378,0.6246849987340871,0.5779958289958868
18255486000174,366640.52,5,5,0.44895131388777343,0.20000000000000004,0.637485458508514,0.9576792003240667,2.227413015768509,0.31118914235971673,3.469446951953614e-17,0.2489513138877734,0.3111891423597167,0.8803401732499063,0.8989198659115818
18256417000185,243660.69999999998,21,20,0.12021301669075837,0.052154195011337855,0.23407508884280476,0.5871784001277185,8.318566720378103,0.07390843862185092,0.0022675736961451074,0.06805882167942051,0.07164086492570582,0.613010677307288,0.5319217889211922
18284346000124,103923.62,7,6,0.36416415015340375,0.18367346938775508,0.519612384557043,0.9297561035691405,2.7460143992173616,0.2369969801840845,0.02040816326530611,0.18049068076564867,0.21658881691877838,0.6603875369934487,0.7304091172000462
18302582000126,192147.86,34,28,0.08891118800000343,0.04152249134948097,0.1552757340102565,0.525303274259729,11.24717847657104,0.05516715792592949,0.006023324362424708,0.04738869665052246,0.04914383356350478,0.6208717667189799,0.44320161099270283
18319753000120,186189.0,8,7,0.20214234813448212,0.15625,0.28258382611217636,0.8326968832745221,4.947008923309409,0.06916607282356248,0.015625000000000007,0.04589234813448212,0.05354107282356247,0.6247971127951286,0.5650414818790753
18325503000100,89891.0,6,6,0.2703212820823832,0.16666666666666669,0.38750264208875196,0.9487156667519552,3.699301780076789,0.12438553849885986,3.3306690738754695e-17,0.10365461541571652,0.12438553849885983,0.5368438486847524,0.48530402906686776
18346935000190,4825751.18,26,14,0.24844662321453273,0.08284023668639051,0.37616941534892817,0.929981729808125,4.02500942480713,0.19063482500026602,0.012289485662266708,0.16560638652814222,0.17834533933799931,0.5792479224691393,0.9251715618526583
18423582000184,221157.0,6,6,0.7859938075133607,0.16666666666666669,0.8839828718964355,0.9878457385477286,1.2722746546358783,0.7431925690160328,3.3306690738754695e-17,0.619327140846694,0.7431925690160328,0.4507371030005375,0.7794108189732982
18504687000168,1058143.77,6,4,0.483185115473942,0.2777777777777778,0.6604773564938156,1.0,2.0696001759473273,0.3109134872985893,0.037037037037037056,0.2054073376961642,0.2738764502615523,0.4391769932030295,0.8547467408519065
18660471000191,3971217.52,7,7,0.7060607827208824,0.14285714285714285,0.8343144547770831,0.9716711564064615,1.4163086585072615,0.6570709131743626,0.0,0.5632036398637394,0.6570709131743626,0.40506641200817606,0.9426325912829464
19061464000136,127010.0,5,5,0.3450473460993349,0.20000000000000004,0.5066530194472876,0.9999212660420438,2.8981529964067954,0.18130918262416862,3.469446951953614e-17,0.14504734609933487,0.1813091826241686,0.4716256840507898,0.5341349456897472
19110162000100,3249922.7199999997,7,7,0.33081014122559477,0.14285714285714285,0.3849598306756045,0.9974614780993931,3.022881935527042,0.21927849809652722,0.0,0.18795299836845192,0.21927849809652722,0.39892964108607065,0.9342423463743049
19116243000118,87664.52000000002,34,25,0.08235065236102958,0.051903114186851215,0.16540328972313997,0.4780440251084475,12.143194635738253,0.04411526287607248,0.012399077277970015,0.030447538174178362,0.031716185598102464,0.6531944694531637,0.38110520524515185
19130038000107,12786785.959999999,23,23,0.8099009021265585,0.043478260869565195,0.8985833841235268,0.970038400486372,1.2347189605225748,0.8012600340414021,0.0,0.7664226412569933,0.8012600340414021,0.9178871849975943,0.9742790516682324
19153572000139,94040.29000000001,9,9,0.3316504263896717,0.1111111111111111,0.5253067594751143,0.9013095344559229,3.0152230192674407,0.24810672968838066,0.0,0.22053931527856058,0.24810672968838066,0.8462274737912047,0.6472151910458709
19164089000150,859747.26,20,19,0.27717110208635726,0.055000000000000014,0.4850262622529323,0.7946358561235775,3.607879726539578,0.23701394109115487,0.002500000000000018,0.22217110208635724,0.23451394109115484,0.5555656919879427,0.7673186398235439
19305362000119,585734.35,13,13,0.17622094667902388,0.07692307692307694,0.27518071972388164,0.7416391406787053,5.674694290579663,0.1075726922356092,1.5034270125132327e-17,0.09929786975594694,0.10757269223560918,0.896792004872539,0.8503629336427102
19313140000148,248677.12,10,9,0.24984534397572356,0.12000000000000002,0.32963225567354165,0.9247789261834783,4.002476028119083,0.15607601197268903,0.010000000000000033,0.12984534397572353,0.146076011972689,0.5854921074088932,0.6300224892531898
19344044000167,7767685.089999999,16,15,0.37680963502247433,0.0703125,0.5793231764497292,0.8683213817052413,2.6538599522285473,0.33229603752407966,0.003906250000000001,0.30649713502247433,0.32838978752407966,0.42764265082907504,0.9337494903120174
19352701000118,92178.6,7,6,0.21143841254931625,0.18367346938775508,0.2733671372748121,0.8535451829383393,4.7295095907266065,0.05372609505917951,0.02040816326530611,0.027764943161561167,0.0333179317938734,0.430737167888671,0.3840986294378923
19406627000175,230821.0,8,8,0.6156712669686233,0.125,0.7798250592450426,0.8927090689322028,1.6242434130858399,0.5607671622498552,0.0,0.4906712669686233,0.5607671622498552,0.45072515350611964,0.676514579217219
19420544000130,227136.3,5,5,0.49242811679947074,0.20000000000000004,0.5010771065655292,0.998131078123576,2.0307532528798014,0.3655351459993384,3.469446951953614e-17,0.29242811679947067,0.36553514599933834,0.9497326338493367,0.8213118974357383
19432705000106,1878500.0,19,19,0.10809944761792892,0.05263157894736842,0.15970188980569602,0.558956614319936,9.250741072557934,0.058549416930036076,0.0,0.0554678686705605,0.058549416930036076,0.48426769367676725,0.7694403516604196
19459498000183,4263758.350000001,10,9,0.38784284363261057,0.12000000000000002,0.5728144630898232,0.9506100292949295,2.5783639337877373,0.31132319908668693,0.010000000000000033,0.26784284363261057,0.3013231990866869,0.40011304205179515,0.9260753862610402
19459687000156,1631913.46,9,9,0.586537346033544,0.1111111111111111,0.7595960388732869,0.8979199669080492,1.7049212752819496,0.534854514287737,0.0,0.4754262349224329,0.534854514287737,0.48006146344599343,0.8848006010030454
19498254000100,240054.41999999998,19,16,0.5019272467752157,0.06925207756232686,0.6881772891330225,0.9408200023977896,1.9923206130466202,0.4687223965602301,0.007202216066481985,0.43267516921288884,0.46152018049374816,0.49046890985004055,0.7128030318117201
19500817000157,13648910.450000001,224,52,0.09558625735345704,0.07904177295918366,0.20255583111397732,0.5217155139295386,10.46175493933421,0.077852654556466,0.06098376850740295,0.016544484394273376,0.01686888604906306,0.6268940970558134,0.9262619820053245
19528940000186,112197.89,10,10,0.16559329020970034,0.10000000000000003,0.30232939318199303,0.699952289655358,6.038892027168747,0.07288143356633371,3.0839528461809905e-17,0.06559329020970031,0.07288143356633368,0.43672152283770593,0.3784243884959164
19558782000107,562145.65,5,5,0.6255243841374379,0.20000000000000004,0.7813364739191703,0.9777637699411176,1.59865870197681,0.5319054801717974,3.469446951953614e-17,0.42552438413743787,0.5319054801717974,0.39892964108607065,0.7994932073136735
19572240000199,8121650.16,9,7,0.3254065919286525,0.16049382716049382,0.5294490547226427,0.8490572068669355,3.0730784956540047,0.2129743572500946,0.020576131687242795,0.1649127647681587,0.1923982255628518,0.4316265197581217,0.9540634998876861
19578710000121,857988.67,5,5,0.26382250813619756,0.20000000000000004,0.30430316754648984,0.9954544854304427,3.790427159019173,0.07977813517024694,3.469446951953614e-17,0.06382250813619753,0.0797781351702469,0.8619552648934494,0.8898726768401835
19607632000146,3040395.58,10,9,0.3476277078309569,0.12000000000000002,0.45945883134062443,0.9315117146697075,2.8766406631955705,0.26608117130982656,0.010000000000000033,0.2276277078309569,0.25608117130982655,0.8833563588550668,0.9235742765586449
19620562000166,2038457.8099999996,164,79,0.2589393473743047,0.025356930398572286,0.4926373237030596,0.6678643498635863,3.8619082427610727,0.24943856977653933,0.012861506429323212,0.2335824169757324,0.23657706334721612,0.8922518459369484,0.8624293774581614
19724762000169,1113279.9,6,6,0.30472014927486624,0.16666666666666669,0.40421101647483265,0.9696124038527957,3.281699626295377,0.1656641791298395,3.3306690738754695e-17,0.13805348260819955,0.16566417912983947,0.8277909515968106,0.9146850630661776
19843891000176,802389.7,19,12,0.19488874968086892,0.09695290858725761,0.36191890299688545,0.7289560172569514,5.131132513485277,0.1216968178336752,0.014857718458826488,0.09793584109361131,0.10683909937484871,0.4428204079278745,0.7124566093979298
19844989000148,84939.5,8,8,0.2785422072411573,0.125,0.4520864850864439,0.8398860365318844,3.5901201828784832,0.17547680827560835,0.0,0.1535422072411573,0.17547680827560835,0.7119517364719236,0.6124024910497549
19864368000126,23802.07,8,8,0.21494089407126107,0.125,0.2825594580639415,0.8896495136767517,4.652441799504482,0.10278959322429837,0.0,0.08994089407126107,0.10278959322429837,0.7679415077324703,0.3721050694661035
19893791000154,614718.96,11,10,0.25170165719051274,0.10743801652892562,0.3744939964109778,0.8584354710646961,3.972957552850361,0.16855739687834748,0.008264462809917352,0.14426364066158712,0.16029293406843012,0.6762910474012466,0.7780397069104757
19958329000198,43119.92,10,10,0.44252867277354047,0.10000000000000003,0.5565873035014908,0.9708960498999072,2.259740580723319,0.38058741419282277,3.0839528461809905e-17,0.34252867277354043,0.3805874141928227,0.9749885691113693,0.8138101396308277
20067146000161,1936062.0900000003,39,38,0.08448219630732899,0.0269559500328731,0.14668499087237433,0.4876492829834811,11.836813479164345,0.05973847188320275,0.0006574621959237252,0.05752624627445589,0.05908100968727902,0.60945338801041,0.7716640924245975
20080606000191,184865.91999999998,12,12,0.24770195902658979,0.08333333333333334,0.3757224695606416,0.9253734814940472,4.037109774705715,0.17931122802900704,1.5139404881252137e-17,0.16436862569325644,0.179311228029007,0.9405719782559842,0.8109529604229782
20129840000166,368283.67,37,25,0.6800903123383698,0.06647187728268811,0.819197440929162,0.9432577882152635,1.4703929490800678,0.6667607420191352,0.027574872169466778,0.6136184350556817,0.6391858698496684,0.9834149584161908,0.9498247917215744
20146234000159,44969.0,5,4,0.7863388497378438,0.28,0.8833863328070448,1.0,1.2717163857965155,0.7151184663171252,0.040000000000000036,0.5063388497378438,0.6751184663171251,0.9314433254147182,0.6859535853934577
20260121000180,3364216.03,46,43,0.13556557172766806,0.024574669187145563,0.24614352723359442,0.6806281105556707,7.376504131955108,0.11498379962594588,0.0013502565487442677,0.11099090254052249,0.11363354307720161,0.47383151602579926,0.8482839721817073
20266755000140,3487008.15,178,35,0.16222216015179503,0.15471531372301478,0.28677764920050447,0.7100645749852922,6.1643859202976765,0.13758163545037722,0.1298539994207505,0.007506846428780245,0.007727636029626728,0.7281104957002765,0.8782768034193881
20267427000168,7823898.14,132,94,0.04446009349201314,0.01423324150596878,0.10496685735226098,0.31548911499504767,22.492080458167305,0.03418547084138962,0.003633598941516831,0.030226851986044356,0.03055187189987279,0.6795263259934028,0.8500161603622166
20273620000101,149334.29,8,8,0.1773211007933036,0.125,0.28928386106097936,0.7593701352850708,5.639486758914618,0.05979554376377554,0.0,0.0523211007933036,0.05979554376377554,0.5853372910506905,0.5363388714322549
20420399000177,166161.49,5,5,0.23562450793796527,0.20000000000000004,0.31475433928764124,0.9479431726328404,4.244040693183232,0.044530634922456576,3.469446951953614e-17,0.03562450793796523,0.04453063492245654,0.7416285524859307,0.5995145633515292
20477137000149,352996.23000000004,23,12,0.18573128434209688,0.10396975425330814,0.2816828950269526,0.7454915594990916,5.384122570100299,0.11170685564592388,0.022512459185427065,0.08176153008878874,0.08919439646049682,0.8283492467914815,0.5924817525581182
20516886000138,237978.25,21,21,0.10903313437434486,0.0476190476190476,0.18363022671189488,0.6115821508898397,9.171523920120347,0.06448479109306211,0.0,0.06141408675529726,0.06448479109306211,0.5854079583476312,0.5104274571452972
20918579000183,1308741.2,11,9,0.4593120598804693,0.12396694214876033,0.659030219267186,0.8814576938511602,2.177169047684571,0.391726067365528,0.014462809917355383,0.33534511773170894,0.37726325744817263,0.3998507464394866,0.8310709063997941
20940143000190,157487.36,20,19,0.2158207910572808,0.055000000000000014,0.39685724619423424,0.7793761988263693,4.633473888688467,0.17225527944935196,0.002500000000000018,0.16082079105728078,0.16975527944935193,0.5892055628020046,0.4823572957443534
20955386000100,565941.99,7,7,0.25291415664757144,0.14285714285714285,0.3705138047805925,0.9277334590423305,3.9539107389447996,0.12839984942216667,0.0,0.11005701379042859,0.12839984942216667,0.7327996111543772,0.8325596045795058
20959219000120,1704050.2000000002,15,14,0.42561481514163163,0.07555555555555556,0.6390661906556508,0.8244272498544938,2.3495422725527786,0.38143133938329554,0.00444444444444445,0.3500592595860761,0.37698689493885107,0.500933213507509,0.8802021183145934
21250048000128,213807.09,6,6,0.37614018044878644,0.16666666666666669,0.5612536048266688,0.9215784191253902,2.6585832941507705,0.25136821653854374,3.3306690738754695e-17,0.20947351378211976,0.2513682165385437,0.5557109088604526,0.7096383850489065
21260443000191,14692750.31,42,31,0.2773136529384639,0.054421768707483005,0.44154561965056627,0.8147225527852857,3.6060251249941193,0.25322410803641265,0.02290249433106577,0.22289188423098089,0.23032161370534687,0.6428238851368043,0.9574816821654298
21337238000187,149943495.70999998,15,14,0.8069946986576595,0.07555555555555556,0.8922088002986175,0.9988105523406967,1.239165513309297,0.792148137015941,0.00444444444444445,0.7314391431021039,0.7877036925714965,0.3992448696662709,0.9983276370329334
21417423000181,1311470.5699999998,27,26,0.17940090588214372,0.03978052126200274,0.3492262887759654,0.7041255984875054,5.574107862403681,0.14657694211742947,0.0013717421124828455,0.13962038462014098,0.14520520000494663,0.4870533778101375,0.7371672066527287
21611579000107,1420182.73,61,61,0.15489808361372306,0.01639344262295082,0.3637031975455722,0.5711438273862125,6.455857791589914,0.1408130516739518,0.0,0.13850464099077225,0.1408130516739518,0.4218617688021207,0.6366162101116878
21750924000185,524396.1699999999,33,24,0.07843812108781924,0.08539944903581267,0.16002977291005002,0.4394597313706543,12.748903035048494,0.03837021330902877,0.04563420768954366,-0.006961327947993437,-0.007263994380514893,0.7084907119671687,0.5830683457105196
21857115000177,1352709.0,18,18,0.11314069986309298,0.05555555555555555,0.22177718932896875,0.5803169787441349,8.83855236188268,0.060972505737392574,0.0,0.05758514430753743,0.060972505737392574,0.47369963667026105,0.7240247367545278
21857271000138,421907.05000000005,40,34,0.1091914151806664,0.035,0.23223124619510388,0.577521518068968,9.158229136836589,0.0821972156406866,0.005757575757575762,0.0741914151806664,0.07643963988311084,0.6073379883118122,0.5218808425318149
22040711000122,507662.12999999995,33,29,0.10537692876986425,0.039485766758494016,0.22652861658205625,0.5478380079286198,9.489743264238884,0.07342610479735939,0.005181686999868803,0.06589116201137024,0.06824441779749059,0.7996249594433827,0.6888520412873551
22050561000138,494187.06000000006,21,20,0.11841277385547719,0.052154195011337855,0.21611249796787477,0.5980872506050644,8.445034833999415,0.0720134461636602,0.0022675736961451074,0.06625857884413933,0.0697458724675151,0.5139953295026765,0.5911802845388285
22224976000180,298236.39999999997,25,23,0.223727958079377,0.04639999999999998,0.3852310449026343,0.8097063939881248,4.46971406070406,0.18844286526480322,0.003054545454545438,0.177327958079377,0.18538831981025777,0.6815612189170139,0.6748470530089752
22228688000102,2125793.24,10,10,0.23316150714304368,0.10000000000000003,0.38020630830494123,0.8586394789739759,4.288872602742716,0.14795723015893741,3.0839528461809905e-17,0.13316150714304364,0.1479572301589374,0.5072659086355503,0.8926938576849408
22236244000100,1112211.1800000002,9,9,0.25147529317217837,0.1111111111111111,0.3389644042240252,0.8857327616505347,3.9765337874179427,0.15790970481870067,0.0,0.14036418206106727,0.15790970481870067,0.5636839903315665,0.8670480697065953
22257307000105,1902091.75,19,13,0.6349110047471371,0.14127423822714683,0.7886054918223582,0.9435663132443532,1.5750238892114732,0.6044869218093986,0.06971375807940905,0.49363676651999033,0.5347731637299895,0.40080585696185456,0.8871426207169644
22310261000140,4133448.95,33,32,0.10599818164276259,0.03213957759412306,0.1862851118555607,0.5545006186661625,9.434124100073925,0.07715941330865815,0.0009182736455463833,0.07385860404863953,0.07624113966311177,0.501188710504677,0.8626553215914213
22405608000139,4920996.4,16,15,0.21040328776028897,0.0703125,0.36562880639376205,0.7921074764452175,4.752777442999338,0.15400352260030958,0.003906250000000001,0.14009078776028897,0.15009727260030958,0.6121948829718763,0.9099705998206268
22431861000167,299890.56,5,4,0.6611812721440498,0.28,0.8007006289227644,1.0,1.512444532430938,0.5482416961920663,0.040000000000000036,0.38118127214404973,0.5082416961920663,0.9246626348650755,0.8645792018086412
22604896000150,1879630.6500000001,621,141,0.05539159807346463,0.02550817988751196,0.1330048539057394,0.4220477783760337,18.053279464400404,0.0486443952025608,0.018547524029565617,0.029883418185952672,0.030096871172995185,0.5021526548330616,0.6092392029793129
22794608000178,2297867.48,10,10,0.32007609383208263,0.10000000000000003,0.4386675945298638,0.9467817526187366,3.124257072834115,0.24452899314675847,3.0839528461809905e-17,0.2200760938320826,0.24452899314675844,0.40878451586431563,0.8963922161816691
22859490000119,20772.2,9,6,0.30858146877984505,0.18518518518518517,0.49392938639142697,0.9022732305677781,3.240635297881228,0.17029776253581405,0.02222222222222222,0.12339628359465987,0.14807554031359182,0.39892964108607054,0.2092597310595789
22936439000163,1925875.6099999999,34,29,0.12668035250789628,0.03806228373702422,0.23978521645019432,0.6424672723281438,7.893883938613667,0.095490365097464,0.0037073652990608015,0.08861806877087205,0.0917829997984032,0.6750253458923695,0.7764930930826425
22988000000184,1261987.44,9,9,0.46960101526622,0.1111111111111111,0.6272645629500084,0.9640152203099581,2.1294672871034854,0.40330114217449753,0.0,0.3584899041551089,0.40330114217449753,0.4047070773074458,0.8626956701191332
23109604000176,1095197.28,5,4,0.4939072225422291,0.28,0.6391542535606005,0.9999999999999999,2.0246717487807135,0.32520963005630543,0.040000000000000036,0.21390722254222905,0.2852096300563054,0.5545330476333988,0.9161990602886014
23278690000140,3065172.38,40,40,0.23604182604981083,0.025000000000000005,0.4443665253175745,0.7138260850438696,4.236537298220082,0.21645315492288292,3.5584071302088355e-18,0.21104182604981084,0.21645315492288292,0.8505624148077301,0.8799927145365972
23283347000194,8829663.88,13,12,0.11289438558197448,0.08875739644970415,0.198864466854428,0.5718449432075098,8.857836418037666,0.03224842063488126,0.005917159763313625,0.02413698913227033,0.026331260871567633,0.39892964108607065,0.9238283029025788
23441261000142,599410.8,8,7,0.5774963848903005,0.15625,0.7507372239539227,0.936759898220052,1.7316125713755888,0.5070791157053506,0.015625000000000007,0.42124638489030053,0.4914541157053506,0.8548501203524327,0.8915971442123788
23535271000147,7305284.36,7,7,0.41622967817549195,0.14285714285714285,0.46033822015382847,0.9854409445603017,2.4025196962970456,0.3189346245380739,0.0,0.2733725353183491,0.3189346245380739,0.9227554821721542,0.9843851044141276
23681516000144,27808.61,6,6,0.3128299181231263,0.16666666666666669,0.485461157533584,0.9535248255845941,3.1966252013223726,0.1753959017477516,3.3306690738754695e-17,0.14616325145645964,0.17539590174775158,0.6947741721452589,0.41375283560431597
23782816000110,6884171.8,7,7,0.8875764272114557,0.14285714285714285,0.9412896987841006,0.9970640186521783,1.12666354056039,0.8688391650800317,0.0,0.7447192843543129,0.8688391650800317,0.9175692746574997,0.9865389836375931
23802507000164,1373259.05,6,6,0.8774243390374595,0.16666666666666669,0.9353747204505952,0.9945895131730608,1.1396994082669358,0.8529092068449514,3.3306690738754695e-17,0.7107576723707929,0.8529092068449514,0.9176255982517253,0.9687686129364653
23848604000198,713089.7,138,35,0.5010282316694866,0.10670027305187987,0.7016372554532762,0.8346996037104449,1.9958955140469412,0.4863525914244715,0.08042675167105282,0.3943279586176067,0.40592583975341867,0.7968977796741193,0.7795757849640645
23848859000150,673924.07,59,32,0.5731202484571993,0.0571674806090204,0.7427396086327649,0.9381918945260406,1.744834531133618,0.5593499338913025,0.026753528370601708,0.5159527678481789,0.5325964055207008,0.836272374568599,0.8759428549714154
23982047000101,3576826.12,16,12,0.4649968682360472,0.09375,0.64582395746987,0.9293262262354537,2.1505521183260274,0.4163602198938697,0.01136363636363637,0.3712468682360472,0.4049965835302333,0.4034695937576196,0.9123978050231946
24005595000136,23102.0,5,3,0.373899106514049,0.3600000000000001,0.4976192537442646,1.0,2.6745182927106717,0.06084865977107353,0.04000000000000017,0.013899106514048909,0.020848659771073363,0.9687745942808269,0.8937627765716827
24073730000180,918094.6,23,18,0.11022422313537528,0.06994328922495274,0.2424151062428643,0.5012827654143702,9.072415949548759,0.05788447155510324,0.015234070944067613,0.040280933910422534,0.04265040061103563,0.4055138401029519,0.6465778875829122
24089583000137,230786.44,7,7,0.20753758004066777,0.14285714285714285,0.33472503843813356,0.8041479386743866,4.818404453805649,0.07546051004744574,0.0,0.06468043718352492,0.07546051004744574,0.7903344716531409,0.6295181935368075
24121284000132,702757.6,7,7,0.6611692773370951,0.14285714285714285,0.8068642729726438,0.9643154339419454,1.5124719709112453,0.6046974902266108,0.0,0.5183121344799522,0.6046974902266108,0.9246970116777148,0.9030167982342385
24513574000121,36237694.46,163,134,0.013270792416158115,0.009823478489969513,0.040296596451848334,0.1444530571827113,75.35345054319667,0.0058517758177833645,0.002378542238014397,0.003447313926188602,0.0034732335797689677,0.43959728522333086,0.8577802372878017
24767074000116,61013.48,16,13,0.9289495192390355,0.0859375,0.9637214595856521,0.9849266096606847,1.0764847597091893,0.9230286458422883,0.009765624999999995,0.8430120192390355,0.9132630208422883,0.9608766473452804,0.859430813869459
24810277000148,4545460.16,63,59,0.13519284685343963,0.017888636936255975,0.31569961004784164,0.6139991907881995,7.396841055385747,0.12028237869574031,0.0009556824006741815,0.11730420991718365,0.11932669629506612,0.7856326268307832,0.8752372403332287
24811911000167,145828.1,11,10,0.35535263671455863,0.10743801652892562,0.5101897370945654,0.9496043629451387,2.8141060363181216,0.28372515190506514,0.008264462809917352,0.247914620185633,0.2754606890951478,0.638114517451678,0.6142424087165845
24996845000147,6513261.7700000005,23,20,0.3542567661860013,0.05860113421550093,0.4426993450932651,0.9490508654928513,2.822811292402961,0.3202702801957909,0.009053825490000975,0.2956556319705004,0.3112164547057899,0.4095511071097389,0.9420725422865457
25107871000130,3355014.23,19,19,0.08613670806032488,0.05263157894736842,0.1734308262531572,0.4824099121630253,11.609452259304607,0.03536652517478737,0.0,0.03350512911295646,0.03536652517478737,0.5116651615544002,0.8117999509154816
25141524000123,8429588.34,46,42,0.07155189096681332,0.025519848771266545,0.16941668351980282,0.41840286354956213,13.97587102853526,0.048906815136735594,0.0017520402047120718,0.04603204219554677,0.047154774932023524,0.8893811370663053,0.9150581967516134
25269069000146,841173.0099999999,17,14,0.46292747771952664,0.07958477508650517,0.6617469811590839,0.9169291344713971,2.1601655726426094,0.4216142067748748,0.008783603939313269,0.38334270263302145,0.41283060283556156,0.9303397960658721,0.8981713776939693
25769548000121,180070711.32,282,145,0.1799186620783271,0.01224787485538957,0.35155978368686996,0.6850550033691065,5.558067120155956,0.1742236527872044,0.005388485097440887,0.16767078722293755,0.1688351676897635,0.6394049643182237,0.9808318312934415
25838855000117,10657764.450000001,23,20,0.26895308874670637,0.0661625708884688,0.4108358878207333,0.8145549463705777,3.718120526742774,0.23047693552284884,0.017013232514177686,0.20279051785823757,0.21346370300867115,0.40439047209234336,0.9424839342499896
25947276000102,2039260.96,14,14,0.5805242036393404,0.07142857142857142,0.7412096978505389,0.9651127730116502,1.7225810633405827,0.5482568346885205,0.0,0.509095632210769,0.5482568346885205,0.5043991174887675,0.9081029868227809
26063838000118,1436841.27,62,50,0.0549063664920604,0.02289281997918835,0.15311364212137363,0.3820881342028824,18.212824193066982,0.03561874131842898,0.002951857121620765,0.03201354651287205,0.032666884196808216,0.40525643054938587,0.5589194762340733
26141515000103,285620.11,17,17,0.6506331271162801,0.058823529411764705,0.80176427353102,0.9329093109025133,1.5369644709487436,0.6287976975610475,0.0,0.5918095977045154,0.6287976975610475,0.7675317301330091,0.7338197151853029
26643419000155,58583.2,8,5,0.48940430395486395,0.3125,0.670840787119857,0.9720363517185815,2.0433003795001903,0.3617553799435799,0.14062499999999997,0.17690430395486395,0.22113037994357995,0.39892964108607065,0.4228391367442646
26938926000116,37075853.58,87,72,0.3163655203706831,0.017571673933148374,0.41266750519948514,0.973547527964965,3.1609007164507292,0.30673686572801667,0.0037346552561504645,0.2987938464375347,0.3030022104718662,0.49940696461341594,0.983524478017425
26981455000129,15740.84,6,6,0.5998311087396389,0.16666666666666669,0.7242307272038849,0.9998729419776835,1.6671359411504905,0.5197973304875666,3.3306690738754695e-17,0.43316444207297217,0.5197973304875666,0.9592132380392353,0.7203477357242998
27108141000189,10932926.749999998,57,52,0.25075670069588374,0.020621729763004006,0.4755952490032003,0.6920971303498398,3.987929324420304,0.23606565561148932,0.001418234268160946,0.23013497093287974,0.23464742134332836,0.8079389129366469,0.9301164830307448
27142702001138,2861040.0,123,82,0.04412924822704681,0.01685504659924648,0.15379023012610799,0.31631854150938116,22.66070781117681,0.032328374748368374,0.004717454581953227,0.027274201627800327,0.027610920166415146,0.4887960896164557,0.6230460550272628
27142702001480,244088.15,9,9,0.38120567024993135,0.1111111111111111,0.5325944745781391,0.9714261015948542,2.623255838100116,0.3038563790311728,0.0,0.27009455913882024,0.3038563790311728,0.5657850263663494,0.752982574735935
27452374000102,107247.31999999999,5,5,0.24026918945128428,0.20000000000000004,0.277168324579113,0.9668056973358401,4.161998474643187,0.05033648681410534,3.469446951953614e-17,0.04026918945128424,0.050336486814105304,0.8393139325646631,0.6902608068068262
27562511000153,826269.0999999999,12,10,0.2746894298020611,0.11111111111111112,0.47926274866142277,0.7647525969445063,3.640474992869553,0.19409936644673456,0.012345679012345682,0.16357831869095002,0.18175368743438888,0.871479569694237,0.8933280793257261
27600799000103,294463.36,10,7,0.2600557162756273,0.18000000000000005,0.4222364371580899,0.867453118785305,3.845329817476968,0.13673166898823183,0.0433333333333334,0.08005571627562724,0.09339833565489844,0.4300073334500314,0.6144625436310029
27611852000171,88227.71399999999,163,65,0.04560703398955445,0.03150287929541948,0.11884814333963137,0.34754171461361905,21.926442316530245,0.030694643895641235,0.016370111784410404,0.014104154694134972,0.014324532111230831,0.9975505771598341,0.9029222933402733
27744234000108,487607.07999999996,7,7,0.2284896366273495,0.14285714285714285,0.38195589776916283,0.7921222144682559,4.3765661093458235,0.09990457606524109,0.0,0.08563249377020665,0.09990457606524109,0.4474598409369339,0.6919903929425197
27780220000131,5401124.87,25,24,0.19143390174888592,0.0432,0.3211395851323837,0.7665690202789183,5.223735142335204,0.15627885399883748,0.0016000000000000046,0.1482339017488859,0.15467885399883746,0.5590772410186557,0.9018906281984588
27834977000160,7544694.790000001,25,24,0.38922965737523335,0.0432,0.4537642549222326,0.9334718826975902,2.5691772994470434,0.3626744250872,0.0016000000000000046,0.34602965737523333,0.3610744250872,0.4398258763352597,0.942416017074101
27993108000189,6292695.109999999,15,15,0.13641958144561375,0.06666666666666667,0.26856521259298705,0.6078475014499788,7.330325964961775,0.07473526583458616,0.0,0.06975291477894709,0.07473526583458616,0.5014844852668625,0.9102280163591708
27998368000147,2311158.24,9,9,0.3670085636771566,0.1111111111111111,0.4398518727129649,0.9056467029276195,2.724732060692899,0.2878846341368012,0.0,0.2558974525660455,0.2878846341368012,0.8785456506127391,0.9252275085033584
28052214000120,112351.51000000001,11,11,0.5143924290984165,0.09090909090909091,0.7037033147129041,0.9325564916751008,1.9440410539336965,0.46583167200825815,0.0,0.4234833381893256,0.46583167200825815,0.5303995364686344,0.653178836650541
28164691000188,75928002.86999999,36,20,0.3110788892034577,0.08179012345679014,0.5314900838244582,0.7717921517089417,3.2146186536816423,0.27481988337206076,0.03346328784925278,0.22928876574666757,0.24135659552280797,0.7575248395721701,0.9868282892288052
28199862000104,362484.77,18,18,0.28452428779233396,0.05555555555555555,0.5032072381965178,0.7684514855617243,3.5146384435548472,0.24243748119188302,0.0,0.2289687322367784,0.24243748119188302,0.6534175909321894,0.7622270478550678
28543098000142,701886.3,16,13,0.6211895858114724,0.09375,0.7807532359585876,0.9440859580818147,1.6098144959942944,0.5896220512957618,0.01822916666666666,0.5274395858114724,0.5713928846290952,0.4530320326718149,0.8253633642720385
28546334000184,731988.9491999999,5,4,0.41636590937159845,0.28,0.5488342965273826,1.0000000000000002,2.4017336133720772,0.2218212124954646,0.040000000000000036,0.13636590937159843,0.18182121249546457,0.8884696302004633,0.9325514341499889
28550176000136,5985672.06,39,28,0.3952693821919004,0.044049967126890195,0.6179654185732321,0.7651004221571069,2.52992021404407,0.3728719519027115,0.008644410353812056,0.3512194150650102,0.3642275415488994,0.40006002246015204,0.8790023154922078
28553049000190,35948797.470000006,14,14,0.26089397468720565,0.07142857142857142,0.44744264431719255,0.8577350687664046,3.832974683293981,0.20403966504775994,0.0,0.18946540325863423,0.20403966504775994,0.4020916480819648,0.979645638578681
28650418000163,110746.20999999999,6,6,0.22664718722378074,0.16666666666666669,0.25283032259072347,0.9390137143293664,4.412143879873732,0.0719766246685369,3.3306690738754695e-17,0.05998052055711406,0.07197662466853687,0.5096030837544007,0.48332558395932107
28725566000108,2663413.9,23,22,0.12896131037913455,0.04725897920604913,0.2440476863171736,0.6089928418560855,7.754263639692329,0.08748327754004571,0.001890359168241943,0.08170233117308542,0.08559291837180377,0.45512219900357836,0.8268069553172164
28736680000125,827994.5499999999,25,18,0.5336686943256143,0.0624,0.7246424508470497,0.851173404462626,1.8738217374052242,0.5062374410506504,0.007247058823529412,0.47126869432561425,0.498990382227121,0.4657190081491208,0.8080680300959608
28841729000100,3189492.13,24,24,0.17072277816306697,0.041666666666666664,0.2978530628950008,0.7515303071150704,5.857449197814971,0.1346672467788525,0.0,0.1290561114964003,0.1346672467788525,0.5664123635569197,0.8650567124188401
28842189000189,1931557.1199999999,11,10,0.35445845538811677,0.10743801652892562,0.5232423051511932,0.9191677955658903,2.821205094134496,0.28273161709790745,0.008264462809917352,0.24702043885919114,0.2744671542879901,0.4460842321279645,0.8947419051667037
28842205000133,1538531.538,10,8,0.2527267828262349,0.14,0.33835648938124013,0.885160365168933,3.956842202543927,0.1459734660871256,0.017142857142857158,0.11272678282623488,0.12883060894426845,0.4096729482697005,0.8378416395836628
28875494000177,57424483.410000004,34,30,0.41500635739413116,0.03633217993079585,0.6225198012625883,0.8873380289064405,2.4096016414763035,0.394834162821515,0.003102255100823293,0.3786741774633353,0.3917319077206917,0.48926911647382,0.9833448894254262
28983143000180,840482.4,12,10,0.3073525653472489,0.11111111111111112,0.5221820230857899,0.7799501809912974,3.2535924952186215,0.230391739274721,0.012345679012345682,0.1962414542361378,0.21804606026237533,0.5158774040089252,0.7576290983311958
28997560000181,4194665.5600000005,28,19,0.18833408605671775,0.0816326530612245,0.34335246502941696,0.7126508555308995,5.309713291617562,0.14324153528209096,0.030612244897959193,0.10670143299549326,0.11262929038413177,0.6794019363659838,0.9086025118366532
29053402000136,3077579.71,6,5,0.6851610701145728,0.22222222222222227,0.820581933846971,0.9969110791934614,1.459510826896192,0.606451337643216,0.027777777777777818,0.46293884789235057,0.5786735598654382,0.48711235854486945,0.9514645395655285
29063294000182,13462741.17,17,17,0.2021164393870784,0.058823529411764705,0.29993891652601684,0.835642497166125,4.947643066702131,0.15224871684877078,0.0,0.1432929099753137,0.15224871684877078,0.6212821059195338,0.9527728983969921
29112760000172,12909778.979999999,67,46,0.18560217486786526,0.03497438182223214,0.37111394295923106,0.677184634496353,5.3878678992416145,0.16750444542048448,0.013529368084948413,0.15062779304563312,0.15397507733553606,0.5435358570557338,0.9345628274834157
29355454000167,8834408.57,48,42,0.1838821416741981,0.02777777777777778,0.290656321773445,0.7398929286785296,5.438266005035972,0.16397682805649563,0.004065040650406507,0.15610436389642032,0.15991178740608913,0.574988291747465,0.9097173373445067
29505936000156,783712.0,7,7,0.22751402004666985,0.14285714285714285,0.3814602813278347,0.8237579621085297,4.395333526236627,0.09876635672111482,0.0,0.084656877189527,0.09876635672111482,0.3989296410860706,0.741086757560592
29578965000148,318500.15,5,5,0.25242170674568776,0.20000000000000004,0.28257443520827225,0.999999529042608,3.9616244295800187,0.06552713343210968,3.469446951953614e-17,0.05242170674568772,0.06552713343210964,0.5178941015809849,0.6759330800055472
29937718000190,749007.0900000001,71,51,0.05477821570787031,0.027177147391390596,0.12667570343025725,0.3630393538731389,18.255432147205266,0.035873780022027714,0.007720690339218408,0.027601068316479713,0.028153089682809305,0.6277618796027625,0.5010093356412425
29957183000110,9.0,9,9,0.1111111111111111,0.1111111111111111,0.1111111111111111,0.4444444444444444,9.0,0.0,0.0,0.0,0.0,0.4490488426266891,0.023793936815000298
30024283000172,3772280.37,7,7,0.24687696493872122,0.14285714285714285,0.38367773814224737,0.9205000687687486,4.050600671667427,0.12135645909517476,0.0,0.10401982208157837,0.12135645909517476,0.3989296410860706,0.9140836651993828
30078127000194,286770.0,7,6,0.2885969211566728,0.18367346938775508,0.43937650381839105,0.9345468493914983,3.46504043075748,0.14631630538800736,0.02040816326530611,0.10492345176891771,0.12590814212270124,0.39892964108607065,0.6244236280434246
30391653000100,20636094.12,11,10,0.24142192844494673,0.10743801652892562,0.40962208986086945,0.8455676717954415,4.142125806223263,0.1571354760499408,0.008264462809917352,0.1339839119160211,0.14887101324002344,0.7349947194743396,0.9786721951796753
30465693000159,1735747.0,20,20,0.1062216907951556,0.05000000000000002,0.20164229003420428,0.568055137067787,9.414273040790333,0.05918072715279537,1.460819769243627e-17,0.056221690795155585,0.059180727152795355,0.5144127740800021,0.7426973799765407
30497215000120,3456674.27,7,6,0.3428341218165982,0.18367346938775508,0.41296919770227586,0.9818452202613814,2.9168625185300483,0.21140094617991786,0.02040816326530611,0.15916065242884314,0.19099278291461175,0.8765690157888858,0.9637524057489186
30499841000156,5664257.1,13,13,0.2597285393199414,0.07692307692307694,0.45945103727724507,0.7598279039982136,3.850173733769665,0.1980392509299365,1.5034270125132327e-17,0.18280546239686446,0.19803925092993646,0.3989296410860706,0.9040288527931568
30543746000102,1133056.82,6,6,0.5268475726443008,0.16666666666666669,0.7128543650617627,0.9177093342944619,1.898082200475746,0.432217087173161,3.3306690738754695e-17,0.36018090597763414,0.43221708717316093,0.8113955754614558,0.8855685056366287
30597659000138,122258.25,7,7,0.2629542928380013,0.14285714285714285,0.34469371187629466,0.9545797522866555,3.8029422878297394,0.14011334164433487,0.0,0.12009714998085846,0.14011334164433487,0.6740326534713008,0.5234932647692273
30613786000183,3428172.7699999996,12,12,0.5648059779479148,0.08333333333333334,0.7436906396056581,0.9081191873535593,1.7705195041193738,0.5252428850340889,1.5139404881252137e-17,0.4814726446145814,0.5252428850340889,0.7883010361868031,0.9221831354326616
30629684000156,740299.5,7,7,0.424116885374814,0.14285714285714285,0.6316457055556569,0.8631871289930629,2.357840572926608,0.3281363662706163,0.0,0.28125974251767116,0.3281363662706163,0.39892964108607065,0.7690132257557266
30638611000120,5426057.73,48,24,0.2599082895684482,0.059895833333333336,0.34259495429290243,0.8766533175090269,3.84751098805044,0.22773038911490245,0.019021739130434787,0.20001245623511485,0.20870864998446767,0.7444310437255244,0.9411926672420832
30649011000168,8118.099999999999,12,11,0.2139197743682739,0.09722222222222224,0.37570367450511816,0.7509515773395252,4.6746496575788665,0.13531175180510127,0.006944444444444459,0.11669755214605165,0.12836730736065682,0.991074091114176,0.8920095982745395
30695182000123,359660.86,19,10,0.29009962031567577,0.1412742382271468,0.43036375990426096,0.939691074530601,3.447091722877254,0.21122180035075083,0.045860264696829765,0.14882538208852897,0.16536153565392106,0.5437298954025378,0.6971857675595199
30704185000186,7185906.5,12,12,0.5169865100701169,0.08333333333333334,0.6965022436626471,0.930940323256363,1.934286447560061,0.4730761928037639,1.5139404881252137e-17,0.4336531767367835,0.4730761928037639,0.44108903352439954,0.9530767666248519
30714308000160,11676840.44,5,5,0.4825393915454775,0.20000000000000004,0.516752286802679,0.9964488818518105,2.0723696707893615,0.35317423943184684,3.469446951953614e-17,0.28253939154547747,0.3531742394318468,0.39892964108607065,0.9814842840723559
30746268000138,631162.03,10,10,0.18578096625811216,0.10000000000000003,0.37074473570598027,0.6568836214688009,5.382682737319087,0.09531218473123573,3.0839528461809905e-17,0.08578096625811213,0.0953121847312357,0.5060621076507307,0.6847956350972035
30747548000160,2708621.4,139,79,0.1373762582629966,0.01858081879819885,0.2638612247544083,0.6748710469466128,7.279278185649623,0.1263169795227786,0.005998521603303963,0.11879543946479774,0.12031845791947463,0.8068544208099409,0.9127590696508954
30753960000193,1742221.0400000003,86,61,0.11146881259697938,0.023526230394807997,0.22745822194869142,0.5740439456522692,8.971119156131554,0.09665995947359571,0.007251667568054797,0.08794258220217138,0.08940829190554091,0.7083622881404281,0.8304285140194381
30753994000188,19771310.05,26,23,0.12727733456638723,0.050295857988165694,0.20750985896354399,0.622258238269851,7.85685843757519,0.08760812250122302,0.007127487896718682,0.07698147657822155,0.08048063460450433,0.6529554660364288,0.9589082002740933
30755320000112,1342190.2,9,9,0.2451394860118811,0.1111111111111111,0.4004635110582688,0.8586534158869584,4.079310176702962,0.15078192176336624,0.0,0.13402837490077,0.15078192176336624,0.3989296410860706,0.8080444216354236
30773502000116,4184134.71,51,48,0.1377393403465063,0.024221453287197235,0.26289784537075767,0.6501550759105459,7.260089945866831,0.1193933688645171,0.0034602076124567523,0.11351788705930907,0.11593316125206034,0.6947094061927097,0.8554529036145716
30784957000137,5734845.7299999995,22,20,0.23862805415812274,0.05371900826446281,0.42129698229912105,0.8196686399792658,4.190622110748836,0.19855584648223445,0.003914745541539799,0.18490904589365992,0.19464110094069464,0.791478177308717,0.9253298430847211
30899445000116,11461167.34,15,13,0.30588252004290223,0.08444444444444445,0.49427539376630375,0.8900782614347554,3.269228983270253,0.24803939671314407,0.008148148148148146,0.2214380755984578,0.2398912485649959,0.47810048157900314,0.9555303608041933
30920620000100,1391689.65,8,8,0.5107144603206133,0.125,0.646695906662811,0.9797447656523134,1.9580412886140446,0.44081652608070093,0.0,0.3857144603206133,0.44081652608070093,0.5816800192740943,0.9217903456405063
30935256000151,520998.30000000005,8,7,0.17927974463623306,0.15625,0.22986247747833344,0.7793893953204839,5.577874968692345,0.042493035408938576,0.015625000000000007,0.023029744636233057,0.02686803540893857,0.5547308543171033,0.6897062920449752
30957190000109,371965.74,10,10,0.13410086933876011,0.10000000000000003,0.2544016553782614,0.6061437002235743,7.45707320862955,0.037889854820844567,3.0839528461809905e-17,0.03410086933876008,0.03788985482084454,0.7291275322386342,0.6298171731724072
30985841000166,2610331.9,16,15,0.4408648984539107,0.0703125,0.6505290763982924,0.8654442754961542,2.2682685863786065,0.4009266769149043,0.003906250000000001,0.3705523984539107,0.3970204269149043,0.40543521379961384,0.8632413523567568
31010615000122,7017728.290000001,43,38,0.06443679628469927,0.029745808545159548,0.1885225453777151,0.3685803372703676,15.519083158351455,0.03915130429239384,0.003522722289623321,0.03469098773953972,0.035628582002770526,0.4806330838625157,0.8273671321960162
31015782000166,4848893.6,6,6,0.673153055672089,0.16666666666666669,0.8081988022999722,0.9967260572597428,1.4855462536697255,0.6077836668065069,3.3306690738754695e-17,0.5064863890054223,0.6077836668065069,0.39892964108607065,0.9576218164895278
31030781000190,2156157.4,11,10,0.15749932988948345,0.10743801652892562,0.20231964512423817,0.747054459011202,6.349233363098722,0.06388814432164827,0.008264462809917352,0.05006131336055783,0.055623681511730916,0.40770964709357455,0.8404428615157159
31030892000105,432366.054,233,56,0.07043503630236614,0.05406251726869163,0.15803285056231542,0.4393395555516946,14.19747972737833,0.053533855144227344,0.036863653946304205,0.01637251903367451,0.01667020119792314,0.9774658459865044,0.8893391574283321
31049535000180,125937.27,16,14,0.28238580490803566,0.078125,0.4764276691085967,0.83600255905182,3.541254491618901,0.22718471297788456,0.007211538461538465,0.20426080490803566,0.2199731745163461,0.9892391087179334,0.8977145201153377
31178434000100,4511182.52,19,18,0.1464668708512404,0.05817174515235456,0.2982665285730891,0.6287832530438161,6.827482516613968,0.09625903972484279,0.0027700831024930705,0.08829512569888584,0.09348895662234971,0.46226410788339967,0.8650407343653197
31294097000116,1576150.81,17,14,0.1638476146264833,0.07958477508650517,0.3058126652233234,0.7165576243303773,6.103231971241443,0.09952820036698203,0.008783603939313269,0.08426283953997814,0.09074459642766876,0.7281293480062466,0.8084701067658058
31417180000135,25119.16,17,7,0.22633295975453785,0.3217993079584775,0.30363356099487404,0.875434528861634,4.41826944287972,0.09738845304696082,0.20876585928489041,-0.09546634820393965,-0.11137740623792959,0.4452914927316608,0.21366647966416713
31442430000197,3624336.2199999997,11,9,0.28022161310545135,0.12396694214876033,0.36700353368430044,0.9204012203922959,3.568604109147305,0.1902493147436328,0.014462809917355383,0.15625467095669102,0.17578650482627742,0.7377635415542336,0.9452280423347746
31724255000120,670561.3700000001,31,27,0.0689780950775965,0.04058272632674296,0.10293435185507331,0.38397690579760063,14.497355992145852,0.03316956027288868,0.003682061954694613,0.028395368750853543,0.029487498318194066,0.6484938840000541,0.647274567446987
32001836000105,8464439.69,140,56,0.07472059240084225,0.03336734693877551,0.19109852148996764,0.4597098133497364,13.383191538892671,0.05789733044449393,0.01579220779220779,0.04135324546206674,0.04210512265228614,0.5849373293171777,0.8503856130207746
32257384000119,3620725.02,6,6,0.6232719869112642,0.16666666666666669,0.7817528214280133,0.9501002150116331,1.6044359781925688,0.547926384293517,3.3306690738754695e-17,0.4566053202445975,0.547926384293517,0.4789747908726969,0.9539210762299659
32370759000152,24985894.290000003,73,69,0.1772550967919538,0.015950459748545687,0.33618968776962677,0.7587937329738859,5.6415867193579805,0.1651559070388943,0.0014791429801419473,0.1613046370434081,0.16367676405875234,0.7259246447142608,0.9481427453353757
32402447000183,141710.6,9,8,0.25858322969747066,0.13580246913580246,0.34930343954510107,0.917387972388798,3.867226815791378,0.15266654822568076,0.01234567901234567,0.1227807605616682,0.1403208692133351,0.6323220141434673,0.5749478357242538
32467800000103,5955.669999999999,8,5,0.2623069953173812,0.25,0.3358144423717231,0.9922426863812133,3.812326845458464,0.07788374414672651,0.062499999999999986,0.01230699531738122,0.015383744146726525,0.9753963571453252,0.7765924502412566
32504706000187,7524499.67,192,145,0.0692053096305302,0.009440104166666666,0.20894245052176338,0.41353616007268695,14.44975833991278,0.06274145761407555,0.002561216001157407,0.05976520546386354,0.06018024161291815,0.6858916887193459,0.8055585711081498
32531313000162,33206936.869999997,30,20,0.2849184807437279,0.10222222222222219,0.42277742523982464,0.8743705974347522,3.5097758397057355,0.24728261130918727,0.054970760233918094,0.1826962585215057,0.19231185107526919,0.6548958260316564,0.9799711492717076
32538167000105,83430.5,8,6,0.392866705586286,0.1875,0.4506745135172389,0.9801751158149599,2.5453925868003293,0.2714400467035432,0.02500000000000001,0.205366705586286,0.2464400467035432,0.6419402989076881,0.539520316865403
32556060000181,5967049.46,5,5,0.9543321261291212,0.20000000000000004,0.97677139079722,0.9985475065929821,1.0478532291018148,0.9429151576614014,3.469446951953614e-17,0.7543321261291211,0.9429151576614014,0.841959612399153,0.9801609981738287
32557811000184,125348.19,9,9,0.16574375400792143,0.1111111111111111,0.2951777764002815,0.6820361745949424,6.033409862022353,0.061461723258911624,0.0,0.05463264289681033,0.061461723258911624,0.40777751540853885,0.39315445169565244
32579624000100,15092.29,36,30,0.1107478600975131,0.038580246913580266,0.19109492330189787,0.5975541153794421,9.029519840108003,0.08008399320432388,0.0054278416347382065,0.07216761318393283,0.07465615156958567,0.9950571133951653,0.8473694280707986
32988237000119,154287.6,7,6,0.3693736627983596,0.18367346938775508,0.5444377902047863,0.9611919558020217,2.7072856045665015,0.2432483953580315,0.02040816326530611,0.1857001934106045,0.22284023209272538,0.45567959932877644,0.5857914979222114
33002067000114,47338.8,14,12,0.1309552073380574,0.10204081632653063,0.22391780104269646,0.6252798972513034,7.636198821926389,0.05195113527788081,0.020408163265306145,0.028914391011526777,0.031542972012574666,0.7275989270407419,0.411977391349758
33098125000155,315527.20999999996,15,13,0.11350895228304693,0.09333333333333335,0.19015792647486723,0.5558925013154967,8.809877810398524,0.039634698306634165,0.01777777777777779,0.020175618949713578,0.021856920528856374,0.4851139588319243,0.5173864235184956
33103241000115,43000.0,12,12,0.09437533802055165,0.08333333333333334,0.1511627906976744,0.4418604651162791,10.595988538681949,0.012045823295147256,1.5139404881252137e-17,0.011042004687218304,0.01204582329514724,0.46187003371847524,0.17692550991629186
33318128000157,106404.08,6,5,0.8199061303297437,0.22222222222222227,0.9041006698239391,0.9885429205346262,1.219651815016711,0.7748826629121797,0.027777777777777818,0.5976839081075214,0.7471048851344019,0.8602251743933973,0.731500207445223
33840043000134,7604600.680000002,66,60,0.8631907715376059,0.018365472910927463,0.9289011083222322,0.951299772915887,1.1584924595737918,0.8608719710551924,0.0017275995704347082,0.8448252986266784,0.8591443714847578,0.8950496708803037,0.9568577304657434
34481804000171,659498.5700000001,5,5,0.4909269321785254,0.20000000000000004,0.5194709823252536,0.9999999848369648,2.036963007025148,0.3636586652231567,3.469446951953614e-17,0.2909269321785254,0.36365866522315665,0.7038886632532289,0.8900257200883122
34550730000188,334226.19999999995,37,30,0.08479239843292859,0.03725346968590214,0.2154229680378139,0.45489072969144845,11.793510013648303,0.053233515620270955,0.004055313468174626,0.04753892874702645,0.049178202152096326,0.5609930433667819,0.5263853464675435
34833539000143,1421678.04,25,19,0.13050149880960077,0.06239999999999999,0.26883723968895235,0.6267190917572307,7.662747241385949,0.08219602652124526,0.010311111111111102,0.06810149880960079,0.07188491541013416,0.6135259613090109,0.7664831121128016
34906284000100,11446080.2,10,10,0.7281394269740802,0.10000000000000003,0.8475295498977895,0.9920119527032495,1.3733633462971335,0.6979326966378668,3.0839528461809905e-17,0.6281394269740801,0.6979326966378668,0.4457427466910883,0.9838648073211396
35001011000170,70352.54999999999,11,9,0.2185692999647847,0.12396694214876033,0.3411390205472296,0.8638435991303797,4.575207955376704,0.12089046246038279,0.014462809917355383,0.09460235781602436,0.10642765254302741,0.6420210725510124,0.48485552424050743
35182004000112,155118.85,9,9,0.25650862005878794,0.1111111111111111,0.3405130968931242,0.9458553876592044,3.8985044626212364,0.16357219756613645,0.0,0.14539750894767683,0.16357219756613645,0.42038818230469127,0.5073663669613898
35250517000113,230220.4,8,4,0.37871628170415533,0.34375,0.5390985334053803,1.0,2.640499097372258,0.17162170893887377,0.125,0.03496628170415533,0.04662170893887377,0.42606748924019044,0.6402501404010443
35306813000199,103198.56,7,6,0.33374804247037915,0.18367346938775508,0.5034814439271246,0.9476736884700717,2.9962722555556325,0.200497650964455,0.02040816326530611,0.15007457308262406,0.18008948769914887,0.47391266535152027,0.4779670655713411
35607532000176,31191558.65,37,37,0.3855954936010421,0.027027027027027025,0.6128581201888735,0.7351481680444975,2.5933913040868,0.3685287017566266,0.0,0.3585684665740151,0.3685287017566266,0.470875138315508,0.9603416508166259
36330231000100,83348.89,11,9,0.23345490928164583,0.12396694214876033,0.37659661694354896,0.8895008679779658,4.283482420982525,0.1376367729418516,0.014462809917355383,0.1094879671328855,0.12317396302449621,0.6019684883729367,0.4626062483957012
36975571000199,6705305.93,32,29,0.23573566743742175,0.037109375,0.4227547601247181,0.7628255673041303,4.242039445581392,0.20844051270304392,0.0027204241071428575,0.19862629243742175,0.20572008859590107,0.5469014034573795,0.9077752421590937
37382116000142,1099176.82,15,14,0.16167626978748725,0.07555555555555556,0.3390303663790872,0.6423869273371321,6.185199604830281,0.09718982900190935,0.00444444444444445,0.0861207142319317,0.09274538455746491,0.8132260527910413,0.8127874419812041
37622644000121,202898.51,16,15,0.16137963009793482,0.0703125,0.30000220307187075,0.6915723530941651,6.19656891884769,0.10147817510493017,0.003906250000000001,0.09106713009793482,0.09757192510493017,0.6265654077214682,0.5855801112885811
39157029000117,14106359.31,6,5,0.45791673853115755,0.22222222222222227,0.6273536499050086,0.9996962795356443,2.1838031149672816,0.3223959231639469,0.027777777777777818,0.2356945163089353,0.29461814538616904,0.526214649261381,0.9829902987344067
39215827000158,3484632.4400000004,8,6,0.45978308640508314,0.1875,0.6337190616293522,0.9586558403273086,2.1749386386061382,0.3517397036860998,0.02500000000000001,0.27228308640508314,0.3267397036860998,0.3989296410860706,0.9246814134939824
39223581000166,39800499.96,22,18,0.4410568836139824,0.06611570247933884,0.613056067750964,0.977723328327758,2.267281244555318,0.4081778767677461,0.011181332036947015,0.37494118113464353,0.3969965447307991,0.6801854107739966,0.9898293249913374
39250220000109,296054.73,5,5,0.5390278272475472,0.20000000000000004,0.7005699250270382,0.9901886722093581,1.8551917905729058,0.4237847840594339,3.469446951953614e-17,0.3390278272475471,0.42378478405943387,0.8409057401537883,0.87058014022985
39563911000162,36040906.46,49,38,0.13857830833881735,0.03206997084548105,0.33059311683028075,0.5684592645509172,7.216136580012564,0.11529664099662322,0.005909699787250809,0.1065083374933363,0.10938694120937241,0.42182031491548344,0.9533838889881491
39750948000108,222216.91999999998,9,8,0.39899155194209185,0.13580246913580246,0.596208785541623,0.9002306845041324,2.5063187306410346,0.31313320221953356,0.01234567901234567,0.2631890828062894,0.3007875232071879,0.7150096881382293,0.7373745683661275
39754247000139,494719.01000000007,15,15,0.2045838227331664,0.06666666666666667,0.37434441825876064,0.7263037052083363,4.887972013819858,0.14776838149982113,0.0,0.13791715606649974,0.14776838149982113,0.6913128172112389,0.7129833399741252
39758701000120,5976032.64,51,13,0.18452843046774556,0.20261437908496727,0.32049773074867277,0.7431085583896677,5.419219127725653,0.11657246634005768,0.13616557734204787,-0.01808594861722171,-0.019593111001990196,0.4160636721256808,0.9156113038363412
39966763000127,83890.83,6,6,0.3016391923516818,0.16666666666666669,0.4073031581640091,0.9205157464767006,3.3152190609040546,0.16196703082201816,3.3306690738754695e-17,0.1349725256850151,0.16196703082201813,0.7167845199530305,0.5746444027401059
40637159000136,18584053.240000002,85,76,0.06056300473636245,0.01453287197231834,0.16035253028579893,0.39888115441064026,16.511730293982477,0.04803717813284728,0.001393310265282585,0.04603013276404411,0.0466438678675647,0.5545925894232298,0.8957920138026984
40933406000141,427208.6,10,5,0.4118420366029358,0.28,0.6082742716321722,0.9336516165638987,2.4281154207775,0.2648025457536697,0.10000000000000002,0.13184203660293575,0.16480254575366965,0.7528940122609904,0.801574553300773
41090291000133,7006916.4799999995,9,9,0.28622160423776816,0.1111111111111111,0.48309409276703696,0.8361703720493041,3.493796363356578,0.1969993047674892,0.0,0.17511049312665705,0.1969993047674892,0.46390868944009556,0.939007797155542
41102337000197,956.52,7,7,0.1509479561891764,0.14285714285714285,0.2138690252164095,0.6589721072220132,6.624799866430416,0.009439282220705798,0.0,0.008090813332033542,0.009439282220705798,0.9980393136014766,0.8016106891187532
41256744000159,166628.26,11,10,0.1959456471024721,0.10743801652892562,0.2916672117922854,0.8182165498217409,5.103456059307295,0.10660627455830231,0.008264462809917352,0.08850763057354646,0.09834181174838495,0.5441449958071539,0.527478998806368
41464724000173,6802.459999999999,7,7,0.3243846773613297,0.14285714285714285,0.4304325200001176,0.9344060825054467,3.082759667116173,0.21178212358821796,0.0,0.18152753450418685,0.21178212358821796,0.9803641377204282,0.9102172264688649
41593983000102,7719310.040000001,26,26,0.513699482755009,0.038461538461538464,0.7114523022837413,0.8215657704040087,1.9466634356665589,0.49424746206520936,0.0,0.47523794429347055,0.49424746206520936,0.4433365963458706,0.9304745465544235
41683884000103,2503233.31,25,21,0.12550765742123435,0.052799999999999986,0.23627761648793336,0.6442419863772108,7.967641341944227,0.08178304029229608,0.005439999999999988,0.07270765742123436,0.07634304029229609,0.8222659148336253,0.8668355035610464
41714199000105,224075.96,16,15,0.21225626636528366,0.0703125,0.3913851356477509,0.7734341515261164,4.7112861124158485,0.1559888568199468,0.003906250000000001,0.14194376636528366,0.1520826068199468,0.6263356398408171,0.6530075064129122
41761645000124,74604.0,5,5,0.5060076642054999,0.20000000000000004,0.6876306900434294,0.9941826175540187,1.9762546513403794,0.38250958025687487,3.469446951953614e-17,0.30600766420549985,0.3825095802568748,0.9652095898869228,0.8502039436824328
41779117000100,2711962.2600000002,33,33,0.3815292296138355,0.030303030303030307,0.6051891002347504,0.7869327798094065,2.6210311619168714,0.3622020180392679,3.577867169202165e-18,0.3512261993108052,0.3622020180392679,0.9013244440698055,0.8766722470510195
41851556000179,293737.44,15,15,0.4772288262880179,0.06666666666666667,0.674071374762441,0.8973108773604074,2.0954308392856356,0.43988802816573347,0.0,0.41056215962135123,0.43988802816573347,0.9194672138056652,0.8216007179014493
41863890000142,291420.46,20,17,0.1590139341341598,0.06500000000000002,0.32942093358853386,0.6274439344444106,6.288757054185589,0.10645230501754478,0.006562500000000018,0.09401393413415977,0.09988980501754477,0.6370922380537536,0.5665083434516566
41923828000107,4420149.3,24,23,0.12514012223413767,0.045138888888888895,0.2686310844749068,0.5931651448968025,7.991042218490054,0.0853737641538712,0.0017361111111111188,0.08000123334524878,0.08363765304276008,0.6264921235036587,0.8877623466476344
42399307000157,14688.11,8,8,0.2608181954008862,0.125,0.4501518575228535,0.823568859438008,3.8340883329208184,0.15522079474386993,0.0,0.1358181954008862,0.15522079474386993,0.9815284657026652,0.8262169636125264
43008975000179,10809061.72,16,14,0.6365373554586997,0.0859375,0.7828406589947754,0.9981212818905063,1.5709997086964094,0.6085786904939843,0.015625000000000003,0.5505998554586997,0.5929536904939843,0.43937059351241753,0.9818215789220834
43355376000121,4966737.17,27,24,0.18258170037488008,0.04526748971193415,0.2947813725363688,0.7057002615662871,5.477000148135228,0.1470417743042227,0.003757380568974769,0.13731421066294594,0.14328439373524793,0.8482899181057383,0.9065328300854609
43467992000174,973088.78,10,10,0.2347387984657929,0.10000000000000003,0.3308886163500929,0.8664281793486509,4.260054181651288,0.1497097760731032,3.0839528461809905e-17,0.13473879846579287,0.14970977607310318,0.6346966823646552,0.8067643213954082
43939047000128,1120834.12,21,17,0.556539316096478,0.0929705215419501,0.7415905575751031,0.8464231977520456,1.796818249991608,0.5288230233525079,0.036281179138321976,0.46356879455452793,0.4925418442141859,0.47615439253659403,0.8519674647113147
44239770000167,16507528.209999999,51,45,0.13794709991893697,0.026528258362168402,0.25357957573952256,0.6681722314621446,7.249155658855014,0.11835498855345826,0.004403900597672228,0.11141884155676857,0.11395108795578603,0.621125821327772,0.9471221462202901
44318534000136,1356014.9,65,43,0.19506448491320708,0.0319526627218935,0.34623439609697504,0.7547063900256554,5.1265098331197745,0.17589935360161676,0.008903916596224302,0.16311182219131357,0.16699543700539246,0.8474001099159054,0.8134016007410407
44392215000170,5228755.550000001,88,74,0.2781331429039814,0.016787190082644628,0.4582386032561802,0.7783065245802131,3.595400352360112,0.2682445558204743,0.0033185214536397586,0.26134595282133677,0.26492603436683454,0.43360172007616643,0.854414591070458
44483469000102,906425.8300000001,11,10,0.18547088513837273,0.10743801652892562,0.3481207943952789,0.7138374245138182,5.391681822480861,0.09496765015374747,0.008264462809917352,0.07803286860944711,0.08670318734383012,0.40253330313541713,0.7249859661219322
44490662000162,1646485.67,5,5,0.842921455342953,0.20000000000000004,0.9169412752921196,0.99095042230158,1.1863501559503402,0.8036518191786912,3.469446951953614e-17,0.642921455342953,0.8036518191786912,0.842458550292169,0.9494812327264941
44497659000170,566453.5200000001,77,60,0.05030090956636454,0.02209478832855456,0.11704402507729142,0.3176253543273948,19.88035621265753,0.03420431481325208,0.005520123723953789,0.028206121237809984,0.028684191089298296,0.41354514438824824,0.42898849963398683
44534082000120,5785385.5200000005,7,7,0.3591796267620204,0.14285714285714285,0.5443848139613694,0.970664807139767,2.784122276129443,0.25237623122235714,0.0,0.21632248390487757,0.25237623122235714,0.7239841575200956,0.9609518020740533
44544005000150,2243604.33,16,9,0.35793711113352056,0.1875,0.45677988596144314,0.9459240658534475,2.793786866170946,0.27767925002521066,0.08593750000000001,0.17043711113352056,0.19174175002521066,0.4111603605722086,0.8913441942172686
44552129000188,91600.35,5,5,0.336278853256664,0.20000000000000004,0.4623344779796147,0.9668150831301409,2.9737225231845086,0.17034856657083,3.469446951953614e-17,0.13627885325666397,0.17034856657082997,0.8669396759227279,0.6533832173022444
44616474000138,756677.09,85,62,0.04334736964284054,0.022837370242214532,0.1285303880417471,0.3074240294496031,23.069450539663016,0.02766453963698547,0.006818310737988541,0.02050999940062601,0.020846228898996927,0.5806773792167292,0.4632798373296837
44621400000190,402166.76,8,5,0.49374518573235704,0.25,0.6730689527896339,0.9992540407864638,2.025336203565673,0.36718148216544627,0.062499999999999986,0.24374518573235704,0.30468148216544627,0.98443985094713,0.8811465977234217
44699908000100,1864736.03,125,77,0.1202703629172668,0.022720000000000004,0.23300731739494518,0.6245918356605143,8.314600336642316,0.10869497295565188,0.009861052631578951,0.09755036291726679,0.09883392032407293,0.5086597109293686,0.7397709309717371
44761693000100,658074.63,10,9,0.18537773914882752,0.12000000000000002,0.28528679186432093,0.7813825006443418,5.394390958653164,0.08354995654243097,0.010000000000000033,0.0653777391488275,0.07354995654243093,0.4523895562705324,0.7075064479269795
44798711000129,769655.67,11,8,0.57804533780216,0.15702479338842973,0.7496108487058896,0.9491156480403764,1.7299681090798051,0.5177661003453258,0.03659976387249112,0.4210205444137303,0.48116633647283463,0.4481323419601838,0.8241114584913332
44848243000150,4338545.949999999,20,17,0.1644832913010939,0.07,0.21451017707902806,0.750325774468287,6.079644881190126,0.11226349700741227,0.011875000000000009,0.0944832913010939,0.10038849700741226,0.5558938859937756,0.8968464302014509
44956238000160,7690170.67,110,59,0.2762445891691171,0.029586776859504126,0.4980383614815144,0.7350289405215502,3.619980405798281,0.2637660476030674,0.012855514391564541,0.24665781230961298,0.25091053321150286,0.6222217317703485,0.8989899561493773
44963013000131,2493.99,5,5,0.2655703193230668,0.20000000000000004,0.3163605307158409,0.9538931591546077,3.7654810317244003,0.08196289915383348,3.469446951953614e-17,0.06557031932306676,0.08196289915383345,0.9953636053223962,0.8006151185741878
44978239000106,205107.66999999998,5,5,0.33235538051454233,0.20000000000000004,0.499981302503217,0.9398965918729416,3.0088274739281515,0.1654442256431779,3.469446951953614e-17,0.1323553805145423,0.16544422564317787,0.6244576140863679,0.5989596682641706
44984638000180,166164.0,5,5,0.26425276506406675,0.20000000000000004,0.4149153848005585,0.909727738860403,3.784255577259731,0.08031595633008343,3.469446951953614e-17,0.06425276506406671,0.0803159563300834,0.6295443738237931,0.6114890185925512
45018125000187,2435000.0,7,6,0.21784044289093432,0.18367346938775508,0.2792607802874743,0.8726899383983573,4.590515823091067,0.061408531469121196,0.02040816326530611,0.03416697350317924,0.041000368203815085,0.5248965870526354,0.903534112082304
45084018000157,6901.46,13,11,0.1429138831641835,0.10059171597633138,0.24270226879529838,0.6709449884517189,6.997220828792202,0.05720527148060184,0.01065088757396451,0.04232216718785212,0.046554383906637326,0.993581352783227,0.7821696310004398
45102052000107,769550.49,14,12,0.18334964321476402,0.09183673469387757,0.36794759236655156,0.6544655049209311,5.454060245040478,0.10910870168883348,0.009276437847866446,0.09151290852088645,0.09983226384096704,0.8627973508999287,0.7808625986383577
45193699000191,4953417.880000001,138,44,0.3199930082720896,0.14398235664776302,0.5011038418587854,0.7998875980154536,3.125068280084737,0.304178892185394,0.12407496959305982,0.17601065162432658,0.1801039225923342,0.6386114181155089,0.9109717594373095
45253346000130,549078.22,6,5,0.2365211535446824,0.22222222222222227,0.3196265916357054,0.9344355709465221,4.22795164412677,0.04565144193085298,0.027777777777777818,0.014298931322460129,0.01787366415307516,0.39892964108607065,0.7171916513763265
45271342000184,738059.15,14,12,0.17257558520845095,0.09183673469387757,0.292659470450302,0.7266065328232838,5.794562416184873,0.09735518386376468,0.009276437847866446,0.08073885051457338,0.08807874601589824,0.5923458662118279,0.6871111902728452
45310125000156,6816.06,10,9,0.17572016067925267,0.12000000000000002,0.2574801278157762,0.7752836682775679,5.690866637809023,0.07268518076415927,0.010000000000000033,0.055720160679252645,0.06268518076415923,0.6669808073070558,0.2644409535425899
45316509000186,59159187.5816,143,78,0.1780534739517829,0.031150667514303877,0.32032642244218384,0.7148048781818026,5.6162903076566835,0.16737884374336448,0.018568208650853277,0.14690280643747902,0.1488106350925112,0.42998848424536795,0.96461258464279
45359973000150,9279435.129999999,27,24,0.18643354376782237,0.04801097393689986,0.3703921393758372,0.6898815208377882,5.363841612351498,0.15106108914903205,0.006620146716765076,0.1384225698309225,0.14444094243226696,0.5057682099507552,0.9228536841119402
45400604000163,823714.79,22,21,0.06581774002964565,0.049586776859504134,0.08583917741722229,0.3262784318829579,15.193472148232068,0.019108627031127933,0.0020661157024793432,0.016230963170141513,0.01704251132864859,0.6187544403217687,0.6571132323896818
45509650000103,517956.13000000006,27,25,0.3123277442370875,0.04252400548696844,0.4438577452495832,0.8461249218152896,3.2017648718421303,0.2836747335802995,0.0026291723822587923,0.26980373875011904,0.2810455611980407,0.49356422158745344,0.7484190911271378
45519461000103,814950.76,18,14,0.2562948388289542,0.11728395061728396,0.4687301598442586,0.7485214934948954,3.901756291968794,0.19908674950810454,0.04938271604938273,0.13901088821167024,0.1497040334587218,0.5289196809542847,0.738715648382856
45557047000199,3036440.71,9,9,0.6929293051618804,0.1111111111111111,0.828046733044888,0.9588939775478112,1.443148662570105,0.6545454683071156,0.0,0.5818181940507694,0.6545454683071156,0.42240709613569166,0.9298991362580453
45561894000127,388318.2,5,5,0.9049927752123433,0.20000000000000004,0.9504833922283323,0.9996909750817757,1.1049811969663124,0.881240969015429,3.469446951953614e-17,0.7049927752123433,0.881240969015429,0.4269603225954136,0.8651902623167577
45579061000193,1044514.6499999999,105,16,0.1699822108627156,0.16299319727891157,0.3545296085603012,0.6362824781825702,5.882968546677157,0.11464769158689662,0.10719274376417234,0.006989013583804021,0.007454947822724281,0.508135565394309,0.7337240139411201
45704567000187,879565.52,28,17,0.08124490851382558,0.06887755102040816,0.15979309875630412,0.4331320536530354,12.308463610736029,0.023822715295939684,0.010682397959183668,0.012367357493417427,0.013140317336756016,0.6488801417900865,0.6543699556651557
45742707000101,5970928.74,95,84,0.032242468038101914,0.013407202216066477,0.07616508583554121,0.25079713143587107,31.01499546555398,0.020582738737356155,0.0015205420018022185,0.018835265822035437,0.019062196735553937,0.6865189773687351,0.7810097025812472
45767829000152,12469317.069999998,142,121,0.08315988949903852,0.009819480261852807,0.26224371243773337,0.3835150732918206,12.025028003573308,0.07551955524486384,0.0015679759307015801,0.07334040923718571,0.07395157931416226,0.6422217817427056,0.8606668168298522
45788709000131,630753.67,56,24,0.10381460429652836,0.0701530612244898,0.1661126125512674,0.5780690740967072,9.632556101101864,0.06485002187463829,0.029724933451641535,0.03366154307203856,0.03512508842299675,0.6684566787076773,0.641990657814745
45806848000140,1548131.8,7,7,0.6688039496662919,0.14285714285714285,0.8127978509323301,0.9535378060188414,1.4952064809111287,0.6136046079440072,0.0,0.5259468068091491,0.6136046079440072,0.8739706310435029,0.9096787371672478
45812676000118,104844.0,10,9,0.3030164581369652,0.12000000000000002,0.45385525161191864,0.9067662431803442,3.300150777777206,0.21589351540408588,0.010000000000000033,0.18301645813696518,0.20589351540408585,0.7659788679587567,0.5698623418674106
45845902000167,918571.12,16,13,0.2184408269051956,0.109375,0.4126777684889549,0.7348194008102497,4.57789880292847,0.15331089581396187,0.03515624999999999,0.10906582690519559,0.11815464581396187,0.5917564474233408,0.7815537574270733
45875880000188,174764.0,5,5,0.24666623309489372,0.20000000000000004,0.31471012336636833,0.9406971687532901,4.054061179972271,0.05833279136861713,3.469446951953614e-17,0.04666623309489368,0.0583327913686171,0.5408868219849181,0.5511423851193522
45916929000101,3298585.16,62,10,0.3160456258447136,0.33246618106139436,0.5239832734832287,0.8305360744422919,3.1641001115811735,0.24005069538301507,0.2582957567348826,-0.016420555216680788,-0.018245061351867514,0.40519155267558726,0.8948736996018882
45959954000164,471070.81,13,12,0.24502419947964824,0.08875739644970415,0.4494016515266569,0.7489097445880801,4.081229536199587,0.1763900357959799,0.005917159763313625,0.15626680302994408,0.17047287603266628,0.46202188184537113,0.6488357297112101
45960936000100,2138379.9,12,11,0.30171274739653303,0.09722222222222224,0.4473601252985964,0.8992927309127813,3.31441083821933,0.23188402213618634,0.006944444444444459,0.2044905251743108,0.2249395776917419,0.7465805008826377,0.8764018535431023
45965982000194,6867624.85,37,32,0.34999579198887504,0.037253469685902124,0.5756073076705697,0.7799809027134031,2.857177208667086,0.3290279143110968,0.00619712999835058,0.31274232230297294,0.3228307843127462,0.48622445223775085,0.9029874821266802
46008811000130,150875.0,15,10,0.1934615538714033,0.12000000000000002,0.3368351284175642,0.7915095277547639,5.168985671771842,0.10384617096822588,0.02222222222222224,0.07346155387140327,0.08162394874600364,0.509261636541949,0.48950261215396723
46139952000191,13558512.760000002,159,117,0.09682304296434173,0.012301728570863495,0.19913688527590398,0.5491638081402669,10.328119932858161,0.08903703471403433,0.003787088299922662,0.08452131439347824,0.08524994641411167,0.6188027875685315,0.9039230172886764
46190305000104,5771377.53,1484,39,0.22411249538793312,0.16944169978422124,0.43025938731129926,0.7275936200971416,4.462044823823969,0.2036944031612998,0.14758490241012182,0.05467079560371188,0.05610950075117799,0.511837021935316,0.911885526316104
46251021000180,11264598.520000001,40,34,0.15549754157968265,0.036250000000000004,0.25566823308319736,0.7137582387623345,6.430969839401373,0.1299065579911882,0.007045454545454551,0.11924754157968265,0.12286110344573364,0.6326010336906119,0.9356560915007984
46335839000181,317604.96,26,23,0.21476218764128344,0.050295857988165694,0.41239910107197325,0.721068713788349,4.656313157278397,0.1790695598067963,0.007127487896718682,0.16446632965311775,0.17194207191007763,0.6825595586262809,0.6754517394938787
46378766000105,1235793.57,10,10,0.40677131426804947,0.10000000000000003,0.6107816210760831,0.8811860058472386,2.45838377713388,0.3408570158533883,3.0839528461809905e-17,0.30677131426804943,0.34085701585338823,0.8091727331232201,0.879822601308659
46392072000122,206531.93000000002,13,12,0.279095621297256,0.08875739644970415,0.47876519625803143,0.8007493078673115,3.583001393400333,0.2135588595970066,0.005917159763313625,0.19033822484755186,0.207641699833693,0.8024834322935651,0.7298563281332693
46392114000125,1324198563.7,294,134,0.9096023235897014,0.011361006987829143,0.9535988888491799,0.9789872099979834,1.0993815363768515,0.9089226418121803,0.003927631100519588,0.8982413166018722,0.9049950107116607,0.400204038508807,0.997284268587254
46392122000171,5094017.970000001,8,8,0.48337050741437065,0.125,0.5735964453223159,0.9814571659235822,2.068806401427275,0.4095662941878522,0.0,0.35837050741437065,0.4095662941878522,0.7060345766379724,0.9707064677802684
46392130000118,498682.97,20,16,0.15606218589299292,0.07,0.27592680776726747,0.7004872253808868,6.407702123855099,0.09979966495252578,0.008000000000000007,0.08606218589299292,0.09179966495252577,0.6699486017388238,0.7279453347601137
46392171000104,361617354.42,11,8,0.9055558296938112,0.19008264462809918,0.951124740989415,0.9996631961145909,1.1042941442253456,0.8920638053643557,0.0743801652892562,0.715473185065712,0.8176836400750995,0.40247182078809546,0.99931807169854
46395000000139,17809411.86,15,14,0.37120609828478257,0.07555555555555556,0.5755383771555946,0.8915979087251004,2.6939212599702986,0.32283733661438124,0.00444444444444445,0.29565054272922703,0.31839289216993677,0.4100132761418262,0.9705154805222483
46439865000150,6129622.25,7,6,0.7264338184598854,0.18367346938775508,0.8482274906908006,0.9794016670440009,1.37658789360895,0.6717205821518625,0.02040816326530611,0.5427603490721303,0.6513124188865563,0.44107462338582354,0.9691300660027042
46497148000184,1153012.0,6,6,0.44559026643116023,0.16666666666666669,0.5890762628663014,0.9789247640093945,2.244214192579297,0.33470831971739223,3.3306690738754695e-17,0.27892359976449355,0.3347083197173922,0.44034783821076434,0.8697551120959698
46561593000166,211945.36000000004,20,18,0.1351958885529837,0.06000000000000001,0.26624786690305463,0.6101572593993094,7.396674637839277,0.0843250584678651,0.0047058823529411925,0.07519588855298369,0.0796191761149239,0.4932520610191364,0.4448771472198668
46622085000140,270750.0,5,5,0.48073858651585955,0.20000000000000004,0.6648199445983379,0.9852262234533703,2.0801325877489347,0.3509232331448244,3.469446951953614e-17,0.2807385865158595,0.3509232331448243,0.40662916733707477,0.6739188612868906
46634242000138,5466885.9399999995,25,24,0.22565337338693192,0.0432,0.40507521545254704,0.7662399428073672,4.431575672858575,0.19198612875158114,0.0016000000000000046,0.1824533733869319,0.19038612875158112,0.44556406781069735,0.8893243421004337
46675997000180,4702399.16,263,161,0.05458159309550139,0.011204441295956283,0.15598420615573605,0.40632450266089276,18.32119480738315,0.04867272805234828,0.00502446905405601,0.043377151799545106,0.043648258998292264,0.5739001778031502,0.6972759867331333
46709309000156,3158185.9,327,147,0.22506031554004816,0.01278418389772653,0.45267613917217475,0.6531874833587219,4.443253345666157,0.2197525094821033,0.006022431732642465,0.21227613164232162,0.21373007774946082,0.6874316125743408,0.7945858210067472
46711362000191,189354.63,27,27,0.061391994306598675,0.03703703703703703,0.12674630665223238,0.38478066261173544,16.288768776689107,0.025291686395314008,0.0,0.024354957269561647,0.025291686395314008,0.6609721222332909,0.42634063342084616
46712907000184,346906.44000000006,121,43,0.07439684816774883,0.04924527013182162,0.16824484434477494,0.4731973842860917,13.441429638863408,0.05235867788602857,0.026608252754007848,0.025151578035927213,0.02575042513202072,0.4841470246136777,0.4046604365087909
46755690000190,5744214.92,10,10,0.3293309450151257,0.10000000000000003,0.45497392357317995,0.9141397028368848,3.03645926730047,0.25481216112791744,3.0839528461809905e-17,0.2293309450151257,0.2548121611279174,0.9075840029974038,0.9556973849212167
46854998000192,16559628.57,53,50,0.6761335367239147,0.021003915984336055,0.8212744592978513,0.8708155342399688,1.4789977802984346,0.6695240170652191,0.0010244040656490355,0.6551296207395787,0.6684996129995701,0.4369069463403282,0.9526068897950826
46965083000154,7653058.460000001,36,36,0.1830693617775286,0.027777777777777776,0.3689959556378457,0.6931474060633269,5.462410478140138,0.15972848639974374,0.0,0.15529158399975085,0.15972848639974374,0.7214837764977445,0.9283683857630662
46969952000119,1083378.5899999999,63,6,0.40020093550692865,0.7671957671957672,0.5175839038871906,0.9507125020811055,2.498744783625542,0.28024112260831435,0.7206349206349206,-0.36699483168883856,-0.4403937980266063,0.39892964108607065,0.8412863042103631
47018676000176,60245672.78,16,16,0.26549124863872986,0.0625,0.46539687161246107,0.8006577650173268,3.7666024967955196,0.21652399854797852,0.0,0.20299124863872986,0.21652399854797852,0.44607987489698275,0.9861298003865703
47223323000108,7.0,7,7,0.14285714285714285,0.14285714285714285,0.14285714285714285,0.5714285714285714,7.0,0.0,0.0,0.0,0.0,0.46336861449543726,0.10619419368867006
47987136000109,40345.82,30,23,0.15538592455372427,0.05777777777777778,0.3296500108313575,0.6430995825589862,6.43558934229112,0.11699437566980264,0.014949494949494956,0.09760814677594648,0.10204488072030768,0.41823108877817683,0.2159860265458978
48128296000157,6572549.297,6,3,0.44897898920291984,0.3888888888888889,0.6085917526743809,1.0,2.2272757167887014,0.17346848380437976,0.08333333333333336,0.06009010031403095,0.09013515047104641,0.3989296410860706,0.969025492541982
48197395000190,7270584.120000001,73,46,0.09912026881326479,0.02983674235316194,0.23107323734533727,0.5245609509569914,10.08875391453917,0.07910071923133734,0.008277558849898873,0.06928352646010284,0.07082316038143846,0.7594396357392094,0.8914677211722675
48211262000121,3063320.5999999996,32,30,0.32092156038320613,0.03515625,0.545160046258299,0.7615474527870182,3.116026230228719,0.29750506246538566,0.001885775862068966,0.28576531038320613,0.2956192866033167,0.7218450609322533,0.8705509045985623
48344022000103,187418.35,12,11,0.12818258688417916,0.09722222222222224,0.19315077739186157,0.6352278205415851,7.801371655134105,0.041000845572597075,0.006944444444444459,0.030960364661956924,0.034056401128152614,0.7049691941693169,0.5973371077087068
48626721000138,1663275.17,9,9,0.23646546243628083,0.1111111111111111,0.370327731159481,0.8412770149150967,4.228947389175132,0.14102364524081595,0.0,0.12535435132516973,0.14102364524081595,0.42734397926259476,0.8373784325829617
48962625000160,9418902.08,142,111,0.28004237610588756,0.012695893671890503,0.47521443603329194,0.7948695268737734,3.5708881416642724,0.27349730679775924,0.003720401796180417,0.26734648243399706,0.2697769050015788,0.5352085514953866,0.9014432709821709
48971139000109,163007.26,14,14,0.5527260855878809,0.07142857142857142,0.7364702651894155,0.8892119283521484,1.8092144121195173,0.5183203998638718,0.0,0.48129751415930955,0.5183203998638718,0.41556000789212966,0.6016324087451786
49032506000171,1466107.22,5,4,0.6785143351160157,0.28,0.8120033676663839,1.0,1.473808213394659,0.5713524468213542,0.040000000000000036,0.39851433511601564,0.5313524468213542,0.42793456616591674,0.922484575742076
49095809000133,1074310.0,10,10,0.24600732490419297,0.10000000000000003,0.41887350950842867,0.8284387188055589,4.06491961322472,0.16223036100465885,3.0839528461809905e-17,0.14600732490419294,0.16223036100465882,0.6545091120766086,0.812734910240009
49123521000125,1466221.1400000001,13,12,0.30212901377233947,0.08875739644970415,0.4962760528742615,0.8539279825142885,3.309844319531394,0.23868619684255218,0.005917159763313625,0.21337161732263532,0.23276903707923857,0.4482776180326244,0.8136893822969213
49139093000129,1757134.8399999999,121,57,0.07497875405884175,0.036268014479885265,0.17413645955594392,0.4579534260444122,13.337111459803948,0.05846051752417821,0.019058514738454647,0.03871073957895648,0.03940200278572356,0.7097348531229243,0.7030041999505683
49269236000117,30754157.07,6,5,0.8900460588588377,0.22222222222222227,0.9429554493720351,0.9913541769525729,1.123537360844155,0.8625575735735471,0.027777777777777818,0.6678238366366154,0.8347797957957693,0.8328430721429749,0.9933109059033546
49269244000163,26018614.009999998,405,315,0.02025744384823543,0.005554031397652796,0.10723092317398962,0.18527121383741996,49.36456975972846,0.01713724462482217,0.0023870060199383146,0.014703412450582633,0.014750238604883854,0.49422757755288166,0.7824475991924986
49269251000165,4484940.95,21,21,0.10943306941301338,0.0476190476190476,0.11884885797660279,0.47433198869652904,9.138005589753508,0.06490472288366406,0.0,0.06181402179396578,0.06490472288366406,0.405637473986062,0.8806575791182696
49286753000102,788890.28,25,22,0.12895064056402106,0.052799999999999986,0.2386643678763541,0.6389125240584786,7.7549052538713275,0.08747209963849825,0.007695238095238079,0.07615064056402107,0.07977686154326018,0.7575370608549205,0.8270452496763882
49381616000149,586762.29,12,10,0.6502452681541164,0.11111111111111112,0.8001519661394736,0.9572360214218948,1.537881241087305,0.6113836312823516,0.012345679012345682,0.5391341570430053,0.5990379522700059,0.9197339321745042,0.9114739437588009
49413800000123,2120387.0,8,8,0.4291839571152983,0.125,0.571593770382482,0.9456245487262467,2.330003215221194,0.34763880813176945,0.0,0.3041839571152983,0.34763880813176945,0.4020282095943484,0.8941988648538808
49576082000106,1627288.16,9,8,0.5299740867671641,0.13580246913580246,0.6590301437454077,0.987875601577535,1.8868847080807076,0.4628275277339018,0.01234567901234567,0.3941716176313616,0.4504818487215561,0.5904272241853024,0.9320312168309792
49962743000131,746125.13,9,9,0.6562705974861299,0.1111111111111111,0.8041546596882483,0.9614514927275,1.5237616980412332,0.6133044221718963,0.0,0.5451594863750189,0.6133044221718963,0.4372714203642495,0.844036291773987
50062751000100,2301023.2399999998,221,125,0.046020043760958036,0.015622120759198221,0.1311590403580626,0.330004767791915,21.72966208364123,0.0383266570170948,0.007683589474998207,0.030397923001759815,0.030643067542096593,0.46015601750331603,0.6189136229477281
50457753000107,1400119.93,55,51,0.13283443461629602,0.020826446280991732,0.3328286313301747,0.5024569573836436,7.52816845186708,0.11549112330862193,0.0012429752066115667,0.11200798833530429,0.11424814810201037,0.40750057910570125,0.6170567108925465
50525166000108,10444110.11,39,34,0.08354771013895594,0.03353057199211045,0.2377467274710684,0.43447962078216734,11.969208950632007,0.05577642862801521,0.004243619628235011,0.05001713814684549,0.0515328089997802,0.49944879037036066,0.8808410220888836
50563382000130,5028615.1899999995,36,10,0.21891306781987238,0.300925925925926,0.37982623999511084,0.8147979782083902,4.568023325235327,0.1321256309109693,0.22325102880658443,-0.0820128581060536,-0.09112539789561513,0.4074527238111058,0.9147461592472904
50634611000160,43928777.230000004,14,14,0.5203146267278508,0.07142857142857142,0.622816641509327,0.9925860847823101,1.9219140662809915,0.4834157518607624,0.0,0.4488860552992794,0.4834157518607624,0.5630528325555673,0.9922935740508486
50727113000161,2435016.12,11,9,0.40956594797421514,0.12396694214876033,0.5406164415864319,0.930414785098014,2.4416092327650163,0.33576169147099205,0.014462809917355383,0.28559900582545483,0.3212988815536367,0.5845021275120255,0.9113520047868782
50765274000140,749796.0,8,6,0.31806002977551134,0.1875,0.40010882960165167,0.9618562915779759,3.1440605746839863,0.1816720357306136,0.02500000000000001,0.13056002977551134,0.1566720357306136,0.39892964108607065,0.785320800920802
50797752000101,4671094.07,10,9,0.7888031592643365,0.12000000000000002,0.8863019964828068,0.9633534676384712,1.2677434011961013,0.7624035541723786,0.010000000000000033,0.6688031592643365,0.7524035541723786,0.8254935731096037,0.9504815427965686
50818947000182,67804.34,6,5,0.3520710442448092,0.22222222222222227,0.46014753627865124,0.9801340150202775,2.840335825245145,0.19008880530601144,0.027777777777777818,0.1298488220225869,0.16231102752823362,0.6794957308342893,0.5670898578133711
51139746000111,139500.0,12,12,0.12336686322118164,0.08333333333333334,0.2007168458781362,0.6021505376344086,8.105904404873478,0.04367294169583452,1.5139404881252137e-17,0.04003352988784829,0.04367294169583451,0.3989296410860706,0.35222651794763227
51337970000118,1316838.38,18,18,0.17852814912103016,0.05555555555555555,0.3757864347787312,0.635231333400231,5.6013575725924705,0.1302062755399143,0.0,0.1229725935654746,0.1302062755399143,0.7016480348713614,0.7994940600415961
51426849000162,17763920.419999998,17,15,0.518352430747705,0.07958477508650517,0.657593040489426,0.971806562506544,1.9291893713270245,0.4839490329439696,0.013840830449826973,0.4387676556611998,0.47010820249414265,0.5591574017735582,0.9799149177432578
51482339000102,78577.41,22,8,0.2586351537767726,0.1983471074380165,0.38280722156660546,0.8800058439187548,3.8664504240715,0.15272589003059725,0.08382526564344743,0.06028804633875609,0.06890062438714982,0.8182903497229764,0.4815693023386911
51501559000136,297067.9,10,10,0.29724111578442003,0.10000000000000003,0.511667534593943,0.7770914662944061,3.3642721242012485,0.21915679531602225,3.0839528461809905e-17,0.19724111578442,0.21915679531602222,0.47420018703082795,0.6535260597545003
52156114000129,1768550.26,195,106,0.3282470566330038,0.014858645627876393,0.5614980373811937,0.7294236975770199,3.0464858093702536,0.32184940955331814,0.00547634701480855,0.3133884110051274,0.3163730625385096,0.4906119849490603,0.7803043851866148
52193342000179,657389.87,14,14,0.0823544290349046,0.07142857142857142,0.09522507549439421,0.3768118453057392,12.142637763612763,0.011766308191435726,0.0,0.010925857606333175,0.011766308191435726,0.907390430234094,0.7196117064782872
52350980000156,196913.81,21,19,0.34740254844538876,0.05668934240362811,0.5534799209867505,0.8636907690730274,2.8785050785463615,0.31114713447013254,0.004283194759385226,0.29071320604176065,0.3068639397107473,0.5123588339114792,0.630052852608703
52561214000130,5938345.1,15,15,0.43444006469729196,0.06666666666666667,0.5792859697561195,0.9445582726406385,2.301813486508841,0.3940429264613843,0.0,0.3677733980306253,0.3940429264613843,0.42260080873707656,0.9460982648747639
52742236000105,1441282.0,15,15,0.31691312170825253,0.06666666666666667,0.5403855733992377,0.7694385970268137,3.155438924742887,0.2681212018302706,0.0,0.2502464550415859,0.2681212018302706,0.44374222279348274,0.7927113628703581
53855592000190,30385.62,9,9,0.23268042995622987,0.1111111111111111,0.35181115277555636,0.8708066513041368,4.297740038507375,0.1367654837007586,0.0,0.12156931884511876,0.1367654837007586,0.5631849937535705,0.24242210656625104
54010863000179,11350280.95,27,27,0.2042031635220865,0.03703703703703703,0.3369960635203484,0.7582753605759864,4.897083780447116,0.1735955928883206,0.0,0.16716612648504947,0.1735955928883206,0.8061905600255486,0.9368683748391615
54675103000180,1648223.09,50,44,0.0890392592851678,0.03279999999999999,0.16664006326959055,0.5480808426242834,11.231000886892827,0.0678541257801717,0.010306976744186035,0.05623925928516781,0.05754714903598567,0.5707783471517365,0.706127673824179
54758896000100,559799.94,52,17,0.20027518328397925,0.17307692307692304,0.2777956710749201,0.8163162718452597,4.993129870624333,0.15029238223922795,0.12139423076923074,0.027198260207056207,0.028898151469997205,0.4106252955806787,0.6640817432702946
54782228000100,2850.26,5,5,0.23538569786195074,0.20000000000000004,0.2823321381207328,0.9593370429364337,4.24834647594639,0.04423212232743841,3.469446951953614e-17,0.0353856978619507,0.044232122327438374,0.9824446257332337,0.8698948336877902
55262249000167,1591110.6199999999,38,37,0.10555329161673527,0.027700831024930747,0.19138329929568318,0.5866519199023386,9.473887404961344,0.08070754971720014,0.0006925207756232663,0.07785246059180452,0.08001502894157687,0.5976028607264394,0.7508296274126066
55555957000196,672437.39,94,78,0.034344358882675174,0.01652331371661385,0.06840785578565166,0.2440693251753892,29.11686322100613,0.021803376530502124,0.0037508892194270164,0.017821045166061325,0.01805248731107511,0.4032601890045451,0.38268535388808317
56401177000154,1720971.15,7,6,0.23280714172547998,0.18367346938775508,0.3576548043818166,0.8568879263315948,4.295400873823594,0.07936857007057598,0.02040816326530611,0.04913367233772489,0.058960406805269865,0.8620537942945605,0.922559525303939
57500902000104,62335975.419999994,42,27,0.6175093697074897,0.06689342403628115,0.7743984581095049,0.9536976497030324,1.619408626096951,0.6027981916193161,0.031004709576138118,0.5506159456712085,0.571793482043178,0.39962012879637576,0.9871543598195366
57522468000163,2825434.01,162,113,0.5704652815281983,0.011888431641518064,0.7535125550499054,0.8273950096608345,1.7529550568285892,0.5666301501132714,0.003066006924031618,0.5585768498866802,0.5635641431892399,0.42521555309308934,0.8329754700109848
57538696000121,801106.6599999999,29,29,0.0727913901186102,0.03448275862068965,0.18429860513205568,0.4063888820996695,13.737888483384454,0.03967679690856057,0.0,0.038308631497920555,0.03967679690856057,0.5393496589533259,0.5828184520150406
57602096000185,840724.2400000001,11,11,0.8019741560229132,0.09090909090909091,0.8920879930855805,0.9844804760238623,1.2469229743750359,0.7821715716252046,0.0,0.7110650651138223,0.7821715716252046,0.408886703252334,0.882261480468502
57604530000166,2476766.5,9,9,0.35132423070537394,0.1111111111111111,0.46669619441315924,0.9732557954090544,2.846373556393313,0.27023975954354573,0.0,0.24021311959426284,0.27023975954354573,0.6105754358899399,0.9137213317642258
57614976000171,2010543.84,69,60,0.3574144012241199,0.022474270111321155,0.4764345999040737,0.8844058829376235,2.797872711829933,0.34652311988893547,0.005906037401343548,0.33494013111279874,0.3406170824875919,0.4322464374591619,0.8455681612305594
58854069000162,272740.98,11,9,0.18049114894654364,0.14049586776859505,0.2566537672483248,0.8052819931936888,5.540437887600636,0.0780525425648616,0.033057851239669436,0.039995281177948594,0.04499469132519217,0.6508048563491343,0.7019683327027992
59006460000170,1750579.0,13,12,0.1927502605584288,0.08875739644970415,0.27248127619490464,0.8174438285847139,5.188060431684178,0.11936392060919508,0.005917159763313625,0.10399286410872466,0.11344676084588146,0.44740999344273147,0.8305700574013168
59045351000161,7119758.46,5,5,0.3713507386224061,0.20000000000000004,0.448315489624068,0.999536501130124,2.692871983262196,0.21418842327800758,3.469446951953614e-17,0.17135073862240605,0.21418842327800755,0.6049538748441087,0.965636987481703
59097984000113,58773.100000000006,11,11,0.19233483982613903,0.09090909090909091,0.3402915619560649,0.7538210507868395,5.199266034712949,0.11156832380875292,0.0,0.10142574891704811,0.11156832380875292,0.6562325763405911,0.30884583865654536
59108100000189,463996.73,12,11,0.2421656687874894,0.09722222222222224,0.35300895331740806,0.908162197608591,4.129404489938424,0.16638223566623836,0.006944444444444459,0.14494344656526717,0.1594377912217939,0.5696401624644759,0.7215709496747813
59118862000166,295152.53,11,10,0.11188676513840139,0.10743801652892562,0.18295624977363398,0.5127533550195216,8.937607578188741,0.01320751682044598,0.008264462809917352,0.004448748609475764,0.004943054010528627,0.8750195035629088,0.6498500744813842
59314518000142,136783.0,7,7,0.227211409682927,0.14285714285714285,0.3062880621129819,0.893685618826901,4.401187428903759,0.09841331129674816,0.0,0.08435426682578415,0.09841331129674816,0.6025510119065913,0.5083678030651311
59426431000167,690094.97,16,15,0.3553406562612475,0.0703125,0.5796303659480376,0.7738065385406302,2.8142009150362943,0.30929356027990806,0.003906250000000001,0.2850281562612475,0.30538731027990806,0.4486061861183914,0.7098389511931704
59593430000107,2780652.16,23,21,0.1522209300402464,0.05103969754253306,0.26969464602145704,0.6841261296055094,6.569398831918878,0.10983197654225872,0.003591682419659718,0.10118123249771332,0.106240294122599,0.6444799275068801,0.8563093732137357
59754648000104,6916458.75,54,46,0.27074282393977006,0.024691358024691353,0.47293183379428094,0.7930731402106606,3.6935420316900505,0.2545371089162094,0.003017832647462273,0.2460514659150787,0.25151927626874715,0.46982960431089493,0.8862822732361717
59989830000136,149560.43000000002,27,16,0.34714575389100777,0.09739368998628256,0.5315543690266202,0.8773241023711953,2.8806343986392724,0.3036221374837416,0.03721993598536807,0.2497520639047252,0.26640220149837357,0.5845699104085107,0.5797078220494521
60269453000140,16740739.2,18,15,0.10454835243849037,0.07407407407407407,0.16800333404632456,0.49772569182608145,9.564952260613927,0.04058752046981111,0.007936507936507933,0.030474278364416296,0.03265101253330317,0.40586793235273083,0.9529425974076805
63761126000107,35716.46,7,3,0.718396942932755,0.5510204081632654,0.839948863913165,1.0,1.3919881060707746,0.5775954143991325,0.32653061224489804,0.16737653476948966,0.2510648021542345,0.9199006758792678,0.8168716709600026
63761902000160,9979347.190000001,7,6,0.42688326897621387,0.18367346938775508,0.5740255240082492,0.9963923872659649,2.342560771702956,0.3122599227714567,0.02040816326530611,0.24320979958845879,0.2918517595061506,0.3989297357756657,0.9738179600764546
65700239000110,16777528.56,6,5,0.5930855477193886,0.22222222222222227,0.746788150304302,0.9998452286943984,1.6860974000215196,0.4913569346492357,0.027777777777777818,0.37086332549716633,0.4635791568714579,0.399022175587387,0.9867197715455104
66228909000100,122340.0,5,4,0.2501926027553439,0.28,0.2618930848455125,1.0,3.9969207282194152,0.00025680367379184627,0.040000000000000036,-0.029807397244656142,-0.03974319632620819,0.5423856249590491,0.5819311273251095
66489741000196,40914.32,11,11,0.2403143967024356,0.09090909090909091,0.4267425194895088,0.7959443050746047,4.161215531494893,0.16434583637267916,0.0,0.14940530579334468,0.16434583637267916,0.5551504403415612,0.29691287150449364
66493396000164,27806.25,10,9,0.21525597506279326,0.12000000000000002,0.3279838165879973,0.8879298718813216,4.6456317865661365,0.11716297194564243,0.010000000000000033,0.09525597506279324,0.1071629719456424,0.7947044579791793,0.39379821745459465
67165936000143,139538.17,22,18,0.4979934093847841,0.06198347107438017,0.6969318860925293,0.8547310029936611,2.0080587034984854,0.4684636099368302,0.0068060281964025336,0.4360099383104039,0.4616575817404277,0.8494235237780813,0.7214545995221827
67652750000119,226034.78999999998,14,13,0.11978129235858484,0.0816326530612245,0.19001499724887486,0.6069862519835996,8.348549095682962,0.046429733388466905,0.005102040816326534,0.03814863929736034,0.04132769257214037,0.4268954032481387,0.4331203498610798
68004118000121,80460.76000000001,21,10,0.1700048692543199,0.1564625850340136,0.2734252075173041,0.7458293955960645,5.882184459693583,0.07778318806035543,0.06273620559334846,0.013542284220306289,0.015046982467006975,0.6342880274518917,0.49797809456778364
71203822000118,24134.12,6,5,0.32705649974521567,0.22222222222222227,0.4239640807288602,0.9472066932624849,3.05757568120194,0.15882062468151956,0.027777777777777818,0.1048342775229934,0.13104284690374174,0.42357834702297276,0.25623990301589644
71480560000139,21066027.24,84,70,0.2040183868014239,0.018140589569160988,0.3797583620707404,0.740336826793166,4.90151900364414,0.19248242139274888,0.003910743041177814,0.18587779723226291,0.18857167835157107,0.7036608119348539,0.9426786763922629
72311392000110,181367.3099,15,10,0.466306019894402,0.1111111111111111,0.6616407337472452,0.9204278328439828,2.144514454748957,0.4070066887715578,0.012345679012345666,0.3551949087832909,0.39466100975921214,0.935222798242864,0.7598937031198584
72519622000131,187026.78,7,7,0.2015711256172522,0.14285714285714285,0.2940755329263542,0.8353242246912448,4.961028009035493,0.06849964655346091,0.0,0.05871398276010936,0.06849964655346091,0.4256803001013224,0.5068891003088003
72962806000171,5866993.55,154,70,0.09643892774901887,0.09208972845336483,0.18714866321951215,0.5375803472632078,10.369256723825131,0.08334383974538145,0.07893160857587735,0.004349199295654041,0.004412231169504108,0.6370698734759571,0.8677715537083529
73802134000108,3910163.03,6,5,0.8014155434291155,0.22222222222222227,0.8927973087608063,0.9913686463349329,1.2477921200793993,0.7517694292863943,0.027777777777777818,0.5791933212068932,0.7239916515086166,0.41011370399310154,0.9529262268646947
74047341000159,408907.69000000006,52,34,0.24923980249924751,0.05843195266272189,0.38623656111725363,0.8810394590524819,4.012200258435926,0.22648949348407318,0.029899587591895278,0.19080784983652563,0.1965899058921779,0.9521604768969947,0.8957255119286038
74077025000120,3404084.76,5,4,0.5065236365348132,0.28,0.5988349009264975,1.0,1.9742415316314075,0.342031515379751,0.040000000000000036,0.22652363653481322,0.302031515379751,0.40311253219990906,0.9515162746220056
74097114000138,490967.94000000006,41,35,0.13136350017700882,0.03152885187388459,0.1866109628258008,0.6358887710672106,7.61246463935969,0.1058153678292738,0.0030444063407635527,0.09983464830312422,0.10277096148851024,0.5073245330318175,0.6390604521200892
74125063000100,573769.82,5,5,0.6258500456717896,0.20000000000000004,0.7803129136349487,0.9902094885367099,1.5978268387383379,0.5323125570897369,3.469446951953614e-17,0.4258500456717895,0.5323125570897369,0.9615733557990712,0.9601093969217722
74130709000148,37707.770000000004,20,13,0.25120010919112246,0.11500000000000002,0.42431573121401767,0.8508869657367698,3.9808899893397838,0.18880011829038265,0.041250000000000016,0.13620010919112244,0.14755011829038264,0.7475784828717121,0.5524556553348687
75123125000108,9133837.5,317,114,0.07453117157222343,0.024729074824110103,0.20197425233369873,0.4626262510144285,13.417204894343616,0.06634118194011922,0.01609835867211108,0.049802096748113325,0.050242823268008135,0.42318683808953117,0.8163183786001675
75658435000127,485124.36,12,12,0.1485246052356011,0.08333333333333334,0.23573336948076573,0.6763935746289879,6.732891149003382,0.0711177511661103,1.5139404881252137e-17,0.06519127190226776,0.07111775116611029,0.8096304957168001,0.7969412864145492
75967745000123,798632.24,7,7,0.8794077673078169,0.14285714285714285,0.9368526369533992,0.9917853053365339,1.137128914680114,0.8593090618591197,0.0,0.7365506244506741,0.8593090618591197,0.4201227707868626,0.8943844089768926
76568930000108,2998220.74,18,5,0.8956888314612391,0.3271604938271605,0.9459058841678214,0.9928757747169742,1.116459159559449,0.8696110393265488,0.1589506172839506,0.5685283376340786,0.7106604220425983,0.3989296410860706,0.9501354210112948
76582337000116,4114608.9,11,10,0.7522125597412351,0.10743801652892562,0.8619314705706295,0.979226944266805,1.3294114636214065,0.7246806219347057,0.008264462809917352,0.6447745432123095,0.7164161591247884,0.44495882269942333,0.9506814666932375
76878669000142,31135591.939999998,30,30,0.47742255639803083,0.03333333333333333,0.5775384015390588,0.9752037905209006,2.0945805484026865,0.45940264454968704,0.0,0.4440892230646975,0.45940264454968704,0.6666351491245677,0.9845943562943534
77651602000133,2763991.3899999997,6,6,0.6474817451507202,0.16666666666666669,0.7911710607752652,0.9888150881685633,1.5444450866598887,0.5769780941808643,3.3306690738754695e-17,0.4808150784840535,0.5769780941808643,0.9738361505617711,0.9746211447017993
78009149000129,592920.77,25,25,0.2671954535760467,0.04,0.4486265508965051,0.8223217580993156,3.742578650259067,0.23666193080838197,0.0,0.22719545357604667,0.23666193080838197,0.7928707025000743,0.8082355424500725
78079639000100,2850402.7899999996,56,54,0.2654165803932948,0.01913265306122449,0.5026458488696609,0.6499576608960588,3.76766213519215,0.25155651587241357,0.0006257219869079722,0.2462839273320703,0.2509307938855056,0.5593158003962454,0.8154516209178914
78499936000104,61143.2,32,28,0.22265087697489339,0.0390625,0.40517604574179955,0.7412559368825969,4.491336452776524,0.19386016871470427,0.003472222222222224,0.18358837697489339,0.19038794649248203,0.9598589471351147,0.8375710340942074
78501053000183,71453.07,32,27,0.1333004956696177,0.04296875,0.2167856468588404,0.6556928904524327,7.50184757360901,0.09996589934921839,0.006159855769230771,0.09033174566961771,0.09380604357998762,0.9273985610565826,0.6960312245737813
78634771000128,689894.2299999999,5,5,0.4616717215143601,0.20000000000000004,0.6489690455883361,0.9565150733323282,2.1660412656851356,0.3270896518929501,3.469446951953614e-17,0.26167172151436,0.32708965189295003,0.9615231605624243,0.9548378946660867
79356713000142,173557.33,18,17,0.1535375465897117,0.06172839506172839,0.2731086033646634,0.6677908677207698,6.513064864011631,0.10063364325156868,0.003086419753086417,0.0918091515279833,0.09754722349848226,0.56847656001619,0.4977429110809594
79369757000107,314727.4,15,15,0.11113402814241401,0.06666666666666667,0.20335058212281484,0.5782782179117547,8.998144103249262,0.047643601581157866,0.0,0.04446736147574734,0.047643601581157866,0.4436507536847766,0.4950242322614291
79373940000186,115352.83999999998,20,18,0.24787246251385758,0.06000000000000001,0.4031110113977255,0.8995790654135607,4.034332776857348,0.20362966619114334,0.0047058823529411925,0.18787246251385759,0.19892378383820214,0.5420055239901002,0.5587410311443142
79376760000158,113419.982,174,64,0.048024716078980186,0.04809089708019554,0.11119329925479973,0.34832915949501736,20.822611389423443,0.03291399728658304,0.03298122877988118,-6.61810012153527e-05,-6.723149329813938e-05,0.9931899793579326,0.8715314784815151
80636475000108,22728861.2923,899,198,0.0642950481110411,0.01628431541163646,0.15388576202825086,0.4246096289597004,15.553297328169734,0.059545276781655526,0.01129083477920822,0.04801073269940464,0.04825444200244731,0.688631632192172,0.9533627448851887
80889108000116,923635.98,27,27,0.1422095458510294,0.03703703703703703,0.3075045430776744,0.6241445249891628,7.031876756343367,0.10921760530683823,0.0,0.10517250881399237,0.10921760530683823,0.6170953489071391,0.6421773209147169
80909245000175,84086.33,7,7,0.30791845636228315,0.14285714285714285,0.3853182794397139,0.9352403654672524,3.247613059034839,0.19257153242266367,0.0,0.1650613135051403,0.19257153242266367,0.6215560884424232,0.5642284982600989
80910201000165,660216.0,6,5,0.4129977139554079,0.22222222222222227,0.5452760914609764,0.9991275582536624,2.421320908589755,0.26624714244425984,0.027777777777777818,0.19077549173318564,0.23846936466648203,0.4715928928845781,0.842898122623368
80991094000147,3218362.66,13,13,0.38239960922554705,0.07692307692307694,0.5282188925221994,0.9326251659904604,2.6150654338409107,0.3309329099943426,1.5034270125132327e-17,0.3054765323024701,0.3309329099943426,0.5868220279453473,0.9271282262426219
81286254000110,175074.28780000002,122,51,0.06525918943414814,0.04514915345337275,0.17117230849017911,0.3931330572004189,15.32351242286087,0.04656437322283111,0.02605213652244021,0.02011003598077539,0.020512236700390898,0.9954068874202842,0.9131547941098109
81650525000174,7629988.0,12,12,0.4484021202000739,0.08333333333333334,0.5897781228489481,0.9501980868121942,2.2301411053850657,0.3982568584000807,1.5139404881252137e-17,0.3650687868667406,0.3982568584000807,0.400702484181263,0.950548404779069
82559154000182,265988.95999999996,32,23,0.7143665272138139,0.05859375,0.8435951627466042,0.9194478597908725,1.399841624579219,0.7013831875417145,0.01580255681818182,0.6557727772138139,0.6855806307235327,0.9835895968707832,0.9343171018631433
82568221000125,2434367.6500000004,35,29,0.1539438104022503,0.040000000000000015,0.21511532984756843,0.7054685433401976,6.495876627888005,0.12372751791661638,0.00571428571428573,0.1139438104022503,0.11801323220233065,0.49460242651372,0.8737811249508619
82636028000184,2489606.45,135,79,0.21325058990249782,0.020356652949245536,0.36511794866212693,0.811106389927613,4.689318798401537,0.20316405900381188,0.007797122858851248,0.19289393695325227,0.19536693614496062,0.956059445330981,0.9420804558865592
82662958000102,2091685.54,84,60,0.09010940968172222,0.03174603174603175,0.20166887514076326,0.4961918606560716,11.09762014346921,0.07468753526954804,0.015334947538337374,0.05836337793569047,0.05935258773121066,0.7081310795774619,0.7490428458425783
82702879000188,21813.15,37,30,0.09507639014966018,0.03871439006574144,0.19139830790142642,0.5317315472547522,10.517858307681806,0.06387212774102778,0.005566610412835974,0.05636200008391874,0.05830551732819181,0.9873620898520299,0.6390703422350489
82780008000182,234231.28,25,20,0.7326763932080615,0.0656,0.8538569229523914,0.9351312941636147,1.364859041822609,0.7186067296926963,0.01642105263157895,0.6670763932080616,0.7021856770611173,0.9954477014351294,0.9683849910467256
82782079000114,612544.0,6,6,0.5176615977302185,0.16666666666666669,0.687088878513217,0.9901356800491066,1.9317639252837802,0.4211939172762622,3.3306690738754695e-17,0.3509949310635518,0.42119391727626215,0.923532028529119,0.9361742714398139
82985003000196,18247611.369999997,89,85,0.08665210357634291,0.012245928544375709,0.23345521304797492,0.46604907609888446,11.540400737288186,0.07577891433320413,0.00048695150323732487,0.0744061750319672,0.07529196282996681,0.6351422801106296,0.9155738137927246
83108035000176,12229892.11,75,64,0.24894189317594184,0.017600000000000005,0.4578203102398424,0.7620843500638208,4.017001667506567,0.23702033592476632,0.002006349206349211,0.23134189317594184,0.2350139867184171,0.4572563921643843,0.9467704485728835
83145375000177,153524.06329999998,307,92,0.04396560827671404,0.035363770437882636,0.10849400179991196,0.3408578165218481,22.745050943140036,0.03345973584019441,0.0247633723108264,0.008601837838831401,0.00869636352936801,0.9962365040154089,0.9074897367019717
83156455000128,9729193.973199999,631,138,0.2025755087039948,0.026544538515826516,0.30465526416317334,0.7622392934530869,4.936430896299559,0.19675489197920643,0.01943902419842379,0.17603097018816827,0.17731586778078262,0.6402138697074852,0.9469596446770441
83158105000109,1309010.1099999999,101,81,0.15198130625287581,0.016370944025095577,0.3123734468330424,0.6733473586388113,6.5797565809583105,0.14138107258103677,0.004075580825409273,0.13561036222778022,0.1373054917556275,0.7740826899395296,0.8760063606178857
83222034000158,21690.82,15,12,0.2382340896714216,0.10222222222222224,0.43927431051477084,0.7412098758829774,4.197552085762474,0.16898264327791446,0.020606060606060635,0.13601186744919935,0.14837658267185383,0.9929840111537628,0.8593434753422211
83684324000113,138766.765,192,84,0.07101972563433888,0.028211805555555552,0.20105678762490425,0.4252140633241684,14.080595089154894,0.059827192208246574,0.016503514056224897,0.042807920078783326,0.04332367815202168,0.8758268400933137,0.8021684792217035
83779462000186,39552015.16,17,17,0.45428405165446817,0.058823529411764705,0.6581833955789776,0.8974705732793818,2.2012659180045517,0.4201768048828724,0.0,0.39546052224270345,0.4201768048828724,0.42201236688204957,0.9820739634092212
83788281000116,248625.30000000005,74,45,0.3531303523722071,0.03323593864134406,0.5824025149492027,0.7507388427485054,2.8318154847985944,0.33842876947157546,0.011264028155920062,0.319894413730863,0.3271647413156554,0.8021060451093187,0.7139650067638743
83820076000190,136680.28000000003,46,37,0.06976323817298143,0.0330812854442344,0.1340286982145486,0.42004515940412185,14.334197009611998,0.043923328122230904,0.0062224322621298,0.036681952728747025,0.03770089586010111,0.723002277912958,0.5125147281261794
83820894000193,74808.09,39,27,0.1624156814088653,0.057199211045364885,0.3081217552807457,0.7307632102356845,6.157040941647744,0.13020089992459088,0.02093764223941738,0.10521647036350043,0.1092632576851735,0.9925345610048536,0.8503753509388089
83871277000117,164909.06000000003,18,16,0.4488873443497941,0.06790123456790123,0.639575715245724,0.9416065436307746,2.227730437463064,0.41214650063978037,0.0057613168724279795,0.38098610978189285,0.4063851837673524,0.9663284182594134,0.8969529667787923
84438381000185,60654301.769999996,116,86,0.3892832549333097,0.017390011890606412,0.5061531133672137,0.9595949665813786,2.5688235682557568,0.3820983520501721,0.005829894383437076,0.37189324304270327,0.37626845766673506,0.4150438975711982,0.987857890332694
84591890000143,6362534.299999999,144,94,0.2817950778622993,0.01755401234567902,0.3976402924853388,0.818281594175453,3.5486780237114557,0.27407244429092614,0.00699007699455729,0.2642410655166203,0.26708236729636886,0.6985289006080855,0.9360477560676446
84703248000109,35545734.5662,1175,343,0.06627622995859477,0.009192213671344502,0.23335052999262665,0.357974649709435,15.088365777968018,0.06354604349648539,0.006295114880909837,0.05708401628725027,0.057250928615575555,0.715006717969889,0.9080274035780265
85448116000140,55102.65,7,6,0.3182887867342093,0.18367346938775508,0.4677814950823599,0.9345040574273651,3.1418009106147413,0.18194654408105115,0.02040816326530611,0.1346153173464542,0.16153838081574504,0.664446799916513,0.5158693997033126
85461804000140,21193.320000000003,24,14,0.15736625356280964,0.08680555555555552,0.29716910800195534,0.6931334967810612,6.354602574311587,0.09254827306764116,0.01655982905982903,0.07056069800725412,0.07598844400781213,0.9940993125608963,0.8247071385193461
85908309000137,185411.98,70,47,0.21677364750427935,0.03632653061224491,0.44028330855428005,0.6620165536229106,4.613106858296781,0.19974698766741586,0.015377107364685018,0.18044711689203444,0.18436988030273085,0.9800787766059611,0.7489676222577093
86050978000183,2407466.25,64,50,0.11256269924335045,0.025390625,0.19888129272840274,0.6019383740062815,8.883937634065525,0.09445173392178617,0.005500637755102041,0.08717207424335045,0.08895109616668413,0.7713419604966965,0.8849191672524224
86446630000100,45802.16,30,25,0.09526156443968166,0.05777777777777778,0.2292468302804933,0.48433763822492204,10.49741315799182,0.0575641296246684,0.018518518518518524,0.03748378666190388,0.039045611106149875,0.9918730386835344,0.7317002807697357
86532520000160,406043.0,6,4,0.8330791291815027,0.33333333333333337,0.9087707459554776,1.0,1.2003661656756381,0.7774388389086703,0.11111111111111116,0.49974579584816936,0.6663277277975591,0.45256218502995066,0.8760941064504952
86754348000190,53231.22,5,5,0.3250682988200764,0.20000000000000004,0.4711092475430772,0.9785839963840768,3.076276596732968,0.15633537352509544,3.469446951953614e-17,0.12506829882007633,0.1563353735250954,0.49758546990510716,0.4797502460238079
86813953000194,98539.6,6,6,0.3466825209022933,0.16666666666666669,0.5419141137167189,0.911132174273084,2.88448346745994,0.21601902508275195,3.3306690738754695e-17,0.1800158542356266,0.21601902508275192,0.3989296410860706,0.4512792935258807
87620415000146,65207.0,5,5,0.30665000090644234,0.20000000000000004,0.4048645084116736,0.9539926694986735,3.2610467863820287,0.1333125011330529,3.469446951953614e-17,0.1066500009064423,0.13331250113305287,0.39892964108607065,0.3780545420536182
88368386000130,24736710.91,34,15,0.38424654913510137,0.32698961937716275,0.5442922484313417,0.9211542271284118,2.602495721174061,0.3402641597876086,0.27891744933267437,0.05725692975793861,0.06134671045493423,0.572844614175336,0.9795041064251826
88659313000105,57536785.92999999,138,104,0.2628078452912807,0.012917454316320104,0.4825253887795675,0.7312865336480571,3.8050614466689874,0.25565063990575915,0.0033341286300707837,0.2498903909749606,0.2523165112756884,0.517073261439556,0.9668385060860879
88892393000136,1747449.05,33,26,0.29593648657798727,0.05417814508723599,0.39527023692049845,0.8747608978928456,3.379103440617732,0.2677739460411067,0.01634527089072543,0.24175834149075126,0.2514286751503813,0.5029708188655124,0.8672808239174565
89421259000110,6547259.8915,63,58,0.04748094737277004,0.018896447467876033,0.08843466726465138,0.3181301849196649,21.061079345133123,0.030770086800362497,0.0016841044409966657,0.028584499904894006,0.029085982359365832,0.6621397522919319,0.8595446535801101
89525901000100,3220535.6499999994,6,6,0.3279840856211839,0.16666666666666669,0.4218180413559465,0.965245790711865,3.048928420127625,0.1935809027454207,3.3306690738754695e-17,0.16131741895451723,0.19358090274542067,0.607572461086929,0.934436932397704
89985378000103,164636.39,49,31,0.12729706034093294,0.0470637234485631,0.25319068281319823,0.633165000763197,7.855640949773336,0.09820696235229737,0.015299180896848535,0.08023333689236983,0.08290778145544883,0.4202584496569096,0.37695105060746587
90896275000148,397545.23,59,47,0.06553441869028201,0.024992818155702385,0.18714851640906371,0.39826572689603146,15.259157248743374,0.04521994953137509,0.003797009854739394,0.04054160053457963,0.0414229396766357,0.5339441839642262,0.465218029433575
92032226000192,5122533.540000001,65,57,0.2302757172236265,0.020591715976331366,0.4341049624440331,0.7202978411342916,4.342620281707233,0.21653064074547698,0.0031022823330515707,0.20968400124729514,0.2134283584124254,0.6840054172322491,0.8985355360980256
93856862000100,2164470.53,20,20,0.19588566551579079,0.05000000000000002,0.3660077875950568,0.7376329905494257,5.1050187739203805,0.15356385843767453,1.460819769243627e-17,0.14588566551579077,0.1535638584376745,0.4028767262589116,0.8004970802872236
94707684000100,12998350.0,16,16,0.17712238683834125,0.0625,0.3231179341993407,0.7446945189197092,5.645813710226789,0.12226387929423067,0.0,0.11462238683834125,0.12226387929423067,0.4016693887197846,0.9461235917214037
94707817000148,225920.0,6,5,0.7514446281719217,0.22222222222222227,0.8631373937677054,0.9840651558073654,1.3307700428077474,0.689305785214902,0.027777777777777818,0.5292224059496995,0.6615280074371243,0.8868220047747071,0.7409235530668048
95778502000154,18407.84,25,23,0.09071978843234162,0.04639999999999998,0.17106841432780814,0.5086799972185764,11.022953396168855,0.04938886972472078,0.003054545454545438,0.044319788432341634,0.046334324270175344,0.9920605872159944,0.8143211801190336
95785267000148,194690.42,26,21,0.23432170266316082,0.05917159763313611,0.40032786410343146,0.8364047907441977,4.2676371357607765,0.1960377877963189,0.01213017751479292,0.1751501050300247,0.18390761028152597,0.808775760084417,0.7705326382550387
95994059000159,207107.77000000002,7,7,0.3614292766236744,0.14285714285714285,0.48284040719476623,0.9564598662812118,2.7667930205920066,0.25500082272762015,0.0,0.21857213376653156,0.25500082272762015,0.7186633663462334,0.7707387746994815
96041330000102,1217253.8900000001,6,6,0.3758444300918148,0.16666666666666669,0.49629744867769526,0.9740727877238494,2.660675321849816,0.25101331611017774,3.3306690738754695e-17,0.2091777634251481,0.2510133161101777,0.39892964108607054,0.852520913657409
96484134000102,183894.64,45,32,0.09884645795878058,0.04,0.17564405357328522,0.5458445118356903,10.116700392208333,0.06977698886067672,0.00903225806451613,0.05884645795878058,0.06074473079616059,0.7867239704214734,0.5484094943472645
97552692000112,10417.31,6,6,0.24200876144045344,0.16666666666666669,0.3829193908984181,0.8803913870279372,4.132081805831858,0.09041051372854414,3.3306690738754695e-17,0.07534209477378676,0.09041051372854411,0.9621365191055251,0.7225325188043651
