orgao_cnpj,valor_total,n_instrumentos,n_fornecedores,portfolio_hhi,count_hhi,portfolio_cr1,portfolio_cr4,portfolio_neff,portfolio_hhi_norm,count_hhi_norm,hhi_gap_value_count,hhi_norm_gap_value_count,exposicao_degree_global,exposicao_strength_global
00091238000170,354388.32,7,6,0.40452126437855135,0.18367346938775508,0.5643524876892105,0.9904406838238913,2.4720579313333677,0.28542551725426163,0.02040816326530611,0.22084779499079626,0.26501735398895554,0.41506546176305276,0.7484208448057248
00094350000164,238365.99,1,1,1.0,1.0,1.0,1.0,1.0,,,0.0,,0.4095272879056663,0.8409683815089221
00118735000114,91544.05,3,3,0.69545779764209,0.3333333333333333,0.8246745692374327,1.0,1.4379017726027992,0.543186696463135,0.0,0.3621244643087567,0.543186696463135,0.44928714968711364,0.6325126012972937
00202770000117,361050.62,2,2,0.7719240951242103,0.5,0.8687303182030265,1.0,1.2954641606816146,0.5438481902484207,0.0,0.27192409512421034,0.5438481902484207,0.4095272879056663,0.837073168533541
00204125000133,93584.2,7,7,0.3627043694426003,0.14285714285714285,0.5231652351572167,0.917454014673417,2.7570663169478435,0.25648843101636704,0.0,0.21984722658545747,0.25648843101636704,0.44708342857392275,0.5034087508994136
00282872000190,215000.0,1,1,1.0,1.0,1.0,1.0,1.0,,,0.0,,0.4095272879056663,0.8310549932171554
00421772000105,6422.07,4,3,0.6522880525960196,0.375,0.7810285468704016,1.0,1.5330650255207543,0.47843207889402944,0.06250000000000001,0.27728805259601963,0.41593207889402944,0.5365286736124101,0.39022781182539473
00426641000102,13493.64,1,1,1.0,1.0,1.0,1.0,1.0,,,0.0,,0.4095272879056663,0.3663779609725556
00460408000146,115122.95999999999,5,5,0.7121942314230545,0.20000000000000004,0.8338909979382045,0.9897622507273962,1.4041113447407079,0.6402427892788182,3.469446951953614e-17,0.5121942314230544,0.6402427892788182,0.4883817695641092,0.6839676665600792
00536717000152,383040.95,10,10,0.12749968892067842,0.10000000000000003,0.17230533706644158,0.6101159158048245,7.843156390931522,0.030555209911864906,3.0839528461809905e-17,0.02749968892067839,0.030555209911864875,0.5123061484187917,0.6522842763779553
00634997000131,840000.0,1,1,1.0,1.0,1.0,1.0,1.0,,,0.0,,0.4095272879056663,0.9423458207241991
00652007000198,2067.76,2,2,0.5071784739614501,0.5,0.5599102410337756,0.9999999999999999,1.9716925132670526,0.01435694792290021,0.0,0.007178473961450105,0.01435694792290021,0.9070941512512962,0.5117081650999016
00675468000186,2154583.44,1,1,1.0,1.0,1.0,1.0,1.0,,,0.0,,0.4095272879056663,0.9747469477199207
00734500000157,5000.0,1,1,1.0,1.0,1.0,1.0,1.0,,,0.0,,0.9719816341437963,0.7350516539705729
00734571000150,10449.55,1,1,1.0,1.0,1.0,1.0,1.0,,,0.0,,0.864499634769905,0.5303140978816655
00898427000159,2378.0,1,1,1.0,1.0,1.0,1.0,1.0,,,0.0,,0.9867995408535949,0.6151518313680476
00955107000193,347447.98000000004,34,27,0.0992656907238385,0.043252595155709346,0.1731194407865028,0.5443922857171309,10.073974126488917,0.06462206344398613,0.006454618046313553,0.05601309556812916,0.05816744539767258,0.49815884453957354,0.5430572614618535
00956081000106,74230.62,3,3,0.3907846252670609,0.3333333333333333,0.44352182428221676,1.0,2.5589543071624257,0.0861769379005914,0.0,0.05745129193372761,0.0861769379005914,0.6403326377730508,0.6124810631745546
00999472000108,15195600.0,38,38,0.05613047041653832,0.02631578947368421,0.09476427386875148,0.37905709547500593,17.81563547533283,0.030620483130498814,0.0,0.02981468094285411,0.030620483130498814,0.46923975699979853,0.9142891110850542
01017786000112,8900.0,1,1,1.0,1.0,1.0,1.0,1.0,,,0.0,,0.9247626004382761,0.6902848794740687
01031661000147,9629.28,1,1,1.0,1.0,1.0,1.0,1.0,,,0.0,,0.864499634769905,0.48857351560054263
01071994000108,2330112.26,26,26,0.18011921632404948,0.038461538461538464,0.27890776386885324,0.7425009643097624,5.551878474759277,0.14732398497701146,0.0,0.14165767786251102,0.14732398497701146,0.5966612844188836,0.8919495534048115
01164577000100,5000.0,1,1,1.0,1.0,1.0,1.0,1.0,,,0.0,,0.98810393404988,0.99405196702494
01203660000132,5030.64,1,1,1.0,1.0,1.0,1.0,1.0,,,0.0,,0.9836168214546593,0.8799958259417718
01280363000190,17337283.92,18,16,0.5471006198949253,0.07407407407407407,0.6784062633035545,0.9944246157330047,1.8278173404227862,0.5169073278879204,0.012345679012345675,0.47302654582085124,0.5045616488755748,0.41031407216970733,0.9874785893712867
01282378000198,128035.94,17,13,0.6270303612307502,0.10034602076124567,0.7810307012234221,0.947735534257022,1.5948191057880772,0.5959495579999794,0.025374855824682806,0.5266843404695045,0.5705747021752966,0.9883255129447521,0.9770092336357968
01294821000140,14224.720000000001,2,2,0.5001247860402497,0.5,0.5078989252512527,0.9999999999999999,1.999500980380366,0.00024957208049936064,0.0,0.00012478604024968032,0.00024957208049936064,0.9866729342604836,0.9779399693961826
01335616000186,227340.0,1,1,1.0,1.0,1.0,1.0,1.0,,,0.0,,0.9247626004382761,0.861003861003861
01349236000109,436648.678,70,22,0.1022914515136944,0.0742857142857143,0.1793203642769302,0.5505438401899845,9.77598797555555,0.05954342539529889,0.030204081632653076,0.028005737227980096,0.02933934376264581,0.9978254241054763,0.9466762685726758
01357325000199,43200.0,1,1,1.0,1.0,1.0,1.0,1.0,,,0.0,,0.4095272879056663,0.5785244704163623
01357347000159,2549.99,1,1,1.0,1.0,1.0,1.0,1.0,,,0.0,,0.9552332255034958,0.23875613064802254
01397083000167,54872.98,22,16,0.39721330655989834,0.0743801652892562,0.5710187418288565,0.9252499135275686,2.5175390237064064,0.3570275269972249,0.012672176308539947,0.3228331412706421,0.34435535068868495,0.6608090760711074,0.6618984138330563
01404511000131,533040.86,32,20,0.22741827790979535,0.08203125,0.34633988471352833,0.8876948194928246,4.397183943133395,0.1867560820103109,0.033717105263157895,0.14538702790979535,0.153038976747153,0.4237897571152078,0.7158535114071404
01420402000108,84739.40000000001,11,9,0.20704962064863677,0.12396694214876033,0.3540265803156501,0.8163968590761794,4.829760116764474,0.10793082322971638,0.014462809917355383,0.08308267849987644,0.093468013312361,0.7946867962728098,0.6484428800362312
01455352000102,7200.0,1,1,1.0,1.0,1.0,1.0,1.0,,,0.0,,0.864499634769905,0.41177084420327664
01465988000127,2669716.75,81,53,0.14064002071437567,0.042219173906416704,0.30738363161560117,0.6208619397544702,7.110351626233683,0.12411386726657521,0.02380031186615549,0.09842084680795897,0.10031355540041972,0.6451281261510384,0.824931488696342
01494665000161,117800.0,3,3,0.40957739658308373,0.3333333333333333,0.47368421052631576,1.0,2.4415409842987947,0.11436609487462561,0.0,0.07624406324975042,0.11436609487462561,0.4095272879056663,0.5880177953779568
01600293000100,8279.18,7,7,0.2739602189198392,0.14285714285714285,0.4522186979869987,0.8634429979780606,3.650164990898187,0.15295358873981238,0.0,0.13110307606269633,0.15295358873981238,0.9871552537329987,0.7499846767775312
01605008000144,16100.0,2,2,0.5972377608888546,0.5,0.7204968944099379,1.0,1.674375040372069,0.19447552177770921,0.0,0.09723776088885461,0.19447552177770921,0.5535371578681969,0.37480677156688574
01610999000153,4236.12,8,8,0.21798196515790294,0.125,0.29744199881023203,0.8647111035570286,4.587535483844339,0.10626510303760336,0.0,0.09298196515790294,0.10626510303760336,0.9889191873724316,0.722963215304371
01648573000199,4279820.09,37,32,0.34400941003515123,0.034331628926223524,0.5761637751459782,0.7242194846559543,2.9068972267294053,0.32284842326209157,0.0031810363109404122,0.3096777811089277,0.31966738695115116,0.5129467756364453,0.8826216585759108
01650166000116,579048.92,18,15,0.21380006151089428,0.07407407407407407,0.41447275301022923,0.6717912538374133,4.6772671295468475,0.15764292304738672,0.007936507936507933,0.13972598743682021,0.1497064151108788,0.4870381266049738,0.6945728529735713
01655283000172,22000.0,1,1,1.0,1.0,1.0,1.0,1.0,,,0.0,,0.4095272879056663,0.4498069498069498
01671721000196,20289.989999999998,3,3,0.41231173930730536,0.3333333333333333,0.5613605526666106,1.0,2.425349328350501,0.11846760896095805,0.0,0.07897840597397204,0.11846760896095805,0.4095272879056663,0.284353233789744
01683480000103,114811.7,1,1,1.0,1.0,1.0,1.0,1.0,,,0.0,,0.864499634769905,0.8124804341020557
01743462000161,940.0,1,1,1.0,1.0,1.0,1.0,1.0,,,0.0,,0.9951476573098195,0.8812480434102056
01746653000187,803449.0775000001,418,107,0.03713639244321764,0.023774638859000483,0.09635963518795626,0.2681495461670998,26.927763689728934,0.02805277350400271,0.014564965640689168,0.013361753584217158,0.013487807863313543,0.9956783181157159,0.9125488217928412
01796840000175,89000.0,3,2,0.8550688044438834,0.5555555555555556,0.9213483146067416,1.0,1.16949653034106,0.7101376088877669,0.11111111111111116,0.29951324888832787,0.5990264977766557,0.9847512038523274,0.9840389172305359
01814099000128,52572.0,1,1,1.0,1.0,1.0,1.0,1.0,,,0.0,,0.4095272879056663,0.615464885735156
01815216000178,17198428.91,73,67,0.1035861143336811,0.016325764683805588,0.2519416176137219,0.5151051899193506,9.653803566554377,0.0900040857629793,0.0014216096032571882,0.08726034964987552,0.08858247615972212,0.452428219567515,0.9106674573692309
01823752000115,74995.97,6,4,0.35586133796049574,0.2777777777777778,0.4666917435696878,1.0,2.810083291798926,0.1411484506139943,0.037037037037037056,0.07808356018271795,0.10411141357695725,0.7093074124324621,0.7025348859842135
01824828000127,18819.96,43,21,0.18159729804592467,0.06327744726879393,0.3798467159335089,0.6545996909663995,5.506689861360751,0.1406771629482209,0.016441319632233633,0.11831985077713074,0.12423584331598728,0.9879016826448945,0.7691940856537869
01842685000186,24000.0,1,1,1.0,1.0,1.0,1.0,1.0,,,0.0,,0.4095272879056663,0.46488573515600545
01850671000104,139562.38999999998,85,43,0.13661175104506862,0.03529411764705881,0.310507580158236,0.6039364186870115,7.320014510831481,0.11605488797471311,0.012324929971988781,0.10131763339800981,0.10372995800272433,0.9884332274902338,0.7392005950031386
01873642000168,188400.0,2,2,0.6754432228487972,0.5,0.7961783439490446,1.0,1.4805093399002942,0.3508864456975944,0.0,0.1754432228487972,0.3508864456975944,0.4095272879056663,0.7364623925994214
01877528000106,4159587.9899999998,11,11,0.6534896898603942,0.09090909090909091,0.8053682259045084,0.8947478473703354,1.530246024560282,0.6188386588464336,0.0,0.5625805989513033,0.6188386588464336,0.4366750355366919,0.9342733775885613
01896727000161,7681.620000000001,19,16,0.15049852515547893,0.06925207756232686,0.3189431395981577,0.6327311166134227,6.644583386893043,0.09386509349917753,0.007202216066481985,0.08124644759315207,0.08666287743269555,0.9938833376932583,0.8146889881413153
01905501000180,320.0,1,1,1.0,1.0,1.0,1.0,1.0,,,0.0,,0.9719816341437963,0.7518000626108734
01906118000146,560749.94,5,5,0.8294648351880152,0.20000000000000004,0.9092171102149381,0.988943378219532,1.2055966179365873,0.786831043985019,3.469446951953614e-17,0.6294648351880151,0.786831043985019,0.4095272879056662,0.8653000686356664
01933030000113,65051.92,2,2,0.7247295485637459,0.5,0.83520855341395,1.0,1.3798250698923196,0.4494590971274919,0.0,0.22472954856374594,0.4494590971274919,0.4095272879056663,0.5741537842366875
01935036000120,26978.34,37,28,0.19283395591009656,0.04455807158509863,0.37878720484655465,0.708943915748708,5.18580866777541,0.16293891724010015,0.009171333495657838,0.14827588432499794,0.15376758374444233,0.96193033384315,0.6747566155450005
01941360000150,714558.1428,132,72,0.2492985544109163,0.026056014692378334,0.4464157370735934,0.729931659243559,4.011254707685589,0.23872529461388695,0.012338493772552677,0.22324253971853797,0.22638680084133428,0.9850312218557831,0.9571018278327709
01990043000124,34800.0,1,1,1.0,1.0,1.0,1.0,1.0,,,0.0,,0.9719816341437963,0.7350516539705729
02073207000111,864439.406,200,87,0.656824578698333,0.018600000000000002,0.8097733573242496,0.8444348845429659,1.5224765217857064,0.6528341668227322,0.007188372093023258,0.638224578698333,0.645645794729709,0.5208668262990127,0.9215653923816725
02101116000142,948.0,1,1,1.0,1.0,1.0,1.0,1.0,,,0.0,,0.4095272879056663,0.07304601899196493
02150482000191,181046.78,3,3,0.42883363545057207,0.3333333333333333,0.47245728424443667,1.0,2.331906635423567,0.1432504531758581,0.0,0.09550030211723876,0.1432504531758581,0.44659418363420406,0.6697894213654549
02179215000147,73631.7,8,8,0.27320822765521074,0.125,0.45332648845537993,0.8659308422866782,3.660211877886788,0.16938083160595513,0.0,0.14820822765521074,0.16938083160595513,0.4167029093240186,0.403468864821237
02180700000130,22689.010000000002,4,3,0.5011514059274679,0.375,0.5239981823799275,0.9999999999999999,1.9954049578077626,0.2517271088912018,0.06250000000000001,0.12615140592746787,0.1892271088912018,0.695476207320863,0.5941861576395413
02205357000131,18000.0,1,1,1.0,1.0,1.0,1.0,1.0,,,0.0,,0.864499634769905,0.44777209642074506
02212723000180,97000.0,4,4,0.3346795621213732,0.25,0.4948453608247423,1.0,2.9879326770403303,0.11290608282849757,0.0,0.08467956212137318,0.11290608282849757,0.5455499483083768,0.5282071666858517
02236374000136,1200.0,1,1,1.0,1.0,1.0,1.0,1.0,,,0.0,,0.864499634769905,0.734164666597099
02246138000109,1618716.57,16,7,0.3751977273992343,0.1875,0.5632710610974966,0.9574545221341622,2.665261346148657,0.2710640152991067,0.052083333333333336,0.1876977273992343,0.21898068196577333,0.40952728790566634,0.8835690486669582
02247113000111,269616.85,33,27,0.2706740404026447,0.04866850321395775,0.36069463017611847,0.8565215786772971,3.6944806325439887,0.24262304195659257,0.012078830260648434,0.22200553718868696,0.23054421169594413,0.9237570568247466,0.8907460853950394
02299772000100,6212.0,3,3,0.43511804831974665,0.3333333333333333,0.574211204121056,0.9999999999999999,2.298226892360828,0.15267707247961998,0.0,0.10178471498641334,0.15267707247961998,0.9879856315503973,0.6652093523362732
02307876000100,8297.08,5,5,0.3827766162699564,0.20000000000000004,0.48248299401717226,0.9917440834606874,2.6124897851511957,0.22847077033744548,3.469446951953614e-17,0.18277661626995637,0.22847077033744545,0.9973049042023356,0.9597731965001126
02310729000190,431305.0,3,3,0.7257072035314568,0.3333333333333333,0.8367628476368232,1.0,1.3779662033582853,0.5885608052971851,0.0,0.3923738701981235,0.5885608052971851,0.8406570552235014,0.9338957873690773
02316487000141,15666842.0,9,9,0.6295827088001638,0.1111111111111111,0.7588000185359628,0.9978756407960201,1.588353660324891,0.5832805474001842,0.0,0.5184715976890526,0.5832805474001842,0.5449192325516842,0.9919365241423179
02318396000145,36196.02,1,1,1.0,1.0,1.0,1.0,1.0,,,0.0,,0.4095272879056663,0.5462798706041949
02318953000128,17910.0,1,1,1.0,1.0,1.0,1.0,1.0,,,0.0,,0.9247626004382761,0.6488573515600543
02362976000130,226400.0,18,18,0.1021504201575747,0.05555555555555555,0.2332155477031802,0.5159010600706713,9.789484942474294,0.04933573899037321,0.0,0.04659486460201914,0.04933573899037321,0.45775757202555023,0.4535176949464028
02396675000127,441777.88,3,2,0.8169368921400291,0.5555555555555556,0.8980809541663788,1.0,1.224084760550381,0.6338737842800581,0.11111111111111116,0.2613813365844735,0.522762673168947,0.9179837437994041,0.9063805216980435
02406542000194,590906.0015,31,28,0.4401299863323649,0.03850156087408947,0.6261634516501015,0.9496734507273404,2.2720560540150254,0.41939405990023026,0.0028905075731298245,0.40162842545827543,0.41650355232710046,0.6195862799439951,0.8731107807584741
02454641000141,11280.0,1,1,1.0,1.0,1.0,1.0,1.0,,,0.0,,0.864499634769905,0.4558071585098612
02458148000108,79864.0,4,4,0.26460177132338036,0.25,0.34558749874787137,1.0,3.7792641938812275,0.019469028431173818,0.0,0.014601771323380364,0.019469028431173818,0.6799220523998593,0.6180114981861735
02460655000178,23700.0,1,1,1.0,1.0,1.0,1.0,1.0,,,0.0,,0.9247626004382761,0.6488573515600543
02482295000105,8313386.920000001,120,56,0.7657203353701113,0.028194444444444446,0.873560987824202,0.9559161105423445,1.3059598312961735,0.7614607051041133,0.010525252525252528,0.7375258909256669,0.7509354525788609,0.8438527234647272,0.9698306940996441
02524947000127,35280.0,4,4,0.31237820146955225,0.25,0.3486394557823129,1.0,3.2012477032507367,0.08317093529273634,0.0,0.06237820146955225,0.08317093529273634,0.7287375922924737,0.5976018568406876
02548293000171,24000.0,1,1,1.0,1.0,1.0,1.0,1.0,,,0.0,,0.9247626004382761,0.861003861003861
02555079000142,2457600.0,1,1,1.0,1.0,1.0,1.0,1.0,,,0.0,,0.4095272879056663,0.9769383282896796
02571926000162,700.0,2,2,0.5,0.5,0.5,1.0,2.0,0.0,0.0,0.0,0.0,0.939997912970886,0.2635656892413649
02581343000112,25207.8,2,2,0.7242632942642669,0.5,0.8348606383738367,1.0,1.3807133509586957,0.4485265885285339,0.0,0.22426329426426694,0.4485265885285339,0.4095272879056663,0.402816303046026
02694244000147,3999.0,1,1,1.0,1.0,1.0,1.0,1.0,,,0.0,,0.9247626004382761,0.4822080768026714
02701029000126,83806.99,4,4,0.3755815930501833,0.25,0.4445414398011431,0.9999999999999999,2.6625372981640907,0.16744212406691106,0.0,0.1255815930501833,0.16744212406691106,0.416386102579141,0.5077950540298722
02762633000162,5278576.3,25,19,0.1349596061833101,0.0656,0.2811371524552937,0.625999840146291,7.409624466758898,0.08690180652682733,0.013688888888888896,0.0693596061833101,0.07321291763793844,0.6108598554586421,0.8963263451798398
02888096000100,10900.0,4,4,0.2892854136857167,0.25,0.3486238532110092,1.0,3.45679371544952,0.052380551580955594,0.0,0.0392854136857167,0.052380551580955594,0.789366586663884,0.29434338521866416
02920909000193,261582.46000000002,14,14,0.4484629540612366,0.07142857142857142,0.655674696231544,0.856290784940244,2.2298385874331377,0.4060370274505625,0.0,0.3770343826326652,0.4060370274505625,0.41629565508483074,0.6478932205832026
02936023000138,25297.0,1,1,1.0,1.0,1.0,1.0,1.0,,,0.0,,0.4095272879056663,0.4751121778148805
03061303000102,1465211.1,27,24,0.10847197778816797,0.05349794238683127,0.2097933669762671,0.580555368438036,9.218970838282983,0.0697098898659144,0.012345679012345673,0.054974035401336704,0.057364210853568735,0.4146562470204035,0.7348075239292894
03078786000158,197200.0,2,2,0.542067648910302,0.5,0.6450304259634888,1.0,1.8447881957358312,0.08413529782060403,0.0,0.042067648910302013,0.08413529782060403,0.8932439099918952,0.8335636614787976
03130778000103,219634.8,7,7,0.2837917295305102,0.14285714285714285,0.4370892044430118,0.9242615468951186,3.5237108623790636,0.16442368445226188,0.0,0.14093458667336733,0.16442368445226188,0.6354255560459481,0.6637170914422503
03133862000180,27087.739999999998,14,13,0.16442778265002284,0.0816326530612245,0.27646270969818815,0.7045866506397358,6.081697289128171,0.09479676453752472,0.005102040816326534,0.08279512958879834,0.08969472372119819,0.4274519544553845,0.19919299976355404
03183869000107,244510.0,3,3,0.34554752062879246,0.3333333333333333,0.41372541000368085,1.0,2.8939579661295243,0.018321280943188713,0.0,0.012214187295459145,0.018321280943188713,0.4095272879056663,0.6961908509298933
03230443000167,7269371.88,2,1,1.0,1.0,1.0,1.0,1.0,,,0.0,,0.4095272879056663,0.9922779922779923
03247529000100,130000.0,1,1,1.0,1.0,1.0,1.0,1.0,,,0.0,,0.4095272879056663,0.7642700615673589
03264792000108,2802395.7078,155,70,0.24497439547011274,0.030343392299687823,0.4710255572851474,0.6864102719847879,4.08205926207501,0.23403199540446218,0.016290397985190542,0.2146310031704249,0.21774159741927163,0.5971991799719367,0.9218070768312822
03311730000100,19699.12,1,1,1.0,1.0,1.0,1.0,1.0,,,0.0,,0.9247626004382761,0.6870499843472816
03324132000167,6460.7,3,2,0.5612529795895349,0.5555555555555556,0.6750042565047132,1.0,1.7817277348466587,0.12250595917906981,0.11111111111111116,0.005697424033979326,0.011394848067958652,0.9609323474606252,0.5111001484681184
03331692000149,429612.62,10,9,0.1299676088705962,0.12000000000000002,0.14261685329448656,0.5604863283578588,7.694224804856278,0.02121355997942072,0.010000000000000033,0.009967608870596167,0.011213559979420688,0.4204121921309798,0.6322562882222266
03347877000141,46157.27999999999,29,18,0.41505165105651254,0.08680142687277051,0.6203985590138761,0.884456579763799,2.409338687015227,0.3806429246480721,0.033083863747639365,0.32825022418374206,0.3475590609004327,0.9892725407183651,0.8242722980340312
03347885000198,233068.99519999998,268,89,0.042639480766974824,0.03271886834484296,0.10409218085477892,0.31829221186774137,23.452443182059596,0.03176038395750863,0.021727037303307082,0.009920612422131866,0.010033346654201549,0.9953519747072308,0.9129004255331822
03383321000100,2445.9900000000002,3,3,0.7463365233287728,0.3333333333333333,0.8580574736609716,1.0,1.339878149792067,0.6195047849931591,0.0,0.41300318999543945,0.6195047849931591,0.9887277499010569,0.7894127111771038
03387174000147,57459.880000000005,8,8,0.18642925193296328,0.125,0.31987536347099926,0.7635504981910857,5.363965094702963,0.07020485935195804,0.0,0.06142925193296328,0.07020485935195804,0.4852539746311926,0.31862167596243784
03405084000131,0.01,1,1,1.0,1.0,1.0,1.0,1.0,,,0.0,,0.4095272879056663,0.00031305436710842114
03406339000180,22600.0,2,2,0.5009789333542173,0.5,0.5221238938053098,1.0,1.996091918086603,0.0019578667084345636,0.0,0.0009789333542172818,0.0019578667084345636,0.4095272879056663,0.3405034172793082
03532661000156,120542.0,4,3,0.5366952709310912,0.375,0.6638516035904498,0.9999999999999999,1.8632547260294283,0.3050429063966367,0.06250000000000001,0.16169527093109115,0.24254290639663673,0.9304109383041163,0.8372401807216722
03567122000152,91200.0,1,1,1.0,1.0,1.0,1.0,1.0,,,0.0,,0.864499634769905,0.8261504747991234
03587269000104,475647.01,3,3,0.9690035440092525,0.3333333333333333,0.9843171304703461,1.0,1.0319879696853322,0.9535053160138786,0.0,0.6356702106759191,0.9535053160138786,0.41378728472464454,0.9003301413596608
03587439000150,517.24,1,1,1.0,1.0,1.0,1.0,1.0,,,0.0,,0.4095272879056663,0.045601586142126685
03598106000127,64845.0,1,1,1.0,1.0,1.0,1.0,1.0,,,0.0,,0.9454763643952833,0.9752687049984348
03608586000160,822552.85,2,2,0.5039259459786553,0.5,0.5443054510114457,1.0,1.9844185598698205,0.007851891957310508,0.0,0.003925945978655254,0.007851891957310508,0.9552332255034958,0.9627426141889899
03632431000169,760.0,1,1,1.0,1.0,1.0,1.0,1.0,,,0.0,,0.4095272879056663,0.06161953459250757
03688948000170,8090.0,1,1,1.0,1.0,1.0,1.0,1.0,,,0.0,,0.4095272879056663,0.2887404779296671
03838193000142,18920.25,3,3,0.9068983380773745,0.3333333333333333,0.9513616363420145,1.0,1.102659425002367,0.8603475071160618,0.0,0.5735650047440413,0.8603475071160618,0.4374431947543768,0.4140287934485271
03842931000125,137000.56,2,2,0.7323880887876595,0.5,0.8408724752657946,1.0,1.3653963183034903,0.46477617757531897,0.0,0.23238808878765949,0.46477617757531897,0.49481153783104237,0.7249299119853557
03852808000195,98812.72,4,4,0.3309399887575416,0.25,0.41290230650466864,1.0,3.0216958783202097,0.10791998501005547,0.0,0.0809399887575416,0.10791998501005547,0.7535289039395973,0.686399893201729
03918310000188,13171.98,3,3,0.742551155241647,0.3333333333333333,0.8527191811709401,1.0,1.3467085640376815,0.6138267328624706,0.0,0.40921782190831374,0.6138267328624706,0.491681901031859,0.39625524634058107
03937163000193,28396.17,2,2,0.7847430043465099,0.5,0.8773214838479979,1.0,1.2743025353029354,0.5694860086930198,0.0,0.2847430043465099,0.5694860086930198,0.9540362682604392,0.7997690995765947
03999531000128,38000.0,1,1,1.0,1.0,1.0,1.0,1.0,,,0.0,,0.4095272879056663,0.5528540123134718
04015843000112,2509.9,2,2,0.9162613234745116,0.5,0.9562133949559743,1.0,1.0913916962116734,0.8325226469490232,0.0,0.4162613234745116,0.8325226469490232,0.8445779403118071,0.24276442975475887
04073373000143,9021.93,5,5,0.2601198601651932,0.20000000000000004,0.33471884618923,0.9113271772226119,3.844381583801154,0.07514982520649145,3.469446951953614e-17,0.060119860165193134,0.07514982520649141,0.6474947619080919,0.3979742942545922
04189915000148,300.0,1,1,1.0,1.0,1.0,1.0,1.0,,,0.0,,0.4095272879056663,0.028174893039757905
04200511000108,36304.600000000006,9,7,0.9438989062413548,0.18518518518518517,0.9714471444389967,0.9924031665408791,1.0594354897412077,0.9345487239482472,0.049382716049382706,0.7587137210561696,0.8851660078988645,0.926656217567175,0.8563969846149261
04244520000109,27423.9,6,6,0.28960971967071353,0.16666666666666669,0.39928675352520976,0.9450515790970649,3.45292278566134,0.14753166360485623,3.3306690738754695e-17,0.12294305300404684,0.1475316636048562,0.49179060367855737,0.31458262151513244
04244525000123,476692.74,88,60,0.07290704054195515,0.022210743801652888,0.20497857802491393,0.45881084742343675,13.716096450582699,0.05719360055114084,0.005638044544053785,0.050696296740302266,0.051555556007087056,0.7125172397826509,0.6075152462627746
04249257000132,388630.0,3,2,0.9322205396710159,0.5555555555555556,0.9648766178627486,1.0,1.072707538017671,0.8644410793420318,0.11111111111111116,0.37666498411546034,0.7533299682309207,0.4095272879056662,0.8712629492381789
04250030000107,348700.0,1,1,1.0,1.0,1.0,1.0,1.0,,,0.0,,0.9247626004382761,0.976729625378274
04272905000171,50673.0,3,3,0.8515995539538144,0.3333333333333333,0.9209638268900598,1.0,1.1742608311115132,0.7773993309307216,0.0,0.5182662206204811,0.7773993309307216,0.4502495152593478,0.5684509161388741
04316867000101,375717.48,1,1,1.0,1.0,1.0,1.0,1.0,,,0.0,,0.4095272879056663,0.8898048627778358
04326257000199,192963.71999999997,18,18,0.25573441929733226,0.05555555555555555,0.46703857077382216,0.7597588810995144,3.910306648387989,0.21195409102070475,0.0,0.2001788637417767,0.21195409102070475,0.44990739981777955,0.5276151876333941
04332948000103,2564.7799999999997,2,1,1.0,1.0,1.0,1.0,1.0,,,0.0,,0.4095272879056663,0.15339663988312638
04338442000101,236571.68,6,2,0.8682723542517194,0.5,0.9291109147130375,1.0,1.1517123574224633,0.7365447085034389,0.0,0.36827235425171945,0.7365447085034389,0.9901240826881951,0.9779681841952138
04394880000189,111399.54000000001,4,4,0.35440166864734657,0.25,0.41966061978352875,1.0,2.821657143479951,0.13920222486312875,0.0,0.10440166864734657,0.13920222486312875,0.4095272879056663,0.5476056479843827
04402872000137,17.0,17,17,0.058823529411764705,0.058823529411764705,0.058823529411764705,0.23529411764705882,17.0,0.0,0.0,0.0,0.0,0.48981652558759076,0.10664718772826881
04413256000181,114958.56,6,5,0.2696890169483637,0.22222222222222227,0.42954609034768704,0.9010252042127181,3.707974508251725,0.08711127118545464,0.027777777777777818,0.04746679472614146,0.059333493407676824,0.4095272879056663,0.48985852249347406
04465992000183,177980.52,4,4,0.4208977544492974,0.25,0.5559372452670663,1.0000000000000002,2.375873925268145,0.22786367259906318,0.0,0.1708977544492974,0.22786367259906318,0.8211052340875209,0.7821887107652066
04515660000166,27175.870000000003,5,5,0.5433083862549271,0.20000000000000004,0.7166265514222727,0.994739082870208,1.8405753073187197,0.42913548281865876,3.469446951953614e-17,0.343308386254927,0.4291354828186587,0.9832028948687128,0.6725500858041571
04537740000112,3247332.0,2,2,0.9282769017117696,0.5,0.9627509598648983,1.0,1.0772647667479078,0.8565538034235392,0.0,0.4282769017117696,0.8565538034235392,0.4095272879056663,0.9742040167489804
04539825000130,5228.43,5,5,0.5481536722977535,0.20000000000000004,0.7206752313792094,0.9808737995918468,1.8243059392600522,0.4351920903721918,3.469446951953614e-17,0.3481536722977534,0.43519209037219175,0.7910637510450456,0.26705761965501706
04587036000174,156936.0,4,4,0.36527177822637974,0.25,0.4205536014681144,1.0,2.7376875510492984,0.15369570430183965,0.0,0.11527177822637974,0.15369570430183965,0.43624534589555275,0.6176596335104745
04603063000193,210000.0,2,2,0.6632653061224489,0.5,0.7857142857142857,1.0,1.5076923076923079,0.3265306122448979,0.0,0.16326530612244894,0.3265306122448979,0.4095272879056663,0.7502869665031827
04621712000189,249306.99,14,12,0.43506184998563496,0.09183673469387757,0.6016678473395392,0.9296432883811241,2.2985237616973735,0.38370383634796545,0.009276437847866446,0.34322511529175737,0.374427398500099,0.4582873853872471,0.7252127896241589
04644392000182,10230.0,1,1,1.0,1.0,1.0,1.0,1.0,,,0.0,,0.9655640196180737,0.7210685589063968
04691691000178,13466411.06,76,57,0.3046416772377051,0.031509695290858716,0.4528868711066956,0.8959336467781938,3.282544952704296,0.29222456433123556,0.014215225563909766,0.27313198194684635,0.2780093387673258,0.6439913343969623,0.9600209820139745
04704773000100,32270.0,11,9,0.17512324592364414,0.14049586776859505,0.27889680818097307,0.7551905794855904,5.71026418980386,0.07201365166409968,0.033057851239669436,0.0346273781550491,0.03895580042443024,0.8860077568023196,0.5610262964051522
04729502000109,283691.66000000003,11,8,0.5374043315112007,0.14049586776859505,0.7049907635635111,0.9626648876459744,1.8607963154817961,0.4713192360128008,0.017709563164108624,0.3969084637426057,0.4536096728486922,0.8558333400842959,0.755904353969435
04739716000166,102820.0,5,5,0.26596491297104213,0.20000000000000004,0.3647150359852169,0.9377553005251897,3.7598944493436943,0.08245614121380265,3.469446951953614e-17,0.0659649129710421,0.08245614121380263,0.4945389337189229,0.5242441253286761
04755973000191,140000.0,1,1,1.0,1.0,1.0,1.0,1.0,,,0.0,,0.4095272879056663,0.7715224877387039
04764154000100,98600.76,2,2,0.6204721229897263,0.5,0.7454303597659897,1.0,1.6116759527914486,0.24094424597945263,0.0,0.12047212298972632,0.24094424597945263,0.5499882054406062,0.7094438467711147
04776218000193,28810.91,6,6,0.3186123382782447,0.16666666666666669,0.49929870316487746,0.9227500970986338,3.1386104047442704,0.18233480593389365,3.3306690738754695e-17,0.15194567161157801,0.18233480593389362,0.9747908085727786,0.9334034236964355
04794805000105,4635.43,5,5,0.4546794913012123,0.20000000000000004,0.6342453666650127,0.9999978427028345,2.199351453346129,0.3183493641265154,3.469446951953614e-17,0.25467949130121226,0.3183493641265153,0.40952826941622056,0.12508439682273695
04816835000175,824579.2699999999,4,4,0.7733083131255457,0.25,0.8707470780826203,1.0000000000000002,1.293145286332453,0.6977444175007276,0.0,0.5233083131255457,0.6977444175007276,0.4685677385864633,0.9221025357749573
04828495000100,7032.01,4,3,0.3706874122851296,0.375,0.4470997623723516,1.0,2.697690741197353,0.05603111842769439,0.06250000000000001,-0.0043125877148704195,-0.006468881572305622,0.4095272879056663,0.1516783875768007
04837587000149,184535.0,4,4,0.3381117676084759,0.25,0.3901698864714011,1.0,2.9576018813931744,0.11748235681130119,0.0,0.08811176760847589,0.11748235681130119,0.9156519213067484,0.7987702016813905
04841899000126,36948.479999999996,4,3,0.35856159637075047,0.375,0.4601001177856302,1.0,2.7889210950689938,0.03784239455612572,0.06250000000000001,-0.01643840362924953,-0.02465760544387429,0.40952728790566634,0.36036898034288767
04846427000166,61600.0,1,1,1.0,1.0,1.0,1.0,1.0,,,0.0,,0.4095272879056663,0.651413962224773
04854367000123,96000.0,2,2,0.53125,0.5,0.625,1.0,1.8823529411764706,0.0625,0.0,0.03125,0.0625,0.7444954607116769,0.7099942606699363
04862101000122,18754.0,7,7,0.26086110623370595,0.14285714285714285,0.3999146848672283,0.8958088941025915,3.8334576374298517,0.1376712906059903,0.0,0.1180039633765631,0.1376712906059903,0.9471491426015002,0.8291746082516483
04869559000103,2271.5,1,1,1.0,1.0,1.0,1.0,1.0,,,0.0,,0.4095272879056663,0.14066576228738392
04870834000109,18581.18,9,9,0.2605654203861209,0.1111111111111111,0.32290737186766394,0.9188490720180311,3.8378077893764346,0.16813609793438603,0.0,0.1494543092750098,0.16813609793438603,0.7053862225127931,0.295213057301422
04887257000168,184380.0,4,4,0.3291687708857755,0.25,0.390497884803124,0.9999999999999999,3.037955263219696,0.10555836118103401,0.0,0.07916877088577551,0.10555836118103401,0.5244218740889834,0.6663564081352843
04902325000110,3980.0,1,1,1.0,1.0,1.0,1.0,1.0,,,0.0,,0.4095272879056663,0.19722425127830534
04902949000138,356312.0,9,9,0.337310840561859,0.1111111111111111,0.5298726958396013,0.8801275286827275,2.964624553229001,0.2544746956320914,0.0,0.2261997294507479,0.2544746956320914,0.9302534435833949,0.8391846824592982
04927847000177,73395.36,1,1,1.0,1.0,1.0,1.0,1.0,,,0.0,,0.9454763643952833,0.8099759991651884
04927953000150,97268.64,9,8,0.7561101524475184,0.13580246913580246,0.8646054884698706,0.9838504989891912,1.3225586202790869,0.7212687456543068,0.01234567901234567,0.620307683311716,0.7089230666419611,0.9820789314398748,0.9692439267466598
04939180000122,28244.75,2,2,0.5548536245290601,0.5,0.6656104231759885,1.0,1.8022771336291878,0.10970724905812013,0.0,0.05485362452906006,0.10970724905812013,0.7524732823157094,0.4249469586175308
04947432000165,20389.92,1,1,1.0,1.0,1.0,1.0,1.0,,,0.0,,0.4095272879056663,0.4367108421162475
04949250000123,18060.0,1,1,1.0,1.0,1.0,1.0,1.0,,,0.0,,0.4095272879056663,0.41604925388709174
04973965000111,15659.04,1,1,1.0,1.0,1.0,1.0,1.0,,,0.0,,0.4095272879056663,0.3922571219868517
04984818000147,102.14,1,1,1.0,1.0,1.0,1.0,1.0,,,0.0,,0.9990608368986748,0.792340603151414
04991826000110,16164.08,3,3,0.8003202803722713,0.3333333333333333,0.8908641877545768,1.0,1.2494997621887665,0.700480420558407,0.0,0.466986947038938,0.700480420558407,0.9643722841192921,0.7000394131509141
04996792000157,44900.0,2,2,0.6663707025262771,0.5,0.7884187082405345,1.0,1.5006662150795367,0.3327414050525541,0.0,0.16637070252627706,0.3327414050525541,0.4095272879056663,0.4911926441752481
05002371000126,1874.6,5,4,0.40691560342716987,0.28,0.49290515309932786,1.0,2.4575120530588865,0.20922080456955983,0.040000000000000036,0.12691560342716984,0.1692208045695598,0.9911570352024676,0.830071597924055
05002963000148,96314.73,13,12,0.1627909149283202,0.08875739644970415,0.25956569675271896,0.7506120818695127,6.1428489448586125,0.08668099810362205,0.005917159763313625,0.07403351847861606,0.08076383834030842,0.7287298597997879,0.5758115658007202
05009757000160,12228.75,5,4,0.7848571856573758,0.28,0.8831646734130635,1.0,1.2741171493033172,0.7131429142098344,0.040000000000000036,0.5048571856573758,0.6731429142098344,0.4095272879056663,0.3003697164715589
05014839000100,34800.0,2,2,0.5719381688466112,0.5,0.6896551724137931,1.0,1.7484407484407485,0.1438763376932224,0.0,0.0719381688466112,0.1438763376932224,0.4095272879056663,0.42433979712637687
05019767000186,5000.0,1,1,1.0,1.0,1.0,1.0,1.0,,,0.0,,0.9552332255034958,0.852342690180528
05029092000156,18278077.7908,379,139,0.04654417364641452,0.020767051190119814,0.05471034818023015,0.2188413927209206,21.484966251560767,0.03963507345544651,0.013671160256714884,0.025777122456294706,0.025963913198731623,0.47777365881325623,0.9451399626946213
05034123000167,33299.2,3,3,0.3573412728352842,0.3333333333333333,0.43501345377666734,1.0,2.798445284715119,0.03601190925292635,0.0,0.024007939501950903,0.03601190925292635,0.9285643813885058,0.6170168378685036
05044925000158,99000.0,1,1,1.0,1.0,1.0,1.0,1.0,,,0.0,,0.4095272879056663,0.720703328811437
05048537000145,15990.0,1,1,1.0,1.0,1.0,1.0,1.0,,,0.0,,0.9454763643952833,0.5571324219972869
05049574000178,57000.0,3,3,0.3905817174515235,0.3333333333333333,0.5263157894736842,1.0,2.560283687943263,0.08587257617728523,0.0,0.057248384118190165,0.08587257617728523,0.6807037681859872,0.5892699242628119
05054133000164,354527.92,8,8,0.1891991198503027,0.125,0.3340921640247685,0.7445027178677494,5.285436849765557,0.07337042268606021,0.0,0.06419911985030269,0.07337042268606021,0.45284186423398987,0.6257354613274562
05054229000122,9008.8,3,3,0.36432883381603276,0.3333333333333333,0.42069976023443745,1.0,2.744773147724422,0.04649325072404916,0.0,0.030995500482699445,0.04649325072404916,0.4095272879056663,0.1737914697999372
05055033000152,1614831.76,5,5,0.32269078999341494,0.20000000000000004,0.433481689758195,0.9934866279816047,3.0989418694608752,0.15336348749176865,3.469446951953614e-17,0.1226907899934149,0.15336348749176862,0.40952728790566634,0.8991568555238553
05056936000158,22909.08,1,1,1.0,1.0,1.0,1.0,1.0,,,0.0,,0.9247626004382761,0.8121673797349473
05065658000103,2500.08,1,1,1.0,1.0,1.0,1.0,1.0,,,0.0,,0.4095272879056663,0.15162266513617864
05078585000186,2111.74,1,1,1.0,1.0,1.0,1.0,1.0,,,0.0,,0.864499634769905,0.2912449128665345
05085153000100,203428.08000000002,2,2,0.5141642437620333,0.5,0.584155343746055,0.9999999999999999,1.9449038164988042,0.02832848752406658,0.0,0.01416424376203329,0.02832848752406658,0.6323988473881101,0.8314306495690305
05091179000153,33600.0,1,1,1.0,1.0,1.0,1.0,1.0,,,0.0,,0.9247626004382761,0.7725138265678806
05106805000138,4642898.09,119,51,0.03922162329785851,0.08579902549254997,0.08615308633664195,0.2553254404944305,25.49614003494342,0.020006055763815683,0.06751500600240097,-0.04657740219469146,-0.047508950238585285,0.49811027303449323,0.7806312534825367
05110021000183,10059.996,1,1,1.0,1.0,1.0,1.0,1.0,,,0.0,,0.9454763643952833,0.7059375978294897
05114647000168,2733.92,1,1,1.0,1.0,1.0,1.0,1.0,,,0.0,,0.864499634769905,0.26494834602942713
05137967000133,19500.0,1,1,1.0,1.0,1.0,1.0,1.0,,,0.0,,0.9247626004382761,0.6488573515600543
05140677000149,113100.0,3,3,0.3833049006340875,0.3333333333333333,0.47745358090185674,1.0,2.6088891593760892,0.07495735095113128,0.0,0.049971567300754194,0.07495735095113128,0.4095272879056663,0.5675466511440417
05143014000188,23619.06,1,1,1.0,1.0,1.0,1.0,1.0,,,0.0,,0.9852864447459042,0.9623291244912866
05150569000157,16272.0,2,2,0.6127774732207342,0.5,0.7374631268436578,1.0,1.6319137757203108,0.22555494644146834,0.0,0.11277747322073417,0.22555494644146834,0.4095272879056663,0.3117439713947726
05152243000169,107760.0,2,2,0.6513112534164016,0.5,0.7750556792873051,1.0,1.5353642283233695,0.30262250683280323,0.0,0.15131125341640161,0.30262250683280323,0.4095272879056663,0.6436367574632789
05156411000194,4525.0,1,1,1.0,1.0,1.0,1.0,1.0,,,0.0,,0.9811123865177919,0.8564123969529375
05160388000101,172226.64,2,2,0.5022009310455744,0.5,0.5331732651812751,1.0,1.9912348587606474,0.004401862091148789,0.0,0.0022009310455743947,0.004401862091148789,0.943809793729951,0.8939270418521372
05196025000126,42934.4,2,2,0.7291489086277267,0.5,0.8384884847581426,1.0,1.3714619718515668,0.4582978172554535,0.0,0.22914890862772674,0.4582978172554535,0.4830105610408534,0.5288636227582179
05211356000198,1708390.6500000001,55,49,0.1103319198881989,0.024793388429752067,0.19316425081113622,0.6086429939194529,9.06356021913981,0.09179716821920306,0.00447658402203857,0.08553853145844684,0.08732058419716449,0.5492802458676282,0.7373039481491717
05251479000152,5988.0,1,1,1.0,1.0,1.0,1.0,1.0,,,0.0,,0.4095272879056663,0.24799123447772095
05272451000100,214672.85,3,3,0.5507721222138905,0.3333333333333333,0.7112742482339989,1.0,1.8156329263369169,0.32615818332083574,0.0,0.21743878888055718,0.32615818332083574,0.971627920107432,0.8806030796677595
05278562000115,355400.0,3,3,0.6254802106197208,0.3333333333333333,0.7630838491840181,1.0,1.598771604635114,0.4382203159295812,0.0,0.2921468772863875,0.4382203159295812,0.8920108067471525,0.8936082002744614
05291631000120,14410.14,1,1,1.0,1.0,1.0,1.0,1.0,,,0.0,,0.4095272879056663,0.37660440363143066
05298824000103,94464.23000000001,6,5,0.9157411547585312,0.22222222222222227,0.9566503638467174,0.9936695614837491,1.092011639756091,0.8946764434481641,0.027777777777777818,0.6935189325363089,0.8668986656703863,0.9854201304230863,0.951839958814608
05301040000197,35000.0,1,1,1.0,1.0,1.0,1.0,1.0,,,0.0,,0.4095272879056663,0.537096942502348
05309627000142,211463.0,3,3,0.3720093663589929,0.3333333333333333,0.49039311841787925,1.0,2.688104360885875,0.05801404953848937,0.0,0.038676033025659584,0.05801404953848937,0.7649594255037722,0.763300479752441
05322181000196,587629.0800000001,6,5,0.6464615383770933,0.22222222222222227,0.7938681319175013,0.9929733225591897,1.5468824371368572,0.5580769229713666,0.027777777777777818,0.42423931615487104,0.5302991451935888,0.46744743339500655,0.856325519097092
05322930000185,257544.0,2,2,0.5002316933528901,0.5,0.5107632093933464,1.0,1.9990736558440065,0.0004633867057801666,0.0,0.0002316933528900833,0.0004633867057801666,0.934896535837986,0.9728884299149281
05324623000133,18000.0,1,1,1.0,1.0,1.0,1.0,1.0,,,0.0,,0.4095272879056663,0.41375352186162995
05332568000123,475.0,1,1,1.0,1.0,1.0,1.0,1.0,,,0.0,,0.9847125117395388,0.977251382656788
05380490000112,60801.44,10,7,0.4461576960067104,0.18000000000000005,0.6439534984697731,0.9055591446518373,2.2413599696932263,0.3538506453411621,0.0433333333333334,0.26615769600671035,0.3105173120078287,0.4899129312679298,0.4618041984018576
05389041000135,26445.84,1,1,1.0,1.0,1.0,1.0,1.0,,,0.0,,0.864499634769905,0.4869038923092977
05419083000171,178581.36000000002,11,11,0.1665271342240044,0.09090909090909091,0.26878505125058966,0.7104257689604335,6.005027376828856,0.08317984764640483,0.0,0.07561804331491348,0.08317984764640483,0.587117924146828,0.607610124841199
05446297000137,1526961.5399999998,41,22,0.2649410736895479,0.07555026769779893,0.4732077272882721,0.8046502598880125,3.7744241995930685,0.22993826767476444,0.03152885187388459,0.18939080599174896,0.19840941580087984,0.6914078837901951,0.8433160447524839
05448443000163,72154.49,3,3,0.733289608673395,0.3333333333333333,0.8481800647471833,0.9999999999999999,1.3637176746703321,0.5999344130100924,0.0,0.3999562753400617,0.5999344130100924,0.4095272879056662,0.5891135130480438
05452595000130,120000.0,1,1,1.0,1.0,1.0,1.0,1.0,,,0.0,,0.4095272879056663,0.7518000626108734
05469074000195,87462.9,7,7,0.23071097206115504,0.14285714285714285,0.38416288506326685,0.8100577502003707,4.334427578654248,0.10249613407134754,0.0,0.08785382920401219,0.10249613407134754,0.9248386079789005,0.8315875204353294
05472936000139,14949422.900000002,11,11,0.5739824499036028,0.09090909090909091,0.7187771756727813,0.9846733929775978,1.7422135470656717,0.5313806948939631,0.0,0.48307335899451187,0.5313806948939631,0.5294871347418452,0.9849541791557809
05489626000127,48000.0,1,1,1.0,1.0,1.0,1.0,1.0,,,0.0,,0.864499634769905,0.6826672232077637
05491593000150,3300.0,1,1,1.0,1.0,1.0,1.0,1.0,,,0.0,,0.4095272879056663,0.17698006887196077
05499749000149,72189.9,2,2,0.9947527159257317,0.5,0.9973694381069929,1.0,1.005274963305212,0.9895054318514633,0.0,0.49475271592573167,0.9895054318514633,0.9234072420591962,0.7705291701464634
05509957000181,136030.0,3,3,0.49859385409905294,0.3333333333333333,0.5513489671396016,1.0,2.0056404461843513,0.2478907811485794,0.0,0.16526052076571962,0.2478907811485794,0.4129722744326836,0.6602982616679913
05510098000140,20046034.8,1,1,1.0,1.0,1.0,1.0,1.0,,,0.0,,0.4095272879056663,0.9980173223416466
05518895000174,4060.6899999999996,3,3,0.6478702161179672,0.3333333333333333,0.7880434113414223,1.0,1.5435190183490628,0.47180532417695087,0.0,0.31453688278463393,0.47180532417695087,0.815555081237428,0.46635761006291704
05522917000170,17911712.590000004,12,12,0.2931741469872696,0.08333333333333334,0.34902760797369403,0.9819287905400674,3.410941961548276,0.22891725125883963,1.5139404881252137e-17,0.20984081365393628,0.2289172512588396,0.5878639978412536,0.9824823009316362
05532421000187,746146.0599999999,72,45,0.20487881389202253,0.02816358024691358,0.31454967409464035,0.8189214320852944,4.8809341532357315,0.18680787784411396,0.006076388888888888,0.17671523364510894,0.18073148895522506,0.9241462958803224,0.9029278211314377
05535758000148,45600.0,1,1,1.0,1.0,1.0,1.0,1.0,,,0.0,,0.4095272879056663,0.588176980068872
05544282000101,49654.08,3,3,0.666844142716027,0.3333333333333333,0.7959080099762195,1.0,1.4996007851655468,0.5002662140740405,0.0,0.3335108093826937,0.5002662140740405,0.5029157428482105,0.5402479875636258
05568854000192,234908.0,6,6,0.36236533733138965,0.16666666666666669,0.5108382856267134,0.9634410066919816,2.759645851792612,0.23483840479766757,3.3306690738754695e-17,0.19569867066472296,0.23483840479766754,0.6480113837066461,0.7622231395400327
05577643000116,154220.8,2,2,0.5000399888208255,0.5,0.5044715109764701,1.0,1.9998400575085216,7.997764165090793e-05,0.0,3.9988820825453963e-05,7.997764165090793e-05,0.8949005841165514,0.7973169349187336
05593119000139,19426682.0,77,64,0.10521159175157667,0.018384213189407996,0.3030226571887057,0.4223945602239229,9.50465612535526,0.09100860114445884,0.002803010224160504,0.08682737856216867,0.08820559092029834,0.5574464981305003,0.8960966048886595
05606204000194,80448.0,6,5,0.2848824180057074,0.22222222222222227,0.4005071599045346,0.9568914081145584,3.5102201357332126,0.10610302250713424,0.027777777777777818,0.06266019578348514,0.07832524472935642,0.624178730383981,0.5137211501846572
05613121000122,115576.23,19,15,0.13634451501985292,0.08033240997229917,0.2869104659323115,0.5882405923778617,7.334361780922331,0.07465483752127099,0.014641867827463392,0.05601210504755376,0.060012969693807594,0.555598186468916,0.3625547616051335
05626770000168,304443.0,1,1,1.0,1.0,1.0,1.0,1.0,,,0.0,,0.4095272879056663,0.8714390065741418
05628919000148,341980.0,6,6,0.4752235326069274,0.16666666666666669,0.6667056553014796,0.9301713550500029,2.10427289767052,0.3702682391283129,3.3306690738754695e-17,0.3085568659402607,0.37026823912831286,0.4994080729432725,0.7500053963842742
05629151000127,4752967.359999999,4,4,0.9881927276581909,0.25,0.9940719559243933,1.0,1.011948349761478,0.9842569702109212,0.0,0.7381927276581909,0.9842569702109212,0.40952728790566634,0.9840731033835323
05658440000154,89898.31999999999,7,7,0.2731562698139359,0.14285714285714285,0.4416656507040398,0.8797686096914825,3.6609080973362373,0.1520156481162586,0.0,0.13029912695679308,0.1520156481162586,0.5624504507336169,0.4786770998852934
05722202000160,43570.0,3,3,0.3474146873942665,0.3333333333333333,0.4021115446408079,1.0,2.878404501261461,0.021122031091399786,0.0,0.014081354060933193,0.021122031091399786,0.5724276462045446,0.4574318510389077
05774805000106,51846.54,5,5,0.8598228530364778,0.20000000000000004,0.9258091282465523,0.9980704594752129,1.1630302642788388,0.8247785662955972,3.469446951953614e-17,0.6598228530364777,0.8247785662955972,0.9622546183963626,0.8104057576435514
05782177000100,73997.0,3,3,0.48725426324097704,0.3333333333333333,0.5675905779964052,1.0,2.0523165735862197,0.23088139486146556,0.0,0.15392092990764372,0.23088139486146556,0.5939830145692764,0.5800516312732111
05806495000164,24872.82,2,2,0.5115284925921282,0.5,0.5759226336217607,1.0,1.9549253159537272,0.023056985184256362,0.0,0.011528492592128181,0.023056985184256362,0.65075088428757,0.5737480707367407
05820327000123,62415.0,1,1,1.0,1.0,1.0,1.0,1.0,,,0.0,,0.4095272879056663,0.6559532505478451
05892181000121,4350.0,1,1,1.0,1.0,1.0,1.0,1.0,,,0.0,,0.4095272879056663,0.2071898152979234
05900797000105,31395.0,1,1,1.0,1.0,1.0,1.0,1.0,,,0.0,,0.4095272879056663,0.5161222999060837
05903684000155,9594.0,1,1,1.0,1.0,1.0,1.0,1.0,,,0.0,,0.4095272879056663,0.3138891787540436
05920890000173,4178000.0,2,2,0.9914205596297458,0.5,0.9956917185256103,1.0,1.008653684137293,0.9828411192594917,0.0,0.49142055962974585,0.9828411192594917,0.4095272879056663,0.9834475313237945
05921795000194,106712.14,7,7,0.27499676097012477,0.14285714285714285,0.4290983200224454,0.8795252348982974,3.636406467015219,0.1541628877984789,0.0,0.13213961811298192,0.1541628877984789,0.5184062755495634,0.5190636230859274
05947311000186,11601.0,1,1,1.0,1.0,1.0,1.0,1.0,,,0.0,,0.9719816341437963,0.7350516539705729
06011288000186,18034.0,2,2,0.6282649181049205,0.5,0.7532438726849284,1.0,1.5916852448428445,0.25652983620984093,0.0,0.12826491810492047,0.25652983620984093,0.9554960194323079,0.6533477392425505
06040762000106,21999.87,1,1,1.0,1.0,1.0,1.0,1.0,,,0.0,,0.4095272879056663,0.44871125952207036
06068089000104,48971.32,6,6,0.43981353682484753,0.16666666666666669,0.6197488652541936,0.9692920264350643,2.273690817293426,0.327776244189817,3.3306690738754695e-17,0.27314687015818084,0.32777624418981693,0.5236143147914303,0.45592173594079544
06069513000135,13919.7,5,5,0.5166447492467613,0.20000000000000004,0.6868035949050626,0.9914509651788472,1.9355659792496551,0.3958059365584516,3.469446951953614e-17,0.3166447492467612,0.39580593655845153,0.41341686234167024,0.2553067661530507
06073250000138,96897.34,20,16,0.20171096008524164,0.07500000000000001,0.3930964461975943,0.714839024476833,4.957588817074724,0.14849169075759108,0.013333333333333345,0.12671096008524163,0.13515835742425775,0.7560529477125532,0.6986767234920647
06073458000157,58624.95,1,1,1.0,1.0,1.0,1.0,1.0,,,0.0,,0.4095272879056663,0.635500365230095
06074663000137,51168.0,2,2,0.5148967401060935,0.5,0.5863039399624765,1.0,1.9421369803078417,0.029793480212187085,0.0,0.014896740106093542,0.029793480212187085,0.4095272879056663,0.4800515942572633
06075901000129,44909.0,2,2,0.8143567501706912,0.5,0.8964572802778953,1.0,1.2279630515623496,0.6287135003413824,0.0,0.3143567501706912,0.6287135003413824,0.4628761534621613,0.5809533458743603
06079623000188,10630666.650000002,28,28,0.2558616464554798,0.03571428571428572,0.45522638977678787,0.7723876658290286,3.9083622491032513,0.22830096669457167,7.19588997442231e-18,0.2201473607411941,0.22830096669457167,0.5561085883755541,0.9475572179916373
06082303000187,16533.64,1,1,1.0,1.0,1.0,1.0,1.0,,,0.0,,0.4095272879056663,0.39987477825315665
06084603000103,302560.0,3,3,0.33408367336608796,0.3333333333333333,0.3481755684822845,1.0,2.9932621068381358,0.0011255100491319723,0.0,0.0007503400327546483,0.0011255100491319723,0.4095272879056663,0.7241418720673226
06089125000116,132560.9922,155,84,0.036004405293723195,0.021186264308012487,0.10464586730816577,0.2885618715216587,27.774379047286594,0.024390000538225882,0.009393327733410228,0.014818140985710708,0.014996672804815654,0.9885888549953467,0.8698056269725981
06091010000166,3369796.1,10,10,0.19944090161175365,0.10000000000000003,0.2957226403104924,0.8444793143418974,5.014016643119041,0.11048989067972627,3.0839528461809905e-17,0.09944090161175362,0.11048989067972624,0.4095272879056663,0.9109511606733716
06092743000115,11357898.67,1,1,1.0,1.0,1.0,1.0,1.0,,,0.0,,0.4095272879056663,0.9954085359490765
06103749000140,100000.0,1,1,1.0,1.0,1.0,1.0,1.0,,,0.0,,0.4095272879056663,0.7228425336533445
06113056000139,1401000.0,1,1,1.0,1.0,1.0,1.0,1.0,,,0.0,,0.9454763643952833,0.9752687049984348
06129491000151,313181.2,46,38,0.09145978330276434,0.030245746691871467,0.18438526961388485,0.5219693902443696,10.933767431851933,0.06690464231094716,0.004036172278138264,0.06121403661089288,0.06286847003280889,0.5824475276666505,0.515332222216654
06216559000130,379367.91000000003,11,7,0.2933175184982323,0.256198347107438,0.39223138298650506,0.9060278978261498,3.4092747174459226,0.17553710491460434,0.13223140495867766,0.03711917139079429,0.043305699955926674,0.44312942844690206,0.7109425380077061
06217954000137,8248504.720000001,6,3,0.540659380050014,0.5,0.679977788750056,1.0,1.8495933611796291,0.310989070075021,0.25,0.040659380050014016,0.060989070075021024,0.4095272879056663,0.9817344270968009
06231312000192,1396097.1997999998,214,96,0.08746024043201571,0.02231635950738055,0.18763736510432616,0.4856348555796308,11.433766875787594,0.07785455875235271,0.012024952765352979,0.06514388092463516,0.06582960598699973,0.9820708138292327,0.9282025265003899
06252986000173,1996300.19,1,1,1.0,1.0,1.0,1.0,1.0,,,0.0,,0.4095272879056663,0.9731816758843785
06698248000154,4172903.78,10,10,0.28809451672021724,0.10000000000000003,0.3867809959423507,0.9430842615786362,3.4710830715710888,0.20899390746690805,3.0839528461809905e-17,0.1880945167202172,0.20899390746690802,0.7831588367836257,0.9521349564273192
06894325000141,56042.14,1,1,1.0,1.0,1.0,1.0,1.0,,,0.0,,0.9552332255034958,0.7904622769487635
06916689000185,443046.0,8,7,0.4282710188109791,0.15625,0.5078479435543939,0.9808868605065838,2.334970044847602,0.33298285527947563,0.015625000000000007,0.2720210188109791,0.31735785527947563,0.6061958158535647,0.8120801488558067
06968400000171,38400.0,1,1,1.0,1.0,1.0,1.0,1.0,,,0.0,,0.4095272879056663,0.5542627569654597
07041571000113,3718.19,1,1,1.0,1.0,1.0,1.0,1.0,,,0.0,,0.9247626004382761,0.4822080768026714
07095193000150,399380.15,4,4,0.4061966758825021,0.25,0.591917249768172,1.0,2.4618616039321397,0.20826223451000278,0.0,0.15619667588250208,0.20826223451000278,0.726764791277192,0.799469294580988
07104377000130,405010.70999999996,75,51,0.07380069019767187,0.03288888888888889,0.126218884433945,0.44428373264499604,13.550008777987637,0.05527670400162531,0.01354666666666667,0.040911801308782976,0.041730037334958635,0.5884548169158895,0.5645624266504401
07146181000108,736302.36,4,4,0.5373119871306604,0.25,0.6790688542679668,1.0000000000000002,1.8611161186635239,0.3830826495075472,0.0,0.2873119871306604,0.3830826495075472,0.43791499599253847,0.889531457643194
07184109000175,216000.0,7,7,0.16666666666666669,0.14285714285714285,0.2777777777777778,0.6666666666666667,5.999999999999999,0.027777777777777807,0.0,0.023809523809523836,0.027777777777777807,0.4095272879056663,0.5276038586849398
07200263000193,877500.0,13,13,0.12140694961891543,0.07692307692307694,0.20182336182336183,0.6258689458689459,8.236760771429497,0.04819086208715838,1.5034270125132327e-17,0.04448387269583849,0.048190862087158365,0.4095272879056663,0.6962354751543941
07222467000125,59188360.03000001,189,98,0.4061212016726022,0.019568321155622737,0.634846350379612,0.6920197540401425,2.462319120207267,0.3999987398341754,0.009460778074752868,0.38655288051697945,0.3905379617594225,0.7536556911032453,0.9574217143319997
07252975000156,858018.7899999999,16,12,0.3873821991786725,0.109375,0.5419461734631709,0.9801008903313178,2.581429921457928,0.3316896718312791,0.028409090909090915,0.2780071991786725,0.3032805809221882,0.4163680883341412,0.8482448949294848
07276220000191,207414.79,23,11,0.309463374104436,0.16824196597353494,0.42774172468607463,0.9116656049455296,3.231400171002225,0.24040971151487958,0.08506616257088843,0.14122140813090103,0.15534354894399116,0.642006810607831,0.730876695028222
07297627000103,49180.84,2,2,0.8000309517775901,0.5,0.8873183133919632,1.0,1.2499516397185613,0.6000619035551802,0.0,0.3000309517775901,0.6000619035551802,0.4095272879056663,0.541974550035006
07314524000104,93293.0,5,5,0.8150070577897639,0.20000000000000004,0.9003890967167955,0.9959696869004105,1.2269832395217812,0.7687588222372049,3.469446951953614e-17,0.6150070577897638,0.7687588222372049,0.4095272879056663,0.6459109757422166
07343110000103,311457.93,8,8,0.24936751906794427,0.125,0.3082278238990415,0.9379600641409259,4.010145361904706,0.14213430750622202,0.0,0.12436751906794427,0.14213430750622202,0.8211423521659812,0.816251647816849
07347646000199,9600.0,1,1,1.0,1.0,1.0,1.0,1.0,,,0.0,,0.9719816341437963,0.7350516539705729
07357800000103,20000.0,2,2,0.5,0.5,0.5,1.0,2.0,0.0,0.0,0.0,0.0,0.9794949389543984,0.8289940519670249
07381646000105,42274.97,5,5,0.43597514895687606,0.20000000000000004,0.6244829978590168,0.9693435619232846,2.2937087180143694,0.29496893619609504,3.469446951953614e-17,0.23597514895687602,0.294968936196095,0.8015865993061002,0.6279895446647106
07405154000102,4268.99,3,2,0.5764235484078108,0.5555555555555556,0.6954783215702075,1.0,1.7348354396037187,0.1528470968156217,0.11111111111111116,0.020867992852255268,0.041735985704510536,0.40952728790566634,0.14458467193100355
07408808000151,117204.0,1,1,1.0,1.0,1.0,1.0,1.0,,,0.0,,0.4095272879056663,0.7471564228320985
07460294000183,4184690.5700000003,37,30,0.21305502091244485,0.04747991234477723,0.34410833869611535,0.8266973512452559,4.6936232514837135,0.18591898715080502,0.014634392080804028,0.16557510856766763,0.171284595070001,0.5689471406392931,0.9372756313614973
07474736000140,16800.01,2,2,0.9999988095252268,0.5,0.9999994047622591,1.0,1.0000011904761905,0.9999976190504536,0.0,0.4999988095252268,0.9999976190504536,0.9719816060372454,0.7350512168438275
07503792000166,35575.45,2,2,0.9598564976472483,0.5,0.9795083407237294,1.0,1.0418223999641085,0.9197129952944967,0.0,0.45985649764724834,0.9197129952944967,0.4095272879056662,0.5261897179445998
07556356000155,7142.200000000001,16,12,0.1753481799483235,0.09375,0.33883117246786704,0.6850130211979503,5.702939148240421,0.10037983267089837,0.01136363636363637,0.0815981799483235,0.089016196307262,0.5457306235796776,0.18394748416196877
07556717000163,2156943.87,31,18,0.3520842812576571,0.09885535900104059,0.5563427109487091,0.8399219772000837,2.840229039558272,0.31397159191987223,0.04584685070698415,0.25322892225661653,0.2681247412128881,0.8594655958696338,0.9049841721814629
07581720000137,158490.07,4,4,0.9396266275163837,0.25,0.9691173081064322,1.0,1.064252513408645,0.919502170021845,0.0,0.6896266275163837,0.919502170021845,0.985481576022033,0.958644576625346
07582909000144,5842471.07,2,1,1.0,1.0,1.0,1.0,1.0,,,0.0,,0.9454763643952833,0.9971825106960243
07622498000173,55000.0,1,1,1.0,1.0,1.0,1.0,1.0,,,0.0,,0.864499634769905,0.6683188980486278
07622504000192,50000.0,1,1,1.0,1.0,1.0,1.0,1.0,,,0.0,,0.4095272879056663,0.6074819993738912
07633040000110,587144.76,13,13,0.194106852360349,0.07692307692307694,0.2725051995695235,0.7953745512435468,5.151801638324202,0.12694909005704474,1.5034270125132327e-17,0.11718377543727206,0.12694909005704472,0.44741057864040307,0.7182047734202244
07676836000150,239400.0,5,5,0.22220337811948415,0.20000000000000004,0.2556390977443609,0.9072681704260652,4.500381625441697,0.027754222649355176,3.469446951953614e-17,0.022203378119484113,0.02775422264935514,0.4095272879056663,0.612008995670853
07690399000129,321498.0,10,10,0.12961658526599593,0.10000000000000003,0.18727954761771456,0.636489185002706,7.715062065150265,0.032907316962217686,3.0839528461809905e-17,0.029616585265995893,0.03290731696221766,0.5479213149321811,0.5890870858965318
07711512000105,816322.8799999999,5,5,0.28174771828152095,0.20000000000000004,0.44449024876039245,0.9042540618241645,3.5492745286434046,0.10218464785190118,3.469446951953614e-17,0.08174771828152091,0.10218464785190115,0.4095272879056663,0.8104037897108461
07720960000175,114747.95000000001,6,5,0.3274644833794522,0.22222222222222227,0.39506413840072957,0.9871975926367311,3.0537662884229237,0.15933060422431525,0.027777777777777818,0.10524226115722995,0.13155282644653743,0.6461890227772907,0.5776346566593622
07733475000136,204500.08000000002,8,6,0.1954984476494698,0.1875,0.27951157769718227,0.8180929806971223,5.115130130306751,0.034598137179363775,0.02500000000000001,0.007998447649469803,0.009598137179363767,0.48290903984292355,0.5800898325299109
07742778000115,7012506.7722000005,21,21,0.30547464156918963,0.0476190476190476,0.49157428462896685,0.9213978655699644,3.273594151262802,0.27074837364764914,0.0,0.257855593950142,0.27074837364764914,0.4661344208462841,0.9435515753667865
07748322000162,473964.77999999997,24,21,0.16121128285512026,0.052083333333333336,0.3038200433373973,0.6941444045694702,6.203039776680487,0.11927184699787628,0.004687500000000006,0.10912794952178692,0.11458434699787627,0.5125328359111456,0.6844702981087042
07750478000188,1380630.27,256,82,0.04580862761097518,0.03643798828125,0.10626588681124599,0.3510214939731837,21.82994890159976,0.03402848721111068,0.024542160976080248,0.009370639329725178,0.009486326235030432,0.48861811205288763,0.6035859174082767
07777639000127,320324.8,18,15,0.17173505813124335,0.07407407407407407,0.22477185656558593,0.7700871115817446,5.82292288413109,0.11257327656918929,0.007936507936507933,0.09766098405716928,0.10463676863268136,0.4129503240113403,0.6059964005312652
07789410000102,28179.0,5,5,0.30959706658789843,0.20000000000000004,0.4633237517300117,0.9795592462472054,3.230004764002141,0.136996333234873,3.469446951953614e-17,0.10959706658789839,0.13699633323487298,0.8714211758399351,0.5700340413712361
07791947000107,61320.0,1,1,1.0,1.0,1.0,1.0,1.0,,,0.0,,0.864499634769905,0.727433997704268
07793624000152,76680.0,3,3,0.6152035136299354,0.3333333333333333,0.7668231611893583,1.0,1.625478362598449,0.4228052704449031,0.0,0.2818701802966021,0.4228052704449031,0.4095272879056663,0.5581128398505635
07804588000185,3956190.6000000006,62,57,0.046966057668040295,0.018730489073881373,0.10315478733506925,0.3584003258083673,21.291972323248352,0.029947594412112446,0.0012078192359149698,0.028235568594158923,0.028739775176197475,0.4970930374847678,0.7360027094496293
07806941000166,185000.0,1,1,1.0,1.0,1.0,1.0,1.0,,,0.0,,0.864499634769905,0.9537723051236565
07821223000169,1405597.477,66,31,0.09853923390634743,0.04820936639118456,0.22134957204394587,0.5342583885414871,10.148242079397622,0.06849054170322567,0.01648301193755738,0.05032986751516287,0.05200752976566829,0.9940677379119875,0.9557982436096135
07825719000100,25400.0,2,2,0.5150040300080599,0.5,0.5866141732283464,1.0,1.941732378257991,0.030008060016119886,0.0,0.015004030008059943,0.030008060016119886,0.4095272879056663,0.3601322798492409
07829410000199,283200.0,3,3,0.34878626831370296,0.3333333333333333,0.4279661016949153,1.0,2.8670853495315556,0.02317940247055447,0.0,0.015452934980369648,0.02317940247055447,0.7937705718282906,0.8012706116233371
07849816000133,2554.8,1,1,1.0,1.0,1.0,1.0,1.0,,,0.0,,0.4095272879056663,0.15318793697172076
07852676000152,282793.2,3,2,0.5327786292814782,0.5555555555555556,0.6280207586321028,0.9999999999999999,1.8769521618174343,0.06555725856295647,0.11111111111111116,-0.022776926274077347,-0.045553852548154694,0.4095272879056663,0.7778247666314091
07854402000100,1099318.71,7,7,0.3747239220438245,0.14285714285714285,0.5830884111851421,0.8576209077711413,2.6686313340920056,0.2705112423844619,0.0,0.23186677918668164,0.2705112423844619,0.4930862283692206,0.8457712075465622
07868234000102,910087.6499999999,27,25,0.16945504240205433,0.04252400548696844,0.3556572820211328,0.6408208593974437,5.901270247405024,0.13484900250213994,0.0026291723822587923,0.1269310369150859,0.13221983011988114,0.8926720673762536,0.7868052319050335
07900983000161,4979962.5,6,6,0.6419200751631676,0.16666666666666669,0.775106238249786,0.9938342909208654,1.5578263380309663,0.5703040901958012,3.3306690738754695e-17,0.47525340849650094,0.5703040901958012,0.41142758832254206,0.9687080518640835
07919295000143,860054.79,2,2,0.9138436287556451,0.5,0.9548865950737859,1.0,1.0942791179292584,0.8276872575112901,0.0,0.41384362875564507,0.8276872575112901,0.43277130719223433,0.9364200820771892
07933452000175,335435.04000000004,3,3,0.5861436356808979,0.3333333333333333,0.7387248511664136,1.0,1.7060664641327086,0.37921545352134683,0.0,0.2528103023475646,0.37921545352134683,0.4944927040180368,0.8081895178743563
08013657000103,607514.48,17,15,0.08475346774853783,0.07266435986159168,0.10213863544454117,0.401925728585103,11.798927248227576,0.019378715444861958,0.0064260998517053775,0.012089107886946143,0.01295261559315658,0.6688684738517754,0.6863266121851499
08036438000131,4461026.64,15,12,0.22673243225214149,0.09333333333333334,0.3814124723541216,0.8507922741299747,4.410485037658546,0.1564353806386998,0.010909090909090919,0.13339909891880813,0.14552628972960888,0.4206217132172578,0.9321803001894332
08046438000112,763120.39,18,11,0.13432527230001046,0.09876543209876543,0.16353907146944402,0.6403767955931566,7.44461546868513,0.047757799530011504,0.008641975308641968,0.03555984020124503,0.039115824221369534,0.4434723296174805,0.7353233303333127
08082743000160,3150662.1100000003,24,20,0.4821586881948618,0.07638888888888887,0.6668282401123616,0.9467903684536961,2.0740059745555293,0.45490388231038087,0.027777777777777752,0.4057697993059729,0.42712610453260313,0.41340802472382093,0.9165229570627976
08083086000175,2195971.6999999997,168,58,0.14645735662953593,0.04393424036281178,0.3187654922875372,0.6387584320872622,6.827926046279131,0.13148292428970323,0.027161156860404972,0.10252311626672415,0.10432176742929826,0.8361942946254005,0.8508251918178438
08120370000174,18000.0,1,1,1.0,1.0,1.0,1.0,1.0,,,0.0,,0.4095272879056663,0.41375352186162995
08151884000197,1662690.0,3,3,0.9102498003065909,0.3333333333333333,0.9534970439468572,1.0,1.0985995269245645,0.8653747004598863,0.0,0.5769164669732576,0.8653747004598863,0.4202491553696122,0.9519472909298872
08184760000108,35023.5,1,1,1.0,1.0,1.0,1.0,1.0,,,0.0,,0.9247626004382761,0.8286549097359908
08184785000101,622903.64,118,41,0.184874599487772,0.037058316575696644,0.33614561956966565,0.7371731364420987,5.409071893979369,0.1644964644749663,0.012984774490089059,0.14781628291207535,0.15151168998487724,0.7959640314440368,0.7220939380117848
08184821000137,38741201.29,532,209,0.11591596719857937,0.01386454858951891,0.28581973793513205,0.5359869136365647,8.626939188514623,0.1116655631947264,0.009123512765430058,0.10205141860906046,0.10254205042929634,0.7232459058496118,0.9523223378046489
08194799000106,54000.0,1,1,1.0,1.0,1.0,1.0,1.0,,,0.0,,0.4095272879056663,0.6198998226025253
08218991000195,144000.0,1,1,1.0,1.0,1.0,1.0,1.0,,,0.0,,0.4095272879056663,0.7762183032453303
08226022000186,31896.62,1,1,1.0,1.0,1.0,1.0,1.0,,,0.0,,0.9454763643952833,0.7059375978294897
08257417000146,109285.0,3,3,0.44126110856755785,0.3333333333333333,0.516264812188315,1.0,2.266231898945833,0.16189166285133677,0.0,0.10792777523422453,0.16189166285133677,0.4095272879056663,0.5866145274461492
08259606000158,4965555.0466,253,89,0.06801913113827064,0.027886703432329834,0.14806149425398257,0.42492897978137584,14.701746159726447,0.05742843944666008,0.016839961425879037,0.040132427705940804,0.04058847802078104,0.9970398971872944,0.96001731661112
08281643000162,3323247.6805999996,289,118,0.15373342116792216,0.020629542270806153,0.3490859278326641,0.6187762838154556,6.5047664483294465,0.1465003734855967,0.01225885459790706,0.133103878897116,0.13424151888768962,0.7678093283783627,0.9289751807555607
08289417000128,289755.4987,205,84,0.05816160636768658,0.030577037477691853,0.15846815748452955,0.3767285124518674,17.19347285008242,0.04681415584199605,0.018897242748507417,0.027584568889994728,0.027916913093488635,0.9965236362985522,0.9332644251111893
08311485000146,978344.04,4,4,0.7182871682826221,0.25,0.8330929679910964,1.0,1.3922008413305433,0.6243828910434961,0.0,0.46828716828262207,0.6243828910434961,0.41503439260005437,0.9133916901623582
08325807000106,126696.73,5,5,0.2442618925204053,0.20000000000000004,0.30711921294259137,0.9644821141003403,4.093966478690332,0.055327365650506624,3.469446951953614e-17,0.04426189252040527,0.05532736565050659,0.7769634023950532,0.5928643020084666
08345495000100,585057.5161,123,56,0.08343350637431388,0.04223676383105294,0.15383102946859142,0.5058167305886184,11.985592401134701,0.06676866103566505,0.02482288680979936,0.04119674254326094,0.04194577422586569,0.8277700936149585,0.8547147107430857
08351513000159,1319508.4,16,15,0.17673709566738668,0.0703125,0.22735740068043525,0.812720858768311,5.658121721553955,0.11793260250077145,0.003906250000000001,0.10642459566738668,0.11402635250077145,0.46662881708643267,0.8110016799782114
08361788000173,144665.0,4,4,0.43476408869521466,0.25,0.6221269830297584,1.0,2.3000979749756567,0.24635211826028622,0.0,0.18476408869521466,0.24635211826028622,0.46594870222664536,0.6025035390428504
08418330000103,48766960.0,50,30,0.862182198415835,0.04639999999999999,0.9282376838744921,0.9623796521251273,1.1598476538223477,0.8574298604301741,0.013517241379310334,0.815782198415835,0.8439126190508638,0.9258102075306426,0.9882205360645484
08418353000118,257917.0,14,14,0.09310250341976617,0.07142857142857142,0.15508865255101448,0.4815270028730173,10.740849743764189,0.023341157528978956,0.0,0.021673931991194745,0.023341157528978956,0.6089196406767144,0.5968670362144315
08424027000113,101417.0,4,4,0.39401277545192354,0.25,0.4969581036709822,1.0,2.537988771691535,0.19201703393589806,0.0,0.14401277545192354,0.19201703393589806,0.4095272879056663,0.5491853502755242
08434600000170,152857.08000000002,6,6,0.5225287003912277,0.16666666666666669,0.6986918760975939,0.9507382974998606,1.913770476628901,0.42703444046947325,3.3306690738754695e-17,0.355862033724561,0.4270344404694732,0.8330291653252923,0.6565858823078937
08435854000102,664714.88,2,2,0.9969574714839753,0.5,0.9984764144289955,1.0,1.0030518137463738,0.9939149429679506,0.0,0.4969574714839753,0.9939149429679506,0.4095272879056663,0.9297237988491565
08438054000145,87131.0968,89,37,0.05584847372369099,0.04305011993435171,0.14559543568146613,0.33876056980841307,17.905592280775235,0.02962204243823796,0.016468178821417035,0.01279835378933928,0.013153863616820926,0.9967498918073124,0.9254889558093015
08451643000163,1808659.44,10,10,0.5274346535842894,0.10000000000000003,0.7164794937846342,0.8898056562820914,1.8959694688323885,0.4749273928714327,3.0839528461809905e-17,0.4274346535842894,0.47492739287143265,0.4095272879056663,0.8797289724393047
08543762000146,42427.221999999994,19,12,0.31438297979799235,0.09695290858725761,0.5270074010502032,0.808383612766351,3.1808337736430667,0.25205415977962803,0.014857718458826488,0.21743007121073474,0.23719644132080153,0.9959609280347721,0.9501760446191501
08549559000187,637000.0,2,2,0.8167430237401083,0.5,0.8979591836734694,1.0,1.2243753187149413,0.6334860474802166,0.0,0.3167430237401083,0.6334860474802166,0.4095272879056663,0.8937318849067333
08565566000172,66600.0,2,1,1.0,1.0,1.0,1.0,1.0,,,0.0,,0.4095272879056663,0.665762287383909
08595042000124,5247682.124699999,308,115,0.10905892665788022,0.022474278967785456,0.2515396261879071,0.5787881064106254,9.169354867548051,0.10124365408470372,0.013899491941187083,0.08658464769009477,0.08734416214351663,0.6446239264950007,0.9262368489793468
08595187000125,4234940.9399999995,50,48,0.17020849220232137,0.0216,0.38817917493791537,0.5705900210263616,5.875147515033105,0.15255335373854098,0.0007829787234042576,0.14860849220232136,0.1517703750151367,0.5560241409665948,0.8465667040658924
08638248000194,243480.0,11,10,0.1694270760841464,0.10743801652892562,0.2562838836865451,0.753244619681288,5.902244334921694,0.07714119564905154,0.008264462809917352,0.06198905955522077,0.06887673283913419,0.7764057055679876,0.7116665818928949
08660689000192,24000.0,1,1,1.0,1.0,1.0,1.0,1.0,,,0.0,,0.864499634769905,0.6198998226025253
08674396000164,972239.4,4,4,0.2752367084803329,0.25,0.3598990125271615,1.0,3.6332362987528435,0.033648944640443844,0.0,0.02523670848033288,0.033648944640443844,0.573271386269271,0.8499688400558661
08677428000185,615731.0,10,9,0.286480521925581,0.12000000000000002,0.4448955794007448,0.9526497772566268,3.490638711764739,0.19729058716627862,0.010000000000000033,0.16648052192558097,0.18729058716627858,0.9147777938062455,0.8950988801294615
08677960000100,11019475.46,7,7,0.8913852480919768,0.14285714285714285,0.9436425061923953,0.9912410985123242,1.1218493935596474,0.8732827894406396,0.0,0.748528105234834,0.8732827894406396,0.40974732879611786,0.9829402273820776
08678243000195,274656.92000000004,10,10,0.1336625416520605,0.10000000000000003,0.2230054862626436,0.606210832044574,7.481527641477288,0.03740282405784501,3.0839528461809905e-17,0.03366254165206048,0.03740282405784498,0.5907100128075331,0.5905002803286374
08690876000119,91600.0,3,3,0.5730916649186705,0.3333333333333333,0.7270742358078602,1.0,1.7449215565574725,0.3596374973780057,0.0,0.23975833158533716,0.3596374973780057,0.9438934348352499,0.6651326471047938
08692266000154,337663.4342,286,95,0.03523032284394026,0.030099271358012603,0.07520614146499134,0.2630068731321338,28.384639119820147,0.024966815640152393,0.019781178500119123,0.005131051485927657,0.00518563714003327,0.9931994200957166,0.8748310649579272
08712299000119,78179.81,5,4,0.6270447831634608,0.28,0.7674615735187896,1.0,1.5947824251961213,0.502726377551281,0.040000000000000036,0.34704478316346077,0.462726377551281,0.5195279778238291,0.6575025242038797
08715618000140,29759803.389999993,54,52,0.5892880971547744,0.01989026063100137,0.7621018090334903,0.9159857675390374,1.6969628350347514,0.5812349225891817,0.0006724226041582576,0.569397836523773,0.5805624999850235,0.433164048657103,0.9735569591076457
08734175000134,55350.0,2,2,0.6339627352913095,0.5,0.7588075880758808,1.0,1.5773797801230292,0.26792547058261906,0.0,0.13396273529130953,0.26792547058261906,0.7547637570709422,0.8284487519820414
08772020000192,45415036.8,1,1,1.0,1.0,1.0,1.0,1.0,,,0.0,,0.4095272879056663,0.9992695398100804
08797960000136,7600.0,1,1,1.0,1.0,1.0,1.0,1.0,,,0.0,,0.9783470729416676,0.6588750913075238
08806026000133,62938.28,27,18,0.2710551591515318,0.07818930041152262,0.4733923456440182,0.7912910870776895,3.6892859856652125,0.22817605086632778,0.02396514161220043,0.19286585874000917,0.20421090925412735,0.9560869999632259,0.6164187327177739
08806043000170,28817.739999999998,52,28,0.08501429293173134,0.0539940828402367,0.19224234794262146,0.4915177248458762,11.762727954498494,0.05112593341068435,0.018956826649134357,0.031020210091494638,0.03216910676154999,0.9901214728067675,0.6916024681537325
08806721000103,924416.73,1,1,1.0,1.0,1.0,1.0,1.0,,,0.0,,0.4095272879056663,0.9469894605029741
08857731000160,985465.9163,190,86,0.07055991517653251,0.026703601108033246,0.1448767508226403,0.4725238004662181,14.17235263815325,0.059625325943315245,0.015253055238715991,0.04385631406849927,0.04437227070459925,0.9848628575344752,0.9367250417772193
08858200000191,785501.5746000002,555,119,0.04258089212927643,0.03214998782566348,0.09755038344642422,0.3146429692720313,23.48471227338263,0.034467170876134705,0.02394786907842334,0.010430904303612952,0.010519301797711364,0.9801059260148015,0.9053577211829571
08885069000151,14899.2,1,1,1.0,1.0,1.0,1.0,1.0,,,0.0,,0.864499634769905,0.5013043931962851
08931506000126,10454446.01,113,103,0.13247341032068102,0.010572480225546249,0.334594487039682,0.513937017309251,7.548684657391095,0.12396824767676613,0.0008722104238359187,0.12190093009513478,0.12309603725293021,0.4797371630401926,0.8622832501937346
08948407000157,64056.0,3,3,0.49669804852126936,0.3333333333333333,0.6398463844136381,1.0,2.0132956088253655,0.24504707278190405,0.0,0.16336471518793605,0.24504707278190405,0.4517074736637686,0.5312146097615906
08971900000198,237871.5218,142,46,0.10404584418453493,0.042253521126760576,0.27015911578533486,0.50733792379513,9.611147930391217,0.08413575183308014,0.02097026604068859,0.06179232305777435,0.06316548579239155,0.994015001166321,0.9104420923752812
08999257000100,1092280.5646,255,115,0.03459117957684593,0.016163014225297964,0.0680188610947294,0.2573093160390744,28.90910377249359,0.026122681152081422,0.007532865227274262,0.018428165351547968,0.01858981592480716,0.9692694335557716,0.875234894526759
09008389000196,146715.45,9,7,0.25932706477293704,0.18518518518518517,0.3673778051323156,0.9399561532204004,3.8561343409164994,0.13588157556842656,0.049382716049382706,0.07414187958775187,0.08649885951904385,0.6084523580450432,0.6464644113040674
09035539000150,48000.0,1,1,1.0,1.0,1.0,1.0,1.0,,,0.0,,0.4095272879056663,0.5980381926327872
09097711000109,22714800.0,20,20,0.4057139531778153,0.05000000000000002,0.6251430785214926,0.7975593005441387,2.464790752616099,0.374435740187174,1.460819769243627e-17,0.3557139531778153,0.374435740187174,0.4191415801950474,0.9654697657419066
09105181000195,917600.4,3,3,0.4248641014777334,0.3333333333333333,0.45771558076914526,1.0,2.3536937964913207,0.1372961522166001,0.0,0.09153076814440009,0.1372961522166001,0.6570448299148327,0.9001317892943532
09129733000103,7175100.0,9,9,0.14500067457576468,0.1111111111111111,0.17393485805075887,0.6594054438265669,6.8965196398275195,0.03812575889773528,0.0,0.03388956346465358,0.03812575889773528,0.46953207276408343,0.9492470927795117
09149617000148,122347.79999999999,4,4,0.42580248795447423,0.25,0.5312854011269512,1.0,2.348506709775067,0.2344033172726323,0.0,0.17580248795447423,0.2344033172726323,0.46749143828502393,0.6402061052631427
09157521000121,773140.12,2,2,0.9935537788836424,0.5,0.996766433489443,1.0,1.0064880444857254,0.9871075577672848,0.0,0.4935537788836424,0.9871075577672848,0.8648546083657628,0.9486248512419975
09183761000109,512000.0,1,1,1.0,1.0,1.0,1.0,1.0,,,0.0,,0.4095272879056663,0.9133882917666701
09224738000107,4400.0,1,1,1.0,1.0,1.0,1.0,1.0,,,0.0,,0.4095272879056663,0.20901596577272252
09240588000125,1748747.8274,163,80,0.14981378103470475,0.02141593586510595,0.34014308448598446,0.6134414609080303,6.674953352711573,0.13905193016172632,0.009028795812765517,0.1283978451695988,0.1300231343489608,0.995837960458966,0.9412903870445075
09281224000193,190507.8,5,5,0.36337087965258896,0.20000000000000004,0.4256056707389409,0.956915149930869,2.7520091894982843,0.20421359956573618,3.469446951953614e-17,0.16337087965258892,0.20421359956573615,0.4095272879056663,0.6323578031736226
09297907000139,17866.440000000002,3,3,0.41604113303786205,0.3333333333333333,0.5597085933179748,1.0,2.403608491059932,0.1240616995567931,0.0,0.08270779970452874,0.1240616995567931,0.8850859580505989,0.6813756965923882
09322905000152,58500.0,1,1,1.0,1.0,1.0,1.0,1.0,,,0.0,,0.9836168214546593,0.9690076176562663
09328892000129,2323566.6,6,6,0.37087765374316856,0.16666666666666669,0.5567783596131912,0.9226168081431365,2.6963069624369886,0.24505318449180227,3.3306690738754695e-17,0.20421098707650187,0.24505318449180225,0.4095272879056663,0.9092607088806657
09332615000190,3165087.35,79,44,0.34296798879864515,0.03989745233135716,0.5700319013312539,0.7552516615378719,2.915724011161564,0.32768817458466015,0.017569486106504998,0.303070536467288,0.31011868847815516,0.5385299804877501,0.8721925154743152
09356616000174,5706746.259999999,39,19,0.5077765406612254,0.08086785009861933,0.6952756385562515,0.8999810533016409,1.9693702247405964,0.4804307929201823,0.029804952881875957,0.42690869056260605,0.45062584003830636,0.41048397948037635,0.933479956415015
09403680000169,277733.32,29,22,0.10358323417791612,0.05588585017835909,0.17282766072144315,0.575824031484591,9.654071992793591,0.06089672151972165,0.010928033520185714,0.04769738399955703,0.04996868799953594,0.4095272879056663,0.45839689014034746
09436466000109,25188.0,1,1,1.0,1.0,1.0,1.0,1.0,,,0.0,,0.9552332255034958,0.6730668892831055
09493399000164,55200.0,1,1,1.0,1.0,1.0,1.0,1.0,,,0.0,,0.4095272879056663,0.6250652196598142
09500069000159,146452.32,3,3,0.4185278816406337,0.3333333333333333,0.5424585967637795,1.0,2.3893270768006887,0.12779182246095055,0.0,0.08519454830730039,0.12779182246095055,0.758581772601131,0.7246772674747772
09509569000151,17455079.830000002,17,17,0.7796490916161696,0.058823529411764705,0.8805252705624549,0.9813486421620106,1.2826283141394486,0.7658771598421802,0.0,0.7208255622044049,0.7658771598421802,0.4103287966814686,0.982086277104517
09510197000183,18370.0,1,1,1.0,1.0,1.0,1.0,1.0,,,0.0,,0.9454763643952833,0.6788062193467599
09522642000125,945064.7561,245,104,0.40992337189185424,0.01960849645980842,0.6348771299820986,0.750955577825933,2.4394803238099327,0.4041944725898334,0.010090132347767724,0.3903148754320458,0.39410434024206564,0.9749592055897424,0.9187227409101186
09528435000188,21640.0,2,2,0.515094932708307,0.5,0.5868761552680222,1.0,1.9413897060530585,0.030189865416613948,0.0,0.015094932708306974,0.030189865416613948,0.8979530526465631,0.501249661725757
09579148000105,1345111.97,52,28,0.16733783285983034,0.04437869822485209,0.32383921169031005,0.7080124340875503,5.975934927026603,0.13649849333612035,0.00898531667762439,0.12295913463497825,0.12751317665849596,0.5278954726326068,0.778696265301793
09583958000127,744.48,1,1,1.0,1.0,1.0,1.0,1.0,,,0.0,,0.9612856099342586,0.13096107690702286
09618159000149,720.0,1,1,1.0,1.0,1.0,1.0,1.0,,,0.0,,0.9719816341437963,0.9939476155692372
09626556000162,6522.63,4,3,0.4257858256270225,0.375,0.528927748469559,1.0,2.3485986141679938,0.13867873844053374,0.06250000000000001,0.050785825627022496,0.07617873844053373,0.6693892735508721,0.2956552332801699
09663279000168,96000.0,1,1,1.0,1.0,1.0,1.0,1.0,,,0.0,,0.4095272879056663,0.7155379317541479
09664082000143,7916046.640000001,12,12,0.17805733850841568,0.08333333333333334,0.3091478324084255,0.7678843918484037,5.616168411686869,0.10333527837281711,1.5139404881252137e-17,0.09472400517508234,0.1033352783728171,0.4095272879056663,0.941555365145794
09687192000120,114300.0,1,1,1.0,1.0,1.0,1.0,1.0,,,0.0,,0.4095272879056663,0.7428780131482834
09688688000119,19057.87,4,3,0.5410425814963132,0.375,0.6851694339398894,1.0,1.8482833592032426,0.31156387224446985,0.06250000000000001,0.16604258149631324,0.24906387224446985,0.9851426619362982,0.8860963977701805
10237604000100,2334840.0,5,5,0.6996751255390449,0.20000000000000004,0.8248959243459937,0.9923934830652207,1.429234745525044,0.624593906923806,3.469446951953614e-17,0.4996751255390448,0.624593906923806,0.7988388263207717,0.9486537367005593
10257397000155,1558.8,1,1,1.0,1.0,1.0,1.0,1.0,,,0.0,,0.4095272879056663,0.10883856829802775
10277035000126,897942.0,4,4,0.4849833793001658,0.25,0.5844475478371655,1.0,2.0619263312549116,0.31331117240022105,0.0,0.23498337930016577,0.31331117240022105,0.6926528772260155,0.8869286490948927
10295311000189,60000.0,1,1,1.0,1.0,1.0,1.0,1.0,,,0.0,,0.864499634769905,0.7518000626108734
10316445000139,293983.08,3,2,0.6899155866461644,0.5555555555555556,0.8081522242708662,1.0,1.4494526857426515,0.37983117329232874,0.11111111111111116,0.1343600310906088,0.2687200621812176,0.4095272879056663,0.7999670038062915
10324957000147,267255.0698,179,78,0.3249233748909341,0.03242720264660903,0.5635964178816861,0.6709858695447655,3.0776486928207816,0.31615614599341374,0.019861322161500057,0.29249617224432506,0.2962948238319137,0.6637121842487841,0.822242735252392
10377912000130,2135553.9145,231,98,0.35913829346398535,0.019096343771668446,0.5853282333509544,0.7835499579938141,2.784442701319125,0.3525314717471192,0.008983934944572246,0.3400419496923169,0.34354753680254696,0.9861909000110871,0.9560853940306545
10391817000191,996923.0160999999,366,100,0.3878900790452066,0.02748663740332647,0.6188371519532821,0.699935733984505,2.578049952866815,0.38170715055071375,0.01766327010437017,0.36040344164188015,0.36404388044634356,0.6327224211194359,0.914831906918271
10396929000135,1538151.7119999998,246,128,0.04535311505764424,0.014541608830722455,0.10101153142948228,0.3367335029172987,22.049202105059166,0.03783621045179892,0.006782093939625782,0.03081150622692179,0.031054116512173137,0.9919252388279658,0.9327597979425162
10411736000106,148015.0,2,2,0.5288996435162695,0.5,0.6202074114110057,1.0,1.890717855946596,0.057799287032539004,0.0,0.028899643516269502,0.057799287032539004,0.8873870624971454,0.7388473319802413
10414835000141,13481624.76,6,5,0.7201090010331003,0.22222222222222227,0.837715587034333,0.9995476806313365,1.3886786563775146,0.6501362512913752,0.027777777777777818,0.497886778810878,0.6223584735135974,0.8666736577685531,0.9891474587432598
10423151000106,34324.74,13,10,0.16809958084188822,0.12426035502958582,0.2549764397341393,0.7257593211194026,5.948854809701066,0.07566620093543135,0.02695595003287313,0.0438392258123024,0.04871025090255822,0.9807282228972194,0.7781512682232546
10429180000185,480847.70000000007,119,56,0.5417096707311595,0.039757079302309165,0.727881198142364,0.8833092827521064,1.8460072877234668,0.5333771192899078,0.022298117107805698,0.5019525914288503,0.5110790021821021,0.5113550397401518,0.8593017563547006
10429253000139,5849768.29,2,1,1.0,1.0,1.0,1.0,1.0,,,0.0,,0.9552332255034958,0.997808619430241
10432684000154,517860.36,6,6,0.21785965233796306,0.16666666666666669,0.23172269837374693,0.9268907934949877,4.590111061265773,0.06143158280555568,3.3306690738754695e-17,0.051192985671296376,0.06143158280555565,0.5264521301456391,0.7757953880055984
10433103000107,300000.0,1,1,1.0,1.0,1.0,1.0,1.0,,,0.0,,0.98810393404988,0.99405196702494
10441099000110,274564.9784,152,69,0.04680634397151851,0.030990304709141266,0.10738724061538941,0.3313982210340049,21.364625286873427,0.03278879020639378,0.016740162131334523,0.015816039262377245,0.01604862807505926,0.9961824214331769,0.9204651230744697
10455823000165,2256854.7468000003,272,97,0.06609793360503032,0.033466695501730113,0.18219289096164354,0.38804550449768455,15.129066000391516,0.056369787080082716,0.023398640246539804,0.0326312381033002,0.03297114683354291,0.9467040642771455,0.9360949584736196
10459525000143,6397962.809,174,78,0.16722088115357311,0.033227639054036216,0.32684427565887086,0.6925434114382643,5.9801144037843885,0.15640556792180133,0.020672153846945776,0.1339932420995369,0.13573341407485556,0.6570779756572837,0.9550208374382199
10460008000194,40000.0,1,1,1.0,1.0,1.0,1.0,1.0,,,0.0,,0.98810393404988,0.99405196702494
10465435000165,109315.885,68,33,0.09043841110305,0.04671280276816609,0.22351016963362644,0.4782027424468091,11.057248660202031,0.0620146114500203,0.01692257785467128,0.043725608334883904,0.045092033595349024,0.9980100639178162,0.9633521207542223
10465644000109,5199379.13,91,33,0.07262675413761444,0.16338606448496557,0.13847807247708824,0.4367021413958709,13.769030598630122,0.04364634020441489,0.13724187900012075,-0.09075931034735113,-0.09359553879570587,0.42889680496509364,0.8527793721062319
10467921000112,27821297.9304,6,6,0.8237763071229806,0.16666666666666669,0.9057794809948211,0.9925349866523279,1.2139217787077132,0.7885315685475767,3.3306690738754695e-17,0.6571096404563139,0.7885315685475767,0.4095272879056663,0.991769017444888
10469199000155,4192200.3580000005,177,90,0.07576517335066213,0.01911966548565227,0.12022326152379953,0.41219403951016986,13.198676328129338,0.06538051237707405,0.008098538131558473,0.05664550786500986,0.05728197424551558,0.5296967386626739,0.878212871093593
10474017000134,333600.0,1,1,1.0,1.0,1.0,1.0,1.0,,,0.0,,0.4095272879056663,0.8787436084733382
10478051000187,422709.24900000007,165,57,0.3208794935721962,0.030156106519742886,0.5583033741473681,0.6737564665872735,3.1164347365033636,0.30875234167169974,0.012837465564738297,0.2907233870524533,0.29591487610696143,0.9134173276583265,0.8903095403758607
10479670000196,1639366.7962,372,88,0.07646078395334258,0.03561105330095965,0.1945812253483532,0.4493490053034661,13.078599882133222,0.06584539066544996,0.0245261228791316,0.040849730652382926,0.041319267786318364,0.9917739833289718,0.9551601026724182
10480777000154,11000.0,1,1,1.0,1.0,1.0,1.0,1.0,,,0.0,,0.864499634769905,0.40879682771574666
10480867000145,1581899.25,14,13,0.22002617803396896,0.0816326530612245,0.3635659540264653,0.8063102248768371,4.54491374133497,0.1550283595367997,0.005102040816326534,0.13839352497274446,0.14992631872047316,0.6257539863595409,0.8537895117115539
10481963000108,80557.763,68,34,0.05743569494473627,0.04455017301038063,0.10170962666875444,0.3490958655343992,17.410775667678163,0.028873140246091916,0.015597147950089136,0.012885521934355638,0.01327599229600278,0.9957087532274458,0.925513004346203
10485444000118,2330164.0399999996,12,8,0.8140794243573859,0.18055555555555558,0.9011303942361071,0.9749588445283877,1.2283813717431504,0.7875193421227268,0.06349206349206352,0.6335238688018303,0.7240272786306633,0.8195166982019646,0.9423768365844205
10486394000193,5309645.0,3,2,0.9986279693815909,0.5555555555555556,0.9993135134269805,1.0,1.0013739156727792,0.9972559387631819,0.11111111111111116,0.44307241382603535,0.8861448276520707,0.9719921287992224,0.9985750188169431
10491693000116,380048.2,5,5,0.41630583668595667,0.20000000000000004,0.5978189082332188,0.9665305611235627,2.402080182109859,0.2703822958574458,3.469446951953614e-17,0.21630583668595663,0.2703822958574457,0.4598151323380998,0.7542325285298341
10496025000181,4889589.5,35,29,0.07110855401942454,0.040000000000000015,0.12339746925585471,0.4080839444701851,14.063005693053928,0.03793385952011827,0.00571428571428573,0.03110855401942452,0.03221957380583254,0.5464603274786647,0.8614850075093455
10496698000131,446850.546,287,82,0.1223309261099263,0.036093676018890596,0.3176677331395719,0.5000139509732188,8.174547776262253,0.11149550544461675,0.024193597945049737,0.0862372500910357,0.08730190749956701,0.9897256681748112,0.9474326509192035
10502372000170,959534.6799999999,6,6,0.22416311653009235,0.16666666666666669,0.28868159304049335,0.9077316517627064,4.461037192377529,0.06899573983611083,3.3306690738754695e-17,0.05749644986342567,0.0689957398361108,0.6926849078157201,0.8746114157497923
10518108000124,88464.0,2,2,0.9674495362929758,0.5,0.9834508952794357,1.0,1.033645645055296,0.9348990725859516,0.0,0.4674495362929758,0.9348990725859516,0.41889670955456765,0.7062276076808788
10519243000194,301620.0,3,3,0.5165543502919919,0.3333333333333333,0.6371593395663417,1.0,1.9359047105783378,0.2748315254379879,0.0,0.1832210169586586,0.2748315254379879,0.4240082060473568,0.7755875758123081
10519253000120,20200.0,1,1,1.0,1.0,1.0,1.0,1.0,,,0.0,,0.864499634769905,0.5015130961076907
10532003000120,735551.8476,344,117,0.07294603456255878,0.022917793401838832,0.22866912855811036,0.3961303271152303,13.708764376251274,0.06495419003292567,0.014494670931165028,0.05002824116071995,0.05045951910176064,0.9911312096431127,0.9289381532164013
10540697000147,2679801.5917,342,100,0.4461090839591955,0.03821688724735816,0.6606832406860533,0.802072735032774,2.241604208381167,0.4405142262214096,0.028501906310462784,0.40789219671183735,0.41201231991094683,0.560822544080488,0.9439726322472957
10543660000172,47460.0,3,3,0.4861942427530962,0.3333333333333333,0.5461441213653603,1.0,2.05679111775873,0.2292913641296443,0.0,0.15286090941976288,0.2292913641296443,0.7117232989888198,0.5767751983370256
10547985000123,2005500.0,3,3,0.8009666884032013,0.3333333333333333,0.8905509847918225,1.0,1.2484913723360822,0.7014500326048019,0.0,0.467633355069868,0.7014500326048019,0.4095272879056663,0.9469074050326955
10551277000166,3615835.55,15,12,0.6101504017962918,0.12000000000000001,0.7686522137324525,0.9738927424395726,1.638940164680684,0.5747095292323182,0.040000000000000015,0.49015040179629177,0.5347095292323182,0.9343044008684154,0.9598053025357497
10552903000139,2361741.158,108,50,0.07495401214292485,0.03823731138545952,0.13506560569496584,0.443107406777047,13.34151396850066,0.05607552259482128,0.018609501413734207,0.03671670075746533,0.03746602118108707,0.7439121028639324,0.8587615699000255
10554621000170,374140.29000000004,2,1,1.0,1.0,1.0,1.0,1.0,,,0.0,,0.9612856099342586,0.9987477825315663
10556980000167,360352.0,4,4,0.3381491164652386,0.25,0.4412352366574904,0.9999999999999999,2.957275211756465,0.1175321552869848,0.0,0.0881491164652386,0.1175321552869848,0.6279958544459081,0.7671556744595238
10559279000100,5784353.279999999,13,13,0.5995138732943248,0.07692307692307694,0.7585981816103735,0.9741477615972999,1.668018113584272,0.5661400294021852,1.5034270125132327e-17,0.5225907963712478,0.5661400294021852,0.4128842499440471,0.9586120552869271
10559316000171,120000.0,2,2,0.5050000000000001,0.5,0.55,1.0,1.9801980198019797,0.010000000000000231,0.0,0.0050000000000001155,0.010000000000000231,0.650704372325994,0.6853594907648962
10559943000102,36000.0,1,1,1.0,1.0,1.0,1.0,1.0,,,0.0,,0.4095272879056663,0.5433580298445163
10564533000150,2530132.5500000003,78,45,0.08462996095629563,0.02892833662064431,0.1591149839165541,0.49821185850519967,11.816146299729681,0.06382609643257507,0.006858526089295315,0.05570162433565132,0.056967570343279754,0.5081249879842694,0.7989729242119316
10565436000181,601830.6767000001,280,70,0.06652266587894166,0.03109693877551021,0.178952326907865,0.4147240239872605,15.032470313498948,0.05299400886269444,0.01705486542443065,0.035425727103431455,0.03593914343826379,0.9727940278254625,0.902801504712718
10568451000183,923511.8228000001,242,97,0.0924644863061311,0.022436992008742575,0.20719193330937832,0.4863686516087772,10.814963019306715,0.08301099137181996,0.012254044008833644,0.07002749429738853,0.07075694736298631,0.758669687340541,0.8549096051134528
10573381000151,22894.2,6,6,0.20703395735361468,0.16666666666666669,0.30400712844301175,0.8222693957421531,4.830125515554903,0.04844074882433763,3.3306690738754695e-17,0.040367290686948,0.0484407488243376,0.6224251422337707,0.2824711825653171
10574092000177,2215000.0,4,4,0.27620767494356663,0.25,0.33860045146726864,1.0,3.620464203988231,0.03494356659142217,0.0,0.026207674943566628,0.03494356659142217,0.4095272879056663,0.9200808712003881
10589926000118,216658.1,6,4,0.9398897945982005,0.2777777777777778,0.969269092639509,1.0,1.0639545250382214,0.9198530594642674,0.037037037037037056,0.6621120168204228,0.8828160224272303,0.424461599453928,0.8103598536730714
10589928000107,697246.8099999999,12,12,0.2802512418569568,0.08333333333333334,0.3903870424304989,0.9334491325962466,3.5682268288053134,0.21481953657122566,1.5139404881252137e-17,0.19691790852362348,0.21481953657122563,0.6108536730647998,0.8163952123887173
10594533000100,1884960.6994000003,239,93,0.05482176168898858,0.029988970781323853,0.16154182954420487,0.3511114476873003,18.24093150587057,0.04454808518560802,0.01944537263764259,0.024832790907664725,0.025102712547965433,0.8149703187566514,0.8897430479116689
10596772000191,1175742.55,49,23,0.4807869630620422,0.06289046230737191,0.5953684333360224,0.9679341961384319,2.079923285837842,0.45718637047395316,0.020294574230434275,0.41789650075467033,0.43689179624351887,0.9427989431751346,0.955559191314763
10606542000166,89700.0,5,5,0.28955554809851736,0.20000000000000004,0.39018952062430323,0.9832775919732442,3.4535687765850147,0.11194443512314668,3.469446951953614e-17,0.08955554809851732,0.11194443512314664,0.4095272879056663,0.4652711491724418
10624466000111,64468.426,64,36,0.07850397928144401,0.03466796875,0.1336787716827459,0.46523642441650426,12.738207784536726,0.05217552154662813,0.007087053571428573,0.04383601053144401,0.04508846797519955,0.9871010979831678,0.9128000450281254
10628610000198,3432016.79,37,35,0.17167536720788867,0.029948867786705625,0.26394072506853905,0.7451569023355505,5.82494749400512,0.14731287800812068,0.0014179521333734383,0.14172649942118304,0.14589492587474723,0.6047351579888595,0.8853945584906222
10631880000158,312471.08269999997,214,52,0.07700815228372343,0.04681631583544414,0.1867543053768796,0.4651524366481801,12.985638147967377,0.058910272916737616,0.02812643967535481,0.03019183644827929,0.030783833241382806,0.9978291591488606,0.9588859042245595
10635089000116,26419463.62,2,2,0.755908684348357,0.5,0.8577070619573767,1.0,1.3229111144053938,0.511817368696714,0.0,0.255908684348357,0.511817368696714,0.4095272879056663,0.9962660265238832
10642703000177,502052.0,3,3,0.4834919314371254,0.3333333333333333,0.5227346968043151,1.0,2.0682868419905427,0.22523789715568807,0.0,0.15015859810379206,0.22523789715568807,0.4182379278355123,0.8373895122645817
10687065000100,836179.1900000001,5,5,0.3615364049974179,0.20000000000000004,0.5094601792230682,0.954084542572747,2.765973180507623,0.20192050624677235,3.469446951953614e-17,0.16153640499741787,0.20192050624677232,0.44868439280308636,0.8458505260860993
10693825000192,30060.0,1,1,1.0,1.0,1.0,1.0,1.0,,,0.0,,0.9852864447459042,0.9623291244912866
10698251000145,1959148.527,31,23,0.21394803813513205,0.05515088449531735,0.38309216460952883,0.8128953359338641,4.674032109461964,0.17821840350491078,0.012203197426922682,0.1587971536398147,0.1660152060779881,0.5777291700928825,0.8707248740366224
10700103000118,5297663.08,5,3,0.6327263449275409,0.3600000000000001,0.7800104041346472,1.0,1.5804620876257633,0.4490895173913113,0.04000000000000017,0.2727263449275408,0.40908951739131116,0.9609649415420419,0.992102849704643
10701551000136,2050074.23,66,31,0.7022201750673641,0.055555555555555546,0.8366518806492192,0.9040879753900424,1.4240547843901947,0.6922941809029429,0.024074074074074064,0.6466646195118085,0.6682201068288689,0.8976421770522055,0.9090340876784373
10711980000194,95532.88,3,3,0.7988428249644135,0.3333333333333333,0.8897460225212512,0.9999999999999999,1.2518107051215583,0.6982642374466203,0.0,0.4655094916310802,0.6982642374466203,0.4095272879056662,0.6490368324880792
10713187000124,252000.0,3,3,0.3333333333333333,0.3333333333333333,0.3333333333333333,1.0,3.0,0.0,0.0,0.0,0.0,0.5611847368604125,0.7195728547079898
10714485000139,366726.9677,238,69,0.06272831129648189,0.0411694089400466,0.13361249735002786,0.4178807109854114,15.941765039290718,0.04894490410966544,0.02706895907151787,0.02155890235643529,0.02187594503814757,0.9971376965109636,0.9400949262669778
10721783000156,356708.4,5,4,0.34577623135720903,0.28,0.4821865703190617,1.0,2.892043782404858,0.12770164180961205,0.040000000000000036,0.065776231357209,0.08770164180961201,0.5017827656893097,0.788739006044188
10721828000192,505450.36,3,3,0.46932800802987773,0.3333333333333333,0.6307103233639006,1.0,2.1307059942954423,0.2039920120448166,0.0,0.13599467469654442,0.2039920120448166,0.7773348666514002,0.8960638351056851
10732371000111,747549.73,9,9,0.16739394848352684,0.1111111111111111,0.31707018341107557,0.6692708323230884,5.973931608993675,0.06331819204396771,0.0,0.05628283737241574,0.06331819204396771,0.6020613199842125,0.7721928563230402
10740545000198,28540.0,2,2,0.5750883084216745,0.5,0.6937631394533987,1.0,1.7388633803815148,0.15017661684334893,0.0,0.07508830842167447,0.15017661684334893,0.7813490017982527,0.6147162901836285
10751888000158,18516.0,1,1,1.0,1.0,1.0,1.0,1.0,,,0.0,,0.4095272879056663,0.41886674319106754
10759024000182,92496.12,15,12,0.18276295513469207,0.09333333333333334,0.33449651725931856,0.7159430038795143,5.471568345253682,0.108468678328755,0.010909090909090919,0.08942962180135873,0.09755958741966407,0.7437355309027072,0.5937026546850753
10769869000159,2453075.0,16,13,0.1981556835078701,0.0859375,0.3263251225502685,0.7875029096134443,5.0465370576175435,0.1313353238001926,0.009765624999999995,0.1122181835078701,0.12156969880019261,0.4907032601853305,0.8900931068198504
10778201000178,1952.0,1,1,1.0,1.0,1.0,1.0,1.0,,,0.0,,0.975686110821246,0.9281018470207659
10778974000154,709234.7050000001,44,27,0.3366898619243232,0.05268595041322313,0.5129472619363712,0.8810891452357792,2.970092399826304,0.3111779335367972,0.016250794659885562,0.28400391151110005,0.29492713887691163,0.590946773572993,0.8457594302323007
10788473000159,193441.39,77,51,0.08135827565018801,0.034913138809242704,0.20123718093630322,0.497738875842445,12.291312617042777,0.06298544116319177,0.01561140158542756,0.046445136840945304,0.04737403957776421,0.9913087052333451,0.8679089643766809
10796854000180,285000.0,1,1,1.0,1.0,1.0,1.0,1.0,,,0.0,,0.864499634769905,0.8670562454346238
10817032000138,478285.8,3,3,0.8879052903603843,0.3333333333333333,0.9408600464408519,1.0,1.1262462459189972,0.8318579355405765,0.0,0.5545719570270511,0.8318579355405765,0.9538869380665035,0.9607999228520027
10836927000110,34856.0,2,2,0.5587103270854521,0.5,0.6713334863438145,1.0,1.789836255965705,0.11742065417090419,0.0,0.058710327085452096,0.11742065417090419,0.9048498542540437,0.6530610243337199
10836939000144,15482.42,6,6,0.227426286948227,0.16666666666666669,0.37765995238470473,0.8180484704587525,4.397029092013657,0.0729115443378724,3.3306690738754695e-17,0.06075962028156032,0.07291154433787238,0.7783387554625391,0.18927031926775278
10839115000128,303339.33,15,15,0.08033292477136923,0.06666666666666667,0.1048330923655696,0.3992228769015874,12.448196089536646,0.014642419397895607,0.0,0.013666258104702567,0.014642419397895607,0.7568238221447606,0.6561846928317171
10863375000139,33641.39,21,21,0.10075869017081464,0.0476190476190476,0.19767316392099138,0.5238190217467233,9.924702259474747,0.055796624679355374,0.0,0.053139642551767036,0.055796624679355374,0.9691355516595905,0.6994862416590218
10870672000101,91141.41,5,5,0.30954883725743965,0.20000000000000004,0.3949905975779835,0.986846813100653,3.2305080156651957,0.13693604657179953,3.469446951953614e-17,0.10954883725743961,0.1369360465717995,0.9376645894303055,0.7499851448572274
10872104000140,2968.8,2,2,0.5185090666455795,0.5,0.5962004850444623,0.9999999999999999,1.9286065843927427,0.037018133291158994,0.0,0.018509066645579497,0.037018133291158994,0.4095272879056662,0.10685232649334989
10873273000102,282398.0,5,5,0.5087424648983693,0.20000000000000004,0.6901606951890594,0.9776981423381186,1.9656310785846598,0.38592808112296156,3.469446951953614e-17,0.3087424648983692,0.3859280811229615,0.4095272879056663,0.7163295251844994
10906131000196,695000.0,2,2,0.9772434139019719,0.5,0.9884892086330935,1.0,1.0232865075111275,0.9544868278039438,0.0,0.4772434139019719,0.9544868278039438,0.4095272879056663,0.9245354295714008
10936853000193,3070500.0,3,3,0.9548795776057947,0.3333333333333333,0.9770395701025891,1.0,1.0472524739793236,0.9323193664086918,0.0,0.6215462442724613,0.9323193664086918,0.4095272879056663,0.9715161817909412
10936861000130,64771.24,2,2,0.6315933222800394,0.5,0.756508598569365,1.0,1.5832972970487083,0.2631866445600788,0.0,0.1315933222800394,0.2631866445600788,0.7537177804197466,0.6259195814027432
10949553000149,7385.52,1,1,1.0,1.0,1.0,1.0,1.0,,,0.0,,0.9454763643952833,0.6240217051027862
10971858000157,784536.9996000001,184,87,0.07954291698911407,0.020321361058601137,0.19281854148004163,0.48028701029029197,12.571829621697882,0.0688399276517782,0.008929748977887198,0.05922155593051294,0.059910178673891,0.9918565481520315,0.9175165126892506
11065186000183,4100493.75,4,4,0.540181622685288,0.25,0.6460197628639234,1.0,1.851229212554319,0.3869088302470507,0.0,0.290181622685288,0.3869088302470507,0.5708375204806366,0.977334182500865
11084263000142,2793937.5,39,37,0.14991834205759355,0.028270874424720566,0.3330547480034897,0.5877694543990336,6.670297885337032,0.12630496267030447,0.0012783987142961353,0.12164746763287299,0.12502656395600834,0.8705145538926948,0.8349502387571252
11111771000172,3321426.9300000006,148,66,0.541808123986572,0.025109569028487953,0.7334197172900023,0.8205846635921629,1.8456718453058554,0.53475901820175,0.010111254705849306,0.516698554958084,0.5246477634959007,0.45388768884758857,0.8824907637902887
11112312000103,1055978.6,6,6,0.20736436157169394,0.16666666666666669,0.2818799547642348,0.8338040183768874,4.8224294301133375,0.048837233886032734,3.3306690738754695e-17,0.040697694905027254,0.0488372338860327,0.4095272879056663,0.8154891894287339
11124654000143,104568.8,8,8,0.1631034820457793,0.125,0.2295139659248265,0.7234471467588802,6.131076954686495,0.04354683662374776,0.0,0.03810348204577929,0.04354683662374776,0.4095272879056663,0.39455747279227055
11135974000107,3202006.76,8,7,0.4536454274295345,0.15625,0.6354742018096177,0.9569683700480383,2.2043647737534657,0.36258633200112356,0.015625000000000007,0.2973954274295345,0.34696133200112356,0.40952728790566634,0.9337982497142355
11136549000124,8627367.16,7,6,0.26723360742864044,0.18367346938775508,0.30275216431150476,0.9418391044806306,3.7420443095542564,0.12068032891436853,0.02040816326530611,0.08356013804088536,0.10027216564906241,0.600128594963488,0.9732886463991092
11148262000114,445761.2412,64,28,0.08681591995622982,0.06201171875,0.15216893917783716,0.5012244173551983,11.51862470044863,0.05299428736201611,0.02727141203703704,0.024804201206229823,0.025722875324979074,0.9974494895385609,0.9570523380485616
11149280000110,214708.57,32,18,0.16811196168276404,0.078125,0.22459420227147897,0.804449957446971,5.948416697956637,0.11917737119351487,0.023897058823529417,0.08998696168276404,0.09528031236998546,0.5683836470033792,0.5419320665165954
11151349000140,198157.11000000002,18,16,0.22930833985661908,0.07407407407407407,0.4239060612056766,0.7429700604737322,4.360940385444662,0.17792889584706034,0.012345679012345675,0.155234265782545,0.16558321683471466,0.5098078873998115,0.6016720428163503
11151460000137,669231.0800000001,14,13,0.4649515362157236,0.0816326530612245,0.6612065895086641,0.9255904552430528,2.1507617936679533,0.42036416423370054,0.005102040816326534,0.38331888315449913,0.415262123417374,0.422554241714642,0.7955949719548394
11152150000137,224000.0,2,2,0.684311224489796,0.5,0.8035714285714286,1.0,1.461323392357875,0.36862244897959195,0.0,0.18431122448979598,0.36862244897959195,0.4095272879056663,0.7629666000804997
11162144000160,6700.0,1,1,1.0,1.0,1.0,1.0,1.0,,,0.0,,0.4095272879056663,0.26265261400396533
11166368000140,981653.59,62,36,0.04473753933885795,0.040582726326742966,0.06552506979575147,0.2500712293019781,22.35259280635992,0.017444326177111034,0.013170804221792766,0.004154813012114983,0.004273521955318268,0.6249345758010783,0.6142320405001578
11168270000122,1268818.48,45,42,0.038210371351332824,0.02518518518518519,0.07566094087784724,0.21279639621894536,26.170905035318867,0.014752087725755578,0.0014092140921409266,0.013025186166147635,0.013342873633614652,0.5020149460559776,0.6274137453756187
11170888000127,731919.0,16,16,0.08076038731169202,0.0625,0.129522529132322,0.44000770577072046,12.382308125152166,0.019477746465804822,0.0,0.018260387311692022,0.019477746465804822,0.5691582015378257,0.6697665769446087
11171868000170,13317551.899999999,53,47,0.08901249940883905,0.0252758988964044,0.21811280194823193,0.5069567252822194,11.234377268825448,0.06920842330903121,0.004086244524587105,0.06373660051243465,0.06512217878444411,0.6693992163887407,0.9204010711739822
11179871000130,79357.0,3,3,0.6726198139801259,0.3333333333333333,0.8011895610973198,1.0,1.486723969790083,0.5089297209701888,0.0,0.3392864806467926,0.5089297209701888,0.7871355165898912,0.6723799464523984
11186410000195,51000.2,2,2,0.9999921569242596,0.5,0.9999960784467512,1.0,1.0000078431372548,0.9999843138485192,0.0,0.4999921569242596,0.9999843138485192,0.864499634769905,0.7680237057979826
11188015000141,1464712.983,104,37,0.19491675737296021,0.056767751479289925,0.41544881970913755,0.6013283689177213,5.1303952183370605,0.17255333396665354,0.030566855687047974,0.1381490058936703,0.14198647827960556,0.973033733162068,0.9442636290984268
11190946000184,780205.0,3,2,0.670951386546434,0.5555555555555556,0.7923622637640108,1.0,1.4904209456176356,0.3419027730928681,0.11111111111111116,0.11539583099087847,0.23079166198175693,0.5039967160585321,0.9223291339339497
11193159000196,1616005.0,4,2,0.5036017029614475,0.5,0.5424364404813103,1.0,1.9856962240585465,0.007203405922894923,0.0,0.0036017029614474616,0.007203405922894923,0.864499634769905,0.9927893564161414
11195905000180,364438.72,3,3,0.3532219248469063,0.3333333333333333,0.4484704589018423,1.0,2.831081339113988,0.029832887270359456,0.0,0.019888591513572973,0.029832887270359456,0.6405951049596,0.798913814662294
11200941000195,98880.0,3,2,0.8365185220096145,0.5555555555555556,0.9101941747572816,1.0,1.195430792850402,0.673037044019229,0.11111111111111116,0.28096296645405894,0.5619259329081179,0.9574401828075405,0.8570202695104295
11206573000192,197203.39,7,7,0.14997611949460746,0.14285714285714285,0.19776536295851707,0.658661344513398,6.667728191460214,0.008305472743708709,0.0,0.007118976637464608,0.008305472743708709,0.8729075496941341,0.7292425838741231
11208059000196,476009.25,7,6,0.2892016422221518,0.18367346938775508,0.4425064218815075,0.9126487563004291,3.4577950260456842,0.14704197066658214,0.02040816326530611,0.1055281728343967,0.12663380740127603,0.4611407948504765,0.7423440698624667
11214458000160,3326171.2719,310,80,0.06843945103099043,0.03375650364203954,0.14139566713633125,0.4508111529516815,14.611455599595395,0.05664754534783841,0.02152557330839447,0.03468294738895089,0.03512197203944394,0.932178467703813,0.9380563767916102
11218352000134,20400.0,1,1,1.0,1.0,1.0,1.0,1.0,,,0.0,,0.864499634769905,0.8309506417614526
11221170000112,2500.0,1,1,1.0,1.0,1.0,1.0,1.0,,,0.0,,0.9655640196180737,0.6621099864343107
11221619000142,5051620.7,328,134,0.023041300782064282,0.013068857822724567,0.0585885951413573,0.18482643797860754,43.400327501406345,0.01569574665260612,0.00564832291913603,0.009972442959339715,0.010047423733470088,0.7338742268429891,0.7738403576193248
11224030000106,8249.439999999999,8,8,0.23732830270840577,0.125,0.3496067611862138,0.8700032971935063,4.213572458859462,0.12837520309532088,0.0,0.11232830270840577,0.12837520309532088,0.9840391569218828,0.7223863487032604
11224920000100,66580.0,2,2,0.7052693584266936,0.5,0.8203664764193451,1.0,1.4178979818870736,0.41053871685338716,0.0,0.20526935842669358,0.41053871685338716,0.5122031331955584,0.6647395866948853
11228769000188,3096699.66,1,1,1.0,1.0,1.0,1.0,1.0,,,0.0,,0.4095272879056663,0.9823646039862256
11231203000105,381291.748,177,59,0.24894581676143143,0.032589613457180255,0.4861134314399062,0.6009494204946706,4.016938356342478,0.23599660670559403,0.01591012403402819,0.21635620330425118,0.22008648267156583,0.7116887639084246,0.884054175855003
11232665000147,3328683.7899999996,210,81,0.12572795358616867,0.050340136054421766,0.2869001864547789,0.5746767403220358,7.953680716791767,0.11479955300599579,0.038469387755102044,0.0753878175317469,0.07633016525089374,0.49230841893705557,0.8203177021557593
11237287000194,966988.98,21,17,0.11189801774900186,0.06575963718820861,0.17866437319689002,0.5657572023209613,8.93670880071439,0.05639164385831448,0.00736961451247165,0.04613838056079325,0.04902202934584283,0.6062739960995245,0.7398315419528404
11241709000103,2572167.2424,318,88,0.6241702864335149,0.03761718286460189,0.7872738469799276,0.8912011871596331,1.6021268902657344,0.6198504046683829,0.026555311403275474,0.586553103568913,0.5932950932651074,0.5051730968439193,0.9520915141860614
11243552000147,326498.368,101,48,0.1937524143328333,0.044015292618370755,0.41378461040270803,0.6140753512127816,5.161226008168198,0.17659821038246803,0.023675192461314814,0.14973712171446255,0.15292301792115323,0.9123028613049167,0.8477870472517847
11245287000136,135000.0,2,2,0.5,0.5,0.5,1.0,2.0,0.0,0.0,0.0,0.0,0.4095272879056663,0.6671188563080455
11245566000108,85000.0,1,1,1.0,1.0,1.0,1.0,1.0,,,0.0,,0.4095272879056663,0.6988938745695502
11246073000184,64325.543999999994,38,21,0.16561908871887082,0.06232686980609418,0.3242879687111546,0.6910279530632496,6.037951348092757,0.12390004315481437,0.01544321329639889,0.10329221891277665,0.10845682985841548,0.997099154337992,0.9464624182398257
11252074000131,137569.364,29,24,0.14295216990644968,0.04637336504161712,0.22766808749657372,0.6952148881054651,6.995346769863073,0.1056892207719475,0.004911337434730909,0.09657880486483256,0.1007778833372166,0.9968356401651549,0.9301737196639782
11257200000140,30677.121,41,21,0.10096145588483307,0.06603212373587149,0.18073729930523794,0.5392350214350298,9.904770005899103,0.05600952867907473,0.019333729922665067,0.03492933214896159,0.03667579875640967,0.9951014829864798,0.9597862941257035
11258723000101,1510218.2,10,10,0.13388540929430265,0.10000000000000003,0.21056559906376443,0.6666706837462295,7.469073779367786,0.03765045477144738,3.0839528461809905e-17,0.033885409294302615,0.03765045477144735,0.5790779109978749,0.8174646227424476
11260263000156,453000.0,2,1,1.0,1.0,1.0,1.0,1.0,,,0.0,,0.4095272879056663,0.9043097151205259
11261188000148,7065720.4321,9,9,0.3266264625066615,0.1111111111111111,0.41597448391068786,0.958148478581665,3.0616012931885614,0.2424547703199942,0.0,0.2155153513955504,0.2424547703199942,0.5047307783480524,0.9665267801402629
11265919000123,341609.62400000007,109,39,0.05499547177565803,0.04267317565861462,0.10756842728763404,0.33647362932608715,18.18331523873967,0.03012693155922798,0.01748036449173606,0.012322296117043406,0.01264656706749192,0.9899124141005718,0.8725966412593273
11267244000151,323158.8,4,4,0.41042025188237813,0.25,0.5583942012409998,1.0,2.4365269389449837,0.21389366917650418,0.0,0.16042025188237813,0.21389366917650418,0.4125882979098279,0.747278310279869
11270247000144,2981409.3,12,11,0.5002395262317078,0.09722222222222224,0.6772516608169163,0.9297396033479872,1.999042353835923,0.4502634788548785,0.006944444444444459,0.40301730400948554,0.443319034410434,0.7326119457097686,0.9272085625234943
11271704000115,4346269.68,32,29,0.07688117060591548,0.037109375,0.1504738656714003,0.4588762655887474,13.00708602794163,0.04391264098469818,0.0027204241071428575,0.03977179560591548,0.041192216877555324,0.40952728790566634,0.8233458456428504
11272232000115,1948538.3,3,3,0.9052303497105642,0.3333333333333333,0.9502724786061428,1.0,1.104691198565909,0.8578455245658461,0.0,0.5718970163772308,0.8578455245658461,0.9188249452281277,0.9744483777785005
11279755000193,1603076.54,40,26,0.2137148290841464,0.06000000000000001,0.3293666813937655,0.7856143911880837,4.679132488304159,0.18226342224751227,0.02240000000000001,0.1537148290841464,0.15986342224751227,0.5266451892287337,0.8478596782005687
11280020000180,386938.7,12,12,0.10484173447528874,0.08333333333333334,0.1550633213994878,0.538880447988273,9.538186343489963,0.023463710336678635,1.5139404881252137e-17,0.021508401141955402,0.02346371033667862,0.5461887289399299,0.6103256430123345
11283510000130,722749.48,6,6,0.3935159481876641,0.16666666666666669,0.5809066787567941,0.9305242806954355,2.541193068808254,0.2722191378251969,3.3306690738754695e-17,0.22684928152099743,0.27221913782519686,0.7148731687324603,0.8201324397245696
11285282000137,860269.2000000001,11,11,0.5189067910831476,0.09090909090909091,0.6862968010478581,0.9601608426757577,1.927128372925387,0.4707974701914624,0.0,0.4279977001740567,0.4707974701914624,0.773495660340939,0.8700737565062071
11290422000165,699799.88,114,60,0.15591107917581312,0.03724222837796244,0.3172335496828036,0.6822378992119862,6.413912374195999,0.14160448729743708,0.020924300045385535,0.11866885079785068,0.12068018725205154,0.7436552311283746,0.8406810050526695
11291694000180,252474.91,4,4,0.510361107047865,0.25,0.6796714968627972,0.9999999999999999,1.9593969567634266,0.3471481427304866,0.0,0.26036110704786497,0.3471481427304866,0.4184675450122793,0.7207888342180631
11293112000102,2562312.23,4,4,0.47405456444102606,0.25,0.5774129369081613,1.0,2.1094618109608,0.29873941925470143,0.0,0.22405456444102606,0.29873941925470143,0.8527804638814144,0.9488898808463644
11293409000160,88841987.88059999,179,79,0.07889856546623945,0.023625979214131905,0.08391707770001386,0.33566831080005544,12.674501673010749,0.06708957271580662,0.011108363563031031,0.05527258625210755,0.05598120915277559,0.41708247117884595,0.9901656496677971
11294684000106,57000.0,1,1,1.0,1.0,1.0,1.0,1.0,,,0.0,,0.4095272879056663,0.6304393196285089
11298607000116,32150.0,1,1,1.0,1.0,1.0,1.0,1.0,,,0.0,,0.4095272879056663,0.5216529270583324
11299994000105,283800.0,2,2,0.5001095074845013,0.5,0.507399577167019,1.0,1.9995620659761013,0.00021901496900267325,0.0,0.00010950748450133663,0.00021901496900267325,0.4095272879056663,0.7736738264708095
11299998000193,182938.4134,216,85,0.0373584647446425,0.02696330589849108,0.08992785984225661,0.2661712928138908,26.767695268939228,0.025898446467793008,0.015379535730615974,0.010395158846151421,0.010518910737177034,0.9935720639399527,0.8838842871268988
11300021000149,7935.0,2,2,0.8527576572251943,0.5,0.9199747952110902,1.0,1.1726661045224978,0.7055153144503885,0.0,0.35275765722519425,0.7055153144503885,0.4095272879056663,0.2565696211279413
11301643000191,48820.1,2,2,0.6127186532183886,0.5,0.7374011933609312,1.0,1.6320704368103747,0.22543730643677717,0.0,0.11271865321838859,0.22543730643677717,0.5614608247323716,0.661709719907559
11301658000150,335282.765,50,33,0.24108574706631106,0.0392,0.4597493402322663,0.7058407341635946,4.147901782534445,0.21736967666213328,0.009174999999999997,0.20188574706631107,0.2081946766621333,0.9915031028299817,0.9709513100751317
11303923000139,522626.7759999999,168,77,0.049843938678747056,0.02324263038548752,0.14808988661537692,0.336965551875972,20.062619979636356,0.03734188524030952,0.010390559732664987,0.026601308293259535,0.026951325507644536,0.9922561809502094,0.8977899728090015
11306530000189,2080468.22,32,29,0.31256905356413844,0.037109375,0.5444899321749793,0.7128660681968985,3.199293047719461,0.28801794833428623,0.0027204241071428575,0.27545967856413844,0.2852975242271434,0.5239313087889985,0.8099736901614834
11307015000113,154335.89,21,18,0.12186540024744652,0.06122448979591835,0.2332574749787622,0.6187472013152611,8.20577455101702,0.07021042379141397,0.006002400960384141,0.06064091045152817,0.06420802283102983,0.5979379558502209,0.4405311869602833
11307776000175,462967.64,8,8,0.5138849321953571,0.125,0.6479718539291428,0.9813872952329887,1.9459609288949586,0.44443992250897957,0.0,0.38888493219535714,0.44443992250897957,0.889952616284649,0.9248243864529285
11308894000106,12274.6,1,1,1.0,1.0,1.0,1.0,1.0,,,0.0,,0.4095272879056663,0.35448189502243554
11310394000109,417822.02139999997,229,103,0.03401147968759024,0.017333765565111275,0.08634059037655119,0.25516687139362926,29.40183753207508,0.02454100399825289,0.0076997828745731505,0.016677714122478964,0.016841221123679737,0.99543878935552,0.9077245271886331
11312086000104,13144.0,1,1,1.0,1.0,1.0,1.0,1.0,,,0.0,,0.4095272879056663,0.36324741730147136
11312860000187,4955440.96,11,10,0.19155685688017732,0.10743801652892562,0.2823159374297136,0.7979794314813106,5.220382168963653,0.10172984097797479,0.008264462809917352,0.0841188403512517,0.09346537816805743,0.5714588805770148,0.9395963775992894
11313552000176,50400.0,1,1,1.0,1.0,1.0,1.0,1.0,,,0.0,,0.4095272879056663,0.6089950954815819
11315213000129,6136048.09,113,61,0.3017381830454322,0.02388597384290077,0.529200546079814,0.7409655096102742,3.314131443051182,0.2901004860961894,0.00761740674028245,0.27785220920253145,0.28248307935590694,0.5388483213349552,0.9174326578320557
11318061000118,365026.0,7,7,0.8045664355876574,0.14285714285714285,0.8955252502561462,0.9749716458553637,1.2429054404557622,0.771994174852267,0.0,0.6617092927305146,0.771994174852267,0.41733879592722967,0.8255201517098745
11319184000173,60000.0,2,2,0.5,0.5,0.5,1.0,2.0,0.0,0.0,0.0,0.0,0.4095272879056663,0.5061045601586142
11320964000133,618581.2899999999,48,38,0.08953725882096113,0.032986111111111105,0.16893495113633325,0.5319905488897021,11.1685349000867,0.06493015770801414,0.006850600600600595,0.05655114770985002,0.05807955710741354,0.7908832353907332,0.7037919096722185
11323077000119,709084.64,9,9,0.2380196538450598,0.1111111111111111,0.4183421601122258,0.8160379838435085,4.201333729570734,0.14277211057569228,0.0,0.1269085427339487,0.14277211057569228,0.6172635875123509,0.8188275848191968
11323261000169,67044247.0,13,13,0.7807915695632418,0.07692307692307694,0.8804211505276508,0.9779601623387612,1.2807515334206012,0.7625242003601785,1.5034270125132327e-17,0.7038684926401648,0.7625242003601785,0.4138689511152339,0.995011776600514
11323964000197,595063.1786,419,104,0.10042422605812,0.02864531416430756,0.26186646326632584,0.48584163900071636,9.957756601691461,0.09169048068004348,0.0192146861464853,0.07177891189381244,0.07247579453355818,0.7608302076542328,0.8524690600934838
11323985000102,1562192.7055000002,428,136,0.06676066009939557,0.02007817276618045,0.20618711050561875,0.4017920310280184,14.978881252988893,0.05984777610013183,0.012819492564448453,0.046682487333215124,0.04702828353568338,0.9651247868055757,0.897926237864972
11324516000108,845748.32,33,28,0.22063316969315225,0.03948576675849402,0.3502318514803553,0.8018874929600807,4.532410069577298,0.19176773153363935,0.003911165527327137,0.18114740293465822,0.1878565660063122,0.6645859857361094,0.7920526886156866
11329956000158,375642.0487,260,92,0.0605230954006888,0.02875739644970414,0.16482538420358692,0.3999400187490246,16.52261823985657,0.05019917337212494,0.018084400806294296,0.03176569895098466,0.032114772565830646,0.9961868508756591,0.9358474409351537
11331930000144,1270560.0,6,6,0.22189749706313,0.16666666666666669,0.28333962976955046,0.8802417831507368,4.506585307338997,0.06627699647575601,3.3306690738754695e-17,0.055230830396463315,0.06627699647575598,0.4095272879056663,0.8449884158845861
11333647000151,352272.38039999997,222,86,0.378962469043186,0.024997970943916897,0.6114529891767807,0.6941289627144438,2.638783736354751,0.3716561451495764,0.013527358837374744,0.3539644980992691,0.35812878631220163,0.9831406026864739,0.940595145714928
11334651000134,2714.8,1,1,1.0,1.0,1.0,1.0,1.0,,,0.0,,0.864499634769905,0.1964937910883857
11335530000107,315248.27,21,20,0.11312357175506396,0.052154195011337855,0.1856314707135427,0.6166378010575602,8.83989061241107,0.06644586500533049,0.0022675736961451074,0.06096937674372611,0.06417829130918538,0.6645512500427901,0.6557983620718016
11335591000174,104560.0,3,3,0.38770635896757444,0.3333333333333333,0.5164498852333589,1.0,2.579271597873468,0.08155953845136167,0.0,0.05437302563424112,0.08155953845136167,0.5573568534754664,0.596468369892138
11336672000199,15109900.0,6,5,0.9354452299610073,0.22222222222222227,0.9666179127591844,0.9999602909350824,1.0690096736520678,0.919306537451259,0.027777777777777818,0.7132230077387851,0.8915287596734812,0.9246125640134722,0.9981496780356102
11337362000199,280800.0,5,5,0.23623895098254072,0.20000000000000004,0.3418803418803419,0.8931623931623932,4.233002203239148,0.045298688728175884,3.469446951953614e-17,0.03623895098254068,0.04529868872817585,0.510632253875497,0.6646498741093335
11342435000130,44812.9038,45,24,0.08457038354028176,0.05382716049382716,0.14653544946132235,0.4848278588900548,11.824470436789369,0.0447690958681201,0.012689210950080515,0.030743223046454604,0.032079884918039585,0.9962992611150497,0.9263797262038911
11344805000179,35278.05,4,4,0.36034674409991824,0.25,0.42547703175203844,0.9999999999999999,2.7751048576776274,0.1471289921332243,0.0,0.11034674409991824,0.1471289921332243,0.6933251673095837,0.40611317174452266
11344960000195,443310.407,208,93,0.04662084481868057,0.02107988165680474,0.09228822367799726,0.3262523498574217,21.44963275310079,0.03625802791453579,0.010439445587856965,0.02554096316187583,0.02581858232667883,0.9460562197851534,0.8663766139597667
11347518000112,1155422.367,49,32,0.2270462075536171,0.04206580591420241,0.4176654475306691,0.7663677329521525,4.404389797014554,0.20211221424889506,0.011164702879176685,0.18498040163941468,0.19094751136971838,0.6158565072299906,0.8233861000624307
11348410000144,108000.0,2,2,0.5061728395061729,0.5,0.5555555555555556,1.0,1.975609756097561,0.012345679012345734,0.0,0.006172839506172867,0.012345679012345734,0.6520632601713683,0.7349762890303431
11352368000135,1515540.02,21,18,0.13906320134074454,0.07482993197278909,0.21774416752122455,0.6612890367619589,7.190974969357383,0.08841986024314129,0.020408163265306097,0.06423326936795545,0.06801169697783518,0.4921517434902737,0.7892781524893597
11354232000164,2090328.04,23,22,0.1900500658568313,0.04725897920604913,0.3760401453544105,0.6586922883166223,5.2617713942457724,0.15148102137382327,0.001890359168241943,0.14279108665078216,0.14959066220558132,0.7186982598985,0.8439467556633735
11355483000163,1307675.8357,329,122,0.047040346578222515,0.018689775593351873,0.09978390395976941,0.34687047157768325,21.258346775509374,0.0391646469631665,0.010579773738751476,0.028350570984870642,0.028584873224415025,0.9926435511082081,0.9241360938818677
11355924000127,982997.01,34,29,0.3548034845913399,0.03806228373702422,0.5237045431094445,0.9742803286858421,2.818461608830569,0.33176075189817344,0.0037073652990608015,0.3167412008543157,0.32805338659911265,0.566939093802058,0.877457608563149
11356210000133,650600.0,1,1,1.0,1.0,1.0,1.0,1.0,,,0.0,,0.4095272879056663,0.9298758217677137
11356696000100,7832553.65,5,1,1.0,1.0,1.0,1.0,1.0,,,0.0,,0.9612856099342586,0.9987477825315663
11359214000175,528392.401,270,99,0.04055900150293347,0.024142661179698214,0.09435711018107545,0.3138431773170031,24.655439309265887,0.030768787232555234,0.014184933232552276,0.016416340323235256,0.016583854000002958,0.9935653258312385,0.9256278557971793
11359904000124,381184.5,7,7,0.1585777147091278,0.14285714285714285,0.2518465467509828,0.669707189038379,6.306056319667972,0.0183406671606491,0.0,0.015720571851984944,0.0183406671606491,0.5996423249893611,0.6785549986056955
11360515000119,2504071.79,34,30,0.14580159093471334,0.03806228373702422,0.30765800049207054,0.6312153215064173,6.8586357226223775,0.11634647338073795,0.004892017658990575,0.10773930719768912,0.11145445572174738,0.5394200658304235,0.837839912591597
11364954000108,50746.575999999994,77,46,0.05221230043075606,0.041322314049586764,0.09805934492999092,0.338127403906029,19.152575001482646,0.031150351551439526,0.020018365472910915,0.010889986381169295,0.01113198607852861,0.9972900155981708,0.9299522573523189
11366503000100,332008.0,3,3,0.4244011594015785,0.3333333333333333,0.579371581407677,1.0,2.3562612350306424,0.13660173910236778,0.0,0.0910678260682452,0.13660173910236778,0.4095272879056663,0.7562796784261328
11370658000101,592600.0,2,2,0.5710580111167443,0.5,0.6884913938575767,1.0,1.7511355773547934,0.14211602223348851,0.0,0.07105801111674426,0.14211602223348851,0.5883611183024671,0.9186442171455534
11375809000114,197400.0524,143,72,0.0888787404583868,0.022739498263973784,0.2553190811615002,0.4500729149755788,11.251284557393136,0.07604604666202605,0.008975265845156514,0.06613924219441301,0.06707078081686954,0.950316536910818,0.8357060780906567
11380216000146,642675.0,2,2,0.6772749508489333,0.5,0.7977204652429299,1.0,1.476505219551595,0.3545499016978666,0.0,0.1772749508489333,0.3545499016978666,0.9361610089501009,0.9518348232916459
11381097000146,259200.0,3,3,0.3333333333333333,0.3333333333333333,0.3333333333333333,1.0,3.0,0.0,0.0,0.0,0.0,0.4095272879056663,0.7013461337785662
11381861000183,248000.0,3,3,0.675468262226847,0.3333333333333333,0.8064516129032258,0.9999999999999999,1.4804544579241288,0.5132023933402704,0.0,0.34213492889351366,0.5132023933402704,0.968083181574899,0.9520715447045002
11382690000107,530068.0,5,5,0.2515158930417232,0.20000000000000004,0.34335217368337645,0.9308767931661598,3.975891892581567,0.06439486630215402,3.469446951953614e-17,0.05151589304172319,0.06439486630215399,0.6603814011097197,0.8262162282564356
11386903000179,24952.22,20,15,0.2150240652305449,0.07500000000000002,0.40023773435790483,0.7532391907413449,4.650642238243511,0.15895435560415527,0.008928571428571456,0.1400240652305449,0.15002578417558382,0.6107556989360725,0.3016398686343084
11389851000194,2809786.4,8,8,0.5828353978432166,0.125,0.7538295437688787,0.9403869276326485,1.7157502850727697,0.5232404546779618,0.0,0.4578353978432166,0.5232404546779618,0.7949380597391175,0.9346021072446967
11391279000106,306.0,1,1,1.0,1.0,1.0,1.0,1.0,,,0.0,,0.864499634769905,0.15767504956694145
11391482000174,106408.6634,179,58,0.03946415725395412,0.035548203863799505,0.08712504888018356,0.2869903260151278,25.339448998364325,0.0226126512408656,0.018627996914041604,0.003915953390154617,0.003984654326823996,0.9928537075422804,0.8720627560084198
11395609000123,2223797.3,11,10,0.15109180990774618,0.10743801652892562,0.2050546603325762,0.6960760092657727,6.618492429275824,0.05676867767527352,0.008264462809917352,0.043653793378820555,0.048504214865356166,0.5266060750617152,0.8781453425225748
11395801000110,806642.5142,385,124,0.06300620019300517,0.019989880249620506,0.17597634330094922,0.41021187933315106,15.871453871789242,0.05538836442221659,0.01202231830043043,0.04301631994338466,0.04336604612178616,0.9889495489201616,0.9274090971921368
11396412000109,234277.69,5,5,0.41131252981364236,0.20000000000000004,0.6042474210839283,0.9735356789628582,2.4312412764402787,0.2641406622670529,3.469446951953614e-17,0.21131252981364232,0.26414066226705285,0.8176801908161823,0.8197752176653662
11399310000147,1013850.03,3,2,0.5284521348789393,0.5555555555555556,0.6192730792738647,1.0,1.8923189708166956,0.056904269757878545,0.11111111111111116,-0.027103420676616308,-0.054206841353232615,0.9146463434745402,0.9657918314352074
11400251000180,160633.6,8,7,0.27226213238456526,0.15625,0.4078847762859078,0.9128445107374796,3.672930903911082,0.1509724877819928,0.015625000000000007,0.11601213238456526,0.1353474877819928,0.4371582851276575,0.5715704564749845
11402080000128,84500.0,1,1,1.0,1.0,1.0,1.0,1.0,,,0.0,,0.9612856099342586,0.8986225607847229
11406549000105,9750.0,1,1,1.0,1.0,1.0,1.0,1.0,,,0.0,,0.9612856099342586,0.8255243660649066
11407443000118,2333817.7132,387,110,0.3953510403471448,0.024350833617103676,0.5998755010220564,0.8268477778215537,2.529397669276228,0.38980380218519195,0.015399923833774351,0.37100020673004114,0.3744038783514176,0.6378323700933005,0.9495549121353448
11408074000188,244059.022,108,64,0.06035443037135296,0.027091906721536347,0.11827800408050475,0.39868363481354935,16.56879194861305,0.04543942132962841,0.011648921113941686,0.03326252364981662,0.03379050021568672,0.9957836907803315,0.9171249097460958
11408812000197,32632.56,1,1,1.0,1.0,1.0,1.0,1.0,,,0.0,,0.864499634769905,0.7884795992904101
11409678000149,1115920.0,5,3,0.4123076731890613,0.3600000000000001,0.4480607928883791,1.0,2.4253732467924647,0.11846150978359198,0.04000000000000017,0.05230767318906121,0.07846150978359182,0.4095272879056663,0.8936864130058255
11414598000181,3149794.87,5,4,0.4905405223155894,0.28,0.5759015887913996,0.9999999999999999,2.0385675688514264,0.3207206964207859,0.040000000000000036,0.2105405223155894,0.28072069642078584,0.71818121256732,0.967305198813103
11415051000109,689505.6,1,1,1.0,1.0,1.0,1.0,1.0,,,0.0,,0.4095272879056663,0.9320672023374726
11416993000101,117940.0,1,1,1.0,1.0,1.0,1.0,1.0,,,0.0,,0.9852864447459042,0.9623291244912866
11417287000176,330648.0,2,2,0.7240810365634431,0.5,0.8347245409015025,1.0,1.3810608889111284,0.4481620731268863,0.0,0.22408103656344314,0.4481620731268863,0.4095272879056663,0.8192686792154373
11417922000115,89000.0,2,2,0.903989395278374,0.5,0.949438202247191,1.0,1.106207667062356,0.8079787905567479,0.0,0.40398939527837396,0.8079787905567479,0.9545898225673507,0.930773654657651
11418721000132,4082746.758,84,37,0.17765806935845993,0.05470521541950114,0.3015278862417261,0.7689406632553134,5.62879020137444,0.15481523795175048,0.02844702695893172,0.1229528539389588,0.12636821099281875,0.6904349181423415,0.9285362456471717
11420595000150,208793.53,21,19,0.483974290992954,0.05668934240362811,0.6470507012358093,0.9389179827555001,2.0662254557950446,0.4553061960481181,0.004283194759385226,0.4272849485893259,0.4510230012887329,0.8238481245048074,0.8442563701425616
11420709000162,184001.2,2,2,0.7621050424963316,0.5,0.8620117694884598,1.0,1.3121550760567413,0.5242100849926632,0.0,0.2621050424963316,0.5242100849926632,0.9164470204403198,0.8408718851712438
11420840000120,347615.0,3,3,0.6155576637894231,0.3333333333333333,0.7608992707449334,1.0,1.6245431725176136,0.4233364956841347,0.0,0.2822243304560898,0.4233364956841347,0.43852655114143146,0.8096202153813264
11420915000172,1457295.5100000002,22,22,0.08080351313769003,0.045454545454545456,0.13486320286542294,0.42833834024507494,12.375699535439622,0.037032251858532414,0.0,0.03534896768314458,0.037032251858532414,0.506549441712352,0.7472470434986459
11420927000105,716904.05,7,7,0.2145869451808074,0.14285714285714285,0.34780107602963045,0.8472800509356866,4.660115736106018,0.08368476937760863,0.0,0.07172980232366455,0.08368476937760863,0.7458787037674027,0.8102494725675369
11421459000185,2150100.0,17,16,0.08160269984273458,0.06574394463667821,0.13673782614762103,0.45295567648016366,12.254496504738306,0.020376213165583548,0.003460207612456756,0.01585875520605637,0.016916005553126792,0.4095272879056663,0.7837928983381677
11422955000153,588859.833,70,37,0.07957741997302027,0.03510204081632654,0.17831068467527825,0.4606943482932381,12.56637875843471,0.05401012608338194,0.008299319727891167,0.04447537915669373,0.04571080635549077,0.884746564756032,0.8562370591674023
11423181000185,2035269.1400000001,6,2,0.5467190482185871,0.5555555555555556,0.6528382285597865,1.0,1.8290930291497434,0.09343809643717416,0.11111111111111116,-0.008836507336968502,-0.017673014673937004,0.6047899350999427,0.9724450699009143
11423342000130,221965.94000000003,74,33,0.49407204891024264,0.04784514243973704,0.6986882762283257,0.7884069781156513,2.0239963021702296,0.4782618004386877,0.01809030314097882,0.4462269064705056,0.4601714972977089,0.5846266901222807,0.8178373669686793
11427286000102,9689.74,7,6,0.3246757735107153,0.18367346938775508,0.46961012369784944,0.9760220604474423,3.0799957421738364,0.18961092821285835,0.02040816326530611,0.14100230412296022,0.16920276494755224,0.8280037078417521,0.3184438004757564
11427667000191,1249.5,1,1,1.0,1.0,1.0,1.0,1.0,,,0.0,,0.4095272879056663,0.09120317228425337
11427876000135,9550.0,1,1,1.0,1.0,1.0,1.0,1.0,,,0.0,,0.9612856099342586,0.8255243660649066
11429173000146,383390.0,3,3,0.34331953046627844,0.3333333333333333,0.4102871749393568,1.0,2.9127384586651766,0.014979295699417692,0.0,0.00998619713294513,0.014979295699417692,0.4095272879056663,0.7625421044541931
11429253000100,15115.0,2,2,0.9848991013761625,0.5,0.9923916639100232,1.0,1.015332432127045,0.9697982027523251,0.0,0.48489910137616254,0.9697982027523251,0.4095272879056663,0.3810176969782159
11429759000100,205540.36799999996,45,34,0.4405514293956276,0.03802469135802469,0.6572918075149111,0.7738583887326698,2.2698825455449194,0.4235984424076163,0.008873924429479986,0.40252673803760286,0.4147245179781363,0.9642119116568659,0.9061031184054575
11430652000182,152741.9,5,4,0.7290544991698901,0.28,0.8387646087943126,1.0,1.3716395703457172,0.6387393322265201,0.040000000000000036,0.44905449916989004,0.5987393322265201,0.7919539993786228,0.8529879089852873
11430842000108,630000.0,2,2,0.5364071554547745,0.5,0.6349206349206349,1.0,1.8642555190230157,0.07281431090954893,0.0,0.036407155454774465,0.07281431090954893,0.776877539425802,0.9371166533328696
11431387000157,4800.0,1,1,1.0,1.0,1.0,1.0,1.0,,,0.0,,0.9719816341437963,0.7518000626108734
11431615000199,7245030.2756,112,61,0.4063352844477015,0.028858418367346938,0.5747408059871987,0.9695916942760112,2.4610218168949287,0.39644087252182986,0.012672725340136052,0.3774768660803546,0.38376814718169383,0.48576817839691677,0.9682434402122292
11431661000198,97677.9492,1,1,1.0,1.0,1.0,1.0,1.0,,,0.0,,0.9612856099342586,0.9987477825315663
11433441000101,677639.3037999999,140,68,0.19904075039762284,0.031224489795918367,0.3463494497498479,0.7447915095387654,5.024096814357383,0.1870861347319157,0.016765153822723117,0.16781626060170446,0.1703209809091926,0.79600614262941,0.8370760631601275
11436906000170,9922576.100000001,354,120,0.2566112271586257,0.01986976922340324,0.46258148627350915,0.7599600974589653,3.8969456288903688,0.2503642626809671,0.011633380729482258,0.23674145793522247,0.23873088195148487,0.8063939264226897,0.9639997106758512
11436910000138,474439.562,163,83,0.05796487196150211,0.024728066543716367,0.14420379428644697,0.40145742525578004,17.251827980645917,0.046476638692739936,0.012834506379615347,0.033236805417785745,0.03364213231312459,0.9964510873762948,0.9330901250870888
11443806000170,220652.21,6,6,0.36052424942435146,0.16666666666666669,0.5612452284071844,0.90128687131663,2.7737385254853133,0.23262909930922177,3.3306690738754695e-17,0.19385758275768478,0.23262909930922174,0.45305981052751165,0.6552783898882468
11444466000100,11985.410000000002,13,11,0.2639595597289217,0.10059171597633138,0.43513905656961255,0.8507643877013804,3.788459114824138,0.1903555157018139,0.01065088757396451,0.16336784375259034,0.17970462812784938,0.9930501445199372,0.8025120471173293
11448444000100,124410.25,7,6,0.34053005167103,0.18367346938775508,0.40189614601690776,0.9891906012567293,2.936598385642782,0.20863606200523602,0.02040816326530611,0.15685658228327493,0.1882278987399299,0.5105699058606171,0.621982562776363
11455792000105,228338.39039999997,247,91,0.03955067833031975,0.02765165795210543,0.09833709504855999,0.3084980317002357,25.28401641175886,0.028879019200656632,0.0168477874849066,0.01189902037821432,0.012031231715750032,0.9944791283683755,0.8979911668822889
11456420000101,203790.42,3,3,0.9001403631031916,0.3333333333333333,0.9480327878022922,1.0,1.1109378503509686,0.8502105446547872,0.0,0.5668070297698582,0.8502105446547872,0.9646007805364469,0.9547148294010244
11456532000154,1882.7100000000003,11,7,0.19994026025431397,0.17355371900826444,0.33475150182449764,0.8020566098868119,5.001493939880094,0.06659697029669963,0.03581267217630852,0.026386541246049527,0.03078429812039111,0.9952919826931942,0.737732375807422
11460159000105,415065.0,3,3,0.42818645815935275,0.3333333333333333,0.46330092877019263,1.0,2.335431167764401,0.14227968723902912,0.0,0.09485312482601943,0.14227968723902912,0.4095272879056663,0.792574963701531
11460487000101,18540.18,11,8,0.19964645408696288,0.14049586776859505,0.2887242734428684,0.8455635274306937,5.008854299833523,0.0853102332422433,0.017709563164108624,0.05915058631836784,0.06760067007813467,0.9863889757257363,0.7603440818263976
11463194000188,1519747.13,12,10,0.27343322591022745,0.125,0.36338284777678775,0.9097281072016239,3.657200022678722,0.19270358434469714,0.02777777777777777,0.14843322591022745,0.16492580656691938,0.6607497440961371,0.9072384437052006
11470270000182,537658.38,105,45,0.04294960911826762,0.0452607709750567,0.09485577068472363,0.29999671910628456,23.283098974110878,0.021198463870955517,0.023562152133580715,-0.002311161856789083,-0.0023636882626251986,0.606342095256045,0.5717238461199851
11478938000138,105500.0,2,2,0.6811392376631253,0.5,0.8009478672985783,1.0,1.4681286067600987,0.3622784753262507,0.0,0.18113923766312534,0.3622784753262507,0.8693430754401679,0.8641017639352467
11479852000120,291231.7,5,5,0.4155140042972485,0.20000000000000004,0.5630911744840963,0.9820016158955223,2.406657753187603,0.26939250537156056,3.469446951953614e-17,0.21551400429724846,0.2693925053715605,0.4095272879056662,0.7115506322674138
11481782000144,158510.14,132,81,0.10914682775810916,0.018135904499540865,0.29495204533918146,0.5002168946415668,9.161970352598765,0.09801116310508554,0.0058626033057851265,0.0910109232585683,0.09214855979930041,0.9743660864115051,0.749910336224192
11483837000155,1458626.37,15,13,0.45564136316735504,0.08444444444444445,0.6658662012260206,0.8102735178166292,2.1947085599265588,0.41027814343130126,0.008148148148148146,0.3711969187229106,0.40212999528315313,0.45709910310730867,0.8496771983419605
11485410000196,2478148.3716,216,104,0.37662134191083607,0.01916152263374486,0.5810790090305503,0.832570059825711,2.6551867584730418,0.37056912192938785,0.009638818969994809,0.3574598192770912,0.36093030295939305,0.6292096166195538,0.9487308479135791
11487685000169,130188.25,2,2,0.5411938084761316,0.5,0.6435162159411467,1.0,1.8477668893067227,0.08238761695226327,0.0,0.04119380847613163,0.08238761695226327,0.4095272879056663,0.6581685467504188
11491075000139,1110044.2428,235,86,0.10739790309201093,0.030692621095518333,0.21620759853194568,0.5480651804160684,9.311168758511707,0.09689670195191694,0.019289004873112667,0.0767052819964926,0.07760769707880427,0.7112703193727419,0.8711644475330095
11497013000134,215199.84,1,1,1.0,1.0,1.0,1.0,1.0,,,0.0,,0.9454763643952833,0.9476155692371908
11500340000106,99000.0,2,1,1.0,1.0,1.0,1.0,1.0,,,0.0,,0.4095272879056663,0.720703328811437
11503081000169,2865496.51,8,8,0.22518690185402718,0.125,0.39783681327882686,0.7960482806520676,4.440755620183583,0.1144993164046025,0.0,0.10018690185402718,0.1144993164046025,0.5089779864901662,0.9146736795552108
11505079000129,10857.67,6,6,0.32879815795157885,0.16666666666666669,0.4144535613994531,0.9628216735266406,3.041379569247061,0.19455778954189462,3.3306690738754695e-17,0.16213149128491217,0.1945577895418946,0.41870827274136263,0.1793343068607716
11508942000100,24963363.35,113,58,0.034207424060676735,0.028898112616493072,0.07478955434905368,0.25967437236377044,29.233420155408705,0.017263694658232468,0.011861237399238566,0.005309311444183663,0.005402457258993902,0.4095272879056662,0.9112675485180324
11513839000140,312208.0,3,3,0.5240813857959166,0.3333333333333333,0.6321362681289396,1.0,1.9081005872424015,0.28612207869387485,0.0,0.19074805246258325,0.28612207869387485,0.6971318093542916,0.8885758433604913
11520158000109,143016.999,70,32,0.09850807216322108,0.05183673469387755,0.1887887467139483,0.5377297142139026,10.151452343347751,0.06942768739429273,0.02125082290980908,0.04667133746934353,0.04817686448448365,0.8849464316219351,0.8336970173438876
11520287000105,4195692.0,24,23,0.0856003457784341,0.045138888888888895,0.1544441298360318,0.49708129195374684,11.682195800801741,0.04403672513199929,0.0017361111111111188,0.04046145688954521,0.04230061402088817,0.41307541726732316,0.8422625369167525
11534361000134,229250.0,3,2,0.5016702561217948,0.5555555555555556,0.5288985823336968,1.0,1.9933412192514386,0.003340512243589666,0.11111111111111116,-0.05388529943376075,-0.1077705988675215,0.6620136576368707,0.7949430169360022
11552935000105,150848.52,1,1,1.0,1.0,1.0,1.0,1.0,,,0.0,,0.975686110821246,0.9724512156944589
11553540000119,459527.99,155,81,0.1867850294152997,0.023766909469302808,0.3282684042815324,0.7038144074749396,5.353748119591479,0.17661984228299096,0.011563995837669094,0.1630181199459969,0.16505584644532187,0.788511763325607,0.8306321902570405
11582140000131,320600.0,3,3,0.3578789613517076,0.3333333333333333,0.44603867747972553,1.0,2.7942408132151817,0.036818442027561425,0.0,0.024545628018374288,0.036818442027561425,0.9346990983786856,0.8902166702068912
11583495000145,288000.0,1,1,1.0,1.0,1.0,1.0,1.0,,,0.0,,0.864499634769905,0.8798914744860691
11585795000163,401852.4,1,1,1.0,1.0,1.0,1.0,1.0,,,0.0,,0.4095272879056663,0.8950224355629761
11588933000168,37485.0,2,2,0.789335502108006,0.5,0.8803521408563425,1.0,1.2668884109854324,0.5786710042160119,0.0,0.28933550210800596,0.5786710042160119,0.46396375517753796,0.5179010349835437
11598317000198,320997.85,9,6,0.44333841058652873,0.20987654320987653,0.6241163297511183,0.9792833503401971,2.255613265444377,0.33200609270383447,0.05185185185185184,0.2334618673766522,0.2801542408519826,0.9108972184047668,0.9435987754341036
11599943000107,2756.4,1,1,1.0,1.0,1.0,1.0,1.0,,,0.0,,0.864499634769905,0.2527392257121987
11603089000105,19900.0,1,1,1.0,1.0,1.0,1.0,1.0,,,0.0,,0.4095272879056663,0.42940624021705104
11607006000148,659604.11,2,2,0.5133064135798021,0.5,0.5815671918721065,1.0,1.9481541113542569,0.026612827159604224,0.0,0.013306413579802112,0.026612827159604224,0.7528965012639444,0.9292901526108781
11607258000177,444715.7,13,10,0.1790391680816294,0.12426035502958582,0.28332707840087495,0.7632330048163354,5.585370009896771,0.0878212978684771,0.02695595003287313,0.05477881305204357,0.060865347835603975,0.7082194295092423,0.7202276088570337
11623979000170,156000.0,1,1,1.0,1.0,1.0,1.0,1.0,,,0.0,,0.9811123865177919,0.9676510487321298
11627479000107,4137415.0999999996,12,10,0.6637161443934778,0.125,0.8092102723751359,0.94190181690979,1.5066681870663665,0.6263512715483087,0.02777777777777777,0.5387161443934778,0.5985734937705309,0.42303994301721,0.9411938670934293
11634081000106,169000.0,1,1,1.0,1.0,1.0,1.0,1.0,,,0.0,,0.9836168214546593,0.9690076176562663
11639262000117,62000.0,1,1,1.0,1.0,1.0,1.0,1.0,,,0.0,,0.9247626004382761,0.7648961703015758
11639339000159,51894.68,25,22,0.09904902204470298,0.049599999999999984,0.2122298470671753,0.5260423611823023,10.096010837428341,0.05614659452302216,0.004342857142857125,0.049449022044702994,0.051803737380165034,0.6040037653266497,0.3598163935957141
11642164000139,2374068.05,4,4,0.877972581963005,0.25,0.9354196902654076,1.0000000000000002,1.1389877321273079,0.8372967759506733,0.0,0.627972581963005,0.8372967759506733,0.43732455598798353,0.9610181483839841
11643598000153,20254.6,25,16,0.562863876976119,0.08480000000000001,0.7393875959041404,0.9078406880412352,1.776628490306241,0.5337214687745269,0.02378666666666668,0.47806387697611896,0.5099348021078601,0.9941912999122962,0.8686966928118689
11647750000176,48000.0,1,1,1.0,1.0,1.0,1.0,1.0,,,0.0,,0.4095272879056663,0.5980381926327872
11682696000108,919192.0,4,4,0.7636844017908522,0.25,0.8703295938171786,0.9999999999999999,1.3094414363511733,0.6849125357211362,0.0,0.5136844017908522,0.6849125357211362,0.9081796083452709,0.9463674416276149
11685817000167,250000.0,1,1,1.0,1.0,1.0,1.0,1.0,,,0.0,,0.98810393404988,0.99405196702494
11688879000122,2784264.79,119,115,0.026185164822187395,0.008968293199632797,0.06895895846170579,0.22586932186144554,38.189562937280925,0.01764292942589079,0.0002750326136646634,0.0172168716225546,0.017367896812226127,0.4244667002173709,0.5796085251432294
11692044000146,1290486.37,34,16,0.22439706882768992,0.13494809688581313,0.4078120096688817,0.7749727414788581,4.456386196238063,0.17269020674953592,0.07727797001153401,0.08944897194187679,0.09541223673800191,0.49461402225080053,0.8243418983313148
11692396000100,6000.0,1,1,1.0,1.0,1.0,1.0,1.0,,,0.0,,0.9612856099342586,0.6686841281435876
11694100000181,205808.01,8,4,0.597879159873632,0.28125,0.7288346065830965,0.9999999999999999,1.6725787870100044,0.4638388798315094,0.041666666666666664,0.31662915987363205,0.4221722131648427,0.8659443715457669,0.7514467867876616
11696615000110,6897.35,2,2,0.6550862282193435,0.5,0.7784656426018688,1.0,1.5265165972397279,0.31017245643868696,0.0,0.15508622821934348,0.31017245643868696,0.4095272879056663,0.20605386845495904
11701924000131,5313582.890000001,5,5,0.7694193806116153,0.20000000000000004,0.8725537920421902,0.9962450948045717,1.299681324903845,0.711774225764519,3.469446951953614e-17,0.5694193806116152,0.711774225764519,0.8065151344363924,0.9690935746397107
11701954000148,387850.4,11,10,0.19475030844819163,0.10743801652892562,0.24751811523205852,0.8650242464620378,5.134780057439675,0.1052781204979907,0.008264462809917352,0.08731229191926601,0.09701365768807334,0.6314353330536945,0.7418487355751269
11712986000149,2905.29,10,10,0.17498990938941625,0.10000000000000003,0.3166637409690599,0.6770201941974812,5.714615222610556,0.08332212154379583,3.0839528461809905e-17,0.07498990938941621,0.0833221215437958,0.9916373756495593,0.7418310145703132
11715955000141,1011449.4,3,3,0.49078791032056784,0.3333333333333333,0.49532848603202495,1.0,2.037540002456112,0.23618186548085177,0.0,0.15745457698723453,0.23618186548085177,0.6391388710112043,0.9120313019389928
11718406000120,47735576.42,6,6,0.9458724696336158,0.16666666666666669,0.9723539548702909,0.9994930405828334,1.0572249770493378,0.935046963560339,3.3306690738754695e-17,0.7792058029669491,0.935046963560339,0.40975363853081365,0.9967984343965249
11722278000199,1879593.6099999999,22,22,0.08518857896091303,0.045454545454545456,0.1546589211909483,0.4442959560816979,11.738662766740466,0.041626130340004126,0.0,0.039734033506367575,0.041626130340004126,0.41064159391257604,0.7534130077561786
11730430000185,227462.7,3,3,0.7926953868214615,0.3333333333333333,0.8862991602579235,1.0,1.2615186320306286,0.6890430802321922,0.0,0.45936205348812814,0.6890430802321922,0.45322113070419506,0.8098477946977253
11732185000145,223744.0067,109,27,0.08792487415684397,0.05108997559128021,0.16781991416800707,0.505193071614016,11.37334582038934,0.05284506162441489,0.014593436190944832,0.03683489856556376,0.038251625433470056,0.9969409346766522,0.9361026553136517
11738894000138,55872.479999999996,21,19,0.2381213054087295,0.05668934240362811,0.3383821516424544,0.8393801384867827,4.199540222927655,0.19579471126477002,0.004283194759385226,0.1814319630051014,0.19151151650538478,0.9876187580372809,0.8328886467832898
11743299000190,590.0,1,1,1.0,1.0,1.0,1.0,1.0,,,0.0,,0.4095272879056663,0.05081915892726704
11750074000161,4323338.359999999,28,27,0.10695532824212438,0.03826530612244898,0.28792564827148986,0.42592470139209737,9.349697826518845,0.07260745625143686,0.0012755102040816356,0.0686900221196754,0.07133194604735522,0.5462579032215035,0.8259635103972791
11750251000100,17149.65,2,2,0.5468636372717987,0.5,0.6530745525418885,0.9999999999999998,1.8286094226136789,0.0937272745435973,0.0,0.04686363727179865,0.0937272745435973,0.9627862815762953,0.692989628571877
11770182000104,5895.25,1,1,1.0,1.0,1.0,1.0,1.0,,,0.0,,0.4095272879056663,0.2456433267244078
11772824000104,85175.06,3,3,0.4792828213536999,0.3333333333333333,0.5870270006267093,1.0,2.0864507456694814,0.2189242320305498,0.0,0.14594948802036656,0.2189242320305498,0.9293238462156332,0.7403223336274567
11780685000152,565675.0,4,4,0.32833670402254217,0.25,0.42024130463605425,1.0,3.0456540123255436,0.10444893869672289,0.0,0.07833670402254217,0.10444893869672289,0.4095272879056663,0.7939102427412614
11800731000138,2071280.8,2,2,0.8783099346491414,0.5,0.934919495222473,1.0,1.1385502549273454,0.7566198692982828,0.0,0.3783099346491414,0.7566198692982828,0.8348898047761643,0.960290723475361
11803371000128,74940.1,2,2,0.522962921504627,0.5,0.607151578393944,1.0,1.912181454705967,0.04592584300925395,0.0,0.022962921504626976,0.04592584300925395,0.4095272879056663,0.5525585009148765
11809185000104,485845.0,2,2,0.8175824118475823,0.5,0.8984861426998323,1.0,1.2231182881493112,0.6351648236951646,0.0,0.3175824118475823,0.6351648236951646,0.8183136368748062,0.8894077894284557
11810130000106,311429.35,13,10,0.18557998982871862,0.1124260355029586,0.3142995353520791,0.7704880737798158,5.388511988404309,0.09508887758746512,0.013806706114398437,0.07315395432576002,0.08128217147306668,0.7574295941857803,0.6000042579925852
11816419000132,280941.57,3,3,0.5157895475748373,0.3333333333333333,0.6141347113565286,1.0,1.9387752324603036,0.27368432136225596,0.0,0.182456214241504,0.27368432136225596,0.4095272879056663,0.7663644154931148
11822633000100,1450949.9,9,7,0.401734323373634,0.16049382716049382,0.518501927599292,0.9938012745994882,2.489207274106742,0.30202337726923967,0.020576131687242795,0.2412404962131402,0.28144724558199685,0.6071622073874943,0.9279407666159888
11839890000146,640578.8,11,10,0.26350614414067763,0.10743801652892562,0.3958448203406044,0.7992143979788278,3.7949779245607704,0.18167349348964182,0.008264462809917352,0.156068127611752,0.17340903067972446,0.46866657747235696,0.745770595176299
11840546000177,2773740.853,483,113,0.05757381269623642,0.02594635837952069,0.1616949901844345,0.3873940760679995,17.369007768793637,0.04915929316673853,0.017249450865052123,0.03162745431671573,0.031909842301686406,0.8434869053768359,0.9073939538228247
11850969000178,3170533.2199999997,34,31,0.16389124208882896,0.03460207612456747,0.27087003049916003,0.7753796284146803,6.101607305276267,0.13602095015845658,0.00242214532871972,0.1292891659642615,0.13359880482973685,0.5959419818929389,0.8815552976053479
11873495000180,77757.956,93,44,0.07017025378312695,0.04220141056769569,0.13967573941887051,0.4447148919398035,14.251052918957216,0.048546306196688045,0.019927024766944426,0.027968843215431263,0.02861928142974362,0.9826473980445906,0.881971190151631
11877880000103,2024908.55,24,24,0.11095390888665087,0.041666666666666664,0.16515017431281032,0.6231530801724354,9.012751421147204,0.07229973101215742,0.0,0.0692872422199842,0.07229973101215742,0.6905568339088867,0.8358554147827686
11881834000170,5.0,1,1,1.0,1.0,1.0,1.0,1.0,,,0.0,,0.4095272879056663,0.004487112595220703
11888327000168,611252.2731,358,112,0.043354301052197425,0.026856215473924035,0.09305257175001908,0.3144275343554547,23.06576223650859,0.03473587133194695,0.018089154352067493,0.01649808557827339,0.016646716979879458,0.9861376380267899,0.9180895131363704
11892333000199,142840.0,3,2,0.5545026870600558,0.5555555555555556,0.6650798095771493,1.0,1.8034177711598616,0.10900537412011158,0.11111111111111116,-0.0010528684954997924,-0.002105736990999585,0.90355559979104,0.8169226326151104
11892520000172,194959.99,41,29,0.10793164171845701,0.0446162998215348,0.27115307094547964,0.4881594936479018,9.265123591916915,0.07607205749411619,0.010495453386589611,0.06331534189692221,0.06557660410752658,0.590164130407156,0.4900901562564241
11902878000139,30000.0,1,1,1.0,1.0,1.0,1.0,1.0,,,0.0,,0.4095272879056663,0.5061045601586142
11914394000100,85870.39,2,2,0.5314775939355803,0.5,0.6254543620915196,1.0,1.881546863706937,0.0629551878711605,0.0,0.03147759393558025,0.0629551878711605,0.864499634769905,0.7184195712586062
11924138000101,18713064.9,440,191,0.041792440399662456,0.014132231404958676,0.16031580160874664,0.2780937931765523,23.927772353970425,0.03674924271755542,0.00894345367551109,0.02766020899470378,0.02780578904204433,0.4905959139128778,0.8751217608118422
11926843000130,39390.0,2,2,0.5823938829526516,0.5,0.7029702970297029,1.0,1.7170510015148968,0.1647877659053032,0.0,0.0823938829526516,0.1647877659053032,0.4095272879056663,0.44654984125147357
11934211000118,2318632.96,40,30,0.1372040140833759,0.04625000000000001,0.30186503516278834,0.6155408098744529,7.2884164991872735,0.10745242836211301,0.013362068965517256,0.09095401408337589,0.09409035939659575,0.5388661407866073,0.8326947089593286
11958716000112,36000.0,1,1,1.0,1.0,1.0,1.0,1.0,,,0.0,,0.9552332255034958,0.8492121465094438
11960753000165,167642.191,109,34,0.09258990984064341,0.0426731756586146,0.18085685840266785,0.5027015544076252,10.80031292525396,0.06509263438126897,0.013663271890693832,0.04991673418202881,0.05142936249057514,0.9954534084250752,0.9504219395041791
12008540000109,149308.6,5,5,0.3201510590017605,0.20000000000000004,0.4094111122869011,0.941731420695124,3.123525510482541,0.1501888237522006,3.469446951953614e-17,0.12015105900176046,0.15018882375220058,0.6372077185902794,0.6072261075103909
12053489000149,51936819.69,81,77,0.060923087799118425,0.013565005334552653,0.15913689073247914,0.4476362401234276,16.414138483874915,0.04856681263858051,0.000585597510007292,0.04735808246456577,0.047981215128573215,0.44873088767042013,0.9421912651773796
12063587000167,48000.0,1,1,1.0,1.0,1.0,1.0,1.0,,,0.0,,0.4095272879056663,0.5980381926327872
12092636000190,2885393.86,3,2,0.8984884384874521,0.5555555555555556,0.9463678071318832,1.0,1.1129803758893506,0.7969768769749042,0.11111111111111116,0.3429328829318965,0.685865765863793,0.4095272879056663,0.9685896871507311
12094507000130,886122.515,78,37,0.25749866718321157,0.05358316896778436,0.3667664397399946,0.8274458978169626,3.883515246657549,0.23687363016052299,0.027293812550222812,0.2039154982154272,0.20957981761030017,0.932814099396541,0.9536649703767378
12105376000140,489703.03,25,21,0.17878862685638464,0.05599999999999999,0.3302447403684637,0.7404572318043448,5.593196936420732,0.1377280581992039,0.00879999999999999,0.12278862685638464,0.1289280581992039,0.8948454592783669,0.7482917787361416
12115907000185,81682.68999999999,84,41,0.11666970458588223,0.03713151927437642,0.2381165458679189,0.6031329281638497,8.571205383175423,0.09458644720052928,0.013059807256235829,0.0795381853115058,0.08152663994429345,0.9918277580995002,0.7541349663372288
12116187000172,17904312.0,1,1,1.0,1.0,1.0,1.0,1.0,,,0.0,,0.4095272879056663,0.9974955650631326
12139961000160,365299.0441,415,96,0.052096791485317026,0.03202206416025549,0.14181371546600224,0.3505186059697111,19.195040068481767,0.042118862974636156,0.021832822730363445,0.020074727325061534,0.02028604024427271,0.9948829412923933,0.9147516153111366
12151993000181,243018.18,2,2,0.9286804849412946,0.5,0.9629689433111548,1.0,1.076796612198881,0.8573609698825893,0.0,0.4286804849412946,0.8573609698825893,0.40952728790566634,0.8191891952470467
12157728000100,10372004.2,6,6,0.4239458121037229,0.16666666666666669,0.5726025602650644,0.9857578152542593,2.3587920235318642,0.30873497452446746,3.3306690738754695e-17,0.2572791454370562,0.3087349745244674,0.569954193991264,0.9807547407276282
12200692000109,18000.0,1,1,1.0,1.0,1.0,1.0,1.0,,,0.0,,0.4095272879056663,0.41375352186162995
12207403000195,517200.0,3,1,1.0,1.0,1.0,1.0,1.0,,,0.0,,0.4095272879056663,0.9143274548679954
12219015000124,10896654.36,26,20,0.5399011900788923,0.0562130177514793,0.7203786759370057,0.9296673020286568,1.852190768192003,0.5156854632409392,0.006540018685767681,0.48368817232741296,0.5091454445551715,0.4485189734476726,0.969718571465436
12251189000174,743850.25,4,4,0.5762719407023771,0.25,0.7160433165143119,1.0,1.7352918463827525,0.43502925426983613,0.0,0.3262719407023771,0.43502925426983613,0.9028124159745664,0.931886816594276
12259049000142,51683.0,1,1,1.0,1.0,1.0,1.0,1.0,,,0.0,,0.4095272879056663,0.6131691537096943
12273240000149,74871.78,60,37,0.07298068362707102,0.04277777777777779,0.15688153801071647,0.44685581136177077,13.702255861427227,0.04723014706115633,0.01618827160493828,0.030202905849293235,0.03104187545621805,0.9709680368852479,0.8419771210557908
12292556000188,23716812.0,2,2,0.586342491727678,0.5,0.707776913693122,1.0,1.705487857537778,0.1726849834553561,0.0,0.08634249172767805,0.1726849834553561,0.7315462113849538,0.9970611089475974
12298037000127,1865273.85,59,33,0.38812944520037557,0.06750933639758691,0.5937358742256533,0.8956861749817595,2.576460024783073,0.36900849036288724,0.0383690031600115,0.3206201088027887,0.3306394872028757,0.4305104153486264,0.8569186349015306
12306202000145,738000.0,3,3,0.39116193329954974,0.3333333333333333,0.5257452574525745,0.9999999999999999,2.5564859841159575,0.08674289994932462,0.0,0.05782859996621642,0.08674289994932462,0.4095272879056663,0.8512260730454534
12321353000172,4792709.4,13,12,0.16164941268697014,0.08875739644970415,0.25038029637265297,0.695708661159385,6.186227239417652,0.08543572293124016,0.005917159763313625,0.07289201623726599,0.07951856316792653,0.4095272879056662,0.9098019547964166
12334083000134,628400.6280000001,269,85,0.11661965216641536,0.026989676759580437,0.31826830064848377,0.4471881145223808,8.57488409048766,0.10610321945411078,0.015406220530527823,0.08962997540683493,0.09069699892358295,0.9915736765705773,0.933282449028946
12366625000150,427015.0,6,6,0.19123739959569114,0.16666666666666669,0.2664075032493004,0.8064353711227944,5.2291026865779004,0.029484879514829376,3.3306690738754695e-17,0.024570732929024452,0.02948487951482934,0.5921064979068511,0.7153721556174664
12403446000146,18859.170000000002,14,12,0.29223318742590443,0.09183673469387757,0.4936590528639384,0.8321628152246362,3.421924829306218,0.2278907499191685,0.009276437847866446,0.20039645273202686,0.21861431207130205,0.9929266848562215,0.8647416243004448
12406776000195,14400.0,1,1,1.0,1.0,1.0,1.0,1.0,,,0.0,,0.4095272879056663,0.3759261191693624
12415300000110,17820.2,1,1,1.0,1.0,1.0,1.0,1.0,,,0.0,,0.4095272879056663,0.41093603255765415
12434136000199,8820.84,1,1,1.0,1.0,1.0,1.0,1.0,,,0.0,,0.4095272879056663,0.29948867786705624
12448797000173,168798.0,4,4,0.3324332920710547,0.25,0.35545444851242314,1.0,3.008122302582916,0.10991105609473961,0.0,0.08243329207105471,0.10991105609473961,0.4095272879056663,0.6273545396821804
12457020000175,2608243.73,7,7,0.5032568700757274,0.14285714285714285,0.6882024901867587,0.9479510298679026,1.987056828155223,0.42046634842168196,0.0,0.36039972721858454,0.42046634842168196,0.48706704987646066,0.9224089458321404
12462982000112,175991.4,4,4,0.26594672288901444,0.25,0.31706094729628836,1.0,3.7601516165977444,0.02126229718535259,0.0,0.015946722889014442,0.02126229718535259,0.4095272879056663,0.587676180491972
12488175000179,1119390.0048,273,89,0.25158127730465774,0.026070388707751354,0.4892756927000211,0.6291990199839597,3.974858585319243,0.24307651909221067,0.015003006761248529,0.22551088859690638,0.22807351233096215,0.9602117568857984,0.9441156934081973
12489912000158,104071.43000000001,4,4,0.3325346884064502,0.25,0.4366231923593248,1.0,3.0072050672130812,0.11004625120860023,0.0,0.08253468840645017,0.11004625120860023,0.7860860128890703,0.7929587078870101
12514782000166,32760.0,1,1,1.0,1.0,1.0,1.0,1.0,,,0.0,,0.4095272879056663,0.5252530522800793
12560864000147,283097.2,8,3,0.47048555314667806,0.40625,0.6354608947033034,1.0,2.1254637752675927,0.2057283297200171,0.10937500000000001,0.06423555314667806,0.09635332972001708,0.6215174169450097,0.87178974667558
12570642000105,758537.14,21,20,0.3111398880231041,0.052154195011337855,0.5125655416160638,0.8143444367140678,3.213988429300147,0.2748840926558991,0.0022675736961451074,0.25898569301176627,0.272616518959754,0.5884050248914294,0.8323263811798373
12585173000106,89400.0,3,2,0.558578442412504,0.5555555555555556,0.6711409395973155,1.0,1.7902588500927343,0.11715688482500797,0.11111111111111116,0.0030228868569484035,0.006045773713896807,0.9740854715460193,0.9521853225825656
12592033000157,2013964.8,10,9,0.239955001821419,0.12000000000000002,0.4155981276336111,0.7924611194793474,4.167448031544794,0.14494937704909638,0.010000000000000033,0.11995500182141897,0.13494937704909635,0.6322667206017141,0.8867107180695248
12600146000157,3355000.0,2,2,0.9677506046761624,0.5,0.9836065573770492,1.0,1.0333240766453762,0.9355012093523247,0.0,0.46775060467616236,0.9355012093523247,0.9163161199049545,0.9827580602946132
12640342000155,45000.0,1,1,1.0,1.0,1.0,1.0,1.0,,,0.0,,0.4095272879056663,0.5855681936763018
12652188000131,51300.0,2,2,0.6478916589719913,0.5,0.7719298245614035,1.0,1.5434679334916868,0.2957833179439826,0.0,0.1478916589719913,0.2957833179439826,0.5132929108747032,0.5559140729837743
12652881000104,139345.0,4,4,0.3579885375898798,0.25,0.43047830923248054,1.0,2.793385527738946,0.1439847167865064,0.0,0.10798853758987981,0.1439847167865064,0.4095272879056663,0.5887261329276239
12710978000126,7571124.420000001,50,42,0.29292216079661887,0.028800000000000006,0.5200190924877179,0.7101158297963884,3.413876223227501,0.27567635984043887,0.005112195121951228,0.2641221607966189,0.27056416471848765,0.47588376777994607,0.901712285000954
12755884000173,79770.0,2,2,0.9566070994915195,0.5,0.9778112072207596,1.0,1.0453612570213475,0.9132141989830389,0.0,0.45660709949151945,0.9132141989830389,0.9823109173403431,0.9577360906553958
12769172000103,46500.0,2,2,0.5421436004162331,0.5,0.6451612903225806,1.0,1.8445297504798464,0.08428720083246621,0.0,0.04214360041623311,0.08428720083246621,0.4095272879056663,0.468206467770548
12770455000175,237186.82,5,5,0.2671475490458799,0.20000000000000004,0.3587551787236744,0.9789617315161103,3.7432497643025733,0.08393443630734986,3.469446951953614e-17,0.06714754904587986,0.08393443630734981,0.6777026650212428,0.7318038050112454
12816116000182,59195.47,22,20,0.19740780480461237,0.05371900826446281,0.40492963397368076,0.6414500974483353,5.065655843697601,0.1551661103206446,0.003914745541539799,0.14368879654014954,0.15125136477910478,0.9741445646199091,0.6799427361821063
12816323000137,6801.0,1,1,1.0,1.0,1.0,1.0,1.0,,,0.0,,0.864499634769905,0.47594698946050296
12870883000170,52800.0,1,1,1.0,1.0,1.0,1.0,1.0,,,0.0,,0.864499634769905,0.6544923301680059
12877385000159,258377.44,11,10,0.22539548879812923,0.10743801652892562,0.3436832565567644,0.8727929187625669,4.4366460275326505,0.13932832088681024,0.008264462809917352,0.11795747226920361,0.1310638580768929,0.4095272879056663,0.6023714189322213
12984850000150,59950.0,2,2,0.6094604831243162,0.5,0.7339449541284404,1.0,1.6407954702389171,0.21892096624863244,0.0,0.10946048312431622,0.21892096624863244,0.7876816457277652,0.6770868137096752
12998458000160,2339300.0,4,4,0.6322038642851021,0.25,0.7780105159663148,1.0,1.5817682499154015,0.5096051523801362,0.0,0.3822038642851021,0.5096051523801362,0.4095272879056663,0.940382496239469
13007598000192,44540.0,2,2,0.6695936247171859,0.5,0.7911989223170184,1.0,1.4934431319031254,0.33918724943437173,0.0,0.16959362471718586,0.33918724943437173,0.5045260042468747,0.5023106561110663
13018648000137,616364.6,3,3,0.5188657783620084,0.3333333333333333,0.6416169909822855,1.0,1.927280698983212,0.27829866754301263,0.0,0.1855324450286751,0.27829866754301263,0.7783799375402919,0.8715153196347906
13019421000106,194644.29,54,37,0.5996753450897362,0.042524005486968455,0.7706365288188006,0.8905726954538455,1.667568974092738,0.5885552157866732,0.015927450083828686,0.5571513396027677,0.5726277657028446,0.9895042899416727,0.9588942208114576
13019629000125,2019.59,6,6,0.2936956161524267,0.16666666666666669,0.4019627746225719,0.885105392678712,3.4048856877761655,0.15243473938291202,3.3306690738754695e-17,0.12702894948576,0.152434739382912,0.9313908355934949,0.4288538159833685
13034603000156,67293.44,2,2,0.5351939782704207,0.5,0.6326536435052214,1.0,1.8684814116027366,0.0703879565408414,0.0,0.0351939782704207,0.0703879565408414,0.576659721832123,0.5927439267975799
13072654000172,5256.0,2,2,0.5994430660096515,0.5,0.7229832572298326,1.0,1.6682151428604552,0.19888613201930294,0.0,0.09944306600965147,0.19888613201930294,0.9230444545142804,0.467751667677621
13102858000109,528016.5,4,4,0.49778915260033574,0.25,0.6117924345167244,1.0,2.0088826660368766,0.33038553680044763,0.0,0.24778915260033574,0.33038553680044763,0.7005307549585305,0.8794657928434999
13128780003389,97600063.2,9,8,0.556096570442056,0.13580246913580246,0.7129338965428047,0.9976655291755999,1.7982488171165547,0.4926817947909211,0.01234567901234567,0.4202941013062535,0.48033611577857543,0.4105649436761931,0.9978160338951592
13128780003974,379203.33,23,4,0.5876019961229635,0.30812854442344045,0.7515756784097861,1.0,1.7018322037672873,0.450135994830618,0.07750472589792061,0.27947345169952303,0.3726312689326974,0.52854847681505,0.8322855269544757
13128780004512,600.0,1,1,1.0,1.0,1.0,1.0,1.0,,,0.0,,0.9552332255034958,0.6842324950433059
13128780009581,539130.0,4,4,0.40281363013456034,0.25,0.5543839148257378,1.0,2.4825376431923343,0.20375150684608045,0.0,0.15281363013456034,0.20375150684608045,0.6893390154891041,0.8138632955748218
13128780009662,51886.44,1,1,1.0,1.0,1.0,1.0,1.0,,,0.0,,0.4095272879056663,0.6136909109882083
13128780009905,130219.5,5,5,0.35129933146235676,0.20000000000000004,0.49915719227919014,0.9990823187003482,2.8465753004347927,0.18912416432794593,3.469446951953614e-17,0.15129933146235672,0.1891241643279459,0.41002807203970876,0.5668525634245677
13128814001049,577160.0,2,2,0.9153508399326384,0.5,0.9557141867073256,1.0,1.0924772845279642,0.8307016798652769,0.0,0.41535083993263844,0.8307016798652769,0.9418902440660424,0.9622459123595163
13133909000160,1861996.3900000001,10,10,0.3392012943900858,0.10000000000000003,0.53705796926921,0.8758341362842278,2.9481019575650182,0.2657792159889842,3.0839528461809905e-17,0.23920129439008575,0.26577921598898413,0.6167494268669033,0.9140279790440613
13170158000151,206145.87000000002,112,50,0.4862419629463271,0.03667091836734694,0.6885900745913561,0.8240607003186626,2.056589262556887,0.47575710504727253,0.017011141191170347,0.4495710445789802,0.45874596385610217,0.9805632853577949,0.9181379086714644
13172589000157,15000.0,1,1,1.0,1.0,1.0,1.0,1.0,,,0.0,,0.4095272879056663,0.38385682980277575
13183513000127,4602493.32,13,13,0.3740375153822784,0.07692307692307694,0.5713233713069246,0.8934687601024046,2.6735286137754595,0.3218739749974683,1.5034270125132327e-17,0.2971144384592015,0.3218739749974683,0.4258667556942397,0.933092961053517
13224498000118,62400.0,1,1,1.0,1.0,1.0,1.0,1.0,,,0.0,,0.4095272879056663,0.6554836689971825
13233184000181,288594.0,4,4,0.363725387269571,0.25,0.48417500017325377,1.0,2.749326923553074,0.1516338496927613,0.0,0.11372538726957099,0.1516338496927613,0.5897605705577776,0.7901690056569941
13244968000105,102000.0,2,2,0.5432525951557095,0.5,0.6470588235294118,1.0,1.8407643312101907,0.0865051903114189,0.0,0.04325259515570945,0.0865051903114189,0.5913750452701168,0.6826488082449927
13244984000106,253230.0,5,5,0.27456423611917635,0.20000000000000004,0.37910200213244877,0.9960510208111203,3.6421349485806433,0.09320529514897043,3.469446951953614e-17,0.07456423611917631,0.09320529514897039,0.5154272231136443,0.6760411839258011
13267420000180,11500.0,1,1,1.0,1.0,1.0,1.0,1.0,,,0.0,,0.4095272879056663,0.34269018052801836
13286669000133,818.49,4,2,0.5635105514115217,0.625,0.6782001001844861,1.0,1.7745896638405938,0.12702110282304346,0.25,-0.06148944858847827,-0.12297889717695654,0.9732780768986862,0.6081928671314597
13358623000182,99655.0,5,5,0.24620268056851732,0.20000000000000004,0.3010385831117355,0.9826902814710752,4.061694201260752,0.05775335071064664,3.469446951953614e-17,0.046202680568517285,0.057753350710646606,0.7552888415675842,0.613048828329384
13366927000191,2999901.82,3,3,0.8876076488886746,0.3333333333333333,0.9410120695216618,1.0,1.1266239100711286,0.8314114733330119,0.0,0.5542743155553413,0.8314114733330119,0.4095272879056662,0.964340103864062
13417917000138,115240.522,66,24,0.07885586262816506,0.09044995408631773,0.14749527080413607,0.46230727764318874,12.681365299564025,0.0388061175250418,0.05090429991615763,-0.01159409145815267,-0.012098182391115826,0.9853678121279119,0.9036963547006934
13432366000181,3355.2,1,1,1.0,1.0,1.0,1.0,1.0,,,0.0,,0.864499634769905,0.2527392257121987
13449811000116,89010.48000000001,8,8,0.23321787024854335,0.125,0.3707428608406561,0.8525342184425924,4.287836086206802,0.12367756599833525,0.0,0.10821787024854335,0.12367756599833525,0.7801483913834741,0.5952412919323309
13454844000154,39598.6,2,2,0.6021843376817932,0.5,0.7260357689413263,1.0,1.660621071364398,0.2043686753635865,0.0,0.10218433768179325,0.2043686753635865,0.4095272879056663,0.45105621502616705
13468241000101,1300.0,1,1,1.0,1.0,1.0,1.0,1.0,,,0.0,,0.9454763643952833,0.6166127517478869
13497205000176,34819.35,52,36,0.09398898058843114,0.03920118343195268,0.18951531260635252,0.5162457082053513,10.63954512262353,0.06810295146238632,0.011749788672865618,0.054787797156478454,0.0563531627895207,0.987385510719391,0.7271589093651221
13509695000183,4399.2,1,1,1.0,1.0,1.0,1.0,1.0,,,0.0,,0.9769383282896796,0.7193989356151518
13540482000114,5932.5,1,1,1.0,1.0,1.0,1.0,1.0,,,0.0,,0.4095272879056663,0.24637378691432746
13571334000167,1174659.48,3,3,0.5340308733140054,0.3333333333333333,0.6322579544499143,1.0,1.8725509141341512,0.3010463099710082,0.0,0.20069753998067213,0.3010463099710082,0.9613705303329712,0.9949849779840018
13577818000113,2138944.87,5,5,0.6501651031140839,0.20000000000000004,0.7776203226780688,0.999116171703855,1.5380708610940794,0.5627063788926049,3.469446951953614e-17,0.45016510311408386,0.5627063788926049,0.40992940533978833,0.949302101333562
13600190000120,62628.75,1,1,1.0,1.0,1.0,1.0,1.0,,,0.0,,0.864499634769905,0.6709798601690493
13617528000156,378534.14999999997,5,5,0.36227813312783474,0.20000000000000004,0.46600815276508084,0.9643651702230829,2.760310127929075,0.2028476664097934,3.469446951953614e-17,0.1622781331278347,0.20284766640979338,0.6138461907330218,0.7850870042623594
13633606000106,62911.6,6,5,0.5974552201901994,0.22222222222222227,0.762975349538082,0.9705936584032198,1.6737656082101866,0.4968190252377492,0.027777777777777818,0.3752329979679771,0.46904124745997133,0.867904321702212,0.7503582179417323
13642844000188,15400.0,2,2,0.6862877382357903,0.5,0.8051948051948052,1.0,1.4571147702138116,0.3725754764715805,0.0,0.18628773823579026,0.3725754764715805,0.8410707001440593,0.5292116315282338
13659627000109,923535.4,5,5,0.25086402228067906,0.20000000000000004,0.33220534913983807,0.8952850101901888,3.9862232571602103,0.0635800278508488,3.469446951953614e-17,0.05086402228067902,0.06358002785084876,0.4095272879056663,0.821883867145885
13660803000114,10759.47,2,2,0.9692592994888589,0.5,0.9843858480018067,1.0,1.0317156621838472,0.9385185989777178,0.0,0.4692592994888589,0.9385185989777178,0.9463244460101282,0.6297537917906337
13660914000120,1471761.0,3,3,0.344234851331335,0.3333333333333333,0.40257895133788707,1.0,2.904993483758197,0.01635227699700256,0.0,0.010901517998001709,0.01635227699700256,0.4095272879056663,0.9104994847404698
13667230000150,1201855.23,11,8,0.7012564277650725,0.15702479338842973,0.8290056698426149,0.9800080497215958,1.426011884393036,0.6585787745886542,0.03659976387249112,0.5442316343766427,0.6219790107161631,0.4394690651080171,0.9227827927758612
13733239000112,47260.0,4,4,0.3946110593042083,0.25,0.5289885738468049,1.0,2.534140836709529,0.19281474573894442,0.0,0.1446110593042083,0.19281474573894442,0.4372530678246042,0.4074272535001567
13736496000108,17770.0,2,2,0.5000571613333507,0.5,0.5053460889138999,1.0,1.9997713808029536,0.00011432266670130531,0.0,5.7161333350652654e-05,0.00011432266670130531,0.4095272879056663,0.30005074874958826
13747772000133,40800.0,2,2,0.5,0.5,0.5,1.0,2.0,0.0,0.0,0.0,0.0,0.864499634769905,0.630074089533549
13749592000190,27670.35,4,4,0.4800098152689728,0.25,0.6561897482323137,1.0,2.0832907332106356,0.3066797536919637,0.0,0.2300098152689728,0.3066797536919637,0.5659514450283953,0.46510155608923104
13753471000112,858062.4,3,3,0.5421031292186643,0.3333333333333333,0.67594151660765,0.9999999999999999,1.8446674555103648,0.3131546938279965,0.0,0.208769795885331,0.3131546938279965,0.4095272879056663,0.8852334094483559
13769209000166,134590.0,4,4,0.3008995941757738,0.25,0.37892859796418754,1.0,3.323367725832954,0.06786612556769837,0.0,0.05089959417577378,0.06786612556769837,0.45270404983587964,0.5928422825244605
13776308000175,2303046.76,6,2,0.582586662764618,0.5555555555555556,0.7032076066054344,1.0,1.7164828237820973,0.16517332552923603,0.11111111111111116,0.027031107209062433,0.054062214418124865,0.4095272879056663,0.9572172638518299
13792329000184,14634335.49,20,13,0.2905025057415275,0.13000000000000003,0.42978071701976545,0.8701518424735799,3.442311099683742,0.2313777145533214,0.05750000000000003,0.16050250574152744,0.17387771455332138,0.5505655706467734,0.9725851255196686
13800297000111,45580.0,1,1,1.0,1.0,1.0,1.0,1.0,,,0.0,,0.4095272879056663,0.5879161014296149
13802980000198,66000.0,1,1,1.0,1.0,1.0,1.0,1.0,,,0.0,,0.4095272879056663,0.6635709068141501
13806951000102,56934.7,7,5,0.7944608314431957,0.22448979591836732,0.8891589838885601,0.9831034500928257,1.2587152952316447,0.7430760393039945,0.030612244897959134,0.5699710355248284,0.7124637944060354,0.9923137357036856,0.8591122611014722
13809070000137,4600.0,1,1,1.0,1.0,1.0,1.0,1.0,,,0.0,,0.4095272879056663,0.21538140457059377
13817576000198,423047.64,5,5,0.4872063738535173,0.20000000000000004,0.5900782238142257,0.9917928864938237,2.0525183036719845,0.35900796731689655,3.469446951953614e-17,0.2872063738535172,0.3590079673168965,0.4234917686284202,0.8082289165636888
13823697000142,264455.52,11,10,0.1670236092373054,0.10743801652892562,0.2925376638007026,0.7180590520477697,5.987177528772058,0.0744706769303393,0.008264462809917352,0.059585592708379764,0.06620621412042195,0.7978815661578076,0.6889994764178855
13828365000150,108726.7,4,4,0.5088676054295811,0.25,0.5702371174697659,0.9999999999999999,1.9651476913249561,0.3451568072394415,0.0,0.2588676054295811,0.3451568072394415,0.4095272879056663,0.6261055944604422
13842783000100,41800.0,1,1,1.0,1.0,1.0,1.0,1.0,,,0.0,,0.9612856099342586,0.8598559949911301
13843029000187,33403.7,3,2,0.7937557084895247,0.5555555555555556,0.8832464667087778,1.0,1.2598334592175058,0.5875114169790494,0.11111111111111116,0.23820015293396912,0.47640030586793825,0.8113800057237056,0.5930884231884874
13843252000124,20923.1,22,18,0.14162672876902194,0.06611570247933884,0.2965478346898882,0.625949309614732,7.060814075787157,0.09113418340249382,0.011181332036947015,0.07551102628968309,0.0799528513655468,0.9935628405046275,0.8123902866055566
13844779000173,516311.49,14,13,0.18421551327521837,0.0816326530612245,0.369255078944689,0.6799202551157636,5.428424469908774,0.11623347271481989,0.005102040816326534,0.10258286021399388,0.11113143189849335,0.4448502640354735,0.6692474185013915
13864377000130,470504255.40000004,5,5,0.5301039150186114,0.20000000000000004,0.6709426832529345,0.9999949012150846,1.8864225893613538,0.41262989377326426,3.469446951953614e-17,0.33010391501861136,0.4126298937732642,0.536091103757639,0.9998743984209926
13872416000141,380475.0,7,7,0.1749028948579683,0.14285714285714285,0.2746566791510612,0.7550561797752808,5.717458254833691,0.037386710667629705,0.0,0.03204575200082546,0.037386710667629705,0.5575436547722257,0.6940184153475505
13884527000178,656435.8400000001,4,4,0.38250338931460975,0.25,0.5362292223410593,1.0,2.614355919281798,0.17667118575281301,0.0,0.13250338931460975,0.17667118575281301,0.40952728790566634,0.8183986644278893
13886006000150,741422.4249999999,296,83,0.05898556575891151,0.031135865595325055,0.15374501250080208,0.3746697470069104,16.953300135956066,0.047509779975483606,0.01932044932209731,0.02784970016358645,0.028189330653386295,0.9839709073908791,0.9359939577827093
13886253000156,246250.0,2,2,0.9505269396274061,0.5,0.9746192893401016,1.0,1.0520480359998914,0.9010538792548122,0.0,0.4505269396274061,0.9010538792548122,0.4210748093996825,0.8285820755981272
13917262000167,6106649.090000001,13,12,0.9270374714628482,0.08875739644970415,0.9625241918068032,0.9916588280660482,1.0787050478358964,0.9204045143231071,0.005917159763313625,0.838280075013144,0.9144873545597935,0.9534062084298552,0.9851650909234881
13918415000190,7449410.0,3,2,0.8864831874819397,0.5555555555555556,0.939592531489071,1.0,1.128052978467088,0.7729663749638793,0.11111111111111116,0.3309276319263841,0.6618552638527682,0.4095272879056663,0.9867458930233247
13927758000111,6382483.82,8,6,0.6728337799671317,0.21875,0.8117025418483551,0.9974263185832878,1.4862511808620111,0.607400535960558,0.06250000000000001,0.4540837799671317,0.544900535960558,0.8763128411228014,0.9800632795329088
13932227000117,695000.0,1,1,1.0,1.0,1.0,1.0,1.0,,,0.0,,0.9454763643952833,0.9964520505061045
13953949000158,641200.01,77,51,0.030948927545282792,0.034913138809242704,0.06232064781159314,0.22331565465820877,32.311297331284074,0.011567906096188449,0.01561140158542756,-0.003964211263959912,-0.00404349548923911,0.4315755963049544,0.4191374510513325
13954199000139,419288.9060000001,136,59,0.14668911492145967,0.030060553633218,0.2881068358150168,0.6090192140690696,6.817138412317917,0.13197685828217448,0.013337459730342447,0.11662856128824167,0.11863939855183203,0.880568475843979,0.7813914115257339
13959466000160,3601440.07,6,4,0.9782658087887997,0.33333333333333337,0.9890500579675063,1.0,1.0222170610645278,0.9710210783850662,0.11111111111111116,0.6449324754554663,0.8599099672739551,0.9689328895453521,0.9943755294925102
13966711000167,1953500.0,2,1,1.0,1.0,1.0,1.0,1.0,,,0.0,,0.9719816341437963,0.9986434310758635
14004319000108,400000.0,1,1,1.0,1.0,1.0,1.0,1.0,,,0.0,,0.864499634769905,0.9802775748721695
14004655000142,6489652.97,53,51,0.03082614000285384,0.020291918832324663,0.06940278657149829,0.21257814653223284,32.44000059389276,0.011442662802910918,0.0006977572089711567,0.010534221170529177,0.010744905593939761,0.4125089471480242,0.793373756155759
14007211000160,4795223.007999999,226,109,0.3984197198816891,0.017072597697548757,0.626903898939584,0.7055230370633057,2.5099159255896026,0.39284953210281587,0.007971418046600133,0.38134712218414035,0.38487811405621575,0.6257998880164766,0.9581227753127421
14008675000191,288360.14,2,2,0.9975052709269379,0.5,0.9987510756514405,0.9999999999999999,1.0025009683114194,0.9950105418538757,0.0,0.49750527092693786,0.9950105418538757,0.8644996347699049,0.9261307338835968
14015108000162,24600.0,1,1,1.0,1.0,1.0,1.0,1.0,,,0.0,,0.4095272879056663,0.46942502347907755
14016436000183,13365.0,4,3,0.4793329478851365,0.375,0.6424242424242425,1.0,2.086232553827349,0.2189994218277047,0.06250000000000001,0.10433294788513647,0.1564994218277047,0.9913438535060156,0.8073294073294073
14088281000190,740530.63,4,4,0.8474834828572354,0.25,0.9182604641215178,1.0,1.1799639995679503,0.7966446438096472,0.0,0.5974834828572354,0.7966446438096472,0.4423637529513321,0.9162358440818296
14113031000163,319000.0,1,1,1.0,1.0,1.0,1.0,1.0,,,0.0,,0.4095272879056663,0.8757174162579568
14120591000145,127675.0,3,2,0.9863872593888476,0.5555555555555556,0.9931466614450754,1.0,1.0138006046627028,0.9727745187776953,0.11111111111111116,0.43083170383329206,0.8616634076665841,0.9418033239259007,0.9299870489361332
14126956000149,335389.0,2,2,0.5087868017530094,0.5,0.5662827343770964,1.0,1.9654597889617627,0.017573603506018776,0.0,0.008786801753009388,0.017573603506018776,0.4095272879056663,0.7993290041692409
14144296000129,77000.0,1,1,1.0,1.0,1.0,1.0,1.0,,,0.0,,0.4095272879056663,0.6844933736825629
14153138000135,3402450.4899999998,9,7,0.781271377726084,0.16049382716049382,0.8817174588777043,0.9824038703352299,1.2799649756919713,0.7448166073470981,0.020576131687242795,0.6207775505655901,0.7242404756598553,0.4157691767848206,0.9527062965498959
14164340000162,1122740.0,8,8,0.19250505684958163,0.125,0.299267862550546,0.8149705185528261,5.194668734241997,0.07714863639952187,0.0,0.06750505684958163,0.07714863639952187,0.6460863563439356,0.8467799677571718
14285358000112,152.76,3,2,0.7026005431285436,0.5555555555555556,0.8182770358732653,1.0,1.4232838414089384,0.4052010862570872,0.11111111111111116,0.147044987572988,0.294089975145976,0.962698357594432,0.10336340945032904
14338582000125,28700.0,1,1,1.0,1.0,1.0,1.0,1.0,,,0.0,,0.4095272879056663,0.49431284566419703
14355640000129,187900.0,4,4,0.4074809645047457,0.25,0.532197977647685,1.0,2.4541023682306355,0.2099746193396609,0.0,0.1574809645047457,0.2099746193396609,0.6837344792481941,0.7052504276660312
14381482000181,545480.0,4,4,0.7275290752130279,0.25,0.8480604238468872,1.0,1.3745155129465991,0.6367054336173705,0.0,0.4775290752130279,0.6367054336173705,0.8503203249937591,0.9213431255917021
14387430000112,380723.03,10,8,0.21357626857696313,0.14,0.3359962227659304,0.8051560999606459,4.682168139105051,0.10123002123081501,0.017142857142857158,0.07357626857696312,0.08408716408795786,0.8100302708407994,0.7130354533065363
14414077000112,102000.0,1,1,1.0,1.0,1.0,1.0,1.0,,,0.0,,0.4095272879056663,0.7267557132421997
14426511000184,55867.729999999996,4,4,0.4287590645632565,0.25,0.6014205338215819,1.0,2.3323122066669826,0.23834541941767537,0.0,0.17875906456325652,0.23834541941767537,0.7593151774240412,0.7195852471227391
14444354000130,1275838.68,5,5,0.41472384764799614,0.20000000000000004,0.4984956248543899,0.9894187249441286,2.4112430613075495,0.26840480955999513,3.469446951953614e-17,0.2147238476479961,0.2684048095599951,0.6160618752384889,0.9305989216913921
14454427000174,403713.20999999996,14,11,0.1395512071930476,0.1326530612244898,0.2514656381940041,0.6271655069201227,7.165828373069207,0.053506327912352346,0.045918367346938785,0.006898145968557784,0.007587960565413561,0.6521747080637093,0.6924984472031123
14464143000169,505545.91000000003,11,10,0.26228455789483246,0.10743801652892562,0.3731016239454889,0.8984820191701284,3.812652975174266,0.18031617543870274,0.008264462809917352,0.15484654136590684,0.17205171262878538,0.4230719155895085,0.723132205230596
14477036000175,91416.0,3,3,0.39139734890234207,0.3333333333333333,0.5250721974271463,1.0,2.554948322477041,0.08709602335351312,0.0,0.05806401556900875,0.08709602335351312,0.40952728790566634,0.5279585603356474
14491667000149,268440.77999999997,19,10,0.14173471749430003,0.14681440443213295,0.2171056126420136,0.665171849075986,7.055434389532796,0.04637190832700002,0.05201600492459216,-0.005079686937832922,-0.005644096597592137,0.753630191520009,0.6736822760607979
14491945000168,937187.0695999999,6,5,0.8417887257522091,0.22222222222222227,0.9151662538046609,0.9957425789050813,1.1879465350482281,0.8022359071902613,0.027777777777777818,0.6195665035299869,0.7744581294124835,0.9206241921724982,0.9662683636597341
14492062000172,1240558.59,14,11,0.3623833345297639,0.10204081632653061,0.5565297887300913,0.9249964808191766,2.7595087983215913,0.29862166798274026,0.012244897959183673,0.2603425182032333,0.2863767700235566,0.8444469092947843,0.9141699809518896
14498649000199,610684.0,8,7,0.40640905661253,0.15625,0.6109542742236574,0.9100353046747582,2.4605750874134653,0.30747723271461835,0.015625000000000007,0.25015905661253,0.29185223271461835,0.8201097444774936,0.8811572786752059
14499742000118,237826.58,9,9,0.14061764848820751,0.1111111111111111,0.2186467130797575,0.6374392635171392,7.1114828810685315,0.03319485454923346,0.0,0.02950653737709641,0.03319485454923346,0.8890882610602333,0.7269231690274649
14524513000106,102004.57,2,2,0.8892780071330189,0.5,0.9411791059949569,1.0,1.124507737714039,0.7785560142660377,0.0,0.38927800713301886,0.7785560142660377,0.948152552414296,0.9227859112211988
14524647000127,172600.0,2,2,0.5014830101682535,0.5,0.5272305909617613,1.0,1.9940855018487829,0.002966020336506947,0.0,0.0014830101682534735,0.002966020336506947,0.9259814447876206,0.8946858023617286
14529435000132,21900.0,2,2,0.8568003169241674,0.5,0.9223744292237442,1.0,1.1671330883605482,0.7136006338483347,0.0,0.35680031692416736,0.7136006338483347,0.44484477601841543,0.4244395397671962
14535072000148,78000.0,1,1,1.0,1.0,1.0,1.0,1.0,,,0.0,,0.9612856099342586,0.8986225607847229
14552796000108,58500.0,1,1,1.0,1.0,1.0,1.0,1.0,,,0.0,,0.9836168214546593,0.9690076176562663
14567169000132,100000.0,1,1,1.0,1.0,1.0,1.0,1.0,,,0.0,,0.9247626004382761,0.7990190963163936
14569416000130,104000.0,1,1,1.0,1.0,1.0,1.0,1.0,,,0.0,,0.9811123865177919,0.9676510487321298
14570950000166,60000.0,1,1,1.0,1.0,1.0,1.0,1.0,,,0.0,,0.4095272879056663,0.6435876030470625
14572082000153,193858.6,7,7,0.223868076911144,0.14285714285714285,0.313630656571336,0.883203530820918,4.46691647061815,0.09451275639633466,0.0,0.08101093405400114,0.09451275639633466,0.5208702878031854,0.6340079528326988
14580783000134,74400.0,2,2,0.5421436004162331,0.5,0.6451612903225806,1.0,1.8445297504798464,0.08428720083246621,0.0,0.04214360041623311,0.08428720083246621,0.864499634769905,0.6410713864942287
14587933000131,101833.32,1,1,1.0,1.0,1.0,1.0,1.0,,,0.0,,0.4095272879056663,0.7263904831472399
14601748000154,316450.6,11,11,0.12093258159673974,0.09090909090909091,0.2085633587043286,0.5394889439299532,8.269070144674389,0.03302583975641371,0.0,0.030023490687648827,0.03302583975641371,0.5061249744237112,0.5675636900337683
14608771000170,295114.1533,320,68,0.0432775581166608,0.04076171874999998,0.08709955694286928,0.2894303785327805,23.10666413535528,0.028998118685566183,0.02644472947761192,0.0025158393666608186,0.0025533892079542646,0.995764650129531,0.9282153617917904
14621774000144,145370.6,12,9,0.26143068128844704,0.13888888888888887,0.4395661846343071,0.8531642574220646,3.82510574149734,0.16910951644950295,0.031249999999999983,0.12254179239955817,0.13785951644950298,0.973172313651397,0.8877808240111358
14644653000118,55802.05,1,1,1.0,1.0,1.0,1.0,1.0,,,0.0,,0.4095272879056663,0.6276740060523844
14645035000192,1233048.6199,6,4,0.6717190493310773,0.33333333333333337,0.8110749112886623,1.0,1.4887176431810845,0.5622920657747698,0.11111111111111116,0.3383857159977439,0.4511809546636586,0.8958054441239742,0.9435160668496589
14645822000134,147760.0,6,6,0.185809294634563,0.16666666666666669,0.28938819707634,0.7468868435300487,5.3818620966552375,0.02297115356147561,3.3306690738754695e-17,0.019142627967896314,0.022971153561475575,0.4760365102409908,0.49595681894954635
14656327000120,94700.0,2,2,0.6548428929682908,0.5,0.778247096092925,1.0,1.527083840624995,0.3096857859365816,0.0,0.1548428929682908,0.3096857859365816,0.5104187270202282,0.6567431040161426
14657813000163,60000.0,1,1,1.0,1.0,1.0,1.0,1.0,,,0.0,,0.864499634769905,0.7518000626108734
14662198000183,293668.77,20,13,0.1171820596047877,0.16,0.20090662006722743,0.5703841099617095,8.533729509215275,0.04361389790518667,0.09,-0.042817940395212306,-0.04638610209481333,0.5560653796844527,0.6133070796504586
14667287000112,58742.2,1,1,1.0,1.0,1.0,1.0,1.0,,,0.0,,0.4095272879056663,0.636022122508609
14674100000108,990000.0,4,4,0.37968778696051425,0.25,0.48484848484848486,1.0,2.6337428654348454,0.17291704928068566,0.0,0.12968778696051425,0.17291704928068566,0.6301199409307516,0.865906165906166
14674999000169,1740768.17,5,3,0.6750519776478501,0.3600000000000001,0.7986416249787012,0.9999999999999999,1.4813674103798617,0.5125779664717751,0.04000000000000017,0.31505197764785,0.47257796647177497,0.967135029444233,0.9920385497514022
14675553000159,3593777.5900000003,9,7,0.46638648368672037,0.16049382716049382,0.6078849442655688,0.9705227445641676,2.1441444702580976,0.37745089763450707,0.020576131687242795,0.30589265652622655,0.35687476594726425,0.42701307483729656,0.9496835335071261
14682109000160,8154717.470000001,30,19,0.4128701412184298,0.06888888888888887,0.5324817709472405,0.9878481295808769,2.4220690724906357,0.38025181573056477,0.01716049382716048,0.3439812523295409,0.36309132190340426,0.411409315118049,0.9707201281096315
14696695000100,84960.0,1,1,1.0,1.0,1.0,1.0,1.0,,,0.0,,0.4095272879056663,0.6986329959302933
14700048000117,8308352.55,10,6,0.8586064915996016,0.24000000000000007,0.9252276397442957,0.9932450158244669,1.1646778935213726,0.8303277899195218,0.08800000000000009,0.6186064915996015,0.7423277899195218,0.9402734635241186,0.9903964437111406
14706049000179,356050.0,6,6,0.19682257349393367,0.16666666666666669,0.30894537284089313,0.7883022047465243,5.08071804086446,0.036187088192720415,3.3306690738754695e-17,0.030155906827266987,0.03618708819272038,0.4095272879056663,0.6503595142846387
14720662000140,225960.0,5,4,0.3993932857619491,0.28,0.5530005310674455,1.0,2.503797724321363,0.1991910476825988,0.040000000000000036,0.11939328576194908,0.15919104768259876,0.5174605255844221,0.7064562628025187
14733777000170,3145635.81,2,1,1.0,1.0,1.0,1.0,1.0,,,0.0,,0.9719816341437963,0.9986434310758635
14739617000138,39906.75,1,1,1.0,1.0,1.0,1.0,1.0,,,0.0,,0.4095272879056663,0.5622456433267244
14741000000157,3464.0,2,2,0.8007153486337864,0.5,0.8877598152424941,0.9999999999999999,1.2488832663270928,0.6014306972675727,0.0,0.30071534863378635,0.6014306972675727,0.8134334544983067,0.38593400216270196
14744834000116,4320.0,1,1,1.0,1.0,1.0,1.0,1.0,,,0.0,,0.4095272879056663,0.20635500365230094
14745480000124,1148200.0,2,2,0.9987814435724103,0.5,0.9993903501132206,1.0,1.0012200431189744,0.9975628871448206,0.0,0.4987814435724103,0.9975628871448206,0.4098740688232113,0.9570425263354736
14749903000184,58500.0,1,1,1.0,1.0,1.0,1.0,1.0,,,0.0,,0.9836168214546593,0.9690076176562663
14749953000161,578266.81,1,1,1.0,1.0,1.0,1.0,1.0,,,0.0,,0.9454763643952833,0.9971825106960243
14752037000180,984584.63,6,6,0.2536546802209163,0.16666666666666669,0.40220006278180476,0.9043407472245428,3.942367628025104,0.10438561626509957,3.3306690738754695e-17,0.08698801355424962,0.10438561626509954,0.4336415822567186,0.8229397150474944
14756846000160,4489.13,16,14,0.16361441182405187,0.078125,0.35262957410455925,0.5945895975389441,6.111931026439057,0.09927705888744047,0.007211538461538465,0.08548941182405187,0.092065520425902,0.97868484584649,0.5366298199623937
14761260000194,2192.41,4,4,0.39242551697863515,0.25,0.5576602916425304,1.0,2.5482542717894745,0.18990068930484685,0.0,0.14242551697863515,0.18990068930484685,0.864499634769905,0.22095430900538252
14763412000198,355488.0,5,5,0.2627659814370942,0.20000000000000004,0.3364389233954451,0.9324871725627869,3.8056676687404405,0.0784574767963677,3.469446951953614e-17,0.06276598143709414,0.07845747679636766,0.593314164001919,0.7749687206300179
14764485000102,2921100.0,1,1,1.0,1.0,1.0,1.0,1.0,,,0.0,,0.9247626004382761,0.9988521339872691
14769213000197,13500.0,1,1,1.0,1.0,1.0,1.0,1.0,,,0.0,,0.4095272879056663,0.3667431910675154
14773789000128,64795.2,3,3,0.4348957078146244,0.3333333333333333,0.48151714941847545,1.0,2.299401861253257,0.15234356172193658,0.0,0.10156237448129107,0.15234356172193658,0.9572013122015826,0.7815979844978991
14774687000127,54850.0,2,2,0.9163177273894412,0.5,0.9562443026435734,1.0,1.0913245156229454,0.8326354547788823,0.0,0.4163177273894412,0.8326354547788823,0.43207176830818705,0.5989374034903612
14779187000188,20694.96,1,1,1.0,1.0,1.0,1.0,1.0,,,0.0,,0.864499634769905,0.47719920692893664
14781160000120,25500.0,1,1,1.0,1.0,1.0,1.0,1.0,,,0.0,,0.4095272879056663,0.47667744965042264
14783346000118,1241.53,1,1,1.0,1.0,1.0,1.0,1.0,,,0.0,,0.864499634769905,0.1964937910883857
14783438000106,92232.08,3,3,0.3337405830355234,0.3333333333333333,0.3440460195628246,1.0,2.9963392252285956,0.0006108745532851233,0.0,0.0004072497021900823,0.0006108745532851233,0.7617736979990537,0.7305632859276889
14784810000190,56528.600000000006,4,4,0.2751514540364826,0.25,0.35380320757987993,1.0,3.634362040723248,0.03353527204864348,0.0,0.025151454036482612,0.03353527204864348,0.46894961283320163,0.41689756344074835
14785598000186,17789343.78,6,3,0.9951455828934883,0.5,0.997568207094371,1.0,1.0048780974261042,0.9927183743402325,0.25,0.4951455828934883,0.7427183743402325,0.9610502464864895,0.9976350628551797
14788679000130,24426.72,3,3,0.3826458681041655,0.3333333333333333,0.45176757255988526,1.0,2.6133824597519912,0.07396880215624828,0.0,0.049312534770832195,0.07396880215624828,0.6150690406303976,0.3469784985659759
14792165000158,26749294.920000006,29,28,0.25708221801907094,0.036860879904875146,0.4261420734300237,0.8489911572592583,3.889806178371379,0.22956674461236987,0.0011890606420927462,0.2202213381141958,0.2283776839702771,0.5078906231140127,0.9812941233494129
14795880000144,32599.76,2,2,0.9638815864552162,0.5,0.9816023185446765,1.0,1.0374718368442055,0.9277631729104323,0.0,0.46388158645521615,0.9277631729104323,0.40952728790566634,0.5116609859974908
14798445000173,117000.0,1,1,1.0,1.0,1.0,1.0,1.0,,,0.0,,0.9836168214546593,0.9690076176562663
14801752000166,103472.48999999999,10,9,0.2616404003210413,0.12000000000000002,0.44881494588561655,0.8267898066432923,3.8220397108893254,0.1693454503611715,0.010000000000000033,0.14164040032104128,0.15934545036117145,0.6093429424915864,0.5276029657578671
14803073000126,62000.0,1,1,1.0,1.0,1.0,1.0,1.0,,,0.0,,0.9247626004382761,0.7648961703015758
14804981000134,187771.32,5,5,0.4715027131941543,0.20000000000000004,0.6449334222073957,0.9924039517856083,2.120878569765986,0.3393783914926929,3.469446951953614e-17,0.2715027131941543,0.33937839149269283,0.4991992723223226,0.6976848111735873
14805351000184,1499700.01,1,1,1.0,1.0,1.0,1.0,1.0,,,0.0,,0.4095272879056663,0.9660857768965877
14806879000178,463380.0,7,7,0.3709338879253223,0.14285714285714285,0.5349389270145453,0.9760455781432085,2.695898197905616,0.266089535912876,0.0,0.22807674506817943,0.266089535912876,0.6448020100588245,0.8432747563109312
14807623000185,2718276.4,8,8,0.6009960529182471,0.125,0.7648891039925153,0.9769890950015238,1.663904438547168,0.5439954890494253,0.0,0.4759960529182471,0.5439954890494253,0.48021110080161,0.9515635027038842
14808072000174,300600.0,3,3,0.43538073553491813,0.3333333333333333,0.5189620758483033,1.0,2.2968402558541743,0.1530711033023772,0.0,0.10204740220158481,0.1530711033023772,0.9586174619351507,0.9259508740007203
14808407000154,6050203.4,6,4,0.43222312489138914,0.2777777777777778,0.5137913280733669,0.9999999999999999,2.313619846812417,0.24296416652185218,0.037037037037037056,0.15444534711361135,0.20592712948481512,0.6216908762315868,0.9768276874647879
14810479000136,207650.7,10,7,0.19684369417721145,0.18000000000000005,0.28657115049455645,0.7970437855494829,5.080172896469496,0.06298430987341337,0.0433333333333334,0.016843694177211405,0.019650976540079974,0.8230054346666509,0.7146636571492702
14810888000132,239900.34,2,2,0.6728890106779541,0.5,0.7940144645063862,1.0,1.4861291894074367,0.3457780213559083,0.0,0.17288901067795415,0.3457780213559083,0.9287963293808782,0.9146961036188037
14813434000115,117990.0,2,2,0.7909786505686209,0.5,0.8814306297143826,1.0,1.2642566259925185,0.5819573011372419,0.0,0.29097865056862093,0.5819573011372419,0.9155473869741915,0.8980986057490479
14813630000190,163215.0,17,11,0.2589910711341017,0.12802768166089967,0.4414422693992586,0.8488803112459026,3.8611369713290813,0.18489017824751186,0.04083044982698964,0.13096338947320202,0.14405972842052223,0.5380715511491448,0.614945257491029
14814026000188,632332.0,1,1,1.0,1.0,1.0,1.0,1.0,,,0.0,,0.4095272879056663,0.9279974955650632
14814139000183,2893662.9799999995,21,18,0.2433985203100155,0.06575963718820861,0.4062294773526114,0.7928724166765267,4.108488411212628,0.198892550916487,0.010804321728691474,0.17763888312180687,0.18808822918779552,0.4408947234522478,0.8815884425517975
14823518000130,5786.82,18,14,0.262328058411349,0.08641975308641975,0.47694588737856025,0.7383519791526261,3.812020742485461,0.20558406290452969,0.01614434947768281,0.17590830532492924,0.18943971342684687,0.9956837624130879,0.8178810861841649
14830853000165,2619481.08,6,6,0.8689158425899639,0.16666666666666669,0.9311034993236141,0.9962618550388614,1.150859439988245,0.8426990111079566,3.3306690738754695e-17,0.7022491759232972,0.8426990111079566,0.4452819916694598,0.9737017562023715
14836800000151,129959.92,17,15,0.2507695826435118,0.07266435986159168,0.4539861212595391,0.7519696841918647,3.98772446585588,0.1972531242609055,0.0064260998517053775,0.1781052227819201,0.19082702440920013,0.4160879119659426,0.46128576949669353
14862038000188,104000.0,1,1,1.0,1.0,1.0,1.0,1.0,,,0.0,,0.9811123865177919,0.9676510487321298
14870896000174,2640466.58,6,6,0.3256756284435742,0.16666666666666669,0.4119249257833818,0.9766535503736615,3.0705398644014825,0.19081075413228907,3.3306690738754695e-17,0.15900896177690754,0.19081075413228904,0.41263382085849587,0.9274994583093078
14871353000171,111420.0,6,3,0.43150336491049224,0.5,0.5240082570454138,0.9999999999999999,2.3174790310324287,0.14725504736573836,0.25,-0.06849663508950776,-0.10274495263426164,0.6479365543898574,0.6127973349188911
14876872000122,195200.2,4,4,0.4630611976080639,0.25,0.5705599686885566,0.9999999999999998,2.159541773669411,0.2840815968107519,0.0,0.2130611976080639,0.2840815968107519,0.8683961208158887,0.9000506245707118
14883709000197,152047.5,2,2,0.5677096281304082,0.5,0.6839967773228761,1.0,1.7614638724610299,0.1354192562608163,0.0,0.06770962813040815,0.1354192562608163,0.9633056725194984,0.961385723436434
14885499000176,2000.0,1,1,1.0,1.0,1.0,1.0,1.0,,,0.0,,0.4095272879056663,0.12981321089429199
14901848000104,57330.0,3,3,0.641607800387796,0.3333333333333333,0.7854526425954997,1.0,1.558584542450368,0.46241170058169395,0.0,0.30827446705446265,0.46241170058169395,0.4095272879056663,0.5156744241134754
14914258000108,190451.66999999998,8,8,0.14073211929693072,0.125,0.16464019454384413,0.6342816526628514,7.105698436119617,0.017979564910777963,0.0,0.01573211929693072,0.017979564910777963,0.6005964872779852,0.5420211802466994
14929918000124,72000.0,1,1,1.0,1.0,1.0,1.0,1.0,,,0.0,,0.864499634769905,0.8220807680267139
14946241000132,1263972.3002,2,2,0.8205156999380754,0.5,0.9003221827091745,1.0,1.2187457230562078,0.6410313998761508,0.0,0.3205156999380754,0.6410313998761508,0.4095272879056663,0.9372956373348328
14969199000175,1257180.03,48,20,0.24122664112501932,0.08506944444444445,0.3385513529036887,0.846209170217252,4.145479103536226,0.20129120118423086,0.036915204678362575,0.15615719668057487,0.1643759965058683,0.6930937865914957,0.8660875476647499
14986862000140,228485.34999999998,74,37,0.04812610283681232,0.04382761139517897,0.09998452854854807,0.3195544922245562,20.778744611647348,0.02168516124894599,0.01726726726726727,0.0042984914416333495,0.00441789398167872,0.6369446170654988,0.5078643578171069
14994916000119,260300.0,1,1,1.0,1.0,1.0,1.0,1.0,,,0.0,,0.864499634769905,0.9503287070854638
15003550000131,86800.0,2,2,0.5006795642294379,0.5,0.5184331797235023,1.0,1.9972854325281528,0.001359128458875869,0.0,0.0006795642294379345,0.001359128458875869,0.4095272879056663,0.5786082641544094
15043792000159,60000.0,1,1,1.0,1.0,1.0,1.0,1.0,,,0.0,,0.98810393404988,0.99405196702494
15056310000103,321296.0,1,1,1.0,1.0,1.0,1.0,1.0,,,0.0,,0.4095272879056663,0.8763435249921736
15083237000150,1000472.7,1,1,1.0,1.0,1.0,1.0,1.0,,,0.0,,0.4095272879056663,0.9531461963894396
15111217000146,134106.11,4,3,0.473620692458791,0.375,0.5617641135068343,1.0,2.1113942357723494,0.21043103868818652,0.06250000000000001,0.09862069245879101,0.14793103868818652,0.4095272879056663,0.6374159537020487
15114696000154,10800.0,1,1,1.0,1.0,1.0,1.0,1.0,,,0.0,,0.864499634769905,0.5326620056349786
15163648000156,149263.35,13,9,0.6931568947810752,0.1597633136094675,0.8280666352456916,0.9614594607450523,1.4426748222937857,0.6548015066287097,0.05473372781065094,0.5333935811716077,0.6000677788180588,0.4340456131720327,0.6887940526634152
15171474000173,240851.64,3,3,0.3442767583978257,0.3333333333333333,0.40137173240755175,0.9999999999999998,2.9046398736113916,0.01641513759673854,0.0,0.010943425064492363,0.01641513759673854,0.4095272879056662,0.6924626443187396
15196311000145,237022.55,8,8,0.16080779875131868,0.125,0.25440617358981243,0.7246633284470191,6.218603872231661,0.04092319857293563,0.0,0.035807798751318676,0.04092319857293563,0.7615682766716663,0.6813449818318091
15224648000119,13434.52,4,4,0.3239989389010674,0.25,0.44652134947880534,1.0,3.086429861134047,0.09866525186808987,0.0,0.0739989389010674,0.09866525186808987,0.55886841114654,0.3438745403292402
15245503000102,111350.0,2,2,0.6294164224062406,0.5,0.7543780871127077,1.0,1.588773289672089,0.25883284481248126,0.0,0.12941642240624063,0.25883284481248126,0.4095272879056663,0.6448326747602224
15276747000144,14899.2,1,1,1.0,1.0,1.0,1.0,1.0,,,0.0,,0.864499634769905,0.5013043931962851
15282487000110,90000.0,1,1,1.0,1.0,1.0,1.0,1.0,,,0.0,,0.9247626004382761,0.8587081289783992
15283041000100,297335.0,1,1,1.0,1.0,1.0,1.0,1.0,,,0.0,,0.4095272879056663,0.867995408535949
15316822000153,106316.54999999999,3,3,0.8474049825717369,0.3333333333333333,0.9186513294496483,1.0000000000000002,1.1800733068209748,0.7711074738576054,0.0,0.5140716492384036,0.7711074738576054,0.40952728790566634,0.6772433530709234
15345471000109,61382.03,5,5,0.6376623128188912,0.20000000000000004,0.7819878228204574,0.9918542935122869,1.5682281670047826,0.5470778910236139,3.469446951953614e-17,0.4376623128188911,0.5470778910236139,0.5030525446256393,0.5410964869208638
15358498000136,27659.559999999998,6,5,0.46034586234228764,0.22222222222222227,0.646326261155275,0.974692294454431,2.172279761377448,0.32543232792785953,0.027777777777777818,0.23812364012006537,0.2976545501500817,0.5474941629209468,0.42648588484814287
15359437000193,444000.0,1,1,1.0,1.0,1.0,1.0,1.0,,,0.0,,0.4095272879056663,0.9025879161014296
15372714000106,33479.61,6,5,0.3454450714333021,0.22222222222222227,0.4695395197255882,0.9999997013107382,2.8948162318566415,0.18180633929162762,0.027777777777777818,0.12322284921107984,0.1540285615138498,0.7903309266237692,0.578191182010189
15408168000108,1264.35,3,2,0.5415214896635926,0.5555555555555556,0.6440858939375964,1.0,1.8466487832666185,0.08304297932718518,0.11111111111111116,-0.014034065891962988,-0.028068131783925976,0.9796869164159696,0.7065256255247052
15442776000139,2450.0,1,1,1.0,1.0,1.0,1.0,1.0,,,0.0,,0.9954085359490765,0.9533548993008453
15452981000185,6800.0,1,1,1.0,1.0,1.0,1.0,1.0,,,0.0,,0.4095272879056663,0.26458311593446726
15462287000149,281560.0,5,5,0.30734899935760657,0.20000000000000004,0.46171331154993606,0.9850831083960789,3.2536302447384267,0.1341862491970082,3.469446951953614e-17,0.10734899935760653,0.13418624919700817,0.9288824000603545,0.8917787938302983
15470555000174,13669.48,2,2,0.9829015513196593,0.5,0.9913764093440278,1.0,1.0173958914373307,0.9658031026393186,0.0,0.4829015513196593,0.9658031026393186,0.956527472024058,0.70056507823096
15487793000192,177058.6,1,1,1.0,1.0,1.0,1.0,1.0,,,0.0,,0.4095272879056663,0.8050714807471564
15513690000150,2883595.17,24,21,0.31031048369309633,0.05555555555555556,0.5179077200354723,0.8313603292656369,3.222578844577553,0.2758260078777512,0.00833333333333334,0.25475492813754075,0.26749267454441783,0.46493668283532175,0.8884295254483037
15553985000150,63508.25,2,2,0.9997402249852942,0.5,0.9998700956174985,1.0,1.000259842515299,0.9994804499705885,0.0,0.49974022498529425,0.9994804499705885,0.4095272879056663,0.6579032248470172
15554850000109,96000.0,1,1,1.0,1.0,1.0,1.0,1.0,,,0.0,,0.4095272879056663,0.7155379317541479
15563047000130,26500.0,2,2,0.6938412246351016,0.5,0.8113207547169812,1.0,1.4412519240636221,0.3876824492702031,0.0,0.19384122463510156,0.3876824492702031,0.4095272879056663,0.4035103435919346
15609665000174,870000.0,5,5,0.2131060906328445,0.20000000000000004,0.25287356321839083,0.896551724137931,4.6924984500929945,0.016382613291055607,3.469446951953614e-17,0.013106090632844458,0.016382613291055573,0.4095272879056663,0.8072862504362971
15635811000136,7614.0,1,1,1.0,1.0,1.0,1.0,1.0,,,0.0,,0.864499634769905,0.4064489199624335
15700983000146,88996.05,1,1,1.0,1.0,1.0,1.0,1.0,,,0.0,,0.4095272879056663,0.7055201920066785
15710935000139,28384.199999999997,2,2,0.5177898965032337,0.5,0.5943130333072625,1.0,1.931285269861875,0.03557979300646741,0.0,0.017789896503233704,0.03557979300646741,0.626954843048513,0.5482927303408132
15913253000123,18030.0,2,2,0.6590817854878586,0.5,0.7820299500831946,1.0,1.517262382330579,0.3181635709757171,0.0,0.15908178548785856,0.3181635709757171,0.8821501365684483,0.5810322043177194
16098402000100,924922.56,11,11,0.37388617328916035,0.09090909090909091,0.465594741250554,0.9327689877085494,2.6746108078904767,0.31127479061807645,0.0,0.28297708238006947,0.31127479061807645,0.4321564393324265,0.8472743705482836
16176067000111,412390.0,8,8,0.26095148012081865,0.125,0.43648003103857996,0.8437401488881883,3.832130017185598,0.15537312013807844,0.0,0.13595148012081865,0.15537312013807844,0.42837329896581733,0.6930071040140031
16236457000130,1125101.87,10,8,0.5885819402021764,0.16000000000000003,0.7537762869419105,0.9506872564348329,1.6989987828313295,0.5298079316596301,0.040000000000000036,0.4285819402021763,0.4898079316596301,0.4095272879056663,0.8702064635999732
16247298000179,168000.0,3,3,0.336734693877551,0.3333333333333333,0.35714285714285715,1.0,2.9696969696969697,0.005102040816326535,0.0,0.003401360544217691,0.005102040816326535,0.4095272879056663,0.630573485785841
16501189000136,89580.46999999999,24,20,0.33712057204664864,0.05555555555555556,0.5375055522704894,0.8991915313683887,2.9662977667872084,0.30223218110173544,0.00584795321637427,0.28156501649109306,0.2963842278853612,0.46814488723268494,0.5182121922166211
16571776000100,1620.0,1,1,1.0,1.0,1.0,1.0,1.0,,,0.0,,0.4095272879056663,0.11207346342481478
16673998000125,6805095.750000001,10,10,0.24064699878321713,0.10000000000000003,0.44070966966188535,0.7120277639003096,4.15546424869746,0.15627444309246347,3.0839528461809905e-17,0.1406469987832171,0.15627444309246344,0.411459564945612,0.9416216815258749
16692121000181,45066981.93000001,75,69,0.3171451732200865,0.015822222222222227,0.4770138109845245,0.8319805095499548,3.1531301260134224,0.3071031904733231,0.001349019607843142,0.30132295099786427,0.30575417086547996,0.46016625822270213,0.9696126139491444
16708223000148,4990208.0,3,2,0.996236524340711,0.5555555555555556,0.9981147078438414,1.0,1.0037776929146214,0.9924730486814219,0.11111111111111116,0.4406809687851554,0.8813619375703108,0.4105876786728263,0.9889481888785867
16779440000129,9200.0,1,1,1.0,1.0,1.0,1.0,1.0,,,0.0,,0.9454763643952833,0.7191380569758948
16837343000145,25200.0,1,1,1.0,1.0,1.0,1.0,1.0,,,0.0,,0.9783470729416676,0.8438902222686007
16978926000196,59096.0,4,4,0.3080473475102125,0.25,0.3570461621767971,1.0,3.246254214108588,0.07739646334695001,0.0,0.05804734751021251,0.07739646334695001,0.5627347757660689,0.46718660917820143
17058108000138,1284639.9,9,9,0.2059752417276083,0.1111111111111111,0.2748630180333026,0.8441065858222216,4.854952428323637,0.10672214694355936,0.0,0.0948641306164972,0.10672214694355936,0.6106718136350584,0.8698957568257557
17228178000197,650000.0,1,1,1.0,1.0,1.0,1.0,1.0,,,0.0,,0.4095272879056663,0.9297192945841595
17256349000191,23620.0,1,1,1.0,1.0,1.0,1.0,1.0,,,0.0,,0.4095272879056663,0.46133778566211
17257474000116,385559.42,12,12,0.08968698166060654,0.08333333333333334,0.1596496332523791,0.3888360969108212,11.14989022358005,0.006931252720661686,1.5139404881252137e-17,0.006353648327273198,0.0069312527206616716,0.4821634562225163,0.5407797654109247
17263702000160,35023.5,1,1,1.0,1.0,1.0,1.0,1.0,,,0.0,,0.9247626004382761,0.8286549097359908
17323405000163,142582.0,5,5,0.21031820308596041,0.20000000000000004,0.25242316701967993,0.8842771177287455,4.754700189176131,0.012897753857450504,3.469446951953614e-17,0.010318203085960376,0.01289775385745047,0.5179354977496738,0.5251879092836236
17380242000150,329680.26,5,5,0.4975398178369298,0.20000000000000004,0.6742904776888977,0.997573406427185,2.0098893880444217,0.3719247722961622,3.469446951953614e-17,0.29753981783692973,0.37192477229616216,0.49170603603823315,0.7864058960062656
17387125000119,1039966.01,9,9,0.4050401519071345,0.1111111111111111,0.5769419329387505,0.9362959852889806,2.468891035349194,0.3306701708955263,0.0,0.2939290407960234,0.3306701708955263,0.5802055341135383,0.862165319583603
17391027000155,43951.67,6,6,0.3138228918811771,0.16666666666666669,0.47525042848201215,0.940003417390056,3.1865106908091025,0.17658747025741256,3.3306690738754695e-17,0.14715622521451044,0.17658747025741253,0.4841544408575927,0.3966352958254868
17444886000165,23245.289999999997,7,5,0.35073625751096404,0.26530612244897955,0.4848504793874372,0.9927297099756552,2.8511452083585627,0.18842032188870503,0.08163265306122443,0.08543013506198449,0.1067876688274806,0.6593393761844382,0.4353233815961243
17467454000170,784408.6,4,4,0.33610286625853686,0.25,0.4926450321936807,1.0,2.975279595594941,0.11480382167804914,0.0,0.08610286625853686,0.11480382167804914,0.7201926677731039,0.8861776608452498
17509587000161,428744.0,5,4,0.5170156497535845,0.28,0.667064728602616,0.9999999999999999,1.9341774286264086,0.35602086633811264,0.040000000000000036,0.23701564975358447,0.3160208663381126,0.5589425007843786,0.8660484043630844
17526493000109,3000000.0,1,1,1.0,1.0,1.0,1.0,1.0,,,0.0,,0.9247626004382761,0.985390796201607
17526555000174,1166348.0,5,4,0.3254761716744861,0.28,0.3429508174232733,1.0,3.072421538127577,0.10063489556598149,0.040000000000000036,0.04547617167448609,0.06063489556598145,0.7020894221470583,0.9111744209525513
17527397000177,15175499.92,4,4,0.9273909218846876,0.25,0.9624394634111006,1.0,1.0782939280532882,0.9031878958462501,0.0,0.6773909218846876,0.9031878958462501,0.9223859781952799,0.9965229487477254
17572121000100,18602463.39,2,2,0.6336027123362578,0.5,0.7584595832390992,1.0,1.5782760719453683,0.2672054246725155,0.0,0.13360271233625776,0.2672054246725155,0.4095272879056663,0.9940505044079935
17590843000198,710887.1699999999,3,3,0.566462413310068,0.3333333333333333,0.7229518152648613,1.0000000000000002,1.7653421948273627,0.34969361996510195,0.0,0.23312907997673465,0.34969361996510195,0.5116828801416932,0.8952732697236226
17688751000145,292000.0,1,1,1.0,1.0,1.0,1.0,1.0,,,0.0,,0.4095272879056663,0.8665344881561098
17710115000172,210650.31810000003,119,63,0.06503585316493815,0.02859967516418332,0.14424787142061288,0.43866032500427543,15.37613410658101,0.049955786280501666,0.012931927989412085,0.036436178000754826,0.03702385829108958,0.9876095225559476,0.9262952296674514
17714486000122,38822.0,4,3,0.5402277418753608,0.375,0.7040595538612127,0.9999999999999999,1.851071173295495,0.31034161281304123,0.06250000000000001,0.16522774187536082,0.24784161281304123,0.4095272879056663,0.41456920876851344
17718490000169,1634571.56,14,4,0.2893270577659775,0.2755102040816327,0.3742693284104368,1.0,3.4562961643526995,0.05243607702130334,0.03401360544217691,0.01381685368434482,0.01842247157912643,0.5310737087027472,0.909881834785637
17718507000188,20760.0,1,1,1.0,1.0,1.0,1.0,1.0,,,0.0,,0.4095272879056663,0.4396326828759261
17726399000195,33731.47,2,2,0.6428460644160585,0.5,0.7672508787787784,1.0,1.5555823631095402,0.28569212883211703,0.0,0.14284606441605852,0.28569212883211703,0.4095272879056663,0.4326573764002549
17756464000125,110906.404,127,73,0.039784503827485766,0.030566061132122256,0.09048530687190975,0.30456185379520556,25.135414641243656,0.026448177491756403,0.0171017008700684,0.00921844269536351,0.009346476621688003,0.988549513708088,0.8172312893993636
17799033000146,1158825.4788000002,578,186,0.031271886361248,0.0168460626668742,0.09570430580698414,0.2419259768867968,31.977604051388344,0.02603551817941691,0.011531717059668115,0.014425823694373802,0.014503801119748794,0.9877264217544963,0.8849119422727545
17808462000132,847893.48,3,3,0.47787051991715407,0.3333333333333333,0.4946376047142148,1.0,2.0926170548737026,0.2168057798757311,0.0,0.14453718658382075,0.2168057798757311,0.639453202905773,0.8949794737469197
17819061000188,466655.04,9,9,0.39443646697759044,0.1111111111111111,0.5797763375704674,0.9196665699785436,2.535262542184808,0.31874102534978926,0.0,0.28332535586647933,0.31874102534978926,0.4635808163003902,0.7768305167890656
17827393000104,55800.0,1,1,1.0,1.0,1.0,1.0,1.0,,,0.0,,0.4095272879056663,0.6274131274131274
17844908000184,654.3499999999999,2,1,1.0,1.0,1.0,1.0,1.0,,,0.0,,0.9655640196180737,0.29333194198059065
17851361000144,3906930.3000000003,25,25,0.15415010835270224,0.04,0.33980386084696723,0.6131611818106916,6.487183244217746,0.11890636286739815,0.0,0.11415010835270223,0.11890636286739815,0.600019459307955,0.8614597696163807
17901209000129,2505275.0,2,2,0.9945266419389549,0.5,0.9972557902825039,1.0,1.005503480580846,0.9890532838779098,0.0,0.4945266419389549,0.9890532838779098,0.4095272879056663,0.9755073811892302
17932766000107,653437.5922,255,77,0.0367171651887603,0.029850057670126873,0.07903264308092253,0.27139186743593663,27.23521804744653,0.02404239104650715,0.017084926849996962,0.006867107518633429,0.006957464196510187,0.9928742386148252,0.9202213119335485
17951023000184,60000.0,1,1,1.0,1.0,1.0,1.0,1.0,,,0.0,,0.9655640196180737,0.9065010956902849
17977824000119,60943.0,2,2,0.9380534062487333,0.5,0.9680028879444728,1.0,1.0660373847998597,0.8761068124974667,0.0,0.43805340624873335,0.8761068124974667,0.40952728790566634,0.6206305045326533
18070772000165,146940.0,4,4,0.32678415919965337,0.25,0.3777051857901184,1.0,3.0601238519307663,0.10237887893287116,0.0,0.07678415919965337,0.10237887893287116,0.5525769845514252,0.6350181072571899
18072138000161,4236.15,1,1,1.0,1.0,1.0,1.0,1.0,,,0.0,,0.9690597933841177,0.709068141500574
18097936000148,166110.73,25,15,0.11378429032607351,0.12320000000000003,0.15050201753974593,0.5728082707239923,8.788559449940616,0.050483168206507334,0.0605714285714286,-0.00941570967392652,-0.010088260364921268,0.5166192633537604,0.4976555112605259
18137082000186,261423.78,9,6,0.5068319313259236,0.25925925925925924,0.6885372095836118,0.9782690006241973,1.973040643638807,0.40819831759110836,0.1111111111111111,0.2475726720666644,0.29708720647999726,0.40952728790566634,0.7040609592523206
18152709000178,23160.0,2,2,0.8743590431957904,0.5,0.9326424870466321,1.0,1.1436949246215729,0.7487180863915808,0.0,0.3743590431957904,0.7487180863915808,0.4095272879056663,0.42330195039899565
18152827000186,309.0,1,1,1.0,1.0,1.0,1.0,1.0,,,0.0,,0.4095272879056663,0.02911405614108317
18180942000164,296975.85,14,12,0.25963487888932824,0.09183673469387757,0.46300061099244266,0.7966494581966851,3.8515626416520843,0.1923289587883581,0.009276437847866446,0.16779814419545067,0.18305252094049165,0.916729194044229,0.8019083221346802
18180975000104,40969.0,5,5,0.2840228102544593,0.20000000000000004,0.4165344528790061,0.9747614049647295,3.5208439741304174,0.10502851281807411,3.469446951953614e-17,0.08402281025445926,0.10502851281807407,0.9370946175247119,0.7070429224569501
18184942000132,285581.34999999986,39,31,0.39286154538710877,0.06377383300460222,0.5889670316356442,0.8650354793826697,2.5454260202907957,0.37262359690001234,0.03256629410475563,0.32908771238250656,0.3400573027952567,0.9645846838078601,0.8960486126230592
18188762000129,48000.0,1,1,1.0,1.0,1.0,1.0,1.0,,,0.0,,0.864499634769905,0.7267557132421997
18196469000103,832531.16,5,5,0.5644910414239349,0.20000000000000004,0.7351076204763315,0.9885890156952203,1.771507298818222,0.4556138017799186,3.469446951953614e-17,0.36449104142393485,0.45561380177991856,0.4095272879056663,0.8550542166569572
18208903000128,155632.0,8,8,0.14959398274603258,0.125,0.24316335972036598,0.6688470237483295,6.684760854971763,0.028107408852608668,0.0,0.024593982746032583,0.028107408852608668,0.5466048384381027,0.5017934420812034
18218274000117,360.14,1,1,1.0,1.0,1.0,1.0,1.0,,,0.0,,0.864499634769905,0.0591672753834916
18245821000153,3849.3,1,1,1.0,1.0,1.0,1.0,1.0,,,0.0,,0.9769383282896796,0.7193989356151518
18250800000126,6967.562,5,5,0.3439351852396851,0.20000000000000004,0.4611082039887123,0.9996624357271596,2.9075245654297035,0.17991898154960634,3.469446951953614e-17,0.14393518523968504,0.1799189815496063,0.6684197550983464,0.4680058944257542
18251780000108,151560.0,5,5,0.24206509780468402,0.20000000000000004,0.35629453681710216,0.8746634996041172,4.13112013697602,0.05258137225585501,3.469446951953614e-17,0.04206509780468398,0.05258137225585498,0.5931028149362874,0.5889716374726326
18255486000174,39900.0,1,1,1.0,1.0,1.0,1.0,1.0,,,0.0,,0.9836168214546593,0.9690076176562663
18256417000185,12168.0,1,1,1.0,1.0,1.0,1.0,1.0,,,0.0,,0.4095272879056663,0.35270792027548786
18273806000119,325000.0,1,1,1.0,1.0,1.0,1.0,1.0,,,0.0,,0.4095272879056663,0.8769696337263905
18302582000126,45070.0,7,6,0.45145979808348824,0.18367346938775508,0.5790991790548037,0.9835810960727759,2.21503665275434,0.3417517577001859,0.02040816326530611,0.26778632869573316,0.3213435944348798,0.4201268211696435,0.4194061200519623
18325503000100,65581.0,3,3,0.414000516813403,0.3333333333333333,0.5311446912977844,1.0,2.4154559218840705,0.12100077522010451,0.0,0.08066718348006968,0.12100077522010451,0.4095272879056663,0.47644317799895985
18346935000190,2158641.6399999997,11,10,0.2882312736521282,0.10743801652892562,0.42047275619124996,0.9263812403804088,3.469436148718959,0.20914585961347576,0.008264462809917352,0.18079325712320257,0.2008813968035584,0.5405324531435406,0.903976783900684
18423582000184,10546.0,3,3,0.45512473885099797,0.3333333333333333,0.5120424805613503,1.0,2.1971998325658744,0.18268710827649695,0.0,0.12179140551766465,0.18268710827649695,0.4095272879056663,0.21717186419571338
18476201000125,13135.94,1,1,1.0,1.0,1.0,1.0,1.0,,,0.0,,0.9911301262652614,0.9947824272148597
18503466000175,90000.0,1,1,1.0,1.0,1.0,1.0,1.0,,,0.0,,0.4095272879056663,0.7077637483042889
18504687000168,1005643.77,5,4,0.5307312220424721,0.28,0.6949578179159803,1.0,1.8841928992825945,0.3743082960566295,0.040000000000000036,0.2507312220424721,0.3343082960566295,0.4522418711354718,0.8823403666678635
18645881000163,3275.0,1,1,1.0,1.0,1.0,1.0,1.0,,,0.0,,0.4095272879056663,0.17588437858708128
18660471000191,145193.34,2,2,0.5748938756652068,0.5,0.6935121128834146,1.0,1.7394514750098966,0.14978775133041355,0.0,0.07489387566520678,0.14978775133041355,0.5674406702116395,0.7202332778876701
18872844000198,9360.0,1,1,1.0,1.0,1.0,1.0,1.0,,,0.0,,0.4095272879056663,0.30992382343733693
18982039000117,55999.99,1,1,1.0,1.0,1.0,1.0,1.0,,,0.0,,0.4095272879056663,0.6281957633308984
19061464000136,16100.0,1,1,1.0,1.0,1.0,1.0,1.0,,,0.0,,0.4095272879056663,0.3964833559428154
19110162000100,31200.0,2,2,0.9260355029585798,0.5,0.9615384615384616,1.0,1.0798722044728435,0.8520710059171597,0.0,0.42603550295857984,0.8520710059171597,0.4095272879056663,0.49006052384430754
19116243000118,30913.699999999997,17,15,0.10356552024844098,0.07266435986159168,0.17817343119717147,0.526358863545936,9.655723232994172,0.03953448598047248,0.0064260998517053775,0.0309011603868493,0.033108386128767105,0.5955621454222223,0.30966210579937337
19130038000107,1053121.5899999999,9,9,0.34847571273945277,0.1111111111111111,0.5238711324871803,0.9001517004318561,2.8696404467868235,0.2670351768318844,0.0,0.23736460162834166,0.2670351768318844,0.6603425770870381,0.8353527093239378
19164089000150,195039.2,6,5,0.2832418769647381,0.22222222222222227,0.38720421330686344,0.9942616663727086,3.5305513814417133,0.10405234620592264,0.027777777777777818,0.06101965474251586,0.07627456842814483,0.463646451885268,0.6186328925029381
19305362000119,262471.55,7,7,0.3783241555763768,0.14285714285714285,0.5714905101143343,0.9384699027380301,2.6432359268112293,0.2747115148391062,0.0,0.23546701271923393,0.2747115148391062,0.9416164058715072,0.8612604411196678
19313140000148,85615.76,6,5,0.7262743963341868,0.22222222222222227,0.8465731075680459,0.9941599537281455,1.376890063930963,0.6578429954177334,0.027777777777777818,0.5040521741119646,0.6300652176399556,0.45796427500465375,0.6704978150589238
19344044000167,731357.66,1,1,1.0,1.0,1.0,1.0,1.0,,,0.0,,0.4095272879056663,0.935615151831368
19352711000153,619.14,1,1,1.0,1.0,1.0,1.0,1.0,,,0.0,,0.4095272879056663,0.05238443076280914
19455388000143,25300.0,1,1,1.0,1.0,1.0,1.0,1.0,,,0.0,,0.4095272879056663,0.47521652927058333
19459498000183,2616401.1500000004,5,4,0.873813338840117,0.28,0.9334740011102655,0.9999999999999999,1.1444091724754175,0.8317511184534894,0.040000000000000036,0.593813338840117,0.7917511184534893,0.4095272879056663,0.9571997571981221
19459687000156,124400.08,3,3,0.42759797569126373,0.3333333333333333,0.49533730203388937,1.0,2.3386453090274326,0.1413969635368956,0.0,0.09426464235793042,0.1413969635368956,0.6248991547928959,0.6775377772170561
19462106000135,31890.0,2,2,0.8413675262084378,0.5,0.9131389150203826,1.0,1.188541236558568,0.6827350524168756,0.0,0.3413675262084378,0.6827350524168756,0.4095272879056663,0.46817094083881095
19498254000100,34467.47,14,12,0.5182343799682908,0.09183673469387757,0.7021112950849018,0.9372837635022239,1.9296288294520079,0.47443750541995366,0.009276437847866446,0.42639764527441326,0.4651610675720872,0.5402339068627068,0.5324725266444618
19500817000157,9713435.2,75,26,0.16760748930229596,0.07413333333333334,0.284622931339471,0.7330926889798988,5.96632050371213,0.1343117888743878,0.037098666666666676,0.09347415596896262,0.09721312220772113,0.582332191797962,0.9442232557262771
19519975000159,40000.0,1,1,1.0,1.0,1.0,1.0,1.0,,,0.0,,0.4095272879056663,0.5634978607951581
19528940000186,42087.45,4,4,0.3361230571131738,0.25,0.4859512752613903,1.0,2.9751008710577582,0.11483074281756507,0.0,0.0861230571131738,0.11483074281756507,0.4536327676913529,0.36002159130941863
19558782000107,12500.0,1,1,1.0,1.0,1.0,1.0,1.0,,,0.0,,0.4095272879056663,0.3565689241364917
19572240000199,2432080.16,5,3,0.36094027155001157,0.3600000000000001,0.45279157246198654,1.0,2.770541496258172,0.04141040732501738,0.04000000000000017,0.0009402715500114733,0.00141040732501721,0.4095272879056662,0.9419980919506219
19578710000121,387988.67000000004,3,3,0.5534353370382284,0.3333333333333333,0.6729285935076402,0.9999999999999999,1.8068958251773597,0.33015300555734267,0.0,0.22010200370489513,0.33015300555734267,0.8040471195124257,0.9127221017400222
19602132000111,6000.0,1,1,1.0,1.0,1.0,1.0,1.0,,,0.0,,0.4095272879056663,0.24939997912970885
19620562000166,1450106.6400000001,66,42,0.48810229052956333,0.030762167125803496,0.6925148622173056,0.8164505749728862,2.048750885629028,0.4756169805424795,0.007122219982530412,0.45734012340375985,0.46849476055994904,0.8990863441173039,0.8966691861208504
19724762000169,1113279.9,6,6,0.30472014927486624,0.16666666666666669,0.40421101647483265,0.9696124038527957,3.281699626295377,0.1656641791298395,3.3306690738754695e-17,0.13805348260819955,0.16566417912983947,0.8274022836323266,0.9205064191031332
19843891000176,571384.2,11,7,0.32366236600528997,0.17355371900826444,0.5082394647944414,0.9073063273363177,3.089639405230251,0.21093942700617163,0.03581267217630852,0.15010864699702553,0.17512675482986312,0.40952728790566634,0.7554800683779305
19893791000154,266638.4,6,6,0.4964741959784523,0.16666666666666669,0.6785369249140408,0.9636361454314156,2.014203372703385,0.3957690351741428,3.3306690738754695e-17,0.32980752931178564,0.39576903517414275,0.5538616781107066,0.7670275653896866
19922544000139,129178.8,2,2,0.6558523664564352,0.5,0.7791526163735845,0.9999999999999999,1.5247333868794155,0.3117047329128704,0.0,0.1558523664564352,0.3117047329128704,0.5233156586304316,0.7325064484006721
19958329000198,488.0,1,1,1.0,1.0,1.0,1.0,1.0,,,0.0,,0.975686110821246,0.9281018470207659
20067146000161,451128.93000000005,13,13,0.3687023261452486,0.07692307692307694,0.5829486484052353,0.8448975107847772,2.712215055584039,0.31609418665735267,1.5034270125132327e-17,0.2917792492221717,0.31609418665735267,0.45839879634706526,0.7078158103285
20080606000191,72673.18,6,6,0.914410733076071,0.16666666666666669,0.9557622220467029,0.9967801051226878,1.0936004618362334,0.8972928796912852,3.3306690738754695e-17,0.7477440664094044,0.8972928796912852,0.9221985930767334,0.8835962553303224
20146234000159,37100.0,1,1,1.0,1.0,1.0,1.0,1.0,,,0.0,,0.4095272879056663,0.5495147657309819
20260121000180,1206695.2,16,15,0.22576228685687352,0.0703125,0.42115026230318975,0.738256023559222,4.429437768027084,0.1704595930609359,0.003906250000000001,0.15544978685687352,0.1665533430609359,0.5156200069884715,0.8182089875844852
20266755000140,1051977.02,86,15,0.2965372324423392,0.2631151974040022,0.500873032378597,0.846865381146824,3.3722578165439887,0.2462898919025063,0.2104805686471452,0.03342203503833702,0.0358093232553611,0.5220930758383522,0.8377662670070913
20267427000168,4135832.2100000004,43,42,0.10489811886573269,0.0243374797187669,0.19856946759452798,0.5669586629579443,9.53305941815771,0.08306636566733593,0.0005408328826392636,0.08056063914696579,0.08252553278469667,0.6443795957137995,0.8662369734345488
20273620000101,109894.29000000001,5,5,0.2774596677046473,0.20000000000000004,0.3931050466771294,0.9674232391874046,3.6041274332689275,0.09682458463080912,3.469446951953614e-17,0.07745966770464727,0.09682458463080909,0.6264262688412107,0.6040757337267878
20420399000177,121941.65,3,3,0.3473802738067296,0.3333333333333333,0.4288940653173055,1.0,2.878689653392252,0.021070410710094408,0.0,0.014046940473396274,0.021070410710094408,0.7449814590170134,0.6850370158668443
20477137000149,158769.71,9,3,0.4886938910464844,0.3333333333333333,0.6262718499643288,1.0,2.0462707194039393,0.23304083656972663,0.0,0.1553605577131511,0.23304083656972663,0.8697331340467835,0.6877974273026328
20516886000138,82241.10999999999,8,8,0.3193883794155582,0.125,0.4085547969865679,0.9392044927409176,3.1309842951389717,0.22215814790349508,0.0,0.1943883794155582,0.22215814790349508,0.6476265775632075,0.5565981715159453
20607735000195,19358.4,1,1,1.0,1.0,1.0,1.0,1.0,,,0.0,,0.4095272879056663,0.4255452363560472
20856995000102,81600.0,2,2,0.6107266435986161,0.5,0.7352941176470589,1.0,1.637393767705382,0.22145328719723212,0.0,0.11072664359861606,0.22145328719723212,0.5513961610940943,0.672936449963477
20918579000183,1217301.2,8,7,0.5278502030809404,0.15625,0.7085345845383214,0.935347800527922,1.8944768689359777,0.4491585702610972,0.015625000000000007,0.37160020308094044,0.4335335702610972,0.41034999729748944,0.8704992361381705
20940143000190,109101.96,11,11,0.3939790416638074,0.09090909090909091,0.5728586360868311,0.9186632394138474,2.538206082681236,0.33337694583018823,0.0,0.30306995075471654,0.33337694583018823,0.4129551572961191,0.5315541116235553
20955386000100,356252.67,6,6,0.29181789174879147,0.16666666666666669,0.41221866491555,0.9595829836166561,3.4267946835173495,0.15018147009854976,3.3306690738754695e-17,0.12515122508212478,0.15018147009854974,0.6678570821037413,0.7912612470188076
20959219000120,37754.55,1,1,1.0,1.0,1.0,1.0,1.0,,,0.0,,0.9719816341437963,0.9470938119586768
21161690000130,45275.0,2,2,0.6936336962808727,0.5,0.8111540585311983,1.0,1.4416831324109587,0.38726739256174536,0.0,0.19363369628087268,0.38726739256174536,0.4954469690915137,0.5520148214792058
21247648000137,21696.559999999998,2,2,0.5052509643497117,0.5,0.5512394591585026,1.0,1.9792144311630557,0.010501928699423457,0.0,0.005250964349711729,0.010501928699423457,0.7246075485276738,0.613651816370414
21250048000128,21047.09,2,2,0.5637092159812077,0.5,0.6784785925275181,1.0,1.7739642561269335,0.12741843196241542,0.0,0.06370921598120771,0.12741843196241542,0.4095272879056663,0.3388859715396248
21254225000144,1429400.0,3,3,0.7766897550057598,0.3333333333333333,0.8751923884147195,1.0,1.2875153734872995,0.6650346325086396,0.0,0.44335642167242645,0.6650346325086396,0.8077156228204295,0.9367339477799734
21260443000191,3637358.28,27,17,0.15160833095575096,0.10836762688614539,0.2939495968486228,0.6485113668813511,6.5959435981909476,0.0985838516404854,0.05264060356652948,0.043240704069605576,0.045943248073955924,0.7184575623875304,0.9034342066234702
21337238000187,15934647.49,11,11,0.9701587034783471,0.09090909090909091,0.9849382209333079,0.9958512329788601,1.0307591906506242,0.9671745738261818,0.0,0.8792496125692562,0.9671745738261818,0.41206711500442883,0.9913722228690871
21417423000181,564863.55,9,8,0.2612327644140319,0.13580246913580246,0.41149760858175394,0.8619295757355914,3.8280037431104326,0.15569458790175078,0.01234567901234567,0.12543029527822946,0.1433489088894051,0.48372663669614946,0.7480581628169943
21611579000107,951325.0,25,25,0.30407175749532,0.04,0.5429532494152892,0.6116994717893465,3.288697405629298,0.2750747473909584,0.0,0.26407175749532,0.2750747473909584,0.40975673880313995,0.6908195829913122
21750924000185,210603.4,23,14,0.15837009092759047,0.1568998109640831,0.25494365238168043,0.732302374985399,6.314323583088787,0.09362932869125128,0.09204595026901256,0.001470279963507376,0.0015833784222387126,0.460168859576428,0.5351735789087857
21832981000103,580800.0,1,1,1.0,1.0,1.0,1.0,1.0,,,0.0,,0.864499634769905,0.9215277053114891
21857115000177,499709.0,11,11,0.16122080971314856,0.09090909090909091,0.2701572315087381,0.639972463974033,6.202673226733235,0.07734289068446341,0.0,0.07031171880405765,0.07734289068446341,0.4107153073095846,0.6406995019489112
21857271000138,131317.9,4,4,0.5859457194285471,0.25,0.7461282886796088,0.9999999999999999,1.7066427261816435,0.4479276259047295,0.0,0.3359457194285471,0.4479276259047295,0.7489950264680261,0.6424091356712984
22040711000122,295565.1,18,17,0.13130259599197702,0.06172839506172839,0.23954451997208062,0.634095872618249,7.615995650696068,0.0770090082414756,0.003086419753086417,0.06957420093024863,0.07392258848838917,0.7499166022381953,0.6620483835222095
22050561000138,342932.68,16,15,0.18379357657599013,0.0703125,0.31143138647503643,0.7180778163224338,5.440886556699365,0.12549311775998942,0.003906250000000001,0.11348107657599013,0.12158686775998942,0.5023917025619159,0.6236220268571284
22100219000103,47862.5,3,3,0.4939544667467099,0.3333333333333333,0.6580830504048054,1.0,2.024478099340238,0.24093170012006485,0.0,0.16062113341337658,0.24093170012006485,0.4095272879056663,0.4405706359473132
22224976000180,121430.53,5,5,0.8965992739527994,0.20000000000000004,0.946137021719332,0.9956179059747166,1.1153254626131273,0.8707490924409991,3.469446951953614e-17,0.6965992739527993,0.8707490924409991,0.4095272879056662,0.7118194045277487
22228688000102,1236328.24,8,8,0.2576413430674669,0.125,0.3576315623106692,0.9313465168441029,3.8813646447190595,0.1515901063628193,0.0,0.1326413430674669,0.1515901063628193,0.5618836945344645,0.8778819257236892
22236244000100,207868.4,3,3,0.3824266510713292,0.3333333333333333,0.47650340311466294,1.0,2.6148805194371314,0.07363997660699385,0.0,0.04909331773799591,0.07363997660699385,0.9503186955537396,0.9255700490712122
22239867000137,2138.4,1,1,1.0,1.0,1.0,1.0,1.0,,,0.0,,0.4095272879056663,0.13544818950224355
22257307000105,67929.08,12,7,0.2817421539005231,0.2916666666666665,0.4716683929769106,0.8385533853836973,3.5493446264809836,0.1620325128839436,0.17361111111111094,-0.009924512766143423,-0.011578598227167336,0.4095272879056663,0.39062932636099457
22405608000139,1613904.3599999999,8,8,0.4593102474483721,0.125,0.6572880192231466,0.9166547886393962,2.1771776387645327,0.382068854226711,0.0,0.3343102474483721,0.382068854226711,0.41790712683423037,0.8806391598393516
22431861000167,240122.56,1,1,1.0,1.0,1.0,1.0,1.0,,,0.0,,0.9247626004382761,0.9125534801210476
22604896000150,916837.9199999999,240,87,0.10180243444237709,0.029861111111111106,0.27267633083937015,0.4866874398039732,9.822947805496998,0.09135827670333496,0.01858042635658914,0.07194132333126599,0.07277785034674582,0.4276057589383189,0.5754948921613349
22716084000105,25200.0,1,1,1.0,1.0,1.0,1.0,1.0,,,0.0,,0.864499634769905,0.6089950954815819
22794608000178,1289867.48,9,9,0.40510707031717985,0.1111111111111111,0.5760087850265052,0.9591520207951905,2.4684832067163054,0.3307454541068274,0.0,0.29399595920606875,0.3307454541068274,0.4263664270111859,0.8813057293590512
22859490000119,12270.0,4,4,0.3913368656465601,0.25,0.5599022004889975,0.9999999999999999,2.555343203732715,0.1884491541954135,0.0,0.14133686564656012,0.1884491541954135,0.4095272879056663,0.20768227422559016
22896496000166,25200.0,1,1,1.0,1.0,1.0,1.0,1.0,,,0.0,,0.864499634769905,0.6089950954815819
22936439000163,1569399.08,27,25,0.16010780441494762,0.04252400548696844,0.29425052294538107,0.711396810555031,6.245791725482185,0.12511229626557044,0.0026291723822587923,0.11758379892797918,0.12248312388331165,0.6872698178586453,0.7879231183165757
22988000000184,409209.9,2,2,0.7196288855893356,0.5,0.8313826229521817,0.9999999999999999,1.3896051423520281,0.43925777117867115,0.0,0.21962888558933558,0.43925777117867115,0.4095272879056662,0.8448000030110836
23090384000186,7091.9,1,1,1.0,1.0,1.0,1.0,1.0,,,0.0,,0.4095272879056663,0.2701659188145675
23108791000173,54000.0,1,1,1.0,1.0,1.0,1.0,1.0,,,0.0,,0.4095272879056663,0.6198998226025253
23278690000140,695091.2999999999,14,14,0.16287265811577145,0.07142857142857142,0.27118739653337626,0.7492448833699976,6.1397659470209565,0.09847824720160002,0.0,0.09144408668720003,0.09847824720160002,0.6123435550798176,0.7572247517355953
23283347000194,2171983.0,4,4,0.3077893144154592,0.25,0.36663178302960936,1.0,3.248975689423003,0.07705241922061228,0.0,0.0577893144154592,0.07705241922061228,0.4095272879056663,0.9201068997804752
23318150000143,4077.2,2,2,0.5256130410151669,0.5,0.6131658981654077,1.0,1.9025403138183254,0.05122608203033385,0.0,0.025613041015166926,0.05122608203033385,0.9201343784258398,0.4822958945979249
23441261000142,67104.0,2,2,0.5041263218863654,0.5,0.5454220314735336,1.0,1.9836298098027283,0.008252643772730828,0.0,0.004126321886365414,0.008252643772730828,0.4095272879056663,0.5310907996501315
23535271000147,3760211.64,3,3,0.8098882056036463,0.3333333333333333,0.894338383570346,1.0,1.2347383170676685,0.7148323084054694,0.0,0.47655487227031296,0.7148323084054694,0.9158553972629266,0.9853170932846586
23595982000107,45727.62,1,1,1.0,1.0,1.0,1.0,1.0,,,0.0,,0.864499634769905,0.7188771783366378
23681516000144,1292.41,2,2,0.9999845251543626,0.5,0.9999922625173127,1.0,1.000015475085112,0.9999690503087253,0.0,0.49998452515436265,0.9999690503087253,0.40953127452997695,0.09401993935320214
23802507000164,17864.0,3,3,0.35723791781824127,0.3333333333333333,0.45342588446036725,1.0,2.799254922622153,0.035856876727361923,0.0,0.023904584484907954,0.035856876727361923,0.864499634769905,0.46003271485896974
23848604000198,576523.71,78,24,0.7548147074025257,0.10124917817225511,0.8678399367130972,0.9267044541845468,1.3248284515297906,0.7441544772895919,0.062173055484092285,0.6535655292302706,0.6819814218054997,0.8365522633675332,0.8640893927925964
23848859000150,529812.58,37,24,0.8929045794080979,0.0650109569028488,0.9447682423848827,0.9697596459487617,1.11994049875172,0.8882482567736674,0.02435925937688571,0.8278936225052491,0.8638889973967816,0.8601117350705378,0.922797218816039
23982047000101,2585271.0,9,9,0.8006010968749564,0.1111111111111111,0.8935233482292572,0.9621544511194378,1.2490614913011882,0.775676233984326,0.0,0.6894899857638452,0.775676233984326,0.41216708280645753,0.9347981051577873
24073730000180,432122.4,12,9,0.15692806098267917,0.13888888888888887,0.2635827256351441,0.6906385783287328,6.372346626460734,0.051544068605514075,0.031249999999999983,0.0180391720937903,0.020294068605514092,0.4095272879056663,0.6347492009589325
24089583000137,110536.44,4,4,0.340258594273782,0.25,0.4618064413871118,1.0,2.9389411959874576,0.1203447923650427,0.0,0.09025859427378202,0.1203447923650427,0.7974119680415005,0.6836587802814355
24121284000132,92677.6,4,4,0.453990497043662,0.25,0.6215094046457827,0.9999999999999999,2.2026892776652685,0.27198732939154935,0.0,0.203990497043662,0.27198732939154935,0.5175295627920816,0.5683019370975456
24513574000121,10248179.81,46,38,0.05855089265237847,0.030245746691871467,0.12805515948495053,0.3812381313008988,17.07915891115586,0.033106322183523836,0.004036172278138264,0.028305145960507004,0.029070149905385572,0.4890163125659989,0.8913802611070439
24599430000130,59545.0,1,1,1.0,1.0,1.0,1.0,1.0,,,0.0,,0.9454763643952833,0.9971825106960243
24767074000116,638.0,3,3,0.5850681990153399,0.3333333333333333,0.7429467084639498,1.0,1.709202451411619,0.37760229852300986,0.0,0.2517348656820066,0.37760229852300986,0.9902886904284853,0.7095862186728915
24810277000148,1673870.9300000002,17,15,0.19308082726070835,0.07266435986159168,0.31543650740143986,0.7455771993124942,5.179178141026633,0.1354437434936161,0.0064260998517053775,0.12041646739911667,0.1290176436419107,0.5969069955060538,0.824334020655241
24811911000167,101560.0,4,4,0.5929959741075845,0.25,0.7325718786923986,1.0,1.686352089497617,0.4573279654767794,0.0,0.34299597410758453,0.4573279654767794,0.5488107941244418,0.6724153605507192
24811986000148,41304.0,1,1,1.0,1.0,1.0,1.0,1.0,,,0.0,,0.864499634769905,0.727433997704268
24812000000154,39600.0,3,3,0.36685032139577595,0.3333333333333333,0.45454545454545453,1.0,2.725907384230288,0.05027548209366394,0.0,0.03351698806244263,0.05027548209366394,0.7590611847368604,0.567909871963926
24977548000154,90000.0,1,1,1.0,1.0,1.0,1.0,1.0,,,0.0,,0.9612856099342586,0.8255243660649066
24996845000147,3363420.0800000005,12,10,0.5915380862548657,0.11111111111111112,0.7429937208438144,0.970179954446844,1.6905082246372,0.546153429172073,0.012345679012345682,0.4804269751437546,0.5338077501597273,0.4133907316364476,0.9446013409238948
25005158000185,22200.0,2,2,0.9821443064686308,0.5,0.990990990990991,1.0,1.0181803156763904,0.9642886129372616,0.0,0.4821443064686308,0.9642886129372616,0.4141690474780321,0.44684656481588547
25044199000180,6886.0,1,1,1.0,1.0,1.0,1.0,1.0,,,0.0,,0.9247626004382761,0.6658666388396118
25107871000130,86347.11,1,1,1.0,1.0,1.0,1.0,1.0,,,0.0,,0.4095272879056663,0.7010330794114578
25118534000148,18600.0,1,1,1.0,1.0,1.0,1.0,1.0,,,0.0,,0.864499634769905,0.49024313889178756
25141524000123,5570197.62,18,18,0.13290046480741105,0.05555555555555555,0.2417674545629496,0.6185675509300872,7.5244281609482835,0.08189460979608229,0.0,0.0773449092518555,0.08189460979608229,0.841700783669921,0.9222876338944952
25234161000170,169050.0,3,3,0.7082885981572652,0.3333333333333333,0.8281573498964804,1.0,1.411853872279848,0.5624328972358977,0.0,0.3749552648239319,0.5624328972358977,0.42042724652619373,0.721930577238858
25269069000146,131652.34,4,3,0.5465427573206428,0.375,0.6791549622285483,1.0,1.8296830149252628,0.31981413598096425,0.06250000000000001,0.17154275732064284,0.25731413598096425,0.8157269705384911,0.7874770727335005
25769548000121,85440593.43999998,155,84,0.20744579218595552,0.01818938605619147,0.4286662762439727,0.6358632029885395,4.820536437314644,0.19789694630867788,0.006360342514699802,0.18925640612976405,0.19153660379397808,0.752867082976914,0.9757545051492459
25838855000117,1051398.12,9,7,0.3253550245571085,0.18518518518518517,0.4328522101599344,0.9704975694649329,3.073565565373567,0.2129141953166266,0.049382716049382706,0.14016983937192334,0.16353147926724387,0.4095272879056662,0.8542522718339242
25947276000102,474870.06,8,8,0.568707616085922,0.125,0.7366158228632059,0.987421274779884,1.7583727942354777,0.5070944183839109,0.0,0.443707616085922,0.5070944183839109,0.474951394213403,0.8145363259955876
26063838000118,314253.27,25,21,0.06454090116815764,0.052799999999999986,0.10819298714059522,0.37549330831147754,15.49405077866138,0.017767946226565523,0.005439999999999988,0.011740901168157653,0.012327946226565535,0.438704965353187,0.44688040017913544
26104750000105,54050.0,2,2,0.7362088928177475,0.5,0.8436632747456059,1.0,1.3583101341965933,0.47241778563549497,0.0,0.23620889281774748,0.47241778563549497,0.9504695477643448,0.8539489882590614
26141515000103,253635.96,6,6,0.8176095209487191,0.16666666666666669,0.9028688203360439,0.9827358865044216,1.223077733781332,0.7811314251384629,3.3306690738754695e-17,0.6509428542820523,0.7811314251384629,0.8203076340045028,0.8084934644915314
26195928000162,41800.0,2,2,0.7609944827270438,0.5,0.861244019138756,1.0,1.3140699738275021,0.5219889654540877,0.0,0.26099448272704384,0.5219889654540877,0.483893427705661,0.5667567218065085
26643419000155,10240.0,1,1,1.0,1.0,1.0,1.0,1.0,,,0.0,,0.4095272879056663,0.3270374621725973
26938926000116,21083633.72,45,40,0.45159515942608847,0.027160493827160494,0.5844578863230223,0.9881057623495842,2.2143727166403955,0.4375334968472702,0.002215891104779992,0.42443466559892795,0.43531760574249023,0.577574234938994,0.9870865979338704
27108141000189,6948239.619999999,13,12,0.580438301007721,0.08875739644970415,0.748340342931351,0.9769200346029517,1.7228359986993658,0.5422963283720593,0.005917159763313625,0.49168090455801683,0.5363791686087457,0.7970075348450247,0.9641975583506903
27142702000590,42900.0,1,1,1.0,1.0,1.0,1.0,1.0,,,0.0,,0.4095272879056663,0.5769591985808202
27142702000670,11168.16,2,2,0.5709890293102107,0.5,0.6883998796578845,1.0,1.7513471339511735,0.14197805862042134,0.0,0.07098902931021067,0.14197805862042134,0.4095272879056663,0.24952794387523305
27142702000913,5965000.0,1,1,1.0,1.0,1.0,1.0,1.0,,,0.0,,0.4095272879056663,0.9908170718981529
27142702001138,1967540.0,82,64,0.034500217404637344,0.019333729922665084,0.08386106508635148,0.26784715939701353,28.985324592928073,0.019174824030107777,0.003767598651596276,0.01516648748197226,0.015407225378511502,0.4395883820091412,0.6029592568509734
27142702001480,138298.55,6,6,0.8844036451737745,0.16666666666666669,0.9399953940225694,0.9860368745731608,1.1307054255791904,0.8612843742085293,3.3306690738754695e-17,0.7177369785071077,0.8612843742085293,0.4198604992191658,0.7277011985121948
27142702001642,60120.0,1,1,1.0,1.0,1.0,1.0,1.0,,,0.0,,0.4095272879056663,0.6461442137117813
27142702002029,152400.0,1,1,1.0,1.0,1.0,1.0,1.0,,,0.0,,0.4095272879056663,0.7847751226129605
27165554003382,533313.64,2,2,0.6247964691486951,0.5,0.7497963862315616,1.0,1.6005212087106246,0.24959293829739027,0.0,0.12479646914869513,0.24959293829739027,0.4095272879056663,0.8624909927971375
27562511000153,779092.5299999999,8,7,0.3061799485043239,0.15625,0.5082836566280516,0.8110608376645582,3.2660531980783123,0.19054327325504453,0.015625000000000007,0.1499299485043239,0.17491827325504453,0.8671655786907848,0.9180640406897458
27611852000171,50121.86,70,41,0.08486276971776151,0.03795918367346939,0.19841043409003578,0.47778115177688935,11.783730407643096,0.06198433896070554,0.013908163265306125,0.046903586044292116,0.04807617569539942,0.9963357035857585,0.8704525079363459
27744234000108,335607.07999999996,3,3,0.4267153204566388,0.3333333333333333,0.5549477680864182,1.0,2.343482767222594,0.1400729806849582,0.0,0.09338198712330548,0.1400729806849582,0.4775300335909052,0.7854838871066506
27780220000131,5129880.869999999,23,22,0.21023188300145612,0.04725897920604913,0.33811993766631077,0.8071015886963473,4.756652443592839,0.17262387743009686,0.001890359168241943,0.162972903795407,0.1707335182618549,0.5576952134471506,0.9194385847624167
27834977000160,6890785.8100000005,12,11,0.46524965159643006,0.09722222222222224,0.49682473151781215,0.9946634533398738,2.149383662230932,0.411774616756073,0.006944444444444459,0.36802742937420785,0.40483017231162854,0.42402256046742404,0.9749668144534454
27993108000189,2474999.01,3,3,0.5668522637053302,0.3333333333333333,0.6828281519191396,1.0,1.7641280877372227,0.3502783955579952,0.0,0.23351893037199684,0.3502783955579952,0.4095272901982371,0.9595900528681983
27998368000147,119589.0,2,2,0.5006734706864703,0.5,0.5183503499485739,1.0,1.9973097408754377,0.0013469413729405577,0.0,0.0006734706864702789,0.0013469413729405577,0.4095272879056663,0.6429174912073434
28052214000120,82500.63,6,6,0.9189264579786035,0.16666666666666669,0.9583215303931618,0.9920606666882423,1.0882263660138125,0.9027117495743242,3.3306690738754695e-17,0.7522597913119369,0.9027117495743242,0.41676397194531956,0.669991403865554
28161852000180,7000.0,1,1,1.0,1.0,1.0,1.0,1.0,,,0.0,,0.4095272879056663,0.26813106542836274
28164691000188,48883101.33,29,16,0.16279820000218567,0.08204518430439951,0.3068902449279194,0.6801410331057651,6.142574057861662,0.10698474666899806,0.02084819659135948,0.08075301569778616,0.08613655007763857,0.5299847523452377,0.9861781637768983
28174884000110,45540.0,2,1,1.0,1.0,1.0,1.0,1.0,,,0.0,,0.4095272879056663,0.5878117499739122
28199862000104,218314.96,2,2,0.7251377792877965,0.5,0.835512875526258,1.0,1.3790482699469375,0.4502755585755931,0.0,0.22513777928779655,0.4502755585755931,0.4843643809564348,0.8179561134954745
28204564000165,90200.0,3,2,0.9955752429929057,0.5555555555555556,0.9977827050997783,1.0,1.004444422496679,0.9911504859858113,0.11111111111111116,0.4400196874373501,0.8800393748747002,0.9552332255034958,0.8511773551325298
28543098000142,631510.0,4,4,0.7625720227489264,0.25,0.8677613972858704,1.0,1.3113515447304125,0.6834293636652352,0.0,0.5125720227489264,0.6834293636652352,0.4186166366241407,0.871099012937943
28546334000184,228000.0,1,1,1.0,1.0,1.0,1.0,1.0,,,0.0,,0.864499634769905,0.9081185432536784
28550176000136,539500.0,14,12,0.1121803818968753,0.09183673469387757,0.18535681186283595,0.5653382761816497,8.914214616592014,0.031469507523863974,0.009276437847866446,0.020343647202997736,0.022193069675997528,0.4095272879056663,0.6185469770621187
28553049000190,33830069.47,8,8,0.2934006103310756,0.125,0.4754653257293474,0.9114537674048708,3.4083092017824774,0.19245784037837213,0.0,0.16840061033107562,0.19245784037837213,0.412916374396058,0.9886729194019301
28612996000105,44316.0,1,1,1.0,1.0,1.0,1.0,1.0,,,0.0,,0.4095272879056663,0.5831159344672858
28650418000163,1754.0,1,1,1.0,1.0,1.0,1.0,1.0,,,0.0,,0.9247626004382761,0.2530522800793071
28725566000108,68000.0,5,5,0.3425605536332181,0.20000000000000004,0.4411764705882353,0.9558823529411764,2.9191919191919187,0.17820069204152258,3.469446951953614e-17,0.14256055363321804,0.17820069204152256,0.51688038254016,0.5657736432776178
28841729000100,2825046.0,15,15,0.20993654193205746,0.06666666666666667,0.3362777101682592,0.8484817592350709,4.763344155319247,0.1535034377843473,0.0,0.1432698752653908,0.1535034377843473,0.42080075541044204,0.8856244232943098
28842189000189,1727478.32,8,8,0.4293612707754373,0.125,0.5850564885815759,0.944137521795353,2.329040991969245,0.34784145231478547,0.0,0.3043612707754373,0.34784145231478547,0.44133588594832995,0.9129059341622748
28842205000133,556493.38,6,6,0.26183949895725234,0.16666666666666669,0.431271976676524,0.8724101623634769,3.8191334920147364,0.11420739874870281,3.3306690738754695e-17,0.09517283229058565,0.11420739874870278,0.4095272879056663,0.7429466942419076
28983143000180,2280.0,1,1,1.0,1.0,1.0,1.0,1.0,,,0.0,,0.4095272879056663,0.14113534383804655
28997560000181,3201797.5599999996,19,12,0.29789499523185486,0.12465373961218834,0.4498250538987855,0.8585222889607049,3.356887547646409,0.23406726752565987,0.04507680684966001,0.17324125561966652,0.18899046067599987,0.6051950992420382,0.9247764651067313
29053402000136,535406.31,1,1,1.0,1.0,1.0,1.0,1.0,,,0.0,,0.4095272879056663,0.91672753834916
29063294000182,8827265.12,13,13,0.3342592880835547,0.07692307692307694,0.4574463262524056,0.9106773401182269,2.9916894927091158,0.2787808954238509,1.5034270125132327e-17,0.2573362111604778,0.2787808954238509,0.4146026001781181,0.955643751412719
29112760000172,8315836.260000001,30,24,0.3955827001873194,0.05111111111111112,0.5761295473126595,0.9570585640655699,2.527916411730018,0.3693036871519854,0.009855072463768128,0.3444715890762083,0.3594486146882173,0.5979033741084325,0.9636807588051371
29134183000110,7188.0,1,1,1.0,1.0,1.0,1.0,1.0,,,0.0,,0.4095272879056663,0.2711050819158927
29247491000151,1980450.0,1,1,1.0,1.0,1.0,1.0,1.0,,,0.0,,0.4095272879056663,0.9730773244286758
29315648000139,420000.0,1,1,1.0,1.0,1.0,1.0,1.0,,,0.0,,0.864499634769905,0.9423458207241991
29355454000167,2072743.1199999999,24,22,0.31819525943513666,0.05208333333333334,0.5298092992825855,0.8184022243914142,3.142724381800061,0.285728367027286,0.006944444444444453,0.26611192610180334,0.2787839225828415,0.4456165564164613,0.8667804338926458
29360329000145,45500.0,1,1,1.0,1.0,1.0,1.0,1.0,,,0.0,,0.4095272879056663,0.5873421684232495
29505936000156,556489.0,3,3,0.3960891391127913,0.3333333333333333,0.5372163690567109,1.0,2.5246842219403485,0.09413370866918698,0.0,0.062755805779458,0.09413370866918698,0.4095272879056663,0.8192991873966019
29551987000114,46368.0,1,1,1.0,1.0,1.0,1.0,1.0,,,0.0,,0.9454763643952833,0.8365856203694042
29578957000100,947728.2,3,3,0.8204230565093571,0.3333333333333333,0.90292575445154,1.0,1.218883345690803,0.7306345847640356,0.0,0.4870897231760238,0.7306345847640356,0.4095272879056663,0.9099820525520768
29578965000148,158500.15,3,3,0.501795266731534,0.3333333333333333,0.5299679527117167,1.0,1.9928446246883613,0.25269290009730094,0.0,0.16846193339820065,0.25269290009730094,0.6506484816865433,0.7269969766573339
29599447000100,5350.0,1,1,1.0,1.0,1.0,1.0,1.0,,,0.0,,0.4095272879056663,0.23406031514139622
29710485000199,8492664.91,1,1,1.0,1.0,1.0,1.0,1.0,,,0.0,,0.4095272879056663,0.9944693728477513
29742287000107,116391.91,1,1,1.0,1.0,1.0,1.0,1.0,,,0.0,,0.9852864447459042,0.9623291244912866
29799949000185,101430.0,2,2,0.7153744925821621,0.5,0.8281573498964804,1.0,1.3978692424305974,0.43074898516432425,0.0,0.21537449258216212,0.43074898516432425,0.8533774547707735,0.7630104984477992
29937718000190,20849.45,8,7,0.38017638846152657,0.15625,0.560590327322783,0.9456100760451713,2.6303579873719563,0.27687245320511433,0.015625000000000007,0.22392638846152657,0.26124745320511433,0.48707203071285393,0.2690876930948595
29957183000110,9.0,9,9,0.1111111111111111,0.1111111111111111,0.1111111111111111,0.4444444444444444,9.0,0.0,0.0,0.0,0.0,0.46007977089058166,0.027490811274595055
29974835000124,143939.6,2,2,0.6113923567721538,0.5,0.736000377936301,1.0,1.6356108952350998,0.2227847135443075,0.0,0.11139235677215376,0.2227847135443075,0.4095272879056663,0.6849546749504788
30024283000172,3736880.37,6,6,0.25148678066012337,0.16666666666666669,0.38731237200403074,0.9292200970297585,3.976352146125204,0.10178413679214804,3.3306690738754695e-17,0.08482011399345668,0.10178413679214801,0.4095272879056663,0.9338959009750272
30035300000177,36432.0,1,1,1.0,1.0,1.0,1.0,1.0,,,0.0,,0.4095272879056663,0.547062506521966
30078127000194,238000.0,4,3,0.39792387543252594,0.375,0.5294117647058824,1.0,2.5130434782608697,0.09688581314878893,0.06250000000000001,0.022923875432525942,0.03438581314878891,0.4095272879056663,0.7019354125872409
30319647000141,288500.0,1,1,1.0,1.0,1.0,1.0,1.0,,,0.0,,0.4095272879056663,0.8651779192319733
30391653000100,10910007.500000002,6,6,0.24832028077414092,0.16666666666666669,0.2888940268831163,0.967960751631014,4.027057302297219,0.09798433692896912,3.3306690738754695e-17,0.08165361410747424,0.09798433692896909,0.5555430533339419,0.9764491698345006
30497215000120,20000.0,1,1,1.0,1.0,1.0,1.0,1.0,,,0.0,,0.4095272879056663,0.43274548679954083
30499757000132,1444013.0,2,2,0.5057767554735116,0.5,0.5537436297318653,1.0,1.977156896156276,0.011553510947023282,0.0,0.005776755473511641,0.011553510947023282,0.4095272879056663,0.9348306219589533
30499841000156,2959425.8,11,11,0.17696085893052627,0.09090909090909091,0.34772285894108246,0.670749068957904,5.650967146314507,0.09465694482357889,0.0,0.08605176802143535,0.09465694482357889,0.40952728790566634,0.8751980755193302
30543746000102,1033936.82,4,4,0.6278497401285208,0.25,0.7811932841312297,1.0000000000000002,1.5927377779837897,0.5037996535046944,0.0,0.3778497401285208,0.5037996535046944,0.7649486297414338,0.9196760662728475
30597659000138,53733.6,2,2,0.5921377847011097,0.5,0.7146366519272858,1.0,1.6887961313003608,0.18427556940221934,0.0,0.09213778470110967,0.18427556940221934,0.7346672025882256,0.5999157311541652
30613786000183,754543.3,10,10,0.21507461236591785,0.10000000000000003,0.3882613496137332,0.7479491236619554,4.649549237818208,0.1278606804065754,3.0839528461809905e-17,0.11507461236591782,0.12786068040657536,0.6404746255239835,0.7668649309852061
30629684000156,609697.5,4,4,0.6079535401012516,0.25,0.7669491838165647,1.0,1.644862533136093,0.47727138680166875,0.0,0.3579535401012516,0.47727138680166875,0.4095272879056663,0.8365405777354746
30638611000120,1843374.0,1,1,1.0,1.0,1.0,1.0,1.0,,,0.0,,0.4095272879056663,0.9714077011374309
30649011000168,5951.299999999999,10,10,0.29191874354903236,0.10000000000000003,0.5124930687412834,0.7313192075680943,3.425610797862434,0.21324304838781372,3.0839528461809905e-17,0.19191874354903232,0.2132430483878137,0.9810281776827355,0.8474987300790975
30679219000120,59251.5,1,1,1.0,1.0,1.0,1.0,1.0,,,0.0,,0.4095272879056663,0.638213503078368
30695182000123,50848.8,2,2,0.8807245974003872,0.5,0.9363052815405672,0.9999999999999999,1.1354287173898345,0.7614491948007744,0.0,0.3807245974003872,0.7614491948007744,0.8683380674016823,0.7531461825987152
30704185000186,6623950.12,4,4,0.6062073208086307,0.25,0.7555914385418108,1.0,1.6496006657690676,0.4749430944115076,0.0,0.3562073208086307,0.4749430944115076,0.42326447911701065,0.9741208292518326
30714308000160,41465.84,1,1,1.0,1.0,1.0,1.0,1.0,,,0.0,,0.4095272879056663,0.5698632995930293
30731795000179,13484.0,2,2,0.9553597302132302,0.5,0.9771581133194898,1.0,1.0467261371554843,0.9107194604264603,0.0,0.4553597302132302,0.9107194604264603,0.9129936538156089,0.43708274315119666
30746268000138,337689.53,7,7,0.15305199886781332,0.14285714285714285,0.21321359889363461,0.6717709015141807,6.533727147619103,0.011893998679115543,0.0,0.010194856010670467,0.011893998679115543,0.535708606044899,0.6541648116659412
30747548000160,531277.72,31,26,0.3751629975911137,0.042663891779396446,0.6004204354739363,0.7618834081730361,2.665508076278593,0.3501695174947583,0.004370447450572301,0.33249910581171727,0.345799070044186,0.9762101552229027,0.8876909741205914
30753960000193,642417.12,36,31,0.1744466522708444,0.04012345679012348,0.2631649511457602,0.7815569267518898,5.7324115251429895,0.14692820734653922,0.008127572016460933,0.1343231954807209,0.13880063533007828,0.662476962227047,0.7809749599858834
30753994000188,14745565.05,16,14,0.2076320482671417,0.0859375,0.2782356421126093,0.8343431071161291,4.816212180854609,0.14668066736461416,0.015625000000000003,0.12169454826714171,0.13105566736461416,0.4095272879056663,0.9697626326379641
30755320000112,1342190.2,9,9,0.2451394860118811,0.1111111111111111,0.4004635110582688,0.8586534158869584,4.079310176702962,0.15078192176336624,0.0,0.13402837490077,0.15078192176336624,0.4095272879056663,0.8325391023670782
30773502000116,1837194.5,19,16,0.3816938479647497,0.08587257617728532,0.5987390012325858,0.8245087822764546,2.6199007537903842,0.34047343782906636,0.02493074792243767,0.29582127178746437,0.3155426899066287,0.8670801304138107,0.8958050772487212
30784957000137,2581184.55,9,9,0.28256026552407754,0.1111111111111111,0.38741902433903846,0.9122168347087001,3.5390680219855186,0.19288029871458726,0.0,0.17144915441296643,0.19288029871458726,0.7029878236497775,0.9261781694614196
30899445000116,1065918.5,6,6,0.6088571562246513,0.16666666666666669,0.771259716385446,0.9628311170131676,1.6424213623450095,0.5306285874695816,3.3306690738754695e-17,0.4421904895579846,0.5306285874695816,0.4095272879056663,0.8699068884386537
30899549000120,9134.0,1,1,1.0,1.0,1.0,1.0,1.0,,,0.0,,0.9836168214546593,0.8799958259417718
30920620000100,900000.0,1,1,1.0,1.0,1.0,1.0,1.0,,,0.0,,0.4095272879056663,0.9455807158509861
30935256000151,119757.96,1,1,1.0,1.0,1.0,1.0,1.0,,,0.0,,0.4095272879056663,0.7496608577689658
30941262000111,156770.0,1,1,1.0,1.0,1.0,1.0,1.0,,,0.0,,0.4095272879056663,0.7887926536575185
30957190000109,64710.0,2,2,0.5063457398140285,0.5,0.5563282336578581,1.0,1.974935150767303,0.012691479628057056,0.0,0.006345739814028528,0.012691479628057056,0.4095272879056663,0.5216906619380024
30984161000128,9552064.35,3,1,1.0,1.0,1.0,1.0,1.0,,,0.0,,0.9454763643952833,0.9971825106960243
30985841000166,2051136.8,7,6,0.6977668945324824,0.18367346938775508,0.8278808122403147,0.9779926916624967,1.4331433718563271,0.6373202734389789,0.02040816326530611,0.5140934251447273,0.6169121101736728,0.4095272879056662,0.9268920577846833
31010615000122,1419123.33,3,3,0.409100820064454,0.3333333333333333,0.46613284836914065,1.0,2.4443852247532765,0.11365123009668097,0.0,0.07576748673112066,0.11365123009668097,0.4095272879056663,0.9124905016835893
31015782000166,4638806.0,4,4,0.7336483024506345,0.25,0.8448014424401452,1.0,1.3630509287074752,0.6448644032675127,0.0,0.4836483024506345,0.6448644032675127,0.40952728790566634,0.9719400632977521
31030781000190,1943143.4,8,8,0.170337688761652,0.125,0.22449861394686568,0.7509697946121733,5.870691373529598,0.051814501441888004,0.0,0.045337688761652006,0.051814501441888004,0.40952728790566634,0.8631946597403845
31030892000105,340717.104,179,44,0.08096451694795984,0.06519771542710902,0.18256359680727974,0.4562483308733453,12.351089559921078,0.05959159873744727,0.04345812741378597,0.015766801520850818,0.016133471323661303,0.9318530007111891,0.8701659549516196
31054454000179,2000.0,1,1,1.0,1.0,1.0,1.0,1.0,,,0.0,,0.9612856099342586,0.49368673692998016
31178434000100,619917.64,5,5,0.2764168234258567,0.20000000000000004,0.35498964023672563,0.9916569562369608,3.6177248099670387,0.09552102928232088,3.469446951953614e-17,0.07641682342585668,0.09552102928232084,0.4699665048670477,0.7985259670240659
31294097000116,1259226.88,13,10,0.21054334442178418,0.1124260355029586,0.38278001181169197,0.7641251114334535,4.749615822558073,0.12282593824642686,0.013806706114398437,0.09811730891882559,0.10901923213202842,0.6680259407727234,0.8237288507070001
31384511000188,2330.0,2,2,0.5278601558326733,0.5,0.6180257510729614,1.0,1.8944411487594652,0.055720311665346633,0.0,0.027860155832673317,0.055720311665346633,0.6063339094309979,0.13441049712943925
31417180000135,6997.3099999999995,7,3,0.33688117598942624,0.5510204081632654,0.38176242013002143,1.0,2.968405691006574,0.005321763984139387,0.32653061224489804,-0.21413923217383912,-0.3212088482607587,0.40952728790566634,0.14454615867243661
31442430000197,3389042.48,9,7,0.31795838988824376,0.16049382716049382,0.3924837790761478,0.9663987982823988,3.145065618024675,0.20428478820295104,0.020576131687242795,0.15746456272774995,0.18370865651570825,0.7266401214927993,0.9564147367713282
31506306000148,1687746.55,2,2,0.9377941359502096,0.5,0.9678643692087535,1.0,1.0663321102842693,0.8755882719004191,0.0,0.43779413595020955,0.8755882719004191,0.4095272879056663,0.9571338097548459
31724255000120,582505.49,20,20,0.08654675423170165,0.05000000000000002,0.1184946771917978,0.44202172240471077,11.554448331162314,0.038470267612317526,1.460819769243627e-17,0.03654675423170163,0.03847026761231751,0.6839379673268516,0.7029155869043884
31790223000123,31011.620000000003,3,3,0.40439153234767056,0.3333333333333333,0.45343068178960017,0.9999999999999999,2.4728509872463467,0.10658729852150585,0.0,0.07105819901433724,0.10658729852150585,0.6053855123595189,0.4322599918606765
31799301000150,90000.0,1,1,1.0,1.0,1.0,1.0,1.0,,,0.0,,0.4095272879056663,0.7077637483042889
32001836000105,3915175.39,79,35,0.09046585310247755,0.041179298189392734,0.1863390339710937,0.5154241072198812,11.0538945436929,0.0637148487819622,0.012978689312610169,0.04928655491308482,0.050736159469352025,0.41093256575206216,0.8213951904233627
32286364000176,7800.0,1,1,1.0,1.0,1.0,1.0,1.0,,,0.0,,0.9719816341437963,0.7350516539705729
32370759000152,1856775.89,30,29,0.14552186307374335,0.035555555555555556,0.32055564874875664,0.603992116679197,6.871819662542728,0.11500478675494846,0.0011111111111111115,0.10996630751818778,0.11389367564383734,0.49896262516659023,0.7835145073838393
32402447000183,59780.0,3,3,0.7011569464975905,0.3333333333333333,0.8280361324857812,1.0,1.4262142092368708,0.5517354197463857,0.0,0.3678236131642572,0.5517354197463857,0.8340565202256267,0.7008067983943491
32434374000101,60000.0,1,1,1.0,1.0,1.0,1.0,1.0,,,0.0,,0.4095272879056663,0.6435876030470625
32467800000103,4371.04,5,3,0.36302725512578116,0.3600000000000001,0.4575570116036458,1.0,2.754614111972175,0.044540882688671755,0.04000000000000017,0.0030272551257810587,0.004540882688671588,0.9774410604020825,0.7615497979955743
32504706000187,4564918.970000001,121,95,0.06027948114723647,0.013045556997472856,0.15577172446502377,0.4169031197502286,16.589392957073343,0.050282454350930476,0.002546041646382142,0.047233924149763615,0.047736412704548335,0.5204557821293482,0.7732464877935458
32531313000162,7915249.93,8,8,0.2588996456476763,0.125,0.3749976344714108,0.9628086374273213,3.862500458424151,0.15302816645448722,0.0,0.1338996456476763,0.15302816645448722,0.41305735372503805,0.9625668373400611
32538167000105,75850.0,3,3,0.4689671744835177,0.3333333333333333,0.4957152274225445,1.0,2.1323454058406512,0.20345076172527657,0.0,0.1356338411501844,0.20345076172527657,0.4282754680321001,0.5499681476983763
32556060000181,23690.260000000002,2,2,0.5359920287047426,0.5,0.6341492241959353,1.0,1.8656993881356052,0.07198405740948521,0.0,0.03599202870474261,0.07198405740948521,0.4095272879056663,0.3534691786512508
32557811000184,78609.32,5,5,0.31535182140257295,0.20000000000000004,0.47068210232578017,0.9761535909482487,3.1710614371984756,0.14418977675321618,3.469446951953614e-17,0.11535182140257291,0.14418977675321615,0.42287012890905656,0.4641454034533427
32579624000100,11703.19,33,28,0.1274771291248399,0.03948576675849402,0.24643366466749667,0.5991580073467149,7.844544404672683,0.09516146724057473,0.003911165527327137,0.08799136236634589,0.09125030171324759,0.9893272245749464,0.7826094458513206
32689718000123,43440.0,1,1,1.0,1.0,1.0,1.0,1.0,,,0.0,,0.9655640196180737,0.9065010956902849
32890890000140,24095.0,1,1,1.0,1.0,1.0,1.0,1.0,,,0.0,,0.9454763643952833,0.919440676197433
32946188000151,174982.29,4,4,0.33868187262765764,0.25,0.38837101743267854,1.0000000000000002,2.95262333422665,0.11824249683687686,0.0,0.08868187262765764,0.11824249683687686,0.40952806614813697,0.6384532908725683
32951498000164,88980.0,3,3,0.536413813737076,0.3333333333333333,0.7012811867835469,1.0,1.8642323787920785,0.30462072060561396,0.0,0.20308048040374266,0.30462072060561396,0.4095272879056663,0.56860960445732
32974503000154,184695.0,2,2,0.8507617925837052,0.5,0.9187850239584179,1.0,1.175417148157381,0.7015235851674104,0.0,0.3507617925837052,0.7015235851674104,0.45305437931227854,0.7912677315374091
32988237000119,100800.0,3,3,0.4260204081632653,0.3333333333333333,0.5357142857142857,0.9999999999999999,2.3473053892215567,0.13903061224489796,0.0,0.09268707482993199,0.13903061224489796,0.45827432506969185,0.5834066278081722
33002067000114,18238.8,5,5,0.323038045024323,0.20000000000000004,0.4386253481588701,0.9539443384433187,3.095610611204341,0.1537975562804037,3.469446951953614e-17,0.12303804502432295,0.15379755628040367,0.4394473450145676,0.2460883669053481
33088052000110,60000.0,1,1,1.0,1.0,1.0,1.0,1.0,,,0.0,,0.4095272879056663,0.6435876030470625
33703761000169,312000.0,1,1,1.0,1.0,1.0,1.0,1.0,,,0.0,,0.4095272879056663,0.8735260356881979
33840043000134,7352159.080000001,33,29,0.923362041906132,0.039485766758494016,0.9607955871379213,0.9839633257772218,1.0829988180320487,0.9206249719742081,0.005181686999868803,0.883876275147638,0.9154432849743394,0.4151161151851583,0.97554002412409
33889587000190,2651845.5,1,1,1.0,1.0,1.0,1.0,1.0,,,0.0,,0.4095272879056663,0.9787123030366274
34141539000182,341344.63,4,4,0.39989257920599536,0.25,0.44700650483354604,1.0,2.5006715603113836,0.19985677227466048,0.0,0.14989257920599536,0.19985677227466048,0.7268914993358844,0.8510522630497681
34481804000171,652640.38,3,3,0.5012429731363607,0.3333333333333333,0.5249297783260055,1.0,1.9950404366625503,0.251864459704541,0.0,0.16790963980302737,0.251864459704541,0.4095272879056663,0.8771621282938316
34550730000188,234102.1,23,20,0.1339232800765501,0.054820415879017,0.3075581124646041,0.5540317664813772,7.466961677076632,0.08834029481742116,0.005074121977912631,0.0791028641975331,0.08326617283950853,0.5439158033193031,0.5764271167522396
34640221000146,23760.0,1,1,1.0,1.0,1.0,1.0,1.0,,,0.0,,0.864499634769905,0.5344359803819263
34833539000143,715850.0,4,4,0.3763943141791252,0.25,0.5339107354892785,1.0,2.656788273172751,0.16852575223883362,0.0,0.12639431417912522,0.16852575223883362,0.7439639002126613,0.8796462809996145
34906284000100,55070.4,1,1,1.0,1.0,1.0,1.0,1.0,,,0.0,,0.4095272879056663,0.6249608682041115
35001011000170,49693.9,7,5,0.33191484923591213,0.22448979591836732,0.48295666067666254,0.9834929438019556,3.0128209156717753,0.16489356154489015,0.030612244897959134,0.10742505331754482,0.13428131664693102,0.4095272879056663,0.3807290900026139
35182004000112,70115.25,4,4,0.6138508175732867,0.25,0.7533311226872899,1.0,1.6290603048363808,0.485134423431049,0.0,0.36385081757328674,0.485134423431049,0.42442098477104356,0.5548171186555944
35306813000199,1800.0,1,1,1.0,1.0,1.0,1.0,1.0,,,0.0,,0.9783470729416676,0.6588750913075238
35575880000109,4600.0,1,1,1.0,1.0,1.0,1.0,1.0,,,0.0,,0.4095272879056663,0.21538140457059377
35607532000176,21173063.97,11,11,0.8167593173404972,0.09090909090909091,0.9028452389831418,0.9628533994364539,1.2243508935486216,0.798435249074547,0.0,0.7258502264314063,0.798435249074547,0.41906025667469693,0.9839196403960743
35765033000107,11570.0,1,1,1.0,1.0,1.0,1.0,1.0,,,0.0,,0.4095272879056663,0.34342064071793804
36237794000159,20940.0,2,2,0.5555555555555556,0.5,0.6666666666666666,1.0,1.7999999999999998,0.11111111111111116,0.0,0.05555555555555558,0.11111111111111116,0.7668266722320776,0.5274966085776897
36282655000147,213294.72999999998,2,2,0.5019520554338578,0.5,0.5312414422991136,1.0,1.9922221438771854,0.0039041108677155822,0.0,0.0019520554338577911,0.0039041108677155822,0.40952728790566634,0.7321100812133607
36327906000162,18864.0,3,3,0.482325071706518,0.3333333333333333,0.6361323155216285,1.0,2.0732905226383784,0.223487607559777,0.0,0.1489917383731847,0.223487607559777,0.785618696594558,0.7845530438629263
36975571000199,4014582.0,9,9,0.5157064992374888,0.1111111111111111,0.7061009091357456,0.89966028841857,1.939087448924099,0.4551698116421749,0.0,0.4045953881263777,0.4551698116421749,0.42780985096853,0.9319868098193336
37382116000142,800596.8200000001,9,9,0.2741270931682255,0.1111111111111111,0.46547064726037757,0.841867970447347,3.647942961210051,0.18339297981425368,0.0,0.16301598205711437,0.18339297981425368,0.74883725909936,0.8511636925221788
37541703000137,4399.64,1,1,1.0,1.0,1.0,1.0,1.0,,,0.0,,0.4095272879056663,0.2085985599499113
37622644000121,83999.0,10,10,0.18692558167670012,0.10000000000000003,0.25743163609090586,0.8309503684567674,5.349722552847607,0.0965839796407779,3.0839528461809905e-17,0.08692558167670009,0.09658397964077788,0.6746825727889852,0.579741935951775
37622656000156,40800.0,1,1,1.0,1.0,1.0,1.0,1.0,,,0.0,,0.4095272879056663,0.5665240530105395
37915196000154,100166.4,4,4,0.28545777342316075,0.25,0.39534215066129963,1.0,3.5031450992143993,0.047277031230881006,0.0,0.035457773423160754,0.047277031230881006,0.6185698240952892,0.5825209916544639
39223581000166,24753219.37,4,4,0.9717481764532105,0.25,0.9857278617088424,1.0,1.0290731943021554,0.9623309019376141,0.0,0.7217481764532105,0.9623309019376141,0.858006206516806,0.9958523196991249
39244595000166,5420966.800000001,2,2,0.6209555908988955,0.5,0.7459223362150087,1.0,1.6104211229540581,0.24191118179779103,0.0,0.12095559089889552,0.24191118179779103,0.4095272879056662,0.9798991236863431
39250220000109,289511.73,4,4,0.5631565663449807,0.25,0.716402889789647,1.0,1.7757051231600416,0.41754208845997426,0.0,0.3131565663449807,0.41754208845997426,0.4419962524344541,0.7714289483264328
39563911000162,21505967.900000002,18,15,0.3523928736555664,0.07407407407407407,0.5540264755998264,0.9132352466684376,2.837741835203551,0.30613522177382113,0.007936507936507933,0.2783187995814923,0.2981987138373132,0.4095272879056663,0.973273552845864
39616875000158,11950.0,1,1,1.0,1.0,1.0,1.0,1.0,,,0.0,,0.9690597933841177,0.6120212876969634
39750948000108,166734.49,6,5,0.6471644982637123,0.22222222222222227,0.7946027243673459,0.9841664433075604,1.5452021899886592,0.5589556228296403,0.027777777777777818,0.42494227604149,0.5311778450518625,0.4095272879056663,0.678953481396358
39754247000139,105381.95,5,5,0.2823102280824438,0.20000000000000004,0.390018878944639,0.9487578280720749,3.5422025152697167,0.10288778510305477,3.469446951953614e-17,0.08231022808244379,0.10288778510305474,0.4095272879056663,0.488275779660492
39758701000120,2517406.46,17,7,0.24251853741923635,0.2802768166089965,0.37806663529416695,0.9014064657639752,4.123396135575907,0.11627162698910908,0.16032295271049593,-0.03775827918976016,-0.044051325721386855,0.4095272879056663,0.8995320407408897
39844436000100,30548.0,2,2,0.824984561611579,0.5,0.9031033128191698,1.0,1.212143895210032,0.6499691232231579,0.0,0.32498456161157896,0.6499691232231579,0.8748380055352865,0.6394957675352906
40637159000136,13350143.95,51,46,0.06414535392225319,0.02422145328719724,0.11751840398694727,0.40209225983664393,15.58959361596229,0.043348584009414375,0.002537485582468289,0.03992390063505595,0.04081109842694609,0.47291651025273596,0.9140943909098188
41163517000189,314736.0,3,3,0.6708106676081259,0.3333333333333333,0.8076483147780997,1.0,1.4907335978505636,0.5062160014121888,0.0,0.3374773342747926,0.5062160014121888,0.8270488092197096,0.8984812916396245
41210170000188,60000.0,1,1,1.0,1.0,1.0,1.0,1.0,,,0.0,,0.4095272879056663,0.6435876030470625
41464724000173,2928.0,1,1,1.0,1.0,1.0,1.0,1.0,,,0.0,,0.975686110821246,0.9281018470207659
41593983000102,5792112.9,4,4,0.9003602057060546,0.25,0.9481722809650344,1.0,1.1106665906183724,0.8671469409414061,0.0,0.6503602057060546,0.8671469409414061,0.4105235203380755,0.9794034799012727
41683884000103,281000.0,2,2,0.7310064462202859,0.5,0.8398576512455516,1.0,1.3679769927755931,0.46201289244057175,0.0,0.23100644622028588,0.46201289244057175,0.4095272879056662,0.7991039515036822
41714199000105,145414.0,5,5,0.43291556268954634,0.20000000000000004,0.6031056156903737,0.9865762581319544,2.3099192687538537,0.2911444533619329,3.469446951953614e-17,0.2329155626895463,0.29114445336193284,0.44622426624921646,0.6391891813671716
41761645000124,23304.0,4,4,0.33996248144938784,0.25,0.4035787847579815,1.0,2.9415010613424872,0.11994997526585045,0.0,0.08996248144938784,0.11994997526585045,0.9456580704423552,0.6705471535856762
41779117000100,920978.5599999999,22,22,0.12639198911186436,0.045454545454545456,0.25310578348316815,0.6219664331816801,7.9118938393709515,0.08479160764100076,0.0,0.0809374436573189,0.08479160764100076,0.5890930507375177,0.6960404467314241
41851556000179,6065.6,1,1,1.0,1.0,1.0,1.0,1.0,,,0.0,,0.975686110821246,0.9281018470207659
41863890000142,181910.0,8,7,0.3340299983426736,0.15625,0.5277334945852344,0.9073827717002914,2.9937430918229184,0.22303499806645252,0.015625000000000007,0.1777799983426736,0.20740999806645252,0.7270969621783137,0.6851767704538677
41877077000121,6000.0,1,1,1.0,1.0,1.0,1.0,1.0,,,0.0,,0.9247626004382761,0.45450276531357614
41923828000107,1719773.5,2,2,0.5725299524174895,0.5,0.6904336530362865,1.0,1.746633509351837,0.145059904834979,0.0,0.0725299524174895,0.145059904834979,0.5847910065169183,0.9487795532110419
42026149000190,15360982.38,3,3,0.9018249559006641,0.3333333333333333,0.9486214891420245,1.0,1.1088626384277502,0.8527374338509962,0.0,0.5684916225673309,0.8527374338509962,0.4095272879056663,0.9918122575409929
43008975000179,1952.0,1,1,1.0,1.0,1.0,1.0,1.0,,,0.0,,0.975686110821246,0.9281018470207659
43182629000102,53000.0,2,2,0.5087219651121395,0.5,0.5660377358490566,1.0,1.965710286913926,0.017443930224279036,0.0,0.008721965112139518,0.017443930224279036,0.7128946896922419,0.6056095798574126
43355376000121,75715.2,1,1,1.0,1.0,1.0,1.0,1.0,,,0.0,,0.975686110821246,0.9281018470207659
43467992000174,529876.18,4,4,0.452981988349189,0.25,0.6076589440197141,0.9999999999999998,2.207593294480249,0.270642651132252,0.0,0.202981988349189,0.270642651132252,0.4095272879056662,0.8074271581277347
43592124000116,36000.0,1,1,1.0,1.0,1.0,1.0,1.0,,,0.0,,0.4095272879056663,0.5433580298445163
43939047000128,248035.06,15,14,0.11771568082708837,0.07555555555555556,0.24190128605206054,0.5439553585690668,8.495044950458997,0.04984765627532594,0.00444444444444445,0.04216012527153282,0.04540321183088149,0.6636200406516304,0.6477354980511186
44065383000151,1861380.0,2,2,0.9756134735558604,0.5,0.9876543209876543,1.0,1.0249960943602563,0.9512269471117207,0.0,0.47561347355586037,0.9512269471117207,0.41514423045954574,0.9675286612223549
44209474000113,5000.0,1,1,1.0,1.0,1.0,1.0,1.0,,,0.0,,0.9847125117395388,0.977251382656788
44239770000167,1768656.0099999998,21,20,0.10886081971475953,0.052154195011337855,0.19209997765478434,0.5847875302784288,9.186041429967466,0.061958757594483715,0.0022675736961451074,0.05670662470342167,0.05969118389833861,0.8378051026342777,0.8596651983162621
44318534000136,1279359.55,42,28,0.21813315822352447,0.04761904761904763,0.3669797126226165,0.7982864160430896,4.584355758400033,0.18917512704661799,0.012345679012345692,0.17051411060447685,0.1768294480342723,0.6898989971171393,0.8487703876448571
44392215000170,400085.54000000004,36,30,0.0970132867319591,0.038580246913580266,0.19320803246225796,0.525801907262132,10.30786641383391,0.06587581386064734,0.0054278416347382065,0.05843303981837883,0.06044797222590913,0.5359471197678136,0.5415029936211285
44447258000106,83049.1,2,2,0.6393867562309012,0.5,0.7639950342628637,1.0,1.5639986131318473,0.2787735124618025,0.0,0.13938675623090124,0.2787735124618025,0.4095272879056663,0.6034787687173264
44483469000102,609817.0,6,6,0.18696143124694659,0.16666666666666669,0.24734797488426855,0.790945480365421,5.3486967516800705,0.024353717496335914,3.3306690738754695e-17,0.0202947645802799,0.02435371749633588,0.4095272879056663,0.7345053297792155
44490662000162,1524630.67,2,2,0.9806453002727258,0.5,0.9902271413705721,1.0,1.0197366975825932,0.9612906005454516,0.0,0.4806453002727258,0.9612906005454516,0.4095272879056663,0.9608868986244625
44497659000170,157268.69,29,26,0.13115130173746276,0.048751486325802604,0.2028375768883177,0.666375487708329,7.624781353690176,0.09639735380696127,0.010701545778834705,0.08239981541166015,0.08569580802812657,0.4095272879056663,0.40824373615848664
44506100000160,41000.0,1,1,1.0,1.0,1.0,1.0,1.0,,,0.0,,0.4095272879056663,0.5674632161118648
44534082000120,84841.86,1,1,1.0,1.0,1.0,1.0,1.0,,,0.0,,0.4095272879056663,0.6983199415631848
44544005000150,2079119.33,11,6,0.36965819507756503,0.23966942148760328,0.45783968061130964,0.9687367631755893,2.7052017602103233,0.24358983409307805,0.08760330578512394,0.12998877358996175,0.15598652830795412,0.4095272879056663,0.9090649223240819
44552129000188,82245.75,4,4,0.4041889468662433,0.25,0.5149202238413535,1.0,2.4740904167548305,0.2055852624883244,0.0,0.1541889468662433,0.2055852624883244,0.4714477694091526,0.5705625869016386
44553016000105,32268.8,3,3,0.4793543416307578,0.3333333333333333,0.5578143593811979,1.0,2.0861394445662302,0.2190315124461367,0.0,0.14602100829742448,0.2190315124461367,0.6438090860108078,0.4444671140899177
44616474000138,436504.52,56,42,0.044153371801185025,0.03252551020408163,0.08820069033878504,0.2835022189460948,22.648326938717762,0.020840039406091977,0.008928571428571425,0.011627861597103398,0.011911467977520553,0.482620787394099,0.4141392747492671
44699908000100,170506.09000000003,39,30,0.07341352426381019,0.04273504273504272,0.1485507057255257,0.43169144281004856,13.621468387847964,0.041462266479803646,0.009725906277630402,0.030678481528767468,0.03173636020217324,0.6637853628136378,0.4098132003667384
44827925000186,14400.0,1,1,1.0,1.0,1.0,1.0,1.0,,,0.0,,0.4095272879056663,0.3759261191693624
44848243000150,242864.39,10,10,0.15942206710867934,0.10000000000000003,0.28262274267544946,0.6940883758215851,6.272657343718243,0.0660245190096437,3.0839528461809905e-17,0.05942206710867931,0.06602451900964368,0.5000072121381521,0.5494449263593068
44956238000160,4356656.38,23,19,0.7739207598327729,0.06238185255198487,0.8791145470141485,0.9180274162452996,1.292121948267776,0.7613608020457047,0.010291955471539587,0.711538907280788,0.7510688465741651,0.44570027362206766,0.9432701822189007
44978239000106,12770.0,1,1,1.0,1.0,1.0,1.0,1.0,,,0.0,,0.4095272879056663,0.35876030470625064
45000431000196,68381081.5,3,2,0.6210419969155838,0.5555555555555556,0.7460101592572793,1.0,1.6101970639127754,0.24208399383116763,0.11111111111111116,0.06548644136002824,0.13097288272005647,0.4095272879056663,0.9990260057752689
45084018000157,2540.8,2,2,0.5507155092864302,0.5,0.6592411838790931,0.9999999999999999,1.8158195713349603,0.10143101857286041,0.0,0.050715509286430205,0.10143101857286041,0.9912275943362129,0.7960179898492581
45098362000103,19800.0,1,1,1.0,1.0,1.0,1.0,1.0,,,0.0,,0.4095272879056663,0.42878013148283417
45102052000107,457323.49,8,7,0.41604329440710613,0.15625,0.6191552723434346,0.9044007120648886,2.403596004173261,0.3187171768082905,0.015625000000000007,0.25979329440710613,0.3030921768082905,0.8361033461030618,0.79765819724377
45138345000144,12960.0,1,1,1.0,1.0,1.0,1.0,1.0,,,0.0,,0.4095272879056663,0.360742982364604
45165070000138,48000.0,1,1,1.0,1.0,1.0,1.0,1.0,,,0.0,,0.4095272879056663,0.5980381926327872
45193699000191,3552990.5700000003,53,19,0.34209545266193975,0.17052331790672837,0.4588831768275704,0.8754339024322263,2.923160750073473,0.3055452000320475,0.12444128001265771,0.17157213475521138,0.1811039200193898,0.6551988978973987,0.9324548270753863
45228400000197,18056.0,3,3,0.5876683753925412,0.3333333333333333,0.742135578201152,1.0,1.7016399756615048,0.38150256308881186,0.0,0.2543350420592079,0.38150256308881186,0.4095272879056663,0.3100944984035429
45253346000130,437000.0,4,4,0.30762322680644505,0.25,0.40160183066361554,1.0,3.250729830713319,0.07683096907526006,0.0,0.05762322680644505,0.07683096907526006,0.4095272879056663,0.7514280269861937
45271342000184,294217.0,7,6,0.2690658782123245,0.18367346938775508,0.36707600172661675,0.9559610763484095,3.7165619313902103,0.12287905385478944,0.02040816326530611,0.08539240882456944,0.10247089058948333,0.4095272879056663,0.6586276305608305
45289329000152,3900.0,1,1,1.0,1.0,1.0,1.0,1.0,,,0.0,,0.4095272879056663,0.19487634352499217
45291787000126,4300000.0,1,1,1.0,1.0,1.0,1.0,1.0,,,0.0,,0.4095272879056663,0.9865386622143378
45310125000156,6088.06,9,8,0.20595844772333255,0.13580246913580246,0.28826916948913117,0.8679907885270512,4.8553483047382295,0.0925239402552372,0.01234567901234567,0.07015597858753009,0.08017826124289154,0.5915252543002687,0.2428761261675772
45316509000186,17596489.355800003,65,38,0.16481245721295862,0.05467455621301775,0.3374080408853277,0.6488800870974014,6.067502523233866,0.14223982092141696,0.02912521989445066,0.11013790099994086,0.1131146010269663,0.41807683425219,0.948675045610856
45359973000150,6509528.85,17,16,0.16995534921083003,0.06574394463667821,0.29205192016316206,0.7438485275320655,5.88389835708847,0.1146190391582187,0.003460207612456756,0.10421140457415182,0.11115883154576194,0.45859493950646874,0.9308247646623985
45372963000154,1440000.0,1,1,1.0,1.0,1.0,1.0,1.0,,,0.0,,0.4095272879056663,0.9647292079724512
45374865000156,520600.0,3,3,0.39205737816335035,0.3333333333333333,0.5122935074913562,1.0,2.5506470626433435,0.08808606724502553,0.0,0.05872404483001703,0.08808606724502553,0.9386618294842693,0.9095055396672035
45378925000109,78000.0,1,1,1.0,1.0,1.0,1.0,1.0,,,0.0,,0.4095272879056663,0.6863716998852134
45395704000149,52049.54,4,4,0.6173080158122631,0.25,0.749286160838309,1.0,1.6199368457644034,0.4897440210830175,0.0,0.36730801581226313,0.4897440210830175,0.5450681018015211,0.6265391744836696
45400604000163,120588.0,4,4,0.338792063518958,0.25,0.5080024546389359,1.0,2.9516630041838106,0.11838941802527736,0.0,0.08879206351895802,0.11838941802527736,0.663021796955051,0.6450097918578042
45509650000103,198478.79,3,3,0.7596091694561966,0.3333333333333333,0.8657791091934811,1.0,1.3164664675070983,0.6394137541842949,0.0,0.4262758361228633,0.6394137541842949,0.45578660493057915,0.7545372877563012
45519461000103,361771.36,12,9,0.15894745916858544,0.16666666666666666,0.2465032057816849,0.692725261612749,6.291387136546573,0.05381589156465862,0.0625,-0.007719207498081221,-0.008684108435341377,0.5571117867179981,0.6241235442237811
45557047000199,70190.0,2,2,0.7517981894380225,0.5,0.8548226243054566,1.0,1.3301441983353421,0.5035963788760449,0.0,0.25179818943802246,0.5035963788760449,0.881239799660072,0.7624425656292827
45561894000127,120.0,1,1,1.0,1.0,1.0,1.0,1.0,,,0.0,,0.9454763643952833,0.9711989982260253
45579061000193,363600.0,7,6,0.2094930477646224,0.18367346938775508,0.2995049504950495,0.8715621562156215,4.773428095444761,0.0513916573175469,0.02040816326530611,0.025819578376867325,0.03098349405224079,0.5116332931425251,0.683755035474329
45676307000145,83148.89,1,1,1.0,1.0,1.0,1.0,1.0,,,0.0,,0.9247626004382761,0.8121673797349473
45704567000187,279818.02,7,7,0.17305385852087224,0.14285714285714285,0.21777725394526054,0.7567418996103252,5.77854783792289,0.03522950160768429,0.0,0.03019671566372939,0.03522950160768429,0.7166382665880411,0.6480778491057422
45742707000101,2671285.29,36,33,0.05502769722321721,0.03240740740740741,0.12158940911923338,0.3544102659285785,18.172666683534803,0.025497312761442747,0.0021701388888888933,0.022620289815809796,0.023327173872553855,0.5927218896597952,0.7476816999987794
45754108000108,19215.0,1,1,1.0,1.0,1.0,1.0,1.0,,,0.0,,0.4095272879056663,0.4243973703433163
45764732000196,395068.22,1,1,1.0,1.0,1.0,1.0,1.0,,,0.0,,0.4095272879056663,0.893457163727434
45767829000152,1150756.86,55,49,0.07520907400972077,0.024132231404958675,0.17901261957282621,0.4522412145342327,13.296267945949582,0.05594259638492329,0.003801652892561982,0.05107684260476209,0.05214094349236131,0.45676528714283005,0.6209743179159566
45788709000131,164255.63999999998,27,14,0.1969722604386948,0.08641975308641973,0.29840241711030435,0.8143043368252073,5.076857003990354,0.13520089585705594,0.016144349477682795,0.11055250735227508,0.11905654637937314,0.531557203808216,0.5203074648328153
45806848000140,1356747.8,4,4,0.8623524971591502,0.25,0.9274518079189072,1.0,1.15961860526212,0.8164699962122003,0.0,0.6123524971591502,0.8164699962122003,0.8873832100176984,0.9343501769681889
45812676000118,101494.0,8,7,0.32280207404259353,0.15625,0.4688355961928784,0.9366957652669123,3.097873528123771,0.20993575304969245,0.015625000000000007,0.16655207404259353,0.19431075304969245,0.7538719701508981,0.5991261357777499
45845902000167,301642.24,10,7,0.2140767766265756,0.22000000000000008,0.3365576386118867,0.8384435813764014,4.671221305542861,0.08308957273100487,0.09000000000000011,-0.005923223373424491,-0.0069104272689952395,0.8134868886137423,0.753971749809081
45875880000188,116064.0,3,3,0.4233512813709391,0.3333333333333333,0.4738764819409981,1.0,2.362104578405192,0.13502692205640862,0.0,0.09001794803760577,0.13502692205640862,0.4095272879056663,0.5917596486471814
45916929000101,2620757.87,26,8,0.3101366793038802,0.3254437869822485,0.5120274617357153,0.8443959456659,3.2243848171862743,0.2115847763472917,0.22907861369399832,-0.015307107678368292,-0.01749383734670662,0.41065570968337806,0.8994808696085861
45959954000164,79465.31,4,4,0.35350670339567236,0.25,0.5021058874620888,1.0000000000000002,2.8288006716543697,0.1380089378608965,0.0,0.10350670339567236,0.1380089378608965,0.4095272879056663,0.4750502098248096
45965982000194,1009709.32,14,13,0.2076514349265111,0.0816326530612245,0.4078797648416279,0.6846921052486671,4.81576253183083,0.1416223878370537,0.005102040816326534,0.12601878186528662,0.13652034702072716,0.46247413990668035,0.7607146490362022
46008811000130,11625.0,2,2,0.6503642039542143,0.5,0.7741935483870968,1.0,1.5376,0.3007284079084287,0.0,0.15036420395421435,0.3007284079084287,0.8400073382636591,0.5477104954001204
46077256000106,899049.92,1,1,1.0,1.0,1.0,1.0,1.0,,,0.0,,0.4095272879056663,0.9451111343003235
46139952000191,6835279.460000001,64,56,0.18637160583711737,0.02001953125,0.31153078853048094,0.7631355134088402,5.365624208196,0.17157836230688317,0.0022017045454545466,0.16635207458711737,0.16937665776142863,0.6291379104584903,0.918848567910463
46190305000104,2253707.41,726,24,0.16940820937249715,0.1693949259689305,0.24982258011921785,0.7615739391831701,5.902901658096073,0.1332955228234753,0.13328166188062313,1.3283403566655139e-05,1.3860942852161884e-05,0.598045935520995,0.8867758498421908
46251021000180,1399008.27,13,13,0.30275775840273184,0.07692307692307694,0.5003544332157521,0.8606090584439503,3.30297068281827,0.24465423826962615,1.5034270125132327e-17,0.2258346814796549,0.24465423826962612,0.48628042767653096,0.8589085954631768
46335839000181,260966.44,11,11,0.3065280077849787,0.09090909090909091,0.5019036164190307,0.8775649466651727,3.262344629536997,0.23718080856347656,0.0,0.21561891687588777,0.23718080856347656,0.668390062217771,0.6929147853986954
46392072000122,12285.8,4,4,0.7783083467088195,0.25,0.8790636344397598,1.0,1.284837820676899,0.7044111289450927,0.0,0.5283083467088195,0.7044111289450927,0.4095272879056663,0.2996139831915522
46392114000125,9871858.72,155,68,0.06615456435445327,0.021269510926118628,0.16762003964335503,0.4425199421816685,15.116114961350869,0.05221657277765406,0.006661593178747264,0.04488505342833464,0.045554979598906795,0.41069019412629343,0.8406522690697604
46392122000171,77649.84,2,2,0.5010449762776976,0.5,0.5228579994498379,1.0,1.9958288124732402,0.002089952555395236,0.0,0.001044976277697618,0.002089952555395236,0.6474132189920999,0.5598908955330553
46392130000118,99036.0,1,1,1.0,1.0,1.0,1.0,1.0,,,0.0,,0.9783470729416676,0.8438902222686007
46392163000168,102432.0,1,1,1.0,1.0,1.0,1.0,1.0,,,0.0,,0.4095272879056663,0.7272252947928624
46392171000104,2827802.0,1,1,1.0,1.0,1.0,1.0,1.0,,,0.0,,0.4095272879056663,0.9798601690493582
46395000000139,13092760.68,4,4,0.6373822175167313,0.25,0.7828753805648879,1.0,1.568917319181014,0.5165096233556418,0.0,0.3873822175167313,0.5165096233556418,0.40952728790566634,0.9870801063081736
46414316000120,160.0,1,1,1.0,1.0,1.0,1.0,1.0,,,0.0,,0.4095272879056663,0.015600542627569654
46561593000166,116201.76,10,10,0.18270292711450667,0.10000000000000003,0.3330414272554908,0.7305397095534526,5.473366058187251,0.09189214123834073,3.0839528461809905e-17,0.08270292711450664,0.0918921412383407,0.45573038552282447,0.4537029135163193
46622085000140,55250.0,2,2,0.6003357834606171,0.5,0.7239819004524887,1.0,1.6657344565328605,0.20067156692123422,0.0,0.10033578346061711,0.20067156692123422,0.4095272879056663,0.5151378076656297
46634242000138,52568.0,3,3,0.6880113695987272,0.3333333333333333,0.8131562928017044,0.9999999999999999,1.4534643527522455,0.5320170543980908,0.0,0.3546780362653939,0.5320170543980908,0.4095272879056662,0.5188755045208667
46675997000180,1826324.97,135,103,0.04137705498526955,0.012345679012345678,0.1472903258832408,0.2872861887224813,24.167983931094305,0.03197879081845847,0.0026627935124667154,0.02903137597292387,0.029315997305991753,0.4886012876139704,0.585795766958576
46709309000156,1529016.5699999998,155,86,0.3227163580060497,0.016024973985431838,0.5553376507881795,0.7366090022163724,3.09869634802105,0.31474831515906204,0.00444879720878986,0.30669138402061785,0.31029951795027216,0.4827920437516995,0.7811894741485977
46711362000191,86820.56,9,9,0.17247513061837846,0.1111111111111111,0.27643221835933796,0.7239068718285163,5.797937339804761,0.06903452194567579,0.0,0.06136401950726736,0.06903452194567579,0.604466426755687,0.4960317284382933
46854998000192,434859.8,11,11,0.1927298361483366,0.09090909090909091,0.3195512668680803,0.7707886541823364,5.188610232773399,0.11200281976317027,0.0,0.1018207452392457,0.11200281976317027,0.5836931289200757,0.691048194909862
46895261000118,28000.0,1,1,1.0,1.0,1.0,1.0,1.0,,,0.0,,0.4095272879056663,0.490817071898153
46965083000154,3360925.0,7,7,0.2236142326056898,0.14285714285714285,0.31419921598964573,0.9100694005370544,4.471987262829331,0.0942166047066381,0.0,0.08075708974854695,0.0942166047066381,0.6456199966211387,0.9591107390584248
46969952000119,652486.84,20,4,0.45817932175656967,0.655,0.594513139912523,1.0,2.1825515742748847,0.27757242900875956,0.54,-0.19682067824343036,-0.2624275709912405,0.4095272879056663,0.8394301976858175
47018676000176,21395749.41,6,6,0.33625082432345715,0.16666666666666669,0.42040317577265923,0.9720935224769021,2.9739704044206237,0.20350098918814857,3.3306690738754695e-17,0.16958415765679047,0.20350098918814855,0.4095272879056663,0.9873244618608323
47221115000170,5430.0,2,2,0.501846707975947,0.5,0.5303867403314917,1.0,1.9926403503436532,0.0036934159518939857,0.0,0.0018467079759469929,0.0036934159518939857,0.864499634769905,0.4577840708944188
47580335000190,24000.0,1,1,1.0,1.0,1.0,1.0,1.0,,,0.0,,0.864499634769905,0.6884587289992695
48128296000157,1589700.0,2,2,0.623447950331989,0.5,0.7484431024721646,1.0,1.6039831383959082,0.24689590066397793,0.0,0.12344795033198896,0.24689590066397793,0.4095272879056663,0.9421423659092164
48197395000190,3722465.3899999997,18,17,0.22492918087666364,0.06172839506172839,0.39274664418035066,0.8010183165195258,4.445843781151429,0.1764872546814551,0.003086419753086417,0.16320078581493525,0.1734008349283687,0.6661832734701936,0.9107398893860739
48211262000121,691544.36,9,9,0.3126694359789212,0.1111111111111111,0.4966622820841168,0.8804542632666398,3.198265915787866,0.22675311547628638,0.0,0.2015583248678101,0.22675311547628638,0.4756900979357004,0.7898029526632964
48344022000103,110725.35,7,7,0.189708398042243,0.14285714285714285,0.26642498759317534,0.8191471058795479,5.271247927449826,0.054659797715950156,0.0,0.04685125518510014,0.054659797715950156,0.43880403411967867,0.45052638748805074
48591629000180,29400.0,1,1,1.0,1.0,1.0,1.0,1.0,,,0.0,,0.9454763643952833,0.7191380569758948
48626721000138,1321830.1700000002,5,5,0.3433745888663419,0.20000000000000004,0.46598794155227974,0.9546083896693022,2.9122714156033505,0.1792182360829274,3.469446951953614e-17,0.14337458886634188,0.17921823608292736,0.434297759180255,0.8840253508667573
48962625000160,2034765.18,68,57,0.18202982424396408,0.021193771626297576,0.3710501867345696,0.671840261194169,5.493605260310297,0.16742321396260632,0.003715088976767177,0.1608360526176665,0.16370812498583914,0.4309217168963956,0.7929203959589679
48971139000109,34707.259999999995,12,12,0.17152881786329938,0.08333333333333334,0.26933846117498184,0.7831646750564578,5.829924163512596,0.09621325585087205,1.5139404881252137e-17,0.08819548452996603,0.09621325585087204,0.47441610704546533,0.27953936201677065
49095809000133,890000.0,4,4,0.34831460674157305,0.25,0.5056179775280899,1.0,2.8709677419354835,0.1310861423220974,0.0,0.09831460674157305,0.1310861423220974,0.4555357274762073,0.8630744752821886
49123521000125,964161.86,6,6,0.5894287211048502,0.16666666666666669,0.7546973907472341,0.9635206478713023,1.696557979267718,0.5073144653258203,3.3306690738754695e-17,0.42276205443818354,0.5073144653258203,0.4095272879056663,0.8639478117635139
49269236000117,265895.0,1,1,1.0,1.0,1.0,1.0,1.0,,,0.0,,0.4095272879056663,0.8543253678388814
49269244000163,330434.28,13,13,0.18746637230040877,0.07692307692307694,0.3617584713063063,0.7084442933705304,5.334290026146836,0.11975523665877616,1.5034270125132327e-17,0.11054329537733183,0.11975523665877615,0.6217564780647654,0.5953532175332393
49269251000165,77956.93,7,7,0.25338078899737637,0.14285714285714285,0.3083240963952788,0.9614161306762594,3.9466291187938265,0.12894425383027244,0.0,0.11052364614023352,0.12894425383027244,0.7080067164110192,0.48677164125404304
49286753000102,788890.28,25,22,0.12895064056402106,0.052799999999999986,0.2386643678763541,0.6389125240584786,7.7549052538713275,0.08747209963849825,0.007695238095238079,0.07615064056402107,0.07977686154326018,0.7312057315145886,0.8022262927970049
49381616000149,586762.29,12,10,0.6502452681541164,0.11111111111111112,0.8001519661394736,0.9572360214218948,1.537881241087305,0.6113836312823516,0.012345679012345682,0.5391341570430053,0.5990379522700059,0.8953587914119625,0.9116048654069703
49413800000123,1259697.0,3,3,0.9265998031522384,0.3333333333333333,0.962136132736682,1.0,1.0792145612356687,0.8898997047283577,0.0,0.5932664698189052,0.8898997047283577,0.4144342441375647,0.94296739019656
49428855000107,5223.0,1,1,1.0,1.0,1.0,1.0,1.0,,,0.0,,0.4095272879056663,0.23124282583742042
49962743000131,729363.13,6,6,0.6865294349445764,0.16666666666666669,0.8226354957097982,0.9835472763752124,1.4566017844241888,0.6238353219334917,3.3306690738754695e-17,0.5198627682779098,0.6238353219334917,0.44105359438887587,0.8762108743396136
50062751000100,1246144.4,126,88,0.048875337822534684,0.0182665658856135,0.09910660433895141,0.3390868185099576,20.460216635862015,0.0379428704411845,0.006982273539471127,0.030608771936921183,0.030960596901713374,0.46603809383834893,0.5923964648850115
50457753000107,798750.0,19,16,0.3804363123326991,0.06925207756232686,0.5834115805946792,0.838359937402191,2.62856085915763,0.33913206648821237,0.007202216066481985,0.3111842347703722,0.3319298504217304,0.4095272879056663,0.7684747106125104
50525166000108,4696317.109999999,19,17,0.08175408116835722,0.06371191135734071,0.1499046984073867,0.46372507413580505,12.23180525924678,0.02436371124137955,0.005193905817174504,0.018042169811016515,0.019169805424205048,0.48896769103225063,0.8769610695647632
50563382000130,445440.0,8,2,0.6463125185790726,0.78125,0.7704741379310345,1.0,1.547239100673022,0.29262503715814514,0.5625,-0.13493748142092743,-0.26987496284185486,0.4095272879056663,0.8456871363441727
50634611000160,15985102.73,2,2,0.9998019314336404,0.5,0.9999009559070878,1.0,1.0001981078052886,0.9996038628672808,0.0,0.4998019314336404,0.9996038628672808,0.4095272879056663,0.9969903187158864
50727113000161,1080820.25,7,7,0.5938948017281206,0.14285714285714285,0.7634109372025552,0.9205649598071464,1.6837998869331585,0.5262106020161407,0.0,0.45103765887097774,0.5262106020161407,0.8028635607260374,0.8881689440325371
50765274000140,412340.0,4,3,0.5163914111097674,0.375,0.6547994373575204,1.0,1.9365155548403066,0.2745871166646511,0.06250000000000001,0.14139141110976738,0.21208711666465108,0.4095272879056663,0.8039684792299074
50797752000101,4183700.0,3,2,0.9793276093377552,0.5555555555555556,0.9895547003848268,1.0,1.0211087591783754,0.9586552186755104,0.11111111111111116,0.4237720537821996,0.8475441075643992,0.8597473122902894,0.9819910269221592
50818947000182,40700.0,3,2,0.6421348755501091,0.5555555555555556,0.7665847665847666,1.0,1.5573052299072097,0.2842697511002181,0.11111111111111116,0.08657931999455348,0.17315863998910697,0.5297910586442361,0.5783467909107062
51310969000108,88000.0,1,1,1.0,1.0,1.0,1.0,1.0,,,0.0,,0.4095272879056663,0.7042157988103934
51311711000118,10778.0,1,1,1.0,1.0,1.0,1.0,1.0,,,0.0,,0.4095272879056663,0.33329854951476573
51337970000118,1050331.5,12,12,0.2667773039277664,0.08333333333333334,0.471136969613879,0.7866054669406753,3.7484448087486624,0.200120695193927,1.5139404881252137e-17,0.18344397059443304,0.20012069519392697,0.6700170922950666,0.8374469810289089
51391197000178,5324180.4,2,2,0.828597046974868,0.5,0.9053375426572698,1.0,1.2068592371296862,0.657194093949736,0.0,0.328597046974868,0.657194093949736,0.4095272879056663,0.9811065154302909
51426849000162,137689.58000000002,2,2,0.6124948930726086,0.5,0.7371654412774009,1.0,1.6326666741390354,0.22498978614521725,0.0,0.11249489307260863,0.22498978614521725,0.4095272879056663,0.6785347897192617
51482339000102,5140.0,2,2,0.5139971839089161,0.5,0.5836575875486382,1.0,1.9455359509853014,0.027994367817832266,0.0,0.013997183908916133,0.027994367817832266,0.4095272879056663,0.15446370457412628
51501559000136,50132.770000000004,3,3,0.4665102168563554,0.3333333333333333,0.596017335567135,0.9999999999999999,2.1435757757646563,0.1997653252845331,0.0,0.1331768835230221,0.1997653252845331,0.6417423746082846,0.6563718347296934
52156114000129,332647.52,82,52,0.13322832442868904,0.03182629387269484,0.32883146100112215,0.5260034104568103,7.505911406513664,0.11623280137827117,0.012842495713335914,0.1014020305559942,0.10339030566493526,0.6431090780613828,0.571762693023154
52193342000179,331765.06999999995,7,7,0.16165416451806072,0.14285714285714285,0.18756028173791772,0.7341492279461488,6.1860453950029575,0.021929858604404183,0.0,0.018797021660917873,0.021929858604404183,0.9135733656560421,0.7496012909643004
52350980000156,6705.88,3,3,0.8000294005554672,0.3333333333333333,0.8905497861578197,1.0,1.2499540633202872,0.7000441008332008,0.0,0.4666960672221339,0.7000441008332008,0.4095272879056662,0.22449429612485705
52561214000130,5732068.49,11,11,0.46561609528561815,0.09090909090909091,0.6001323965338732,0.9730511332393378,2.1476920796446697,0.41217770481418,0.0,0.37470700437652726,0.41217770481418,0.4212956123472825,0.9631417584131653
52742236000105,381580.0,6,6,0.26114580878403787,0.16666666666666669,0.32478117301745374,0.9542690916714712,3.8292783815151292,0.11337497054084544,3.3306690738754695e-17,0.09447914211737118,0.11337497054084542,0.5572937404107376,0.7107136445591207
53256074000150,23971.0,1,1,1.0,1.0,1.0,1.0,1.0,,,0.0,,0.4095272879056663,0.4627987060419493
53855592000190,15190.0,2,2,0.5830301370266724,0.5,0.7037524687294272,1.0,1.7151772035315083,0.16606027405334478,0.0,0.08303013702667239,0.16606027405334478,0.4095272879056663,0.29687412088707393
54010863000179,4113760.0,11,11,0.5360542696500867,0.09090909090909091,0.7236445490257088,0.902138189879818,1.8654827628791337,0.4896596966150954,0.0,0.4451451787409958,0.4896596966150954,0.48662074599232635,0.9284968913100263
54675103000180,1229145.0,34,31,0.12887322656555666,0.03633217993079584,0.22345614227776217,0.6492601767895569,7.759563616507335,0.09983566745107522,0.004209919261822371,0.09254104663476082,0.09562574818925285,0.461047064414171,0.721941076297093
54736674000188,1209480.0,2,1,1.0,1.0,1.0,1.0,1.0,,,0.0,,0.98810393404988,0.99405196702494
54758896000100,207469.44,9,7,0.20734677092364504,0.16049382716049382,0.3246261232497663,0.8394489328163222,4.82283854986219,0.07523789941091921,0.020576131687242795,0.04685294376315122,0.05466176772367642,0.4160913458581431,0.5555118809106194
54782228000100,115.9,1,1,1.0,1.0,1.0,1.0,1.0,,,0.0,,0.975686110821246,0.9281018470207659
55262249000167,367662.9,3,3,0.48646865976022663,0.3333333333333333,0.5874946860289684,0.9999999999999999,2.055630881736319,0.22970298964033994,0.0,0.15313532642689331,0.22970298964033994,0.4095272879056663,0.7907369796059577
55555957000196,517517.5,50,50,0.045253404751000356,0.020000000000000004,0.08888588308607921,0.29448279526779286,22.09778480762587,0.02576878035816363,3.540251991789402e-18,0.025253404751000352,0.025768780358163625,0.4095272879056663,0.42697166636855843
56024573000100,16678.08,1,1,1.0,1.0,1.0,1.0,1.0,,,0.0,,0.9552332255034958,0.6871543358029845
57268617000100,12000.0,1,1,1.0,1.0,1.0,1.0,1.0,,,0.0,,0.9247626004382761,0.45450276531357614
57500902000104,4656377.290000001,27,15,0.32046167789435176,0.13031550068587108,0.5286942716791748,0.8477924283493788,3.1204979221561557,0.2719232263153769,0.06819517930629045,0.19014617720848068,0.20372804700908648,0.4095272879056662,0.920328469971869
57522468000163,2352146.7699999996,40,33,0.8210755107893789,0.037500000000000006,0.9051305926798097,0.9697736676525505,1.2179147798947307,0.815484120501547,0.007421875000000005,0.7835755107893789,0.8080622455015469,0.4118704803397812,0.9314229338487922
57538696000121,489040.81999999995,23,23,0.0770384728211219,0.043478260869565195,0.12268914484480048,0.44902998076929446,12.980527305128854,0.0350856761311729,0.0,0.03356021195155671,0.0350856761311729,0.6168244080817719,0.570098206593163
57602096000185,1919.55,2,2,0.8831972082325281,0.5,0.9377197780729859,1.0,1.1322499558181576,0.7663944164650562,0.0,0.3831972082325281,0.7663944164650562,0.4095272879056663,0.1143509867450656
57604530000166,2422306.5,7,7,0.36704612638659345,0.14285714285714285,0.47718878680299126,0.9935684315754426,2.7244532174867424,0.26155381411769235,0.0,0.2241889835294506,0.26155381411769235,0.6277191341259288,0.9382156123592726
57614976000171,205396.09,43,42,0.14533499724992316,0.0243374797187669,0.24467603059045576,0.6776684989475701,6.88065516855768,0.12448950937797007,0.0005408328826392636,0.12099751753115626,0.12394867649533081,0.4266203998463639,0.4458042760506986
58854069000162,50000.0,1,1,1.0,1.0,1.0,1.0,1.0,,,0.0,,0.98810393404988,0.99405196702494
59006460000170,1664674.0,9,9,0.21195233021893722,0.1111111111111111,0.2865425903209878,0.8596277709629633,4.718042019009864,0.11344637149630439,0.0,0.10084121910782612,0.11344637149630439,0.43154406039186755,0.861231358252624
59045351000161,3927860.46,4,4,0.5597526347505066,0.25,0.6862413997263029,1.0,1.7865034265461222,0.4130035130006755,0.0,0.30975263475050663,0.4130035130006755,0.4095272879056663,0.9666860681783901
59108100000189,207647.24,3,3,0.4558182086170506,0.3333333333333333,0.5237428149779405,1.0,2.1938570708572467,0.18372731292557587,0.0,0.12248487528371726,0.18372731292557587,0.4095272879056663,0.7006588601420104
59118862000166,194393.45,6,6,0.18307173403786034,0.16666666666666669,0.2777871373752562,0.7538342984292937,5.46233969572383,0.019686080845432417,3.3306690738754695e-17,0.016405067371193655,0.019686080845432382,0.8523675823439524,0.694922332583909
59754648000104,394825.95999999996,9,9,0.32497595032163307,0.1111111111111111,0.5141505892874927,0.8636210243115727,3.0771507830357496,0.24059794411183721,0.0,0.21386483921052196,0.24059794411183721,0.40952728790566634,0.6884832401841274
59989830000136,6812.85,5,5,0.25985612043254674,0.20000000000000004,0.32291918947283443,0.970643710047924,3.8482834205922782,0.07482015054068342,3.469446951953614e-17,0.059856120432546706,0.07482015054068339,0.4095272879056663,0.11620552282842084
60269453000140,1693215.6,3,2,0.8894144001504856,0.5555555555555556,0.9412563881410022,1.0,1.12433529278456,0.7788288003009711,0.11111111111111116,0.33385884459493,0.66771768918986,0.4095272879056663,0.953079941147111
60344157000166,38940.0,1,1,1.0,1.0,1.0,1.0,1.0,,,0.0,,0.4095272879056663,0.5572367734529897
63788426000171,14227.9,3,2,0.9914759973907774,0.5555555555555556,0.9957196775349841,1.0,1.0085972858966377,0.9829519947815548,0.11111111111111116,0.43592044183522183,0.8718408836704437,0.4095272879056663,0.3717995060560857
64037930000100,34847.1,2,2,0.9303467988318301,0.5,0.963867868488339,1.0,1.0748679968111121,0.8606935976636603,0.0,0.43034679883183014,0.8606935976636603,0.4095272879056662,0.5141765046483938
65700239000110,10510302.12,4,4,0.4454582890358883,0.25,0.5960465920460144,1.0,2.2448790933137963,0.26061105204785107,0.0,0.1954582890358883,0.26061105204785107,0.4095272879056663,0.9835987029999389
66228909000100,60300.0,3,2,0.5000123759312889,0.5555555555555556,0.5024875621890548,1.0,1.9999504975001234,2.4751862577776507e-05,0.11111111111111116,-0.05554317962426669,-0.11108635924853338,0.6867789820593371,0.7011114727936028
66489741000196,25996.28,7,7,0.4828411637387048,0.14285714285714285,0.6716299408992363,0.9666721546313549,2.0710744549136284,0.3966480243618222,0.0,0.33998402088156193,0.3966480243618222,0.44085486634715815,0.32331391061095377
67165936000143,6715.0,2,2,0.653861699255232,0.5,0.7773641102010425,1.0,1.5293754032986333,0.30772339851046393,0.0,0.15386169925523197,0.30772339851046393,0.4095272879056663,0.20293436604237353
67652750000119,107044.79,6,6,0.2399134354366417,0.16666666666666669,0.33630782030587386,0.947921052486534,4.1681700659239995,0.08789612252397005,3.3306690738754695e-17,0.07324676876997502,0.08789612252397003,0.4095272879056663,0.4652995107166901
68004118000121,29833.480000000003,10,6,0.22727457022695277,0.24000000000000007,0.2983225557326869,0.9204115644571133,4.399964320695518,0.07272948427234334,0.08800000000000009,-0.012725429773047303,-0.015270515727656753,0.7255503279871549,0.46171132722221037
71203822000118,24134.12,6,5,0.32705649974521567,0.22222222222222227,0.4239640807288602,0.9472066932624849,3.05757568120194,0.15882062468151956,0.027777777777777818,0.1048342775229934,0.13104284690374174,0.40952728790566634,0.27279467465748986
71480560000139,9700943.69,21,20,0.6907531407232341,0.052154195011337855,0.8246620386268834,0.9761029754003242,1.4476951910098843,0.6744769902349833,0.0022675736961451074,0.6385989457118962,0.6722094165388383,0.8763470035528126,0.9790356932787845
72254576000196,16004.0,1,1,1.0,1.0,1.0,1.0,1.0,,,0.0,,0.4095272879056663,0.3958050714807472
72311392000110,166650.0,7,5,0.5492906626396212,0.22448979591836732,0.7200720072007201,0.9840984098409841,1.820529763230438,0.4366133282995265,0.030612244897959134,0.3248008667212539,0.4060010834015674,0.9196255845974872,0.7690275549520933
72519622000131,104011.9,3,3,0.42626207941457667,0.3333333333333333,0.5287856485652123,1.0,2.3459745736083026,0.139393119121865,0.0,0.09292874608124335,0.139393119121865,0.4095272879056663,0.5684469512489139
72962806000171,4286651.58,80,42,0.13452517100678507,0.0925,0.25614398079911127,0.6558755587035604,7.433553085389223,0.11341602883621886,0.07036585365853659,0.04202517100678507,0.04305017517768227,0.5404313262607162,0.8756845843183286
73802134000108,3648863.03,4,4,0.9160001680934512,0.25,0.9567317274718311,1.0,1.0917028564322044,0.8880002241246016,0.0,0.6660001680934512,0.8880002241246016,0.4095272879056663,0.9683760644668851
74047341000159,317348.24,30,19,0.29788562687264797,0.09555555555555555,0.3773877869938715,0.942091438729895,3.356993120139764,0.25887927281001727,0.04530864197530863,0.2023300713170924,0.21357063083470865,0.7900557896304091,0.8384184889745818
74077025000120,1308600.0,1,1,1.0,1.0,1.0,1.0,1.0,,,0.0,,0.4095272879056663,0.961598664301367
74097114000138,1034.8600000000001,9,8,0.13996331267916035,0.13580246913580246,0.23771331387820577,0.5858183715671685,7.144729435579397,0.01710092877618325,0.01234567901234567,0.004160843543357884,0.004755249763837581,0.9930731923990186,0.5943266170796622
74125063000100,476151.24,2,2,0.887709645514158,0.5,0.940289476091672,1.0,1.1264944625230515,0.775419291028316,0.0,0.387709645514158,0.775419291028316,0.9552332255034957,0.973899421741078
75123125000108,7278190.5,219,67,0.11092624046861499,0.03609182460749358,0.2534695952242525,0.5740070969563108,9.014999478711584,0.09745542593026067,0.021487155283364694,0.07483441586112141,0.07596827064689599,0.4189372425291157,0.8602606043411861
75658435000127,271670.0,3,3,0.36741143205527693,0.3333333333333333,0.42095189016085693,1.0,2.721744379063171,0.05111714808291542,0.0,0.03407809872194362,0.05111714808291542,0.8286711057794616,0.8543400639286048
75967745000123,37731.0,3,3,0.7100349210134905,0.3333333333333333,0.8340955712809096,1.0,1.4083814336520502,0.5650523815202357,0.0,0.3767015876801572,0.5650523815202357,0.4548634234811706,0.4772043167789156
76568930000108,2968770.14,8,5,0.913158399117598,0.25,0.9552893980535657,0.9928051014417707,1.095100259677093,0.8914479988969976,0.062499999999999986,0.663158399117598,0.8289479988969976,0.4095272879056663,0.9605071816983948
76582337000116,3555240.9,3,2,0.9951009996398346,0.5555555555555556,0.9975444701932856,1.0,1.0049231187205505,0.9902019992796691,0.11111111111111116,0.439545444084279,0.879090888168558,0.4095272879056663,0.9823497179433016
76878669000142,30105111.810000002,8,8,0.5104986540606322,0.125,0.5973071986408278,0.99905848115832,1.9588690235434576,0.44056989035500826,0.0,0.3854986540606322,0.44056989035500826,0.4096501258028021,0.9945603439616589
76933969000187,447720.0,1,1,1.0,1.0,1.0,1.0,1.0,,,0.0,,0.9552332255034958,0.9755817593655431
77651602000133,388102.51,1,1,1.0,1.0,1.0,1.0,1.0,,,0.0,,0.9552332255034958,0.9474068663257852
78009149000129,565703.73,11,11,0.29320512021598705,0.09090909090909091,0.47021079390797016,0.8618851602763871,3.4105816408095415,0.22252563223758576,0.0,0.20229602930689614,0.22252563223758576,0.7852669664388496,0.8251669814662934
78079639000100,217730.0,5,5,0.5448831669141121,0.20000000000000004,0.7229137004546916,0.9541174849584347,1.8352558139452053,0.43110395864264006,3.469446951953614e-17,0.344883166914112,0.43110395864264,0.4341179794692141,0.6876627166559776
78499936000104,47761.92,18,16,0.34971961006195645,0.06790123456790123,0.5186927158707187,0.9006078482607065,2.859433589734472,0.3063675840660869,0.0057613168724279795,0.2818183754940552,0.3006062671936589,0.9083037383505425,0.6132946787234114
78501053000183,49354.969999999994,16,15,0.21603225095750592,0.0703125,0.31384883832367844,0.7855067078350975,4.6289384828782,0.16003455459732774,0.003906250000000001,0.14571975095750592,0.15612830459732774,0.9415702165722893,0.6524826208887272
78502598000104,26154.85,1,1,1.0,1.0,1.0,1.0,1.0,,,0.0,,0.9852864447459042,0.9623291244912866
78634771000128,563824.4299999999,2,2,0.6729625390286922,0.5,0.7940769788921704,1.0,1.485966813908143,0.34592507805738437,0.0,0.17296253902869219,0.34592507805738437,0.9552332255034959,0.9697799002714063
79262341000195,2598.0,2,2,0.5740784200080479,0.5,0.6924557351809084,1.0,1.7419222969328498,0.14815684001609575,0.0,0.07407842000804787,0.14815684001609575,0.9903039904912447,0.5804711592739806
79356713000142,86664.8,3,3,0.5006270047558903,0.3333333333333333,0.5469348570584597,0.9999999999999999,1.9974951221171298,0.2509405071338354,0.0,0.16729367142255697,0.2509405071338354,0.41200684748836847,0.5787076834105622
79367470000148,97500.0,3,2,0.5022222222222222,0.5555555555555556,0.5333333333333333,1.0,1.991150442477876,0.004444444444444473,0.11111111111111116,-0.053333333333333344,-0.10666666666666669,0.9682110682110682,0.9346412049114752
79369757000107,11400.0,1,1,1.0,1.0,1.0,1.0,1.0,,,0.0,,0.864499634769905,0.4558071585098612
79373940000186,21465.7,6,6,0.6039892298006359,0.16666666666666669,0.7638232156416981,0.9798683481088433,1.655658661877264,0.524787075760763,3.3306690738754695e-17,0.43732256313396917,0.524787075760763,0.9822446090729658,0.7994641148750362
79376760000158,53846.707,107,50,0.05572924926717564,0.03869333566250327,0.12544986270005332,0.35395120819551695,17.943898637604597,0.036458417619566974,0.019074832308676806,0.017035913604672367,0.017383585310890168,0.9844887328812039,0.8455625203703993
79612362000193,104400.42,3,3,0.48167561100129275,0.3333333333333333,0.5731137863238481,1.0,2.0760860154850485,0.22251341650193912,0.0,0.14834227766795943,0.22251341650193912,0.5868089029646597,0.6309118451377929
80490758000194,39091.6,1,1,1.0,1.0,1.0,1.0,1.0,,,0.0,,0.9852864447459042,0.9623291244912866
80636475000108,8593188.861500002,423,126,0.06325478233345608,0.02194725282095132,0.17444048119504954,0.39041701045709054,15.80908135496168,0.05576082059212373,0.014122830843518931,0.041307529512504756,0.041637989748604796,0.7478734009334147,0.9381024351347034
80670904000163,56550.0,2,2,0.5114297574738442,0.5,0.5755968169761273,1.0,1.9553027280606416,0.022859514947688453,0.0,0.011429757473844226,0.022859514947688453,0.6026190001026908,0.5037376919949148
80889108000116,531589.3400000001,11,11,0.34686308053797676,0.09090909090909091,0.5342888553784769,0.8484958332685905,2.8829819490994044,0.2815493885917744,0.0,0.2559539896288858,0.2815493885917744,0.6617546535981293,0.739919505731817
80900699000185,0.01,1,1,1.0,1.0,1.0,1.0,1.0,,,0.0,,0.9247626004382761,0.0006782844620682459
80909245000175,36861.33,3,3,0.7519081443989877,0.3333333333333333,0.8604119818791128,1.0,1.3299496852761399,0.6278622165984815,0.0,0.41857481106565436,0.6278622165984815,0.4095272879056663,0.4687177101745725
80909658000150,2280.0,1,1,1.0,1.0,1.0,1.0,1.0,,,0.0,,0.4095272879056663,0.14113534383804655
80910201000165,629340.0,4,3,0.45219704127612503,0.375,0.5720278386881494,0.9999999999999999,2.2114253493962384,0.17829556191418755,0.06250000000000001,0.07719704127612503,0.11579556191418754,0.45495189740125874,0.8562417476517963
80922081000116,61462.0,3,3,0.4631554137371644,0.3333333333333333,0.6257850379096027,1.0,2.1591024747634475,0.1947331206057466,0.0,0.12982208040383109,0.1947331206057466,0.5072402646816897,0.4877132434357421
80991094000147,1244880.0,2,2,0.6839699842145227,0.5,0.8032902769744875,1.0,1.4620524629431055,0.3679399684290454,0.0,0.1839699842145227,0.3679399684290454,0.7750021504339732,0.9554349676276114
81285751000101,36585.12,1,1,1.0,1.0,1.0,1.0,1.0,,,0.0,,0.9454763643952833,0.9476155692371908
81286254000110,117886.25540000001,70,34,0.08310191552110008,0.060408163265306125,0.17601907813249618,0.4682235415206852,12.033416964330913,0.055317125082345535,0.0319356833642548,0.022693752255793953,0.023381441718090736,0.9922037311880281,0.8893681328135855
81650525000174,2500000.0,2,2,0.9232,0.5,0.96,1.0,1.0831889081455806,0.8464,0.0,0.4232,0.8464,0.4095272879056662,0.9660732547219034
82559154000182,133614.31,15,13,0.7326794156057055,0.08444444444444445,0.8531271837574883,0.9547086685550373,1.3648534116019908,0.7104027002395142,0.008148148148148146,0.648234971161261,0.7022545520913661,0.9716177932740581,0.9123080355920307
82568221000125,800170.5,25,20,0.3776115048186678,0.05919999999999999,0.4395313248863836,0.9236506219611944,2.6482243979303766,0.3448542155985977,0.009684210526315774,0.3184115048186678,0.3351700050722819,0.48547699764496144,0.8671159402528628
82636028000184,1832621.69,80,58,0.34664343800520236,0.021875000000000006,0.4960107178476099,0.914162453244783,2.8848086833970075,0.33518104218073225,0.00471491228070176,0.3247684380052024,0.3304661299000305,0.9336613633360092,0.9384158713846887
82662958000102,1033257.86,19,19,0.22134266880551998,0.05263157894736842,0.40825033743271016,0.7643564792238794,4.517881732413002,0.1780839281836044,0.0,0.16871108985815156,0.1780839281836044,0.5772578437449771,0.7792615997930706
82702879000188,11018.54,16,16,0.20117558406253871,0.0625,0.3789068243161072,0.6994774262288834,4.970782138696979,0.1479206230000413,0.0,0.13867558406253871,0.1479206230000413,0.9678955337826414,0.4641189644658982
82780008000182,216930.2,6,6,0.8534388398631436,0.16666666666666669,0.9219555414598797,0.9955183741129635,1.1717301267427187,0.8241266078357723,3.3306690738754695e-17,0.6867721731964769,0.8241266078357723,0.9876849133377081,0.9763836244974393
82782079000114,6042.33,2,2,0.5593827403870173,0.5,0.6723118399690186,1.0,1.7876847600055288,0.11876548077403459,0.0,0.059382740387017297,0.11876548077403459,0.785707616186359,0.4601098526738273
82985003000196,13181238.24,51,49,0.14286054370760848,0.02114571318723568,0.323186632578458,0.5898684067787549,6.999833362294154,0.125003471701517,0.00075291554530309,0.1217148305203728,0.1242505561562139,0.46488198282749793,0.9299171370805239
83108035000176,4274371.24,21,20,0.21715060901781522,0.052154195011337855,0.32069144747474015,0.8715797788308157,4.605098758520908,0.17594800949243705,0.0022675736961451074,0.16499641400647735,0.17368043579629194,0.46773098087570286,0.938814185826438
83145375000177,77828.88380000001,170,71,0.04901277642562357,0.036885813148788915,0.13542112497828215,0.3520757289853359,20.402843358965608,0.03542724466027534,0.02312703905091447,0.012126963276834657,0.012300205609360869,0.9880155175029066,0.8903216563528451
83156455000128,2396720.3428,287,94,0.21789988584966574,0.031844504607315846,0.4079135819650289,0.7572381589917717,4.589263533115954,0.20949020720288797,0.021434230463308487,0.18605538124234988,0.18805597673957947,0.5729631413564266,0.9039616466338183
83158105000109,433793.74,56,49,0.17005302799792807,0.024872448979591837,0.27593759190715844,0.7202582038182478,5.880518634529601,0.15276246608121824,0.004557291666666669,0.14518057901833623,0.14820517441455158,0.9472373708619556,0.8595210162736715
83222034000158,6749.46,8,8,0.20311653980677988,0.125,0.285059841824383,0.8150681684164363,4.923281978667405,0.08927604549346271,0.0,0.07811653980677988,0.08927604549346271,0.9689481405299751,0.6079857161662625
83244954000177,6253.0,3,3,0.3352062911289867,0.3333333333333333,0.3579082040620502,1.0,2.9832375658343535,0.002809436693480077,0.0,0.001872957795653385,0.002809436693480077,0.9910206515252309,0.8943065441913562
83684324000113,49594.645,86,43,0.08134647364095146,0.054894537587885345,0.16604595113040935,0.49137553056383404,12.29309588039204,0.05947377063240269,0.032392026578073094,0.026451936053066116,0.027081744054329594,0.9970118936400955,0.8955622163994925
83779462000186,2459982.7199999997,6,6,0.3261305758319222,0.16666666666666669,0.4480519277793952,0.9532079152165752,3.066256506152829,0.1913566909983066,3.3306690738754695e-17,0.1594639091652555,0.19135669099830657,0.6919433550806012,0.9177044018177075
83788281000116,189720.91,55,33,0.5899976080723561,0.04661157024793387,0.7632263623445618,0.8953045818723935,1.6949221256459095,0.5771850333246172,0.016818181818181805,0.5433860378244223,0.5603668515064354,0.5448902321984807,0.7880584965165466
83820076000190,64626.670000000006,14,13,0.17751936036904575,0.0816326530612245,0.2834600637786227,0.7703488358598704,5.633188390951251,0.10897930706646622,0.005102040816326534,0.09588670730782126,0.10387726625013968,0.6423188512210383,0.5051812378851728
83820894000193,13466.619999999999,10,10,0.649925273982061,0.10000000000000003,0.8019829771687328,0.9270128658861689,1.5386384251116254,0.61102808220229,3.0839528461809905e-17,0.549925273982061,0.61102808220229,0.9657922770656029,0.7898094418027368
83871277000117,4085.87,5,4,0.30758174374798636,0.28,0.44043251498456876,1.0,3.251168251452982,0.07677565833064848,0.040000000000000036,0.02758174374798633,0.03677565833064844,0.9352478802290642,0.6796346082956053
84438381000185,6950873.120000001,54,47,0.5585426118629185,0.024005486968449927,0.7346846808793426,0.9141181820335113,1.7903736953294926,0.548945712120808,0.0027882149460249266,0.5345371248944686,0.5461574971747831,0.46644541444957477,0.9580529532900418
84591890000143,2879133.6699999995,63,45,0.58799646586796,0.028470647518266553,0.7597442844673481,0.925258697697075,1.7006904939876957,0.5786327491831409,0.00639043496186352,0.5595258183496934,0.5722423142212774,0.49356524456703915,0.9375998282245896
84703248000109,24830607.38,589,230,0.12532912805166208,0.010477889778941025,0.3340480509824726,0.49602876729952955,7.978991121583394,0.12150960459337239,0.006156832529067405,0.11485123827272105,0.11535277206430498,0.6353891615953243,0.9171762207547437
85448116000140,41846.0,4,3,0.4994330483899071,0.375,0.6159728528413707,1.0,2.002270380832509,0.24914957258486065,0.06250000000000001,0.1244330483899071,0.18664957258486065,0.7396573695286737,0.5986342472699785
85461804000140,8856.39,11,10,0.20875952780282808,0.10743801652892562,0.36696667603843103,0.8094257366714881,4.790200526533539,0.12084391978092009,0.008264462809917352,0.10132151127390246,0.11257945697100273,0.992059333997418,0.7936882767884772
85908309000137,90145.31,35,30,0.19197129257957446,0.038367346938775526,0.3614719390282201,0.7622836950696603,5.209112188404356,0.16410823370300806,0.005207600281491924,0.15360394564079893,0.15890063342151614,0.969380855634372,0.6493213515917042
86050978000183,186031.84,11,11,0.14096984684301264,0.09090909090909091,0.20211593886293874,0.6737126289779212,7.093715588083342,0.055066831527313904,0.0,0.05006075593392173,0.055066831527313904,0.977643328670263,0.7719369247658808
86446630000100,21572.789999999997,12,11,0.14088561762119603,0.09722222222222224,0.2202756342596391,0.652150695389887,7.097956603978798,0.054974179383315634,0.006944444444444459,0.04366339539897379,0.04802973493887117,0.9708288916495681,0.6769943589883167
86532520000160,32641.0,2,1,1.0,1.0,1.0,1.0,1.0,,,0.0,,0.9742773661692581,0.9361369091098821
86754348000190,12000.0,1,1,1.0,1.0,1.0,1.0,1.0,,,0.0,,0.4095272879056663,0.34983825524366063
86813953000194,15925.0,1,1,1.0,1.0,1.0,1.0,1.0,,,0.0,,0.4095272879056663,0.39423979964520506
87620415000146,31643.0,2,2,0.5798205981155616,0.5,0.6997756217804886,1.0,1.7246713953420023,0.15964119623112327,0.0,0.07982059811556164,0.15964119623112327,0.4095272879056663,0.409616045838053
88368386000130,2309193.02,3,3,0.47945444966744255,0.3333333333333333,0.5618510400659361,1.0,2.085703867580364,0.21918167450116383,0.0,0.14612111633410924,0.21918167450116383,0.4095272879056663,0.9461991165488997
88659313000105,3577162.82,26,24,0.2666052840000378,0.044378698224852076,0.39556488513430316,0.8852982403523919,3.7508633924894683,0.23471855721743076,0.00282994597375869,0.22222658577518573,0.23188861124367208,0.6708985705947065,0.919876095940816
88892393000136,743893.59,20,15,0.8629903556353735,0.09000000000000002,0.9285126384809956,0.9731695631360394,1.1587615011801071,0.8532039524664716,0.025000000000000026,0.7729903556353734,0.8282039524664716,0.4205443421037586,0.890015107451448
89421259000110,2300333.11,32,30,0.11166339000509577,0.037109375,0.20292713171441507,0.5710032578716393,8.955486663573128,0.08103109310871975,0.003906250000000001,0.07455401500509577,0.07712484310871975,0.48309955111528224,0.8295472577482229
89525901000100,2837118.7299999995,5,5,0.4043601725455441,0.20000000000000004,0.4788238241971636,0.9830814271209579,2.4730427670577955,0.2554502156819301,3.469446951953614e-17,0.2043601725455441,0.25545021568193005,0.6215693709764593,0.9403058065799922
89985378000103,109673.7,24,20,0.22000220613737909,0.06597222222222221,0.38007653612488684,0.7650473176340362,4.545408964560818,0.17894969067092537,0.01681286549707601,0.15402998391515688,0.16213682517384936,0.42051378919329896,0.4212993653784172
90896275000148,284733.83999999997,41,38,0.10471757312226808,0.027959547888161802,0.2612966551499464,0.5255035369171435,9.549495563962331,0.08052075077422127,0.0016881843175715822,0.07675802523410627,0.0788325664566497,0.5609275794641624,0.42895684875338963
92032226000192,3406090.0,38,34,0.4433398016044254,0.03324099722991689,0.6528650828369186,0.8417599446873101,2.255606188257964,0.4264713107439534,0.003945269873247708,0.41009880437450846,0.42252604087070567,0.7897132110328312,0.917088457549087
92911684000100,7250.0,1,1,1.0,1.0,1.0,1.0,1.0,,,0.0,,0.4095272879056663,0.2731921110299489
92924901000198,299621.3,1,1,1.0,1.0,1.0,1.0,1.0,,,0.0,,0.4095272879056663,0.8687258687258688
93856862000100,716041.8,7,7,0.34817609011298256,0.14285714285714285,0.5512778723253307,0.8784428506827394,2.8721099133358114,0.23953877179847965,0.0,0.2053189472558397,0.23953877179847965,0.4095272879056662,0.7824042749394193
94707684000100,11528750.0,10,10,0.2175857445798079,0.10000000000000003,0.3643066247424916,0.8396226824243739,4.595889321385261,0.13065082731089764,3.0839528461809905e-17,0.11758574457980786,0.1306508273108976,0.41264298273684324,0.9647745836014295
94707817000148,25420.0,4,4,0.28810770557389587,0.25,0.4012588512981904,0.9999999999999999,3.4709241740273864,0.05081027409852782,0.0,0.03810770557389587,0.05081027409852782,0.624581598692216,0.36230455961674196
94728698000100,36000.0,1,1,1.0,1.0,1.0,1.0,1.0,,,0.0,,0.9612856099342586,0.8255243660649066
95778502000154,6994.7300000000005,11,11,0.22671990887975088,0.09090909090909091,0.35026369852731987,0.8287467850796243,4.410728660491771,0.14939189976772596,0.0,0.13581081797065997,0.14939189976772596,0.9685499518011262,0.70438031310458
95785267000148,41664.079999999994,8,8,0.7513939323073499,0.125,0.8640536404499992,0.9621174882536708,1.3308598286510522,0.7158787797798284,0.0,0.6263939323073499,0.7158787797798284,0.48845445691437783,0.5812594258519836
95951950000108,19600.0,2,2,0.5000130154102457,0.5,0.5025510204081632,1.0,1.9999479397141893,2.6030820491351747e-05,0.0,1.3015410245675874e-05,2.6030820491351747e-05,0.6839989021800936,0.5698961756256296
95994059000159,18176.0,2,2,0.5290084745032143,0.5,0.6204335387323944,1.0,1.890328885447607,0.05801694900642862,0.0,0.02900847450321431,0.05801694900642862,0.6918073910960283,0.36800191901959606
96041330000102,26160.0,1,1,1.0,1.0,1.0,1.0,1.0,,,0.0,,0.4095272879056663,0.48001669623291243
96484134000102,78863.43000000001,21,16,0.23763381608759016,0.0748299319727891,0.3810115791311638,0.7881300623115174,4.208155288940051,0.18680940382676284,0.013151927437641708,0.16280388411480107,0.17365747638912113,0.8298696970482691,0.5511134042862093
97552692000112,1732.0,2,2,0.8552875102005983,0.5,0.9214780600461894,1.0,1.1691974781269294,0.7105750204011967,0.0,0.35528751020059834,0.7105750204011967,0.9385381975732141,0.6095257696281353
