orgao_cnpj,portfolio_hhi_from,portfolio_hhi_norm_from,portfolio_cr1_from,portfolio_cr4_from,count_hhi_from,count_hhi_norm_from,n_fornecedores_from,n_instrumentos_from,exposicao_strength_global_from,exposicao_degree_global_from,quadrante_from,exposicao_oculta_from,portfolio_hhi_to,portfolio_hhi_norm_to,portfolio_cr1_to,portfolio_cr4_to,count_hhi_to,count_hhi_norm_to,n_fornecedores_to,n_instrumentos_to,exposicao_strength_global_to,exposicao_degree_global_to,quadrante_to,exposicao_oculta_to,delta_portfolio_hhi,delta_portfolio_hhi_norm,delta_portfolio_cr1,delta_portfolio_cr4,delta_count_hhi,delta_count_hhi_norm,delta_n_fornecedores,delta_n_instrumentos,delta_exposicao_strength_global,delta_exposicao_degree_global,quadrante_estavel
00057011000108,0.4829648133554434,0.3106197511405912,0.6602693899110837,1.0,0.2777777777777778,0.037037037037037,4,6,0.6582900729954776,0.8745091341638249,hhi_alto,False,0.4829648133554434,0.3106197511405912,0.6602693899110837,1.0,0.2777777777777778,0.037037037037037,4,6,0.6524445387061057,0.8705410749692106,hhi_alto,False,0.0,0.0,0.0,0.0,0.0,0.0,0,0,-0.005845534289371845,-0.003968059194614293,True
00091238000170,0.2668056756418174,0.1853396396020193,0.3750480272607504,0.9573969294994784,0.1111111111111111,0.0123456790123456,10,12,0.7614376167298197,0.5377384278693538,baixo_baixo,False,0.2043324436980761,0.1474990468193673,0.3220380280348693,0.8220766323569917,0.0726643598615916,0.0064260998517053,15,17,0.733071187617144,0.5768477350471067,baixo_baixo,False,-0.0624732319437413,-0.037840592782652005,-0.05300999922588112,-0.13532029714248672,-0.038446751249519504,-0.0059195791606403,5,5,-0.02836642911267573,0.03910930717775296,True
00118735000114,0.3472008824465827,0.2656009927524055,0.5409313063410027,0.8621480176350339,0.1111111111111111,0.0,9,9,0.6109139021220154,0.5674112546915033,baixo_baixo,False,0.3472008824465827,0.2656009927524055,0.5409313063410027,0.8621480176350339,0.1111111111111111,0.0,9,9,0.6098421732053204,0.5660106878176154,baixo_baixo,False,0.0,0.0,0.0,0.0,0.0,0.0,0,0,-0.0010717289166949362,-0.0014005668738878985,True
00124346000100,0.176032943458608,0.1073690220801586,0.2606785277078571,0.7620894712615378,0.0858725761772853,0.0096952908587257,13,19,0.5264768812189782,0.6003556009175872,baixo_baixo,False,0.176032943458608,0.1073690220801586,0.2606785277078571,0.7620894712615378,0.0858725761772853,0.0096952908587257,13,19,0.5224346424873829,0.5974066853106844,baixo_baixo,False,0.0,0.0,0.0,0.0,0.0,0.0,0,0,-0.00404223873159526,-0.002948915606902802,True
00202770000117,0.5160285226261689,0.4192342271514027,0.6929491085614969,0.9699696273599966,0.1666666666666666,3.3306690738754695e-17,6,6,0.939635884664082,0.493195754213683,critico,False,0.5160285226261689,0.4192342271514027,0.6929491085614969,0.9699696273599966,0.1666666666666666,3.3306690738754695e-17,6,6,0.9365578449666252,0.4908194005329772,critico,False,0.0,0.0,0.0,0.0,0.0,0.0,0,0,-0.0030780396974567914,-0.0023763536807058228,True
00204125000133,0.7356784225748761,0.7255122080585251,0.853407047275955,0.9668244275628088,0.0392390011890606,0.0022866550809475,27,29,0.9507892946653722,0.7972526806434582,critico,False,0.709676167808479,0.6993074595159247,0.8380352407676985,0.95264984586723,0.0364203954214359,0.0020068381150586,29,31,0.9478311712955254,0.796508556876276,critico,False,-0.02600225476639717,-0.026204748542600464,-0.015371806508256425,-0.014174581695578836,-0.0028186057676247017,-0.0002798169658888997,2,2,-0.002958123369846799,-0.0007441237671822476,True
00324208000166,0.4662282745721222,0.1993424118581832,0.5740074644868116,1.0,0.44,0.1600000000000001,3,5,0.4801588229874725,0.8541177229514182,hhi_alto,False,0.3527562434467682,0.1370083245956909,0.4798895194308398,1.0,0.3333333333333333,0.1111111111111111,4,6,0.4295309010633561,0.7750099944851686,hhi_alto,False,-0.11347203112535398,-0.06233408726249229,-0.09411794505597182,0.0,-0.10666666666666669,-0.04888888888888898,1,1,-0.05062792192411636,-0.07910772846624958,True
00421772000105,0.1519375187927683,0.1115535911162334,0.2122526842264491,0.7219680447702566,0.0630202140309155,0.0184021289847687,22,29,0.935230356642287,0.5054402150770875,oculta,True,0.1511100884771814,0.1157396754970639,0.2116722297586082,0.719993654770184,0.0612244897959183,0.0221088435374149,25,42,0.9308967741254712,0.5939800573024184,oculta,True,-0.0008274303155868801,0.004186084380830499,-0.0005804544678409129,-0.001974390000072601,-0.0017957242349972008,0.0037067145526461995,3,13,-0.004333582516815815,0.08853984222533096,True
00426641000102,0.2807508386759461,0.1009385483449326,0.335283084297831,0.9817989182809748,0.2,3.4694469519536136e-17,5,5,0.4482122265826715,0.5502010380132731,baixo_baixo,False,0.2807508386759461,0.1009385483449326,0.335283084297831,0.9817989182809748,0.2,3.4694469519536136e-17,5,5,0.4493180787149341,0.5555441872246771,baixo_baixo,False,0.0,0.0,0.0,0.0,0.0,0.0,0,0,0.001105852132262608,0.005343149211403997,True
00444435000125,0.2852700824257914,0.1831658084866187,0.4051138876416632,0.923778572251124,0.14,0.0171428571428571,8,10,0.7187495217819516,0.629388131740605,baixo_baixo,False,0.2852700824257914,0.1831658084866187,0.4051138876416632,0.923778572251124,0.14,0.0171428571428571,8,10,0.7145998538624136,0.6265975063799266,baixo_baixo,False,0.0,0.0,0.0,0.0,0.0,0.0,0,0,-0.004149667919537969,-0.0027906253606784226,True
00460408000146,0.0994740755944305,0.0721854112185042,0.1999921434601895,0.5545606275590247,0.0327186198691255,0.0034070628954626,34,41,0.6484331446256635,0.6946318885575589,baixo_baixo,False,0.0874936899868449,0.0640960922941999,0.18568098711168,0.5148770494523449,0.0276143051154368,0.0026813385799352,40,47,0.6509482886665839,0.6797682488983053,baixo_baixo,False,-0.011980385607585603,-0.008089318924304312,-0.014311156348509518,-0.03968357810667977,-0.005104314753688697,-0.0007257243155274003,6,6,0.0025151440409204584,-0.014863639659253525,True
00483887000116,0.5722704426829528,0.4653380533536909,0.7379926612494938,0.9859764136261996,0.2,3.4694469519536136e-17,5,5,0.4932092004878406,0.3965645695364238,hhi_alto,False,0.5722704426829528,0.4653380533536909,0.7379926612494938,0.9859764136261996,0.2,3.4694469519536136e-17,5,5,0.4896686161639725,0.3939165594559824,hhi_alto,False,0.0,0.0,0.0,0.0,0.0,0.0,0,0,-0.0035405843238681123,-0.0026480100804414097,True
00536717000152,0.0863123771695586,0.0210489755388128,0.1202815134148058,0.4476101202313961,0.0666666666666666,0.0,15,15,0.6257631067353209,0.510150775984881,baixo_baixo,False,0.0863123771695586,0.0210489755388128,0.1202815134148058,0.4476101202313961,0.0666666666666666,0.0,15,15,0.622281312516717,0.5077426353017918,baixo_baixo,False,0.0,0.0,0.0,0.0,0.0,0.0,0,0,-0.0034817942186038398,-0.002408140683089255,True
00569168000112,0.8938056379258097,0.8867260137875304,0.9450410098059256,0.984457193945074,0.0657439446366782,0.0034602076124567,16,17,0.9711452731344746,0.9904899095716266,critico,False,0.8085159423114061,0.7989417394269764,0.8982068279927171,0.9641637987080228,0.051039697542533,0.0035916824196597,21,23,0.970906213092039,0.9913072798239816,critico,False,-0.08528969561440358,-0.08778427436055392,-0.04683418181320853,-0.020293395237051204,-0.014704247094145195,0.0001314748072030001,5,6,-0.00023906004243567924,0.0008173702523549542,True
00634997000131,0.1402545049056413,0.0620958235334268,0.2624447609029643,0.646379870714174,0.0833333333333333,1.5139404881252137e-17,12,12,0.9534125834835868,0.4364803513269076,oculta,True,0.1802936367720975,0.1256465458902374,0.3547739657960078,0.6829260244905068,0.0657439446366782,0.0034602076124567,16,17,0.9616860424152884,0.4185992466925272,oculta,True,0.04003913186645622,0.06355072235681061,0.09232920489304347,0.036546153776332746,-0.017589388696655106,0.0034602076124566846,4,5,0.008273458931701616,-0.017881104634380418,True
00675468000186,0.1883941834718294,0.1724803439320614,0.2871310490083749,0.7882854615289993,0.0244394053917863,0.0053107662818213,52,63,0.9298654304631044,0.6896972575471141,oculta,True,0.1783477819161791,0.1655094660086194,0.2792670033963971,0.7666956235573412,0.0190443213296398,0.0037168888504155,65,76,0.9240106972190965,0.6966755794325712,baixo_baixo,False,-0.010046401555650314,-0.006970877923442004,-0.007864045611977788,-0.021589837971658032,-0.005395084062146498,-0.0015938774314058005,13,13,-0.005854733244007981,0.006978321885457106,False
00715411000163,0.4584775801243349,0.2779701068324465,0.5317307270418525,1.0,0.28,0.04,4,5,0.6969186663386437,0.635788374899893,hhi_alto,False,0.4584775801243349,0.2779701068324465,0.5317307270418525,1.0,0.28,0.04,4,5,0.691210173471968,0.6319591444456064,hhi_alto,False,0.0,0.0,0.0,0.0,0.0,0.0,0,0,-0.005708492866675741,-0.003829230454286625,True
00879976000186,0.0151611172629992,0.0085955247114192,0.0496648228594085,0.1465112274352551,0.0076734693877551,0.0010579591836734,151,175,0.736920777158308,0.3966925126380303,baixo_baixo,False,0.0151611172629992,0.0085955247114192,0.0496648228594085,0.1465112274352551,0.0076734693877551,0.0010579591836734,151,175,0.731555285156605,0.3965854286232622,baixo_baixo,False,0.0,0.0,0.0,0.0,0.0,0.0,0,0,-0.005365492001702998,-0.00010708401476811069,True
00955107000193,0.275568691871053,0.2685353781998982,0.4583464882030232,0.8576661582231143,0.0247431043807463,0.0152745908310448,104,344,0.9590152631728508,0.7140346407005964,oculta,True,0.2667304876066863,0.2604091987067439,0.4508219830970585,0.8435861694965412,0.0222244825306413,0.0137953832421123,117,371,0.9550515089310032,0.715055107622936,oculta,True,-0.008838204264366711,-0.008126179493154306,-0.007524505105964696,-0.014079988726573123,-0.0025186218501050024,-0.0014792075889324997,13,27,-0.0039637542418475835,0.0010204669223395912,True
00956081000106,0.2320739326466755,0.0784887191760106,0.3101504662492376,0.8874422546367273,0.1666666666666666,3.3306690738754695e-17,6,6,0.5275432254770474,0.564690481601535,baixo_baixo,False,0.2320739326466755,0.0784887191760106,0.3101504662492376,0.8874422546367273,0.1666666666666666,3.3306690738754695e-17,6,6,0.5234977708201758,0.5627185958643679,baixo_baixo,False,0.0,0.0,0.0,0.0,0.0,0.0,0,0,-0.004045454656871561,-0.0019718857371671117,True
00999472000108,0.0272457073150733,0.0149323618380489,0.0534484990121121,0.2137939960484485,0.0125,3.513364001978343e-18,80,80,0.8944289009067024,0.5496924152913737,baixo_baixo,False,0.0272457073150733,0.0149323618380489,0.0534484990121121,0.2137939960484485,0.0125,3.513364001978343e-18,80,80,0.8900190277317509,0.5471156830731091,baixo_baixo,False,0.0,0.0,0.0,0.0,0.0,0.0,0,0,-0.004409873174951451,-0.002576732218264599,True
01071994000108,0.0826481463410493,0.0676095913630337,0.1560520655044449,0.5224510614599562,0.0173010380622837,0.0011912190141244,62,68,0.8344831687863988,0.541106706817092,baixo_baixo,False,0.062866114389262,0.0486671161224326,0.1252755041691332,0.4194133535914688,0.0162742382271468,0.0013693024427096,67,76,0.8254512742628641,0.5377884540950291,baixo_baixo,False,-0.019782031951787307,-0.018942475240601095,-0.030776561335311703,-0.10303770786848743,-0.001026799835136899,0.00017808342858519999,5,8,-0.0090318945235347,-0.0033182527220629865,True
01134736000115,0.2016596018758686,0.0419915222510423,0.2502957725891164,0.830171109378123,0.1666666666666666,3.3306690738754695e-17,6,6,0.7415034314673175,0.3965645695364238,baixo_baixo,False,0.2016596018758686,0.0419915222510423,0.2502957725891164,0.830171109378123,0.1666666666666666,3.3306690738754695e-17,6,6,0.7335246063518693,0.3939165594559823,baixo_baixo,False,0.0,0.0,0.0,0.0,0.0,0.0,0,0,-0.007978825115448118,-0.0026480100804415208,True
01197548000136,0.3065160449241463,0.1678192539089755,0.4886282289954891,0.9049804491257574,0.1666666666666666,3.3306690738754695e-17,6,6,0.6864489786207753,0.430427890215509,baixo_baixo,False,0.1454246531191638,0.0742100408790941,0.3015875347528295,0.6059228612363082,0.09375,0.0182291666666666,13,16,0.6285837283802396,0.419449586097541,baixo_baixo,False,-0.1610913918049825,-0.09360921302988141,-0.18704069424265957,-0.29905758788944914,-0.0729166666666666,0.018229166666666564,7,10,-0.05786525024053568,-0.010978304117967963,True
01210830000106,0.3102608778830591,0.2719420377654513,0.4192828570290269,0.8826126229349349,0.0526315789473684,0.0,19,19,0.877954650545361,0.4760068488401118,baixo_baixo,False,0.4530285069882458,0.4302380281127561,0.6462124299042339,0.9359783655562516,0.04,0.0,25,25,0.9377139434567966,0.4264350467227555,critico,False,0.1427676291051867,0.1582959903473048,0.226929572875207,0.05336574262131666,-0.012631578947368396,0.0,6,6,0.05975929291143556,-0.04957180211735629,False
01280363000190,0.5044772792878855,0.4934656632720608,0.6512967056040941,0.9620819911462986,0.0303681805966138,0.0088208068320941,46,61,0.9717672676714364,0.4035782491288652,critico,False,0.5043209153850673,0.4933058246158466,0.6511957390457345,0.9619328454394802,0.0301768990634755,0.0086252745982194,46,62,0.9711237206915312,0.4012351124605571,critico,False,-0.0001563639028182573,-0.00015983865621421733,-0.00010096655835967194,-0.00014914570681834327,-0.00019128153313830235,-0.00019553223387470085,0,1,-0.0006435469799052074,-0.002343136668308099,True
01282378000198,0.2590112650380457,0.2395115614864153,0.3839793204371726,0.8207468305837334,0.059629761480954,0.0348831762567686,39,106,0.9410889616622352,0.9830574411587908,oculta,True,0.2576828016541937,0.2386490273376346,0.3829622182314357,0.81857279837078,0.0594919243567892,0.0353763326736299,40,111,0.9416068909413844,0.9835933242207392,oculta,True,-0.0013284633838520077,-0.0008625341487807081,-0.001017102205736864,-0.002174032212953425,-0.0001378371241648052,0.000493156416861297,1,5,0.0005179292791491763,0.0005358830619484056,True
01294821000140,0.2908090286534612,0.1135112858168265,0.411833761032771,0.9356796892630656,0.2,3.4694469519536136e-17,5,5,0.7347850900690516,0.7196380979592758,baixo_baixo,False,0.2908090286534612,0.1135112858168265,0.411833761032771,0.9356796892630656,0.2,3.4694469519536136e-17,5,5,0.7301368971465365,0.7179287549616706,baixo_baixo,False,0.0,0.0,0.0,0.0,0.0,0.0,0,0,-0.00464819292251506,-0.0017093429976051677,True
01335616000186,0.5535920426713189,0.4977910480052337,0.732583451966481,0.9314990325348388,0.125,0.015625,9,12,0.7579722373727578,0.8675976743983244,hhi_alto,False,0.5515319829702728,0.5017022033003031,0.731216807938543,0.9297613088851624,0.1124260355029586,0.0138067061143984,10,13,0.7503476334919997,0.8651313439905537,hhi_alto,False,-0.0020600597010460575,0.003911155295069413,-0.0013666440279379577,-0.0017377236496763926,-0.012573964497041401,-0.0018182938856015993,1,1,-0.00762460388075803,-0.002466330407770667,True
01349236000109,0.0834305342966094,0.052878218773163,0.1626103576435458,0.4817151411195931,0.0745555642571853,0.0437074163990915,31,226,0.9710655875721864,0.9989498873030308,oculta,True,0.075360274392272,0.0489419965177655,0.1513730225517794,0.4516431982477512,0.0696,0.0430171428571428,36,250,0.9639989303470252,0.994472436687835,oculta,True,-0.008070259904337407,-0.003936222255397498,-0.011237335091766415,-0.03007194287184195,-0.00495556425718531,-0.0006902735419486994,5,24,-0.007066657225161199,-0.004477450615195777,True
01377043000153,0.3229552938340086,0.2262346215245812,0.4874457361428819,0.9482990614811826,0.125,0.0,8,8,0.96404195492459,0.504491655572284,oculta,True,0.2585309072545255,0.184383997979978,0.4221507766026238,0.876266596501015,0.0909090909090909,0.0,11,11,0.9558584564113494,0.4876110067631206,oculta,True,-0.06442438657948313,-0.0418506235446032,-0.0652949595402581,-0.07203246498016758,-0.0340909090909091,0.0,3,3,-0.008183498513240628,-0.016880648809163457,True
01393989000103,0.1202253980463756,0.0322479378510132,0.1845755343945135,0.5667167471665123,0.0972222222222222,0.0069444444444444,11,12,0.6002645584789678,0.5055562902266147,baixo_baixo,False,0.1202253980463756,0.0322479378510132,0.1845755343945135,0.5667167471665123,0.0972222222222222,0.0069444444444444,11,12,0.5971880952896473,0.5647722537694299,baixo_baixo,False,0.0,0.0,0.0,0.0,0.0,0.0,0,0,-0.003076463189320422,0.05921596354281511,True
01397083000167,0.172316247282858,0.154705954671855,0.3622290467542525,0.6537261247259252,0.0448827205583962,0.0245610763149578,48,111,0.8180866376469936,0.9194661619421932,baixo_baixo,False,0.1463369821653175,0.1305284077609715,0.3268474550375396,0.6133296766295183,0.0411942554799697,0.0234385935444136,55,126,0.8204389670075173,0.9247154791975348,baixo_baixo,False,-0.025979265117540506,-0.0241775469108835,-0.0353815917167129,-0.040396448096406856,-0.0036884650784264963,-0.001122482770544199,7,15,0.002352329360523653,0.005249317255341612,True
01404511000131,0.3093135654275184,0.2949242647072583,0.5335754457180938,0.7593695481995678,0.0404993467847292,0.0205097498427444,49,83,0.8522110036172884,0.7083747592689894,baixo_baixo,False,0.1686984261741697,0.1552903362737531,0.3474991588718094,0.6750137730578769,0.0305651672433679,0.0149291215537448,63,102,0.8418350000868489,0.6989133460487578,baixo_baixo,False,-0.14061513925334873,-0.1396339284335052,-0.1860762868462844,-0.0843557751416909,-0.009934179541361297,-0.005580628288999599,14,19,-0.010376003530439548,-0.00946141322023164,True
01420402000108,0.4891427550036187,0.4648162195276005,0.6866827263562028,0.8730363691526675,0.0502958579881656,0.0050718512256973,22,26,0.8237484835757944,0.5367948879517941,hhi_alto,False,0.4891427550036187,0.4648162195276005,0.6866827263562028,0.8730363691526675,0.0502958579881656,0.0050718512256973,22,26,0.8249249614087328,0.5396159073351007,hhi_alto,False,0.0,0.0,0.0,0.0,0.0,0.0,0,0,0.001176477832938394,0.002821019383306589,True
01465988000127,0.2399551027646711,0.2340172520050201,0.4744070557723633,0.62697973783946,0.0162853019995877,0.0086000309214594,129,231,0.8937717885850849,0.5070322344648266,baixo_baixo,False,0.2080507241051173,0.2028405315005456,0.4407773850597739,0.5825345259260771,0.0143613000755857,0.0078768349445041,153,315,0.8856601116956181,0.5257607795302953,baixo_baixo,False,-0.03190437865955381,-0.03117672050447451,-0.03362967071258943,-0.04444521191338291,-0.0019240019240019997,-0.0007231959769553008,24,84,-0.00811167688946679,0.018728545065468727,True
01494665000161,0.1611306968277994,0.1087013653795369,0.285830556735581,0.6870948866920036,0.0657596371882086,0.0073696145124716,17,21,0.6882958851327828,0.5491604263725715,baixo_baixo,False,0.1406606251805837,0.1015997445069739,0.2806418763704812,0.6420342016322443,0.0480109739368998,0.0047387454794862,23,27,0.7001887260700929,0.485221470435897,baixo_baixo,False,-0.020470071647215704,-0.007101620872562997,-0.005188680365099785,-0.04506068505975924,-0.017748663251308798,-0.0026308690329854,6,6,0.011892840937310023,-0.06393895593667448,True
01600293000100,0.3289313117249891,0.3112716094019625,0.5472151424820085,0.8076162996688654,0.0457250689505007,0.0206125707649876,39,83,0.711389606909265,0.6682455783885296,baixo_baixo,False,0.2170805426265856,0.1979849461052829,0.4080176764619961,0.7455679886891302,0.0601799283780242,0.0372574876067565,42,107,0.6788407428110953,0.6457468973183954,baixo_baixo,False,-0.11185076909840347,-0.11328666329667963,-0.13919746602001243,-0.06204831097973518,0.014454859427523503,0.016644916841768897,3,24,-0.032548864098169705,-0.022498681070134197,True
01610999000153,0.2654354574012554,0.2129665615013451,0.3680502049065915,0.8228925887463289,0.0703125,0.00390625,15,16,0.860909121859534,0.994279557467868,baixo_baixo,False,0.3447268110753502,0.297921583295018,0.5140809139216248,0.8684163586661191,0.0726643598615916,0.0064260998517053,15,17,0.8787492123450502,0.993606792517934,baixo_baixo,False,0.07929135367409479,0.0849550217936729,0.1460307090150333,0.045523769919790236,0.0023518598615916014,0.0025198498517053003,0,1,0.017840090485516158,-0.0006727649499339572,True
01648573000199,0.2288213190281384,0.2124132619861839,0.458442924372602,0.6562425071273501,0.0260682612201021,0.0053463093311681,48,61,0.8953183676997208,0.780452156839487,baixo_baixo,False,0.1695980058725743,0.1536287367547392,0.3795425280650462,0.5998175621793993,0.0234159779614325,0.0046355159991523,53,66,0.8952136045302923,0.7603512147913328,baixo_baixo,False,-0.05922331315556412,-0.0587845252314447,-0.0789003963075558,-0.056424944947950806,-0.002652283258669598,-0.0007107933320158006,5,5,-0.00010476316942853448,-0.020100942048154158,True
01650166000116,0.052535149207529,0.0395561786487281,0.1416803969237714,0.3536114719845286,0.0212721908803892,0.0078649606184767,74,139,0.635516415711089,0.510983740757693,baixo_baixo,False,0.0467766743020089,0.0340670299593691,0.1294383192943363,0.3230572161757837,0.0221071663379355,0.0090685952224413,76,156,0.6299254970961762,0.5085938260967662,baixo_baixo,False,-0.005758474905520096,-0.005489148689359007,-0.012242077629435105,-0.03055425580874488,0.0008349754575463011,0.0012036346039646009,2,17,-0.005590918614912788,-0.0023899146609268618,True
01743462000161,0.1714865660579321,0.1077547634470038,0.2285720389106513,0.7782464038622267,0.0795847750865051,0.0087836039393132,14,17,0.8232610368998237,0.9911711217544256,baixo_baixo,False,0.1139002789103697,0.0753742040803858,0.1953993713810073,0.6151932577547711,0.0484429065743944,0.0070708590341507,24,34,0.7818141087309053,0.9925601800371504,baixo_baixo,False,-0.05758628714756241,-0.032380559366618,-0.03317266752964401,-0.16305314610745558,-0.031141868512110704,-0.0017127449051624992,10,17,-0.04144692816891837,0.001389058282724842,True
01746653000187,0.0481647369681983,0.0433084346057911,0.1665195974076131,0.3260136519247641,0.0194173257538309,0.0144143529260443,197,952,0.9204695199055926,0.9683184512602584,baixo_baixo,False,0.0487967696151048,0.0442672304227957,0.1342202580032215,0.3633469639770481,0.0192150937821293,0.0145446894668061,211,1079,0.9284537795893072,0.9721870224855332,oculta,True,0.0006320326469064982,0.0009587958170046013,-0.032299339404391614,0.03733331205228396,-0.0002022319717015983,0.00013033654076179992,14,127,0.007984259683714634,0.0038685712252748417,False
01815216000178,0.1087579972982463,0.1029328861694767,0.2959201680372116,0.4894767674504799,0.0079629629629629,0.0014790607601065,154,180,0.9254817197530336,0.4610263202452327,oculta,True,0.0991220299591744,0.0936621634740785,0.2812965316326913,0.4652880468129746,0.00785,0.0018369696969696,166,200,0.9208017835582892,0.4679454933912679,baixo_baixo,False,-0.009635967339071905,-0.009270722695398192,-0.014623636404520302,-0.024188720637505323,-0.00011296296296289983,0.0003579089368631,12,20,-0.004679936194744383,0.006919173146035185,False
01823752000115,0.1755447589749557,0.1121251250499522,0.291116238638461,0.7450982721086774,0.0972222222222221,0.0277777777777777,14,24,0.7655452500069693,0.8659338484717435,baixo_baixo,False,0.3253666703474408,0.2856823568384667,0.4206997239562355,0.9669678369182184,0.0765306122448979,0.0222088835534213,18,28,0.9553226955561736,0.6450775174210239,oculta,True,0.14982191137248513,0.1735572317885145,0.12958348531777453,0.221869564809541,-0.020691609977324193,-0.005568894224356399,4,4,0.18977744554920428,-0.22085633105071956,False
01824828000127,0.2364561273548237,0.2208735993416568,0.3578939788463782,0.8670036315800279,0.0404994797086368,0.0209178364373845,50,155,0.8292151695398913,0.7331400406243535,baixo_baixo,False,0.2218425890916914,0.2079469210397573,0.3462656444541477,0.8388338138597409,0.0383506343713956,0.0211783242708848,57,204,0.8355687477850355,0.8972726941959834,baixo_baixo,False,-0.014613538263132275,-0.012926678301899502,-0.011628334392230488,-0.028169817720287038,-0.0021488453372411967,0.00026048783350030025,7,49,0.006353578245144265,0.16413265357162998,True
01834835000100,0.0582146631539007,0.0172674745953746,0.0878477306002928,0.3206442166910688,0.0416666666666666,0.0,24,24,0.8824764503117334,0.644960269748771,baixo_baixo,False,0.0582146631539007,0.0172674745953746,0.0878477306002928,0.3206442166910688,0.0416666666666666,0.0,24,24,0.8808723312477817,0.6588051567688848,baixo_baixo,False,0.0,0.0,0.0,0.0,0.0,0.0,0,0,-0.0016041190639516367,0.013844887020113883,True
01842685000186,0.3669854646107463,0.2087318307634328,0.5510908268865274,0.9425947055326536,0.2,3.4694469519536136e-17,5,5,0.3949423727751436,0.5194701024636529,baixo_baixo,False,0.3669854646107463,0.2087318307634328,0.5510908268865274,0.9425947055326536,0.2,3.4694469519536136e-17,5,5,0.3925029965497244,0.5168108505695621,hhi_alto,False,0.0,0.0,0.0,0.0,0.0,0.0,0,0,-0.0024393762254191764,-0.002659251894090775,False
01850671000104,0.1328704642850847,0.121894141048187,0.2869556960786549,0.620480638749073,0.0363716828664623,0.0241738560673036,80,247,0.8093039845363639,0.9256901013310074,baixo_baixo,False,0.1096157671031235,0.098757422799503,0.2383183874845918,0.5754135818881967,0.035336011687363,0.0235718167079406,83,296,0.8232167478170818,0.9386292684462018,baixo_baixo,False,-0.0232546971819612,-0.02313671824868399,-0.048637308594063094,-0.04506705686087631,-0.0010356711790992998,-0.0006020393593629998,3,49,0.013912763280717888,0.012939167115194383,True
01851875000160,0.5417573636026664,0.4501088363231996,0.7152864122543534,0.9830167994578796,0.1666666666666666,3.3306690738754695e-17,6,6,0.6095602972548966,0.4389972757083259,hhi_alto,False,0.5250137260984254,0.4458493471148296,0.7039786732662393,0.967476594585026,0.15625,0.015625,7,8,0.6010687804018938,0.4439762807719171,hhi_alto,False,-0.016743637504240905,-0.004259489208369993,-0.011307738988114102,-0.015540204872853569,-0.010416666666666602,0.015624999999999967,1,2,-0.008491516853002756,0.004979005063591169,True
01877528000106,0.1639623437149149,0.1492950164116678,0.2811250489364972,0.7275749473828306,0.0226055919095776,0.0054583215922017,58,82,0.9404230832283932,0.7055957742903465,oculta,True,0.1420882641503925,0.1288896220603985,0.2589084296924458,0.6700764937990435,0.0221068819684736,0.0070623724602963,66,102,0.9332243396199204,0.6859459634540879,oculta,True,-0.021874079564522392,-0.020405394351269313,-0.022216619244051383,-0.057498453583787024,-0.0004987099411040002,0.0016040508680945998,8,20,-0.007198743608472835,-0.019649810836258608,True
01896727000161,0.2151826686705835,0.1927593163468859,0.4110299696630523,0.727240609995877,0.0389030612244897,0.0114431486880466,36,56,0.6433056701014628,0.6464129894633361,baixo_baixo,False,0.1890427767830941,0.1682490018288145,0.3806011232264101,0.6848204944642926,0.03515625,0.0104166666666666,40,64,0.6621213798033839,0.6710531113955497,baixo_baixo,False,-0.026139891887489386,-0.024510314518071397,-0.030428846436642176,-0.042420115531584424,-0.0037468112244897003,-0.0010264820213800006,4,8,0.018815709701921146,0.024640121932213543,True
01906118000146,0.5652689291943386,0.5217958221137724,0.7468169165135978,0.8616212989388164,0.0909090909090909,0.0,11,11,0.7616034748147118,0.3965645695364237,hhi_alto,False,0.5652689291943386,0.5217958221137724,0.7468169165135978,0.8616212989388164,0.0909090909090909,0.0,11,11,0.7560716706931407,0.3939165594559823,hhi_alto,False,0.0,0.0,0.0,0.0,0.0,0.0,0,0,-0.00553180412157106,-0.0026480100804414097,True
01933030000113,0.5264971854984669,0.4673093336857753,0.6768673879615934,0.9690581811711264,0.12,0.01,9,10,0.9149384035072194,0.8103061668702252,hhi_alto,False,0.4745488942152905,0.4161654380169894,0.5747131319177387,0.973662728520928,0.125,0.0277777777777777,10,12,0.9349962124872148,0.6271709491730802,critico,False,-0.05194829128317641,-0.05114389566878591,-0.10215425604385475,0.0046045473498015355,0.0050000000000000044,0.017777777777777698,1,2,0.020057808979995317,-0.18313521769714491,False
01935036000120,0.0972928705528326,0.0795927307597508,0.216810905807495,0.5293881508780958,0.0374603174603174,0.0185869903516962,52,105,0.831794574680315,0.9900312281012048,baixo_baixo,False,0.3845981816497251,0.3729868265865123,0.6095006100559475,0.7756538868420093,0.0355760099349843,0.0173793308771538,54,117,0.9149316262893212,0.9895493555992292,hhi_alto,False,0.2873053110968925,0.29339409582676146,0.39268970424845245,0.24626573596391355,-0.0018843075253331051,-0.0012076594745424017,2,12,0.0831370516090062,-0.00048187250197562204,False
01941360000150,0.0724060856425568,0.0660527026675059,0.189866386349733,0.4630834459802666,0.0188510852475858,0.0121308872013364,147,439,0.9425085913676786,0.988008076156914,oculta,True,0.0635713868418547,0.0577909633038414,0.1460009801923344,0.4513894349126754,0.0189642879285758,0.0129085119281349,163,508,0.9451985119299804,0.9830852177721804,oculta,True,-0.00883469880070209,-0.008261739363664505,-0.04386540615739859,-0.011694011067591159,0.00011320268099000025,0.0007776247267984992,16,69,0.002689920562301773,-0.004922858384733608,True
01977854000195,0.2109046965888888,0.1765962051362318,0.2932406323669072,0.8527057462484001,0.0635500365230095,0.022834820719662,24,37,0.7427725379577912,0.6297684772467842,baixo_baixo,False,0.2109046965888888,0.1765962051362318,0.2932406323669072,0.8527057462484001,0.0635500365230095,0.022834820719662,24,37,0.7351124555751537,0.626137388001766,baixo_baixo,False,0.0,0.0,0.0,0.0,0.0,0.0,0,0,-0.00766008238263749,-0.003631089245018204,True
02061040000179,0.3172775189270758,0.2414194654745286,0.5039825950460209,0.8852448619257571,0.1124260355029586,0.0138067061143984,10,13,0.7980709654126934,0.994171767785686,baixo_baixo,False,0.3172775189270758,0.2414194654745286,0.5039825950460209,0.8852448619257571,0.1124260355029586,0.0138067061143984,10,13,0.7999905702970522,0.994916820071046,baixo_baixo,False,0.0,0.0,0.0,0.0,0.0,0.0,0,0,0.0019196048843588276,0.0007450522853600372,True
02073207000111,0.1183236505059118,0.1121146621291929,0.250275209252387,0.5790438748465869,0.021110969393003,0.0142173846704185,143,493,0.8746362744817029,0.5742288552719745,baixo_baixo,False,0.1126102922611149,0.1066144158574738,0.243819998912195,0.5641089157689375,0.0202982553565643,0.0136786489738384,149,588,0.8728801543286666,0.5835890346316341,baixo_baixo,False,-0.005713358244796907,-0.005500246271719092,-0.0064552103401920025,-0.014934959077649412,-0.0008127140364386984,-0.0005387356965800994,6,95,-0.001756120153036278,0.009360179359659604,True
02179215000147,0.2701814206853613,0.1789540982710314,0.4447132198894205,0.8513872337114327,0.12,0.01,9,10,0.4924557394435856,0.6172412644931562,baixo_baixo,False,0.2701814206853613,0.1789540982710314,0.4447132198894205,0.8513872337114327,0.12,0.01,9,10,0.4898798306611852,0.6161420743640305,baixo_baixo,False,0.0,0.0,0.0,0.0,0.0,0.0,0,0,-0.002575908782400438,-0.0010991901291257378,True
02180700000130,0.2278114605072247,0.1420127338969163,0.374785836664763,0.820711289977156,0.1111111111111111,0.0123456790123456,10,12,0.6529929263199233,0.720080216870959,baixo_baixo,False,0.2052010491188228,0.1329465990387158,0.3530538866987872,0.7731223606595079,0.0933333333333333,0.0109090909090909,12,15,0.6304456474860732,0.7032199789154575,baixo_baixo,False,-0.02261041138840189,-0.009066134858200486,-0.021731949965975828,-0.04758892931764813,-0.01777777777777781,-0.0014365881032547007,2,3,-0.022547278833850104,-0.01686023795550151,True
02246138000109,0.19335659506559,0.1395803680699627,0.3433150505511609,0.7846471536555248,0.1621900826446281,0.1063360881542699,16,44,0.8411020174465251,0.4074805752508751,baixo_baixo,False,0.1852572467186604,0.1373312024079933,0.3314765755719317,0.7764920278405523,0.1536859641815909,0.1039027856040375,18,49,0.8335676308677734,0.4062805299648514,baixo_baixo,False,-0.008099348346929602,-0.002249165661969421,-0.011838474979229185,-0.008155125814972575,-0.008504118463037197,-0.0024333025502323996,2,5,-0.007534386578751717,-0.0012000452860236877,True
02247113000111,0.1911311724797219,0.168662593937492,0.2804320395155463,0.7940854656451586,0.0368620037807183,0.0101081705524049,37,46,0.8299520352095587,0.8602527641904544,baixo_baixo,False,0.2418874892081326,0.224256965701345,0.4473512174671245,0.753656739944507,0.0315500685871056,0.0090279771588987,44,54,0.8243324512870638,0.6276914689369181,baixo_baixo,False,0.050756316728410716,0.05559437176385301,0.16691917795157818,-0.04042872570065159,-0.005311935193612699,-0.0010801933935062,7,8,-0.005619583922494953,-0.2325612952535363,True
02299772000100,0.1982636533483986,0.0980466100169484,0.343878954607978,0.7806844096141317,0.1111111111111111,0.0,9,9,0.7322738997699448,0.9943921240238096,baixo_baixo,False,0.1982636533483986,0.0980466100169484,0.343878954607978,0.7806844096141317,0.1111111111111111,0.0,9,9,0.737431076475747,0.994889103714876,baixo_baixo,False,0.0,0.0,0.0,0.0,0.0,0.0,0,0,0.00515717670580218,0.0004969796910664348,True
02307876000100,0.953088516604506,0.9452699360385904,0.9760546774956717,0.9994301444113408,0.1428571428571428,0.0,7,7,0.9570051614664936,0.9076745598256862,critico,False,0.8842887942819626,0.8698248935672079,0.9397918255218306,0.996196698878304,0.1111111111111111,0.0,9,9,0.94253720669038,0.8952765494660281,critico,False,-0.06879972232254339,-0.0754450424713825,-0.03626285197384105,-0.0032334455330368383,-0.03174603174603169,0.0,2,2,-0.014467954776113623,-0.012398010359658151,True
02316487000141,0.5049703598952365,0.4944378143610927,0.6788863049254797,0.9171460153347396,0.0324839995169665,0.0118985526981786,48,91,0.9727899069985192,0.5733246583995085,critico,False,0.4781297164838606,0.4695744659344157,0.6604502531044204,0.8948086942869106,0.0316235229834027,0.0157484987700159,62,121,0.9674602788774586,0.5784858726614485,critico,False,-0.02684064341137593,-0.02486334842667698,-0.01843605182105934,-0.02233732104782904,-0.0008604765335637962,0.0038499460718373017,14,30,-0.005329628121060637,0.005161214261939939,True
02318396000145,0.3480740944928857,0.2828815039421742,0.5372001939314813,0.8768973342197528,0.0909090909090909,0.0,11,11,0.8105349654612597,0.4415890193732066,baixo_baixo,False,0.2277529868038966,0.1725924858613178,0.334432032544859,0.8240393386457013,0.0666666666666666,0.0,15,15,0.8226349043752785,0.4193200731949826,baixo_baixo,False,-0.12032110768898907,-0.1102890180808564,-0.20276816138662235,-0.052857995574051464,-0.0242424242424243,0.0,4,4,0.012099938914018837,-0.022268946178224003,True
02362976000130,0.0697321459443555,0.0639897517835182,0.2536842316652629,0.3160929079130459,0.0068027210884353,0.0006718736877467,163,189,0.5144988565257945,0.5332693783237311,baixo_baixo,False,0.0514131888091141,0.046622346328352,0.2073167738159077,0.3091521531379674,0.0056710775047258,0.0006492142598002,199,230,0.52591835232949,0.5183004272998999,baixo_baixo,False,-0.018318957135241405,-0.017367405455166206,-0.04636745784935517,-0.006940754775078495,-0.0011316435837094999,-2.265942794650003e-05,36,41,0.0114194958036955,-0.014968951023831223,True
02371916000183,0.1353322254936008,0.0776877071931742,0.2407104173692858,0.6510435613566268,0.0625,0.0,16,16,0.9959047136996264,0.6804405737897941,oculta,True,0.1220128876431439,0.0671386931208404,0.2239978882325353,0.6058415937501563,0.0588235294117647,0.0,17,17,0.9955780698110988,0.6738211643400741,oculta,True,-0.0133193378504569,-0.010549014072333787,-0.016712529136750504,-0.04520196760647044,-0.003676470588235302,0.0,1,1,-0.0003266438885276557,-0.0066194094497199485,True
02396675000127,0.2777265295995962,0.2519310485138675,0.4252153069378134,0.8612501291848593,0.0454545454545454,0.0113636363636363,29,44,0.8839322591106624,0.8891215682579895,baixo_baixo,False,0.2653767646085889,0.2408893234288751,0.4152655178198585,0.8410973806281052,0.0492561983471074,0.017564738292011,31,55,0.8850408277592381,0.8916593469928084,baixo_baixo,False,-0.012349764991007317,-0.011041725084992404,-0.00994978911795491,-0.020152748556754085,0.003801652892561999,0.006201101928374699,2,11,0.0011085686485756696,0.002537778734818863,True
02406542000194,0.3130953135125228,0.3006061373945687,0.4143757742137574,0.8965385493807146,0.024835646457268,0.0071053854837638,56,74,0.8572765551512526,0.7176768209637691,baixo_baixo,False,0.3065825845584039,0.2944173667436391,0.4100154376842031,0.8871045765708035,0.0238743791059125,0.0067493682130337,58,79,0.8497991514682852,0.7185608814996415,baixo_baixo,False,-0.006512728954118863,-0.006188770650929598,-0.004360336529554254,-0.009433972809911095,-0.000961267351355502,-0.0003560172707301008,2,5,-0.007477403682967343,0.0008840605358724218,True
02458148000108,0.1498651095904484,0.0081759611888565,0.207107696001921,0.653319726257654,0.1428571428571428,0.0,7,7,0.4953661205979427,0.5568020573512795,baixo_baixo,False,0.1498651095904484,0.0081759611888565,0.207107696001921,0.653319726257654,0.1428571428571428,0.0,7,7,0.4919179965863079,0.5533628392847721,baixo_baixo,False,0.0,0.0,0.0,0.0,0.0,0.0,0,0,-0.003448124011634801,-0.003439218066507377,True
02482295000105,0.3347522147772701,0.3298963915274692,0.5648115978093408,0.7484065038293168,0.0189174341106565,0.0117562474983255,138,526,0.9389516719754104,0.870851704055721,oculta,True,0.3133574636315385,0.3088400785238512,0.5463128388914246,0.7238946284701064,0.0185485919581942,0.0120916748000244,153,664,0.9363126259080616,0.8750552182107311,oculta,True,-0.021394751145731583,-0.021056313003617988,-0.01849875891791619,-0.0245118753592104,-0.0003688421524623009,0.0003354273016988995,15,138,-0.0026390460673487715,0.00420351415501008,True
02524947000127,0.1944331650736125,0.093737310707814,0.3126193805374498,0.8184643594049528,0.1111111111111111,0.0,9,9,0.4974688680156799,0.6251789530555869,baixo_baixo,False,0.6604002886253234,0.6264403174878558,0.8086822498478262,0.9310328551694028,0.0909090909090909,0.0,11,11,0.7638437077376752,0.4355071339681537,hhi_alto,False,0.4659671235517109,0.5327030067800418,0.4960628693103764,0.11256849576445005,-0.020202020202020207,0.0,2,2,0.26637483972199527,-0.1896718190874332,False
02533645000115,0.1935459357966425,0.0927391777712229,0.3097015180642116,0.7695899566080789,0.1111111111111111,0.0,9,9,0.2469605460121472,0.5754464935866676,baixo_baixo,False,0.1935459357966425,0.0927391777712229,0.3097015180642116,0.7695899566080789,0.1111111111111111,0.0,9,9,0.2456381790255224,0.572960273018524,baixo_baixo,False,0.0,0.0,0.0,0.0,0.0,0.0,0,0,-0.0013223669866248011,-0.0024862205681435157,True
02548293000171,0.1503541961969072,0.0441484707215206,0.2032815587004439,0.6919560749370423,0.1473922902494331,0.0408163265306122,9,21,0.6339627644562722,0.9071697935651748,baixo_baixo,False,0.1503541961969072,0.0441484707215206,0.2032815587004439,0.6919560749370423,0.1473922902494331,0.0408163265306122,9,21,0.656488451729029,0.923979177972942,baixo_baixo,False,0.0,0.0,0.0,0.0,0.0,0.0,0,0,0.022525687272756834,0.016809384407767247,True
02555079000142,0.4247397468133206,0.3528322151649857,0.5781018396724898,0.9592291458645756,0.1111111111111111,0.0,9,9,0.987225931681594,0.6571551038580495,critico,False,0.4247397468133206,0.3528322151649857,0.5781018396724898,0.9592291458645756,0.1111111111111111,0.0,9,9,0.9864152759544916,0.6532203704604859,critico,False,0.0,0.0,0.0,0.0,0.0,0.0,0,0,-0.0008106557271023718,-0.003934733397563672,True
02571926000162,0.2090322629565202,0.0960368719503088,0.278271315230752,0.8863001452676278,0.125,0.0,8,8,0.4909530674280822,0.806791414224387,baixo_baixo,False,0.2090322629565202,0.0960368719503088,0.278271315230752,0.8863001452676278,0.125,0.0,8,8,0.5147246786908987,0.808616463806862,baixo_baixo,False,0.0,0.0,0.0,0.0,0.0,0.0,0,0,0.02377161126281646,0.0018250495824749802,True
02581343000112,0.1314317937060912,0.0952414517771783,0.2510004378506623,0.6558935038574981,0.0439952437574316,0.0041617122473246,25,29,0.4138552884110275,0.543216451667906,baixo_baixo,False,0.1186404723900615,0.083386091285664,0.2335858187032907,0.6114926118021642,0.0422222222222222,0.0039111111111111,26,30,0.4037728326984815,0.5311632448369723,baixo_baixo,False,-0.01279132131602971,-0.011855360491514297,-0.01741461914737158,-0.04440089205533393,-0.0017730215352093973,-0.00025060113621350015,1,1,-0.010082455712545957,-0.012053206830933694,True
02701029000126,0.2635776430394602,0.1899354073434062,0.4525554751578006,0.8194227733379932,0.0909090909090909,0.0,11,11,0.6626495596471357,0.7463455573382523,baixo_baixo,False,0.1908961443326269,0.1331030117849574,0.3016399331168312,0.78960278409405,0.0666666666666666,0.0,15,15,0.7767235529709275,0.6648406060541397,baixo_baixo,False,-0.0726814987068333,-0.056832395558448795,-0.1509155420409694,-0.029819989243943135,-0.0242424242424243,0.0,4,4,0.11407399332379187,-0.0815049512841125,True
02762633000162,0.3229928069706835,0.313844061118936,0.55053688634975,0.7522167744221997,0.0165337033183026,0.0032436182280094,75,93,0.9584224471147318,0.4652489934291576,oculta,True,0.2373894879160996,0.2306407223224367,0.4705004471832504,0.6469187257085397,0.0115406267592418,0.0027931986774652,114,146,0.9408834247623288,0.4718382459928755,oculta,True,-0.0856033190545839,-0.08320333879649927,-0.08003643916649955,-0.10529804871366,-0.0049930765590608,-0.00045041955054420015,39,53,-0.01753902235240301,0.006589252563717896,True
02920909000193,0.0260444933041398,0.0187215195695845,0.0615844841430542,0.2239236141347769,0.0169872430431621,0.0095961696825844,134,246,0.7315362043480491,0.8095419630911156,baixo_baixo,False,0.0231208446086982,0.0171642643928976,0.056893023007201,0.2068652763451345,0.0143981614478598,0.008388394139615,165,295,0.7282602322961724,0.8131917461450322,baixo_baixo,False,-0.0029236486954415976,-0.0015572551766869017,-0.004691461135853205,-0.017058337789642414,-0.0025890815953023023,-0.0012077755429693998,31,49,-0.0032759720518766855,0.003649783053916611,True
02983473000181,0.8343440184782401,0.8067346882246134,0.9119747437906858,0.9890442304094548,0.15625,0.015625,7,8,0.9600141714457164,0.3965645695364237,critico,False,0.5570207422673554,0.4831908659785813,0.6941016979401958,0.9916615911495196,0.1604938271604938,0.0205761316872427,7,9,0.963639791451716,0.3939165594559823,critico,False,-0.2773232762108847,-0.32354382224603206,-0.21787304585048994,0.0026173607400648002,0.0042438271604937905,0.004951131687242701,0,1,0.0036256200059995303,-0.0026480100804414097,True
02994421000100,0.0876434413565667,0.0538524577031062,0.1535435477154827,0.5253382811122588,0.0368608799048751,0.0011890606420927,28,29,0.5533193363212578,0.4540100400681257,baixo_baixo,False,0.0750875275484603,0.0452516413403461,0.1285663015395718,0.4497417445445022,0.0328719723183391,0.0016742940060274,32,34,0.6037477217238374,0.5137470161369924,baixo_baixo,False,-0.01255591380810639,-0.008600816362760097,-0.024977246175910905,-0.07559653656775656,-0.003988907586536,0.00048523336393469993,4,5,0.050428385402579545,0.05973697606886669,True
03061303000102,0.2353435350413253,0.2134962074710775,0.4239284071622514,0.7403215465336922,0.03375,0.0061428571428571,36,40,0.8509989457076574,0.4063209725660231,baixo_baixo,False,0.2051143942877666,0.1852422541449607,0.3943116540471135,0.6886007368425556,0.0291358024691358,0.0048641975308641,41,45,0.8342713296305151,0.4030179716412526,baixo_baixo,False,-0.030229140753558703,-0.0282539533261168,-0.029616753115137895,-0.05172080969113657,-0.004614197530864204,-0.0012786596119930002,5,5,-0.01672761607714235,-0.0033030009247705383,True
03130778000103,0.2837917295305102,0.1644236844522618,0.4370892044430118,0.9242615468951186,0.1428571428571428,0.0,7,7,0.6299674898244995,0.6295861725361753,baixo_baixo,False,0.2837917295305102,0.1644236844522618,0.4370892044430118,0.9242615468951186,0.1428571428571428,0.0,7,7,0.6250945988730292,0.6269179977724779,baixo_baixo,False,0.0,0.0,0.0,0.0,0.0,0.0,0,0,-0.0048728909514702545,-0.0026681747636974062,True
03133862000180,0.1644277826500228,0.0947967645375247,0.2764627096981881,0.7045866506397358,0.0816326530612245,0.0051020408163265,13,14,0.1756920325156068,0.4247796675410747,baixo_baixo,False,0.1644277826500228,0.0947967645375247,0.2764627096981881,0.7045866506397358,0.0816326530612245,0.0051020408163265,13,14,0.1737699795725196,0.4221586803187909,baixo_baixo,False,0.0,0.0,0.0,0.0,0.0,0.0,0,0,-0.001922052943087199,-0.0026209872222838215,True
03183869000107,0.2187594090025405,0.0885526438362972,0.3138500548498945,0.8939897666552297,0.15625,0.015625,7,8,0.6652457262269504,0.5253859785089207,baixo_baixo,False,0.15057247314892,0.065629720463812,0.2530776175006516,0.6999265720261671,0.1124260355029586,0.0236686390532544,11,13,0.6626084964970567,0.5628780800864118,baixo_baixo,False,-0.06818693585362051,-0.022922923372485193,-0.06077243734924287,-0.19406319462906252,-0.0438239644970414,0.0080436390532544,4,5,-0.0026372297298937752,0.037492101577491166,True
03230443000167,0.2805929012950078,0.274696121797426,0.480456291397129,0.7943990833402579,0.0164125273922571,0.008350334993833,123,296,0.9681512453885498,0.4804150555208301,oculta,True,0.2613313894698493,0.2560172268041648,0.4627648312317589,0.7651475572598051,0.015805475493966,0.0087249393464406,140,373,0.967546187957036,0.4968740713292287,oculta,True,-0.019261511825158506,-0.018678894993261197,-0.0176914601653701,-0.029251526080452783,-0.000607051898291102,0.00037460435260759997,17,77,-0.0006050574315138446,0.01645901580839859,True
03264792000108,0.0900378035301026,0.0838051857460622,0.252028706288453,0.472366301549119,0.0184837176836962,0.0117610034212557,147,386,0.8934877465474182,0.7132314241478966,baixo_baixo,False,0.0740820806469499,0.0682950936509933,0.1802507904142227,0.4707607912470337,0.0190243432727005,0.0128932454181549,161,467,0.9095182612995424,0.6939645821172387,baixo_baixo,False,-0.015955722883152695,-0.0155100920950689,-0.07177791587423027,-0.0016055103020853334,0.0005406255890042996,0.0011322419968992012,14,81,0.016030514752124136,-0.019266842030657982,True
03331692000149,0.1007774300909498,0.0190299237355816,0.1403407028191209,0.4767382996913673,0.1022222222222222,0.0206060606060606,12,15,0.6060789376262328,0.4894024632524829,baixo_baixo,False,0.0976260213174948,0.0224281897606194,0.1379179916635236,0.4685083338029151,0.09375,0.0182291666666666,13,16,0.6090440240945086,0.4967884029479428,baixo_baixo,False,-0.003151408773455003,0.0033982660250377987,-0.002422711155597307,-0.008229965888452151,-0.0084722222222222,-0.0023768939393940015,1,1,0.002965086468275868,0.00738593969545992,True
03347877000141,0.2702375815517798,0.2493872267389735,0.4294385080332894,0.8001109632996126,0.060262965668371,0.0334133361160388,36,74,0.8884700465452996,0.9953525764333072,baixo_baixo,False,0.2638425703209416,0.2433937528298566,0.3767504917888263,0.8116039749536976,0.0578512396694214,0.0316804407713498,37,77,0.9001715424523604,0.995387207169158,baixo_baixo,False,-0.006395011230838188,-0.00599347390911692,-0.05268801624446312,0.011493011654085006,-0.0024117259989496,-0.0017328953446889978,1,3,0.011701495907060822,3.463073585074916e-05,True
03347885000198,0.0366167936243698,0.0301074476353453,0.0889496515444914,0.299921585327614,0.0315947110818905,0.0250514321027141,149,702,0.9311655670764616,0.9971054981955656,oculta,True,0.1578707817387022,0.1527358474810114,0.3784243559187999,0.534425101758856,0.0305190194626597,0.0246075500691393,165,811,0.9555089944014546,0.9939116158242473,oculta,True,0.1212539881143324,0.1226283998456661,0.2894747043743085,0.23450351643124207,-0.0010756916192307987,-0.0004438820335747988,16,109,0.02434342732499306,-0.003193882371318346,True
03383321000100,0.2632191712114213,0.1895410883325634,0.4278257893385813,0.8356635577992642,0.1005917159763313,0.0106508875739645,11,13,0.8848181399929093,0.992539643725949,baixo_baixo,False,0.2466242845413043,0.1995383023251358,0.434839137783564,0.8245115343255492,0.1034482758620689,0.0474137931034482,17,29,0.7585783549558476,0.9670040764473286,baixo_baixo,False,-0.016594886670116993,0.009997213992572418,0.007013348444982692,-0.011152023473714912,0.002856559885737589,0.0367629055294837,6,16,-0.12623978503706168,-0.025535567278620497,True
03387174000147,0.1081722542388188,0.033853275425387,0.1693576571985472,0.5571828884283527,0.09375,0.0182291666666666,13,16,0.4707487188277962,0.6303867894207076,baixo_baixo,False,0.13963046407589,0.0734481920817276,0.2766823721207256,0.6349005843047639,0.0925925925925925,0.0227920227920227,14,18,0.5698616100556295,0.6875791101437865,baixo_baixo,False,0.031458209837071205,0.03959491665634061,0.1073247149221784,0.0777176958764112,-0.0011574074074074958,0.004562856125356101,1,2,0.09911289122783334,0.05719232072307889,True
03405084000131,0.6662336825704975,0.5827921032131219,0.8050941847688685,0.9999994632276016,0.2,3.4694469519536136e-17,5,5,0.2912454844421906,0.4241252385300119,hhi_alto,False,0.4457397757493357,0.3665597437135265,0.6044787326081682,0.9909916413917738,0.125,0.0,8,8,0.751923996192982,0.8180172423901697,hhi_alto,False,-0.22049390682116182,-0.2162323594995954,-0.2006154521607003,-0.009007821835827823,-0.07500000000000001,-3.4694469519536136e-17,3,3,0.4606785117507914,0.3938920038601578,True
03532661000156,0.7092110910972237,0.6607462729467609,0.838632989026345,0.960582616118176,0.1851851851851851,0.0493827160493827,7,9,0.9422929763977448,0.484806929329995,critico,False,0.299965091607288,0.2363255544806778,0.4348873961955147,0.9168007555532904,0.1020408163265306,0.0204081632653061,12,14,0.934655442006608,0.6509614528905084,oculta,True,-0.4092459994899357,-0.4244207184660831,-0.4037455928308303,-0.04378186056488553,-0.08314436885865449,-0.0289745527840766,5,5,-0.007637534391136791,0.16615452356051347,False
03587269000104,0.2013374528621637,0.1650346098104438,0.3943290455979261,0.7299125966076568,0.0473372781065088,0.0040344271113502,23,26,0.8805680275244959,0.4528571037380008,baixo_baixo,False,0.1764172747181536,0.14210132783141,0.3635171094792436,0.6728789579498835,0.0433673469387755,0.0035076530612244,25,28,0.8735378343775109,0.4492816925551809,baixo_baixo,False,-0.024920178144010097,-0.0229332819790338,-0.030811936118682492,-0.05703363865777333,-0.0039699311677332955,-0.0005267740501258,2,2,-0.007030193146985053,-0.0035754111828198987,True
03608586000160,0.259380115553935,0.1112561386647219,0.3241471857719612,0.954647724455962,0.1666666666666666,3.3306690738754695e-17,6,6,0.9431418843402836,0.9591758079808084,oculta,True,0.2565743286441923,0.132670050084891,0.322370345306673,0.9494147414736508,0.1428571428571428,0.0,7,7,0.9623010002843788,0.9675371335002716,oculta,True,-0.0028057869097427024,0.0214139114201691,-0.0017768404652881986,-0.0052329829823112295,-0.023809523809523808,-3.3306690738754695e-17,1,1,0.01915911594409525,0.008361325519463225,True
03838193000142,0.6808700447162989,0.6409788003058363,0.8200354710898773,0.960523947996995,0.12,0.01,9,10,0.4530317903857068,0.5045154398351968,hhi_alto,False,0.657611189495164,0.61956798832796,0.8057206163762716,0.9437566723738544,0.1074380165289256,0.0082644628099173,10,11,0.4609823844252226,0.5110416038909648,hhi_alto,False,-0.02325885522113491,-0.02141081197787631,-0.014314854713605718,-0.01676727562314062,-0.0125619834710744,-0.0017355371900827001,1,1,0.007950594039515813,0.006526164055768002,True
03842931000125,0.3221027271855149,0.2656112877843078,0.5377867554139301,0.8029481171161373,0.0844444444444444,0.0081481481481481,13,15,0.6236780856929491,0.5213712217270599,baixo_baixo,False,0.3140520811308755,0.2568897545584485,0.5302990407847837,0.7917685067920629,0.0925925925925925,0.0169753086419752,13,18,0.6358211144864512,0.5273298717162767,baixo_baixo,False,-0.008050646054639399,-0.008721533225859335,-0.007487714629146325,-0.01117961032407444,0.008148148148148099,0.0088271604938271,0,3,0.012143028793502042,0.005958649989216802,True
03845124000166,0.1806129590165865,0.0781895788936598,0.2763672946593914,0.7318071954546029,0.1239669421487603,0.0144628099173553,9,11,0.8336572360843496,0.9943865323566672,baixo_baixo,False,0.1806129590165865,0.0781895788936598,0.2763672946593914,0.7318071954546029,0.1239669421487603,0.0144628099173553,9,11,0.8568371119499398,0.9952845740539784,baixo_baixo,False,0.0,0.0,0.0,0.0,0.0,0.0,0,0,0.023179875865590227,0.0008980416973112249,True
03852808000195,0.197300961544354,0.0367611538532248,0.2346004363568116,0.8237621721976404,0.183673469387755,0.0204081632653061,6,7,0.7574101404931263,0.8486608740117091,baixo_baixo,False,0.197300961544354,0.0367611538532248,0.2346004363568116,0.8237621721976404,0.183673469387755,0.0204081632653061,6,7,0.7534461491098925,0.8503156214624465,baixo_baixo,False,0.0,0.0,0.0,0.0,0.0,0.0,0,0,-0.003963991383233778,0.0016547474507374593,True
03918310000188,0.156703549399397,0.1039975212368593,0.2308685185692066,0.7282741550230083,0.065,0.0065625,17,20,0.654161910705283,0.7263583439656252,baixo_baixo,False,0.1898084924594069,0.1471668341677967,0.3540262917027703,0.7336619408479261,0.0559999999999999,0.0063157894736842,20,25,0.7446379960724107,0.5473337086678138,baixo_baixo,False,0.033104943060009884,0.043169312930937384,0.12315777313356369,0.0053877858249178345,-0.009000000000000105,-0.0002467105263157998,3,5,0.0904760853671277,-0.17902463529781132,True
03937163000193,0.3403729380036591,0.2579195552541165,0.4671088068946943,0.9540401545246432,0.1111111111111111,0.0,9,9,0.6615356887111219,0.4748796465461148,baixo_baixo,False,0.3390485635328795,0.2656095150365328,0.4661965501455289,0.9521769278907336,0.1,3.0839528461809905e-17,10,10,0.6553431283807911,0.4733550870647652,baixo_baixo,False,-0.001324374470779599,0.007689959782416322,-0.0009122567491653966,-0.001863226633909587,-0.0111111111111111,3.0839528461809905e-17,1,1,-0.006192560330330776,-0.0015245594813496077,True
04073373000143,0.4492845490168795,0.3574986405196927,0.6441810211298085,0.9326788334865872,0.256198347107438,0.1322314049586776,7,11,0.6790081742695059,0.8209498467561519,hhi_alto,False,0.4492845490168795,0.3574986405196927,0.6441810211298085,0.9326788334865872,0.256198347107438,0.1322314049586776,7,11,0.6918343659795423,0.8251906916906511,hhi_alto,False,0.0,0.0,0.0,0.0,0.0,0.0,0,0,0.012826191710036405,0.004240844934499166,True
04106469000160,0.4235726420430801,0.27946580255385,0.4938858757785562,0.9832322696494936,0.2,3.4694469519536136e-17,5,5,0.3584777141165977,0.425764738728981,hhi_alto,False,0.4235726420430801,0.27946580255385,0.4938858757785562,0.9832322696494936,0.2,3.4694469519536136e-17,5,5,0.3568296862946898,0.4232810966101364,hhi_alto,False,0.0,0.0,0.0,0.0,0.0,0.0,0,0,-0.0016480278219078714,-0.002483642118844609,True
04124168000160,0.4694516745120086,0.3810269535973434,0.6609308543959643,0.9682417743271796,0.1428571428571428,0.0,7,7,0.5301634887223897,0.4475172824463316,hhi_alto,False,0.4227336927698135,0.3402670774512155,0.6249844655651321,0.915581507264858,0.125,0.0,8,8,0.5092126439960957,0.4434063611346302,hhi_alto,False,-0.0467179817421951,-0.040759876146127916,-0.03594638883083223,-0.05266026706232163,-0.017857142857142794,0.0,1,1,-0.02095084472629405,-0.0041109213117013765,True
04200511000108,0.5748533477776676,0.5421497591451805,0.7437357220265597,0.9663638202136776,0.0864197530864197,0.0161443494776828,14,18,0.8218442788769335,0.9487990911941768,hhi_alto,False,0.5748533477776676,0.5421497591451805,0.7437357220265597,0.9663638202136776,0.0864197530864197,0.0161443494776828,14,18,0.8219189912621728,0.9563818634669308,hhi_alto,False,0.0,0.0,0.0,0.0,0.0,0.0,0,0,7.471238523937274e-05,0.007582772272753946,True
04244520000109,0.2896097196707135,0.1475316636048562,0.3992867535252097,0.9450515790970648,0.1666666666666666,3.3306690738754695e-17,6,6,0.4410841434680326,0.7332641907627873,baixo_baixo,False,0.2896097196707135,0.1475316636048562,0.3992867535252097,0.9450515790970648,0.1666666666666666,3.3306690738754695e-17,6,6,0.4400490159867964,0.7310756568785464,baixo_baixo,False,0.0,0.0,0.0,0.0,0.0,0.0,0,0,-0.0010351274812361866,-0.0021885338842408952,True
04244525000123,0.035429737536085,0.0290418550032113,0.0879153027521318,0.290754616298547,0.0169147187728268,0.0104042202216535,152,296,0.7322858704979179,0.7269755477472232,baixo_baixo,False,0.0371487241632557,0.0311309036892761,0.0944671365796008,0.3025709443470244,0.0176757812499999,0.0115362548828124,161,320,0.7620560723690254,0.7579291581584813,baixo_baixo,False,0.001718986627170703,0.0020890486860647983,0.006551833827469003,0.011816328048477431,0.0007610624771730995,0.0011320346611589007,9,24,0.02977020187110746,0.030953610411258103,True
04249257000132,0.5934273838837714,0.548252648759746,0.7570357430468068,0.9832537943712212,0.140625,0.0451388888888888,10,16,0.9740448760540836,0.7421672793470951,critico,False,0.5934273838837714,0.548252648759746,0.7570357430468068,0.9832537943712212,0.140625,0.0451388888888888,10,16,0.9731851626927218,0.7399556578246252,critico,False,0.0,0.0,0.0,0.0,0.0,0.0,0,0,-0.0008597133613618135,-0.0022116215224698976,True
04326257000199,0.2606725349363036,0.2474702587744519,0.4592652507891351,0.8323396771525116,0.0183333333333333,0.0008035714285714,57,60,0.8933874873840121,0.4947264440690989,baixo_baixo,False,0.2606725349363036,0.2474702587744519,0.4592652507891351,0.8323396771525116,0.0183333333333333,0.0008035714285714,57,60,0.8904349354500722,0.4920964461479634,baixo_baixo,False,0.0,0.0,0.0,0.0,0.0,0.0,0,0,-0.00295255193393984,-0.0026299979211354962,True
04394880000189,0.2383281054689056,0.0859937265626868,0.3283469579610695,0.9081295837740072,0.1666666666666666,3.3306690738754695e-17,6,6,0.6800939497916144,0.6309057930813812,baixo_baixo,False,0.1927547607299641,0.0582138875182915,0.2600839995565946,0.8441539640042062,0.1428571428571428,0.0,7,7,0.6514289838793544,0.5804064647059741,baixo_baixo,False,-0.04557334473894151,-0.027779839044395307,-0.06826295840447488,-0.06397561976980104,-0.023809523809523808,-3.3306690738754695e-17,1,1,-0.028664965912259976,-0.05049932837540705,True
04402872000137,0.627480557007259,0.6119589135492282,0.7556929360825464,0.9999924250350084,0.04,0.0,25,25,0.96022973916897,0.7403291598476538,critico,False,0.6274801043273242,0.6125793085004171,0.7556926634946668,0.999992064325252,0.0384615384615384,0.0,26,26,0.959016894571046,0.7361638340104006,critico,False,-4.5267993487030367e-07,0.0006203949511889295,-2.725878796017156e-07,-3.6070975639734826e-07,-0.0015384615384615996,0.0,1,1,-0.0012128445979240343,-0.004165325837253153,True
04407139000105,0.1553848029886904,0.1084617364880621,0.2527180390890684,0.7508386089795623,0.0566893424036281,0.0042831947593852,19,21,0.6099228698633916,0.6116092616729644,baixo_baixo,False,0.1553848029886904,0.1084617364880621,0.2527180390890684,0.7508386089795623,0.0566893424036281,0.0042831947593852,19,21,0.614757606993704,0.6099042371761252,baixo_baixo,False,0.0,0.0,0.0,0.0,0.0,0.0,0,0,0.00483473713031235,-0.0017050244968391803,True
04413256000181,0.2124696874958693,0.0812146354118475,0.330262229266877,0.7930550450435409,0.15625,0.015625,7,8,0.5459334293614232,0.5801441530747974,baixo_baixo,False,0.2124696874958693,0.0812146354118475,0.330262229266877,0.7930550450435409,0.15625,0.015625,7,8,0.5695271076613457,0.6279881815444515,baixo_baixo,False,0.0,0.0,0.0,0.0,0.0,0.0,0,0,0.023593678299922538,0.047844028469654076,True
04515660000166,0.2341273633615987,0.1830691875857053,0.4207503137001407,0.779275871187636,0.0679012345679012,0.0057613168724279,16,18,0.810898111810149,0.9936781000962636,baixo_baixo,False,0.1827635735796163,0.1397511300838066,0.3615076103348191,0.6916979076869616,0.054820415879017,0.0050741219779126,20,23,0.8197362312991545,0.9946008475366565,baixo_baixo,False,-0.05136378978198239,-0.04331805750189871,-0.059242703365321614,-0.08757796350067437,-0.0130808186888842,-0.0006871948945152999,4,5,0.00883811948900548,0.0009227474403928904,True
04529388000173,0.3075689017598574,0.1921637187198337,0.4937313432835821,0.9164179104477612,0.1428571428571428,0.0,7,7,0.8701396535534249,0.5468781506375407,baixo_baixo,False,0.3075689017598574,0.1921637187198337,0.4937313432835821,0.9164179104477612,0.1428571428571428,0.0,7,7,0.8799886214946221,0.7691408899264018,baixo_baixo,False,0.0,0.0,0.0,0.0,0.0,0.0,0,0,0.009848967941197162,0.2222627392888611,True
04539825000130,0.1825927898800646,0.1242065605857835,0.3599407358724694,0.7069931479434756,0.0666666666666666,0.0,15,15,0.2540182250031186,0.7994495647624177,baixo_baixo,False,0.1825927898800646,0.1242065605857835,0.3599407358724694,0.7069931479434756,0.0666666666666666,0.0,15,15,0.2705989295841129,0.8030205270297662,baixo_baixo,False,0.0,0.0,0.0,0.0,0.0,0.0,0,0,0.01658070458099431,0.003570962267348543,True
04587036000174,0.2538140653871196,0.1045768784645435,0.3197116781956635,0.9190257513224438,0.1666666666666666,3.3306690738754695e-17,6,6,0.5711386622366421,0.4210371222599785,baixo_baixo,False,0.2538140653871196,0.1045768784645435,0.3197116781956635,0.9190257513224438,0.1666666666666666,3.3306690738754695e-17,6,6,0.6138641130871343,0.56256185810139,baixo_baixo,False,0.0,0.0,0.0,0.0,0.0,0.0,0,0,0.042725450850492175,0.1415247358414115,True
04603063000193,0.4202710641850375,0.3236495748825437,0.6045243149296897,0.9688506164404193,0.15625,0.015625,7,8,0.925190991568292,0.3984790560324686,critico,False,0.4202710641850375,0.3236495748825437,0.6045243149296897,0.9688506164404193,0.15625,0.015625,7,8,0.9215159249972004,0.3958824923010047,hhi_alto,False,0.0,0.0,0.0,0.0,0.0,0.0,0,0,-0.003675066571091623,-0.0025965637314638856,False
04621712000189,0.3026197949529722,0.2590335321375329,0.4754499967812036,0.8899364320184637,0.0637119113573407,0.0051939058171745,17,19,0.7151938331213867,0.5559926250606023,baixo_baixo,False,0.3004565707422599,0.2636384955181683,0.473743702761831,0.8867426298902588,0.0537190082644628,0.0039147455415397,20,22,0.7105868024235258,0.5602356034888879,baixo_baixo,False,-0.0021632242107123,0.0046049633806354295,-0.0017062940193726117,-0.00319380212820497,-0.009992903092877897,-0.0012791602756348002,3,3,-0.004607030697860948,0.004242978428285582,True
04691691000178,0.1413921745260896,0.1367760034213911,0.3044019960014336,0.6501276375741283,0.0099818861525417,0.0046592081211037,187,279,0.9426861094863368,0.538471680594863,oculta,True,0.1316850402518786,0.1274902819922259,0.2925425120286898,0.6247987028124395,0.0096484375,0.0048641304347826,208,320,0.938467351276425,0.5336006732775432,oculta,True,-0.009707134274210993,-0.0092857214291652,-0.011859483972743778,-0.025328934761688737,-0.00033344865254169957,0.0002049223136789003,21,41,-0.004218758209911799,-0.004871007317319709,True
04704773000100,0.1879712128822762,0.1141504140533922,0.3018540712798449,0.7653829372421449,0.1171875,0.0369318181818181,12,16,0.5320737395278332,0.7287547560212685,baixo_baixo,False,0.1598050389160628,0.089788792159068,0.2658850429325484,0.7057721777626427,0.1234567901234568,0.0504115226337448,13,18,0.5084120114991554,0.6914147555684245,baixo_baixo,False,-0.028166173966213404,-0.024361621894324198,-0.03596902834729654,-0.05961075947950223,0.006269290123456797,0.0134797044519267,1,2,-0.02366172802867783,-0.037340000452844024,True
04729502000109,0.3029026914545575,0.2829856254961163,0.496998032484189,0.8935798986958969,0.0384615384615384,0.010989010989011,36,52,0.7004872081699717,0.827154610403532,baixo_baixo,False,0.2824647284320456,0.2640663881354314,0.4795277610609072,0.8621691438271589,0.0338882282996432,0.0091161315893777,40,58,0.6802677186057436,0.8099418459692257,baixo_baixo,False,-0.020437963022511885,-0.018919237360684904,-0.01747027142328178,-0.03141075486873801,-0.004573310161895203,-0.0018728793996332996,4,6,-0.020219489564228033,-0.017212764434306305,True
04739716000166,0.2553823000123483,0.1064587600148179,0.3570785829979175,0.9181204526042456,0.1666666666666666,3.3306690738754695e-17,6,6,0.550752695364724,0.7355401479089804,baixo_baixo,False,0.2553823000123483,0.1064587600148179,0.3570785829979175,0.9181204526042456,0.1666666666666666,3.3306690738754695e-17,6,6,0.5510317537299838,0.7414763135058302,baixo_baixo,False,0.0,0.0,0.0,0.0,0.0,0.0,0,0,0.00027905836525976557,0.005936165596849841,True
04755519000130,0.9892777891772816,0.987133347012738,0.9946198852843496,0.9993690398066132,0.1666666666666666,3.3306690738754695e-17,6,6,0.9876417534324236,0.3976116079171382,critico,False,0.9892777891772816,0.987133347012738,0.9946198852843496,0.9993690398066132,0.1666666666666666,3.3306690738754695e-17,6,6,0.9869078412391372,0.3949584278534436,critico,False,0.0,0.0,0.0,0.0,0.0,0.0,0,0,-0.0007339121932863346,-0.0026531800636945824,True
04755973000191,0.0548021316928489,0.0454437369571346,0.1305484326817796,0.3964800391033052,0.0198257662161178,0.010121070832119,102,203,0.9033674726440102,0.5650389356556139,baixo_baixo,False,0.052547591299428,0.0432588421945205,0.1199771394108975,0.4071612162977757,0.0194870358701486,0.0098741636727971,103,207,0.908497105077806,0.6183937096278617,baixo_baixo,False,-0.0022545403934208993,-0.0021848947626140966,-0.010571293270882104,0.010681177194470481,-0.0003387303459692001,-0.0002469071593219005,1,4,0.005129632433795828,0.05335477397224775,True
04776218000193,0.1330482046296254,0.0663596049857505,0.2801531905943389,0.5888834575191146,0.078125,0.0072115384615384,14,16,0.635393816307483,0.8085070495638443,baixo_baixo,False,0.1330482046296254,0.0663596049857505,0.2801531905943389,0.5888834575191146,0.078125,0.0072115384615384,14,16,0.6361337754136511,0.8074804107334376,baixo_baixo,False,0.0,0.0,0.0,0.0,0.0,0.0,0,0,0.0007399591061680866,-0.0010266388304067675,True
04794805000105,0.3928227516702534,0.3639095493688368,0.5931986128582796,0.8525024577815604,0.0507544581618655,0.0055522895029067,22,27,0.5668701222656931,0.7504907064016408,hhi_alto,False,0.3928227516702534,0.3639095493688368,0.5931986128582796,0.8525024577815604,0.0507544581618655,0.0055522895029067,22,27,0.5615384590260754,0.7479070028157735,hhi_alto,False,0.0,0.0,0.0,0.0,0.0,0.0,0,0,-0.005331663239617757,-0.0025837035858673474,True
04816835000175,0.644982350332494,0.6055359448138822,0.7932716049430456,0.9723256037926692,0.1,3.0839528461809905e-17,10,10,0.8780276190256393,0.4829999159520279,hhi_alto,False,0.5616364763822776,0.5279162053347606,0.7384153809334338,0.9433616471756028,0.0714285714285714,0.0,14,14,0.8576807745242411,0.502851869892593,hhi_alto,False,-0.08334587395021631,-0.0776197394791216,-0.054856224009611765,-0.02896395661706641,-0.02857142857142861,-3.0839528461809905e-17,4,4,-0.02034684450139823,0.019851953940565104,True
04828495000100,0.4377952628716441,0.3440944733502514,0.6095432730694557,0.95993488540257,0.2361111111111111,0.1087962962962963,7,12,0.4820949254485701,0.4077974163337543,hhi_alto,False,0.3794141463604613,0.2907590244119557,0.5630871705610316,0.9365081168761992,0.2071005917159763,0.0938292476754015,8,13,0.5127763490925898,0.4501477842101134,hhi_alto,False,-0.05838111651118283,-0.05333544893829567,-0.046456102508424024,-0.023426768526370823,-0.0290105193951348,-0.01496704862089479,1,1,0.030681423644019767,0.042350367876359096,True
04830099000100,0.9318779571130194,0.897816935669529,0.9648067688811732,1.0,0.5510204081632654,0.326530612244898,3,7,0.561899760151862,0.8306277803954433,hhi_alto,False,0.9176526732832392,0.8970658416040489,0.9573613106780218,0.9969809527088704,0.4,0.25,5,10,0.7347205096383905,0.941148577897393,hhi_alto,False,-0.014225283829780166,-0.000751094065480129,-0.007445458203151456,-0.003019047291129562,-0.15102040816326534,-0.07653061224489799,2,3,0.17282074948652848,0.11052079750194976,True
04841899000126,0.1417097133157088,0.0636833236171369,0.2778191150811295,0.633207801538869,0.1171875,0.0369318181818181,12,16,0.5837561392334072,0.6958791278385058,baixo_baixo,False,0.1417097133157088,0.0636833236171369,0.2778191150811295,0.633207801538869,0.1171875,0.0369318181818181,12,16,0.6260487579495423,0.7665586248778601,baixo_baixo,False,0.0,0.0,0.0,0.0,0.0,0.0,0,0,0.0422926187161351,0.07067949703935428,True
04846427000166,0.1357996583823554,0.0925896413014732,0.1999352222862599,0.7061673102730774,0.0886426592797783,0.0430747922437672,21,38,0.600098941558332,0.6438463618092276,baixo_baixo,False,0.125638579663988,0.0840023215527493,0.1906531725074782,0.6733832912735721,0.0848126232741617,0.0412322720015027,22,39,0.5836587968207376,0.6304926672591775,baixo_baixo,False,-0.010161078718367383,-0.008587319748723898,-0.009282049778781692,-0.03278401899950534,-0.0038300360056165994,-0.0018425202422645004,1,1,-0.016440144737594364,-0.013353694550050088,True
04849697000120,0.2365313983113286,0.0456642478891607,0.3421118937166176,0.8933579083554538,0.2,3.4694469519536136e-17,5,5,0.8197178915553389,0.5748776499017594,baixo_baixo,False,0.2028488688900438,0.0434186426680526,0.3097528209066872,0.8088585555625721,0.1666666666666666,3.3306690738754695e-17,6,6,0.8013995833821835,0.5552772276379184,baixo_baixo,False,-0.0336825294212848,-0.002245605221108102,-0.03235907280993039,-0.08449935279288168,-0.03333333333333341,-1.3877787807814407e-18,1,1,-0.018318308173155384,-0.019600422263840955,True
04862101000122,0.2608611062337059,0.1376712906059903,0.3999146848672283,0.8958088941025915,0.1428571428571428,0.0,7,7,0.839826700105302,0.9531004776376184,baixo_baixo,False,0.2608611062337059,0.1376712906059903,0.3999146848672283,0.8958088941025915,0.1428571428571428,0.0,7,7,0.8380263627445075,0.9530394780253656,baixo_baixo,False,0.0,0.0,0.0,0.0,0.0,0.0,0,0,-0.001800337360794546,-6.099961225281003e-05,True
04870834000109,0.2574206575741936,0.2110094486725807,0.4112972832659767,0.8037413716326736,0.0588235294117647,0.0,17,17,0.5959012600599928,0.5876325520397037,baixo_baixo,False,0.2249924246084707,0.1819364481978302,0.379704876559139,0.7687961319168928,0.0526315789473684,0.0,19,19,0.5894620905766361,0.5747432009343784,baixo_baixo,False,-0.03242823296572289,-0.029073000474750504,-0.03159240670683772,-0.034945239715780785,-0.006191950464396301,0.0,2,2,-0.006439169483356655,-0.012889351105325297,True
04887257000168,0.2518336172054784,0.064792021506848,0.3037524412845575,0.930896353593163,0.2,3.4694469519536136e-17,5,5,0.7620259893855119,0.6209941428864147,baixo_baixo,False,0.2518336172054784,0.064792021506848,0.3037524412845575,0.930896353593163,0.2,3.4694469519536136e-17,5,5,0.7634962814559194,0.6192751109212621,baixo_baixo,False,0.0,0.0,0.0,0.0,0.0,0.0,0,0,0.0014702920704074973,-0.001719031965152662,True
04894677000171,0.3367403638048037,0.1156538184064049,0.4610748330601721,1.0000000000000002,0.28,0.04,4,5,0.7620237965179417,0.8032956219379186,baixo_baixo,False,0.3367403638048037,0.1156538184064049,0.4610748330601721,1.0000000000000002,0.28,0.04,4,5,0.7573171235971725,0.8005650685258823,baixo_baixo,False,0.0,0.0,0.0,0.0,0.0,0.0,0,0,-0.004706672920769206,-0.0027305534120363184,True
04902325000110,0.6065915624534765,0.5082394530668455,0.7600958580687592,0.9999999232226406,0.2,3.4694469519536136e-17,5,5,0.7441423745626871,0.8630663616117692,hhi_alto,False,0.6024571651592242,0.5527643108041272,0.7574992425007575,0.9965837549313966,0.1111111111111111,0.0,9,9,0.7472379290406906,0.8764535815133837,hhi_alto,False,-0.0041343972942522456,0.044524857737281764,-0.0025966155680017255,-0.003416168291244026,-0.0888888888888889,-3.4694469519536136e-17,4,4,0.0030955544780035815,0.013387219901614511,True
04902949000138,0.225532510147566,0.1739013441574038,0.3691045133505571,0.8150406335585131,0.0748299319727891,0.0131519274376417,16,21,0.8114276820039223,0.9251626423016832,baixo_baixo,False,0.2158370059842012,0.1668268188582138,0.3606437980804275,0.796358047773995,0.0702479338842975,0.0121384297520661,17,22,0.7975407652615043,0.9155542038722628,baixo_baixo,False,-0.009695504163364815,-0.007074525299190004,-0.008460715270129593,-0.01868258578451809,-0.004581998088491607,-0.0010134976855756001,1,1,-0.013886916742418043,-0.009608438429420385,True
04927953000150,0.4513906430868693,0.4056731966774417,0.6500976124282208,0.9075656105869,0.0934256055363321,0.0178777393310265,13,17,0.9269065676652778,0.963935807504364,critico,False,0.3196059937686785,0.2710064218950127,0.3944952393056996,0.9118996205496208,0.0803324099722991,0.0146418678274633,15,19,0.815266439223388,0.7391460937719729,baixo_baixo,False,-0.13178464931819084,-0.13466677478242906,-0.25560237312252126,0.0043340099627208195,-0.013093195564033003,-0.003235871503563201,2,2,-0.11164012844188975,-0.2247897137323911,False
04939180000122,0.2646671026115848,0.1176005231339017,0.3984523094974075,0.9152693283280942,0.1666666666666666,3.3306690738754695e-17,6,6,0.4970387340570372,0.7544498592364193,baixo_baixo,False,0.2255635090996469,0.0964907606162548,0.3602805282172476,0.8392572012028771,0.1428571428571428,0.0,7,7,0.4896666213989176,0.7225577050455037,baixo_baixo,False,-0.03910359351193793,-0.021109762517646888,-0.03817178128015991,-0.0760121271252171,-0.023809523809523808,-3.3306690738754695e-17,1,1,-0.007372112658119601,-0.03189215419091562,True
04973965000111,0.1447223912391365,0.1222150857454296,0.2374255412690639,0.7013526783006863,0.0256410256410256,0.0,39,39,0.9240848930845488,0.6580555360508283,oculta,True,0.162148551706716,0.1412022654993839,0.3042206671071405,0.7146433039428528,0.024390243902439,0.0,41,41,0.9404335294175508,0.5815950413081299,oculta,True,0.0174261604675795,0.018987179753954295,0.06679512583807662,0.013290625642166543,-0.0012507817385865976,0.0,2,2,0.016348636333001987,-0.07646049474269845,True
05002371000126,0.690112724577247,0.670744769863325,0.8240802810500024,0.9597800565936137,0.0702479338842975,0.0121384297520661,17,22,0.9657408465208376,0.9523722521075444,critico,False,0.6554401072842483,0.6351718783009688,0.8027689531664645,0.9493743717669704,0.0729166666666666,0.0183823529411764,18,24,0.9674276573085844,0.9529265283359564,critico,False,-0.03467261729299875,-0.03557289156235621,-0.021311327883537956,-0.01040568482664328,0.002668732782369107,0.006243923189110299,1,2,0.0016868107877467953,0.0005542762284119762,True
05002963000148,0.3243042605972955,0.2867656084082564,0.5487181765672902,0.7772952118600139,0.0784,0.0272,19,25,0.6908937143442422,0.8324037035876244,baixo_baixo,False,0.3243042605972955,0.2867656084082564,0.5487181765672902,0.7772952118600139,0.0784,0.0272,19,25,0.6923201855902694,0.8479511315260966,baixo_baixo,False,0.0,0.0,0.0,0.0,0.0,0.0,0,0,0.0014264712460272388,0.015547427938472191,True
05009757000160,0.3992989313447747,0.2791587176137296,0.5419332507225049,0.9646411862860588,0.2396694214876032,0.0876033057851239,6,11,0.4101725462041077,0.6790270885646996,hhi_alto,False,0.3488812501447758,0.2558642858797438,0.5043181564297311,0.9071737359780572,0.173469387755102,0.0553935860058308,8,14,0.384640576552226,0.6566328584055192,hhi_alto,False,-0.0504176811999989,-0.02329443173398582,-0.037615094292773765,-0.0574674503080016,-0.06620003373250119,-0.0322097197792931,2,3,-0.025531969651881703,-0.022394230159180406,True
05029092000156,0.0307614600599986,0.0257653851118543,0.0635007057121449,0.172003535509358,0.0166098931493289,0.0115408719799955,195,642,0.925997133829478,0.4774091660835333,oculta,True,0.0475742913736813,0.0428593126181055,0.0735283592667957,0.2941134370671829,0.0175907780208157,0.0127273660308197,203,773,0.9544926549905608,0.4611107571372947,oculta,True,0.016812831313682698,0.017093927506251202,0.010027653554650795,0.12210990155782489,0.0009808848714868007,0.0011864940508241988,8,131,0.028495521161082782,-0.016298408946238574,True
05054133000164,0.4491891704158052,0.3991154586354239,0.6454066909024613,0.9262171145726588,0.0833333333333333,1.5139404881252137e-17,12,12,0.9026845668743751,0.4007768185283237,hhi_alto,False,0.4491891704158052,0.3991154586354239,0.6454066909024613,0.9262171145726588,0.0833333333333333,1.5139404881252137e-17,12,12,0.8987459928783335,0.3981080095381692,hhi_alto,False,0.0,0.0,0.0,0.0,0.0,0.0,0,0,-0.003938573996041694,-0.002668808990154481,True
05054229000122,0.2496329294490023,0.0995595153388027,0.4119275773435915,0.8758563872058296,0.1666666666666666,3.3306690738754695e-17,6,6,0.7079901689148774,0.8697097471900577,baixo_baixo,False,0.1539393207080026,0.0481817357965029,0.2510124700024849,0.6922603029812007,0.1111111111111111,0.0,9,9,0.517426503030455,0.686504900978367,baixo_baixo,False,-0.09569360874099972,-0.051377779542299794,-0.1609151073411066,-0.18359608422462892,-0.0555555555555555,-3.3306690738754695e-17,3,3,-0.19056366588442242,-0.18320484621169064,True
05055033000152,0.3157636477665617,0.3017996405781242,0.5134003150949357,0.816341561827226,0.0218528778085564,0.0018906916413841,50,57,0.990726437156232,0.4119528009421436,oculta,True,0.2324713259494045,0.2177111591407392,0.3494592667040465,0.8181353588462477,0.0206933619994625,0.0018605420379137,53,61,0.9925216916964308,0.40442805707473,oculta,True,-0.08329232181715718,-0.08408848143738498,-0.1639410483908892,0.0017937970190217145,-0.0011595158090938994,-3.01496034704001e-05,3,4,0.0017952545401987985,-0.007524743867413586,True
05085153000100,0.4206000999333055,0.227466799911074,0.5228488543124022,1.0,0.28,0.04,4,5,0.8301162969878847,0.671127683135411,hhi_alto,False,0.4206000999333055,0.227466799911074,0.5228488543124022,1.0,0.28,0.04,4,5,0.8336636851933094,0.6715044369078398,hhi_alto,False,0.0,0.0,0.0,0.0,0.0,0.0,0,0,0.003547388205424662,0.00037675377242873953,True
05106805000138,0.0224630682383747,0.0103947110561324,0.0488111363769349,0.1752014726329607,0.056312243000508,0.0446617768647118,82,323,0.7743068189992597,0.5905713943190914,baixo_baixo,False,0.0218278553693777,0.0101829488856798,0.0466083474902499,0.1707750965624169,0.0620488886218109,0.0508828039625467,85,387,0.7746697903219418,0.615671263460304,baixo_baixo,False,-0.0006352128689970024,-0.0002117621704526007,-0.0022027888866850004,-0.004426376070543803,0.005736645621302897,0.006221027097834897,3,64,0.0003629713226821485,0.02509986914121254,True
05121894000191,0.4637030448238054,0.4100733493061859,0.654880509689947,0.9301671201088528,0.0909090909090909,0.0,11,11,0.3709892101489332,0.7143028446711102,hhi_alto,False,0.3021574503952836,0.2440039045948905,0.4650494292898603,0.8906189891388853,0.09375,0.0182291666666666,13,16,0.4390272933749002,0.7544303300826813,baixo_baixo,False,-0.16154559442852184,-0.1660694447112954,-0.18983108040008673,-0.039548130969967565,0.0028409090909091023,0.0182291666666666,2,5,0.068038083225967,0.040127485411571184,False
05127965000163,0.261580162273363,0.1138961947280356,0.3843202583831965,0.9103693917597612,0.1666666666666666,3.3306690738754695e-17,6,6,0.3128075098181721,0.3965645695364238,baixo_baixo,False,0.261580162273363,0.1138961947280356,0.3843202583831965,0.9103693917597612,0.1666666666666666,3.3306690738754695e-17,6,6,0.3104633161501984,0.3939165594559823,baixo_baixo,False,0.0,0.0,0.0,0.0,0.0,0.0,0,0,-0.0023441936679737263,-0.0026480100804415208,True
05140677000149,0.3353280999094065,0.1137707998792087,0.480726924916308,1.0,0.28,0.04,4,5,0.6646236808808486,0.498193357055308,baixo_baixo,False,0.2734529289254618,0.0918161611568272,0.4221755564888702,0.9219655606887862,0.2222222222222222,0.0277777777777778,5,6,0.634772369724449,0.4837816395666205,baixo_baixo,False,-0.06187517098394468,-0.0219546387223815,-0.0585513684274378,-0.07803443931121379,-0.05777777777777782,-0.0122222222222222,1,1,-0.029851311156399607,-0.01441171748868747,True
05152243000169,0.875272568524281,0.8440907106553514,0.9343229306177734,0.9980197636262028,0.2,3.4694469519536136e-17,5,5,0.930260255217226,0.3994359121645533,critico,False,0.875272568524281,0.8440907106553514,0.9343229306177734,0.9980197636262028,0.2,3.4694469519536136e-17,5,5,0.9271784543944244,0.396773724195722,critico,False,0.0,0.0,0.0,0.0,0.0,0.0,0,0,-0.003081800822801628,-0.002662187968831331,True
05156411000194,0.2161538422597303,0.0593846107116764,0.2658184194286129,0.8790703161868806,0.1666666666666666,3.3306690738754695e-17,6,6,0.4578779123614619,0.5407253687977465,baixo_baixo,False,0.1864048820807973,0.0701770080923398,0.3213918409324648,0.7718225059993143,0.125,0.0,8,8,0.5074483428427882,0.5806554447837831,baixo_baixo,False,-0.029748960178933,0.010792397380663399,0.055573421503851916,-0.10724781018756624,-0.0416666666666666,-3.3306690738754695e-17,2,2,0.049570430481326255,0.039930075986036595,True
05160388000101,0.3478042703821789,0.1847553379777236,0.4276403930095211,0.9861127048539028,0.2,3.4694469519536136e-17,5,5,0.8465061966934158,0.9446634039983876,baixo_baixo,False,0.3478042703821789,0.1847553379777236,0.4276403930095211,0.9861127048539028,0.2,3.4694469519536136e-17,5,5,0.8438066284824881,0.9454093861828744,hhi_alto,False,0.0,0.0,0.0,0.0,0.0,0.0,0,0,-0.0026995682109276498,0.0007459821844868486,False
05169884000126,0.1059390012178544,0.0686864596019316,0.2002268092274609,0.5853178663695903,0.0433673469387755,0.0035076530612244,25,28,0.7074700315019343,0.8378224387253514,baixo_baixo,False,0.1059390012178544,0.0686864596019316,0.2002268092274609,0.5853178663695903,0.0433673469387755,0.0035076530612244,25,28,0.7149171035212992,0.8515326544085764,baixo_baixo,False,0.0,0.0,0.0,0.0,0.0,0.0,0,0,0.007447072019364898,0.013710215683224947,True
05196025000126,0.2719137150709779,0.0898921438387224,0.365029385996747,0.9409247243454814,0.2,3.4694469519536136e-17,5,5,0.4741012491204642,0.4289483837238594,baixo_baixo,False,0.2719137150709779,0.0898921438387224,0.365029385996747,0.9409247243454814,0.2,3.4694469519536136e-17,5,5,0.4710762125016542,0.4263846175918531,baixo_baixo,False,0.0,0.0,0.0,0.0,0.0,0.0,0,0,-0.003025036618809984,-0.0025637661320063176,True
05211356000198,0.0442256774205227,0.0381379428817999,0.1122480557947941,0.3536834194406877,0.0094060736361193,0.0030965581815723,158,244,0.6855749799294839,0.6108250023600661,baixo_baixo,False,0.0407486883457931,0.0350726450815671,0.1031578840567569,0.3409604446306027,0.0087316176470588,0.002866124260355,170,272,0.7037355684632368,0.6452245814201871,baixo_baixo,False,-0.0034769890747295973,-0.0030652978002327982,-0.009090171738037209,-0.012722974810084997,-0.0006744559890605011,-0.00023043392121729987,12,28,0.01816058853375291,0.03439957906012103,True
05234481000113,0.8693149183181724,0.8366436478977154,0.9304030012652212,0.9994285969808164,0.2222222222222222,0.0277777777777778,5,6,0.9155638868547936,0.9233235218289232,hhi_alto,False,0.858092482964274,0.8344412301249863,0.9243677356196424,0.9953467320311892,0.1604938271604938,0.0205761316872427,7,9,0.9112170078637932,0.9211532092256768,hhi_alto,False,-0.011222435353898441,-0.002202417772729115,-0.00603526564557888,-0.004081864949627256,-0.06172839506172842,-0.007201646090535099,2,3,-0.004346878991000391,-0.002170312603246405,True
05298824000103,0.6673979302147232,0.6258226714915637,0.8032707547089425,0.9930462110797402,0.12,0.01,9,10,0.9585742187030476,0.9673736780858548,critico,False,0.6647815844577268,0.6275350938419187,0.801692382050183,0.9910949424953128,0.1074380165289256,0.0082644628099173,10,11,0.9626110072626332,0.9872064030538812,critico,False,-0.002616345756996319,0.0017124223503550695,-0.001578372658759486,-0.0019512685844274014,-0.0125619834710744,-0.0017355371900827001,1,1,0.004036788559585558,0.01983272496802635,True
05322181000196,0.3401217760232534,0.2668019733591705,0.5074142963657128,0.8902842159630079,0.1124260355029586,0.0138067061143984,10,13,0.8153632714402947,0.6284249933478998,baixo_baixo,False,0.3401217760232534,0.2668019733591705,0.5074142963657128,0.8902842159630079,0.1124260355029586,0.0138067061143984,10,13,0.8111145812935103,0.627862323167099,baixo_baixo,False,0.0,0.0,0.0,0.0,0.0,0.0,0,0,-0.004248690146784417,-0.0005626701808008061,True
05380490000112,0.1979483329463093,0.1507688231196217,0.3696895945540956,0.7598373993872829,0.0775047258979206,0.0232402980095629,18,23,0.4680633894470543,0.59141747264113,baixo_baixo,False,0.197390807483994,0.1528014078997714,0.3691667378537408,0.7587627516793077,0.0729166666666666,0.021412037037037,19,24,0.4753343697841939,0.5962636928965027,baixo_baixo,False,-0.0005575254623153003,0.002032584780149699,-0.0005228567003547901,-0.0010746477079751626,-0.004588059231253994,-0.0018282609725258983,1,1,0.007270980337139632,0.004846220255372735,True
05419083000171,0.1665271342240044,0.0831798476464048,0.2687850512505896,0.7104257689604335,0.0909090909090909,0.0,11,11,0.5721541717735826,0.5861958286016706,baixo_baixo,False,0.1665271342240044,0.0831798476464048,0.2687850512505896,0.7104257689604335,0.0909090909090909,0.0,11,11,0.5690357454195799,0.5841773340087566,baixo_baixo,False,0.0,0.0,0.0,0.0,0.0,0.0,0,0,-0.0031184263540027235,-0.002018494592914033,True
05446297000137,0.0760625540767694,0.0582945262705534,0.1956022813023929,0.4409956664770307,0.0564648758712506,0.0383199696380055,53,113,0.7806075459610478,0.6202373293775806,baixo_baixo,False,0.0760625540767694,0.0582945262705534,0.1956022813023929,0.4409956664770307,0.0564648758712506,0.0383199696380055,53,113,0.7757670235877034,0.6224592974023826,baixo_baixo,False,0.0,0.0,0.0,0.0,0.0,0.0,0,0,-0.004840522373344314,0.0022219680248020124,True
05448443000163,0.2204693347437136,0.1091078111356727,0.3538366034600016,0.8452965084248091,0.1527777777777778,0.0317460317460317,8,12,0.5338403839988995,0.5167799257073813,baixo_baixo,False,0.2040568766602592,0.1045639862427916,0.338927407730336,0.8096792461900018,0.136094674556213,0.0281065088757396,9,13,0.5169471356198554,0.5093891064652006,baixo_baixo,False,-0.0164124580834544,-0.00454382489288109,-0.014909195729665592,-0.03561726223480732,-0.0166831032215648,-0.0036395228702921015,1,1,-0.016893248379044157,-0.007390819242180657,True
05469074000195,0.1449076390758942,0.0791313036201937,0.2888692488367854,0.6267431023869541,0.0714285714285714,0.0,14,14,0.735914230196617,0.8423833337334968,baixo_baixo,False,0.1449076390758942,0.0791313036201937,0.2888692488367854,0.6267431023869541,0.0714285714285714,0.0,14,14,0.7445570853039195,0.8445791692702662,baixo_baixo,False,0.0,0.0,0.0,0.0,0.0,0.0,0,0,0.00864285510730256,0.002195835536769386,True
05472936000139,0.3112866349582304,0.294488748005992,0.5037490705406978,0.9008336194711628,0.0243374797187669,0.0005408328826392,42,43,0.9883500938373928,0.6612537576501201,oculta,True,0.2828063453031265,0.2681697401052311,0.4790507997258881,0.8566667237012052,0.0203767781622452,0.0003844675124951,50,51,0.9856215755046712,0.6466963544483273,oculta,True,-0.028480289655103908,-0.026319007900760916,-0.024698270814809742,-0.04416689576995758,-0.003960701556521697,-0.0001563653701441,8,8,-0.0027285183327215856,-0.014557403201792773,True
05478139000169,0.6548735314717223,0.6117327229056877,0.7894914659648653,0.9906257428834608,0.1239669421487603,0.0144628099173553,9,11,0.8123376795471702,0.9581522447287024,hhi_alto,False,0.6548735314717223,0.6117327229056877,0.7894914659648653,0.9906257428834608,0.1239669421487603,0.0144628099173553,9,11,0.8138553311751866,0.9585400214515928,hhi_alto,False,0.0,0.0,0.0,0.0,0.0,0.0,0,0,0.0015176516280164254,0.000387776722890365,True
05491593000150,0.1996620027150916,0.03959440325811,0.2603642226554156,0.8405550280701357,0.183673469387755,0.0204081632653061,6,7,0.408841074194152,0.5695817915098648,baixo_baixo,False,0.1996620027150916,0.03959440325811,0.2603642226554156,0.8405550280701357,0.183673469387755,0.0204081632653061,6,7,0.4064056279388762,0.5666656583840577,baixo_baixo,False,0.0,0.0,0.0,0.0,0.0,0.0,0,0,-0.0024354462552758083,-0.0029161331258070744,True
05494401000169,0.7947584884163437,0.7263446512217916,0.8887319810708353,1.0,0.28,0.04,4,5,0.9939528811377716,0.4162518646955866,critico,False,0.7947584884163437,0.7263446512217916,0.8887319810708353,1.0,0.28,0.04,4,5,0.9936048079536308,0.4216528216005946,critico,False,0.0,0.0,0.0,0.0,0.0,0.0,0,0,-0.0003480731841407625,0.00540095690500797,True
05499749000149,0.8138493718588629,0.7828242671686734,0.9002486937016352,0.9863724853990916,0.1428571428571428,0.0,7,7,0.6969615507360069,0.912182166208142,hhi_alto,False,0.8138493718588629,0.7828242671686734,0.9002486937016352,0.9863724853990916,0.1428571428571428,0.0,7,7,0.6963792347617652,0.9351239590587516,hhi_alto,False,0.0,0.0,0.0,0.0,0.0,0.0,0,0,-0.0005823159742416317,0.0229417928506096,True
05509957000181,0.3230002944075592,0.2101670101421524,0.4062764841483104,0.977772071850267,0.2066115702479339,0.0743801652892562,7,11,0.6933941103200331,0.6789324161212109,baixo_baixo,False,0.3230002944075592,0.2101670101421524,0.4062764841483104,0.977772071850267,0.2066115702479339,0.0743801652892562,7,11,0.6900453085254802,0.6760225909302521,baixo_baixo,False,0.0,0.0,0.0,0.0,0.0,0.0,0,0,-0.0033488017945528803,-0.002909825190958837,True
05522917000170,0.1345104191082402,0.1203220653231294,0.243994926397577,0.6535060079315711,0.0169880624426079,0.000873112646585,62,66,0.9851084752580106,0.4548988820023621,oculta,True,0.0897196785465684,0.080035845339617,0.1889000796280427,0.5253672126003048,0.011,0.0004787234042553,95,100,0.978860877488833,0.4474290886002862,oculta,True,-0.04479074056167179,-0.04028621998351241,-0.0550948467695343,-0.12813879533126626,-0.005988062442607901,-0.00039438924232969996,33,34,-0.006247597769177604,-0.0074697934020759305,True
05532421000187,0.2707215767034364,0.2616055964122294,0.4385137577468595,0.8193645981732265,0.0198882314266929,0.0076368343195266,81,156,0.9399353489072249,0.6624915356966048,oculta,True,0.189199629818307,0.1796608019338165,0.3249203315174701,0.7642781477503549,0.0188650129238841,0.0073222483700474,86,161,0.9284374563477704,0.5992097335791348,oculta,True,-0.08152194688512937,-0.08194479447841291,-0.11359342622938945,-0.055086450422871636,-0.0010232185028087974,-0.00031458594947920016,5,5,-0.011497892559454437,-0.06328180211747003,True
05568854000192,0.1222380598387173,0.0706050045351124,0.2071608399720984,0.6076455568784255,0.0612244897959183,0.0060024009603841,18,21,0.7074343531192507,0.746599665177942,baixo_baixo,False,0.167435396785014,0.1211818077175147,0.3377338184234782,0.6803021653305013,0.0625,0.0104166666666666,19,24,0.7568535310622259,0.7898868445892542,baixo_baixo,False,0.04519733694629671,0.050576803182402305,0.13057297845137983,0.07265660845207578,0.0012755102040817035,0.0044142657062825,1,3,0.04941917794297512,0.043287179411312215,True
05587823000189,0.2187677807122845,0.1957903624979399,0.4039616408713981,0.7697882129896926,0.0299488677867056,0.0014179521333734,35,37,0.9050279670489438,0.6145112836672109,baixo_baixo,False,0.1796814494495477,0.1586476404610746,0.3601302109298775,0.6862631583466764,0.0265008112493239,0.0015392935890502,40,43,0.8992095581196596,0.6113817566088303,baixo_baixo,False,-0.039086331262736806,-0.037142722036865305,-0.04383142994152056,-0.08352505464301618,-0.0034480565373816996,0.00012134145567679997,5,6,-0.005818408929284202,-0.0031295270583805435,True
05593119000139,0.0429745965212773,0.0354389634230197,0.1850910377585852,0.2617283737337254,0.0100425330812854,0.0022475923968861,128,184,0.8549037619606407,0.5134243798927248,baixo_baixo,False,0.044660786403186,0.0372550560652262,0.1909242812377011,0.2629456555307869,0.009937294080136,0.0022623893830828,130,194,0.8531447810554331,0.5108142191052513,baixo_baixo,False,0.0016861898819086965,0.0018160926422065016,0.005833243479115902,0.0012172817970615424,-0.00010523900114940005,1.4796986196699904e-05,2,10,-0.0017589809052075411,-0.002610160787473559,True
05604369000127,0.2341718785959394,0.1065338583619293,0.4026653016027364,0.8023320318105588,0.1428571428571428,0.0,7,7,0.3489852231210166,0.532227407502122,baixo_baixo,False,0.5204128033023332,0.4604644037151248,0.6783421791979927,0.9660677979266132,0.1111111111111111,0.0,9,9,0.8580250726738663,0.884366668490354,hhi_alto,False,0.2862409247063938,0.3539305453531955,0.2756768775952563,0.16373576611605445,-0.03174603174603169,0.0,2,2,0.5090398495528496,0.3521392609882319,False
05606204000194,0.192586071545163,0.0772412246230434,0.3147621699246798,0.757451422877407,0.1358024691358024,0.0123456790123456,8,9,0.4512051263413745,0.5911073134060689,baixo_baixo,False,0.192586071545163,0.0772412246230434,0.3147621699246798,0.757451422877407,0.1358024691358024,0.0123456790123456,8,9,0.4630092706801971,0.6397735480455322,baixo_baixo,False,0.0,0.0,0.0,0.0,0.0,0.0,0,0,0.011804144338822598,0.04866623463946329,True
05613121000122,0.0983376334354334,0.0508817194057194,0.2337843289345352,0.4793182838215327,0.0617283950617283,0.0123456790123456,20,27,0.3882712625068743,0.5822114867136826,baixo_baixo,False,0.0925264758836275,0.0471527996778089,0.2250574961656779,0.4614260216454077,0.0586734693877551,0.0116071428571428,21,28,0.3796226028144063,0.5741026388871318,baixo_baixo,False,-0.005811157551805904,-0.0037289197279105,-0.008726832768857301,-0.017892262176124996,-0.0030549256739732036,-0.0007385361552028,1,1,-0.00864865969246803,-0.008108847826550858,True
05628919000148,0.1105553264081412,0.05496503430865,0.1810270905453044,0.5835741734684156,0.0588235294117647,0.0,17,17,0.7081677205766828,0.469950761964309,baixo_baixo,False,0.1105553264081412,0.05496503430865,0.1810270905453044,0.5835741734684156,0.0588235294117647,0.0,17,17,0.7012725558834324,0.4672998802299314,baixo_baixo,False,0.0,0.0,0.0,0.0,0.0,0.0,0,0,-0.006895164693250355,-0.002650881734377608,True
05629151000127,0.9719175969608856,0.9648969962011068,0.9858170164030288,0.9988733022777884,0.2,3.4694469519536136e-17,5,5,0.987836177852002,0.8443231309509257,critico,False,0.9719175969608856,0.9648969962011068,0.9858170164030288,0.9988733022777884,0.2,3.4694469519536136e-17,5,5,0.9877113534898092,0.8395467543706749,critico,False,0.0,0.0,0.0,0.0,0.0,0.0,0,0,-0.00012482436219274362,-0.004776376580250763,True
05649898000147,0.2149827958686649,0.0841465951801091,0.3489837287021312,0.8093190160521558,0.1428571428571428,0.0,7,7,0.192034398182935,0.6092852342969658,baixo_baixo,False,0.2149827958686649,0.0841465951801091,0.3489837287021312,0.8093190160521558,0.1428571428571428,0.0,7,7,0.2031533428633882,0.6193438640671597,baixo_baixo,False,0.0,0.0,0.0,0.0,0.0,0.0,0,0,0.011118944680453213,0.010058629770193894,True
05658440000154,0.1808874479301622,0.1516334282133823,0.3507923463038299,0.703968366579018,0.0390625,0.0047433035714285,29,32,0.5544290212880578,0.7004151888723612,baixo_baixo,False,0.1486237684083715,0.1228244886631707,0.258524296621503,0.6637372542784,0.0332409972299168,0.0039452698732477,34,38,0.5303885058938456,0.6174068116873541,baixo_baixo,False,-0.03226367952179071,-0.028808939550211604,-0.09226804968232688,-0.04023111230061793,-0.005821502770083198,-0.0007980336981807997,5,6,-0.02404051539421226,-0.08300837718500709,True
05722202000160,0.3835442681117771,0.2808016461304067,0.5867235273818466,0.8878791925963726,0.1428571428571428,0.0,7,7,0.7806166292126825,0.7620911925791702,hhi_alto,False,0.3835442681117771,0.2808016461304067,0.5867235273818466,0.8878791925963726,0.1428571428571428,0.0,7,7,0.7782041537756594,0.7613636400052833,hhi_alto,False,0.0,0.0,0.0,0.0,0.0,0.0,0,0,-0.002412475437023054,-0.0007275525738869026,True
05774805000106,0.3488931187807177,0.3217636653965809,0.5562773640658034,0.8597614334989532,0.0433673469387755,0.0035076530612244,25,28,0.8625447988435239,0.9836681828420478,baixo_baixo,False,0.2573230765569226,0.2317135274726785,0.462716029341209,0.7856243384004273,0.037037037037037,0.003831417624521,30,36,0.8749619419330258,0.9874089813000544,baixo_baixo,False,-0.09157004222379511,-0.0900501379239024,-0.09356133472459444,-0.07413709509852584,-0.0063303099017385026,0.00032376456329660016,5,8,0.012417143089501925,0.0037407984580065667,True
05806495000164,0.089453944540613,0.0388680525706471,0.1472931610551648,0.486938212842089,0.0621301775147929,0.0100262984878369,19,26,0.5277053080445142,0.5636587627556883,baixo_baixo,False,0.0837588707390449,0.0379468142759972,0.1448661722286347,0.4784330647500492,0.0582639714625445,0.0111771700356718,21,29,0.5437946977954426,0.5583950911891229,baixo_baixo,False,-0.005695073801568112,-0.0009212382946498995,-0.0024269888265300854,-0.008505148092039783,-0.003866206052248397,0.0011508715478349002,2,3,0.01608938975092844,-0.0052636715665653755,True
05921795000194,0.132713468759317,0.0604395911559267,0.2024684973344374,0.6477753845707597,0.0816326530612245,0.0051020408163265,13,14,0.5120664532619859,0.6141369753057305,baixo_baixo,False,0.1188988086446703,0.0559630092621467,0.1899537805407016,0.60773594342024,0.0703125,0.00390625,15,16,0.5014144950021278,0.6083936669978388,baixo_baixo,False,-0.013814660114646701,-0.004476581893780002,-0.01251471679373578,-0.04003944115051972,-0.011320153061224497,-0.0011957908163264998,2,2,-0.010651958259858096,-0.005743308307891715,True
06068089000104,0.5981783296519798,0.5730644752552285,0.7296602679258404,0.99173822390727,0.0588235294117647,0.0,17,17,0.9773919184806414,0.3979333230565546,critico,False,0.5855380219247863,0.5596341482950855,0.7218287408289867,0.989835074195131,0.0617283950617283,0.0030864197530864,17,18,0.9762410711366128,0.4017677499189043,critico,False,-0.01264030772719349,-0.013430326960143013,-0.007831527096853641,-0.0019031497121390073,0.0029048656499636033,0.0030864197530864,0,1,-0.0011508473440285938,0.0038344268623496935,True
06068796000109,0.271220751953017,0.1497575439451864,0.460486715271095,0.8422624446430524,0.15625,0.015625,7,8,0.7544301420385283,0.8016359426933855,baixo_baixo,False,0.5351867128661966,0.4835407920735518,0.7172217760602992,0.9480959218297814,0.1124260355029586,0.0138067061143984,10,13,0.9428511072050372,0.4268903018534568,critico,False,0.2639659609131796,0.33378324812836535,0.2567350607892042,0.10583347718672897,-0.0438239644970414,-0.0018182938856015993,3,5,0.18842096516650886,-0.3747456408399287,False
06069513000135,0.1187315034600074,0.0557837537071507,0.1858995499566757,0.6193365400022091,0.0703125,0.00390625,15,16,0.2294498873892378,0.5302949158798783,baixo_baixo,False,0.6536335836375137,0.6343910049507088,0.8053575200625164,0.9052038167742144,0.055,0.0025,19,20,0.7508312085630601,0.4470853266453434,hhi_alto,False,0.5349020801775063,0.578607251243558,0.6194579701058407,0.2858672767720053,-0.0153125,-0.00140625,4,4,0.5213813211738223,-0.08320958923453492,False
06073250000138,0.0476015970322311,0.0314592512192181,0.1000656425415345,0.3510269585089964,0.029310646232737,0.0128582843044783,60,131,0.778015064009199,0.9318686695655592,baixo_baixo,False,0.0460391874338056,0.0308969523137073,0.1126009488508146,0.3397558710333949,0.0284799168975069,0.0130589631974673,64,152,0.7845551343131114,0.939140304090549,baixo_baixo,False,-0.0015624095984255043,-0.000562298905510801,0.012535306309280111,-0.011271087475601516,-0.0008307293352300994,0.00020067889298899973,4,21,0.00654007030391246,0.007271634524989801,True
06073458000157,0.3415086039972851,0.2317600379968326,0.538155392618909,0.9160671176997806,0.15625,0.015625,7,8,0.82988489922327,0.4684361536622504,baixo_baixo,False,0.2914335045901912,0.2127038939891013,0.4856887602368327,0.8643807154732592,0.125,0.0277777777777777,10,12,0.8079001687129156,0.4584608508548594,baixo_baixo,False,-0.050075099407093926,-0.019056144007731285,-0.05246663238207627,-0.05168640222652132,-0.03125,0.0121527777777777,3,4,-0.021984730510354433,-0.009975302807391007,True
06075901000129,0.3201534166715351,0.1501917708394189,0.4221404935253124,0.959939728675659,0.2,3.4694469519536136e-17,5,5,0.5731622468916433,0.6730172911583143,baixo_baixo,False,0.2682496418667346,0.1462912488445237,0.3830441219925173,0.8715316918198973,0.1428571428571428,0.0,7,7,0.5497863526005449,0.7175480437409886,baixo_baixo,False,-0.05190377480480046,-0.003900521994895184,-0.039096371532795104,-0.0884080368557617,-0.05714285714285722,-3.4694469519536136e-17,2,2,-0.02337589429109843,0.04453075258267425,True
06079623000188,0.3444560793319728,0.3329553087939372,0.5647247084410262,0.7918294134921173,0.0172413793103448,0.0,58,58,0.965783710430982,0.7404860041438206,oculta,True,0.3425818179859189,0.3314391369348328,0.5631800675273625,0.7896635934200706,0.0166666666666666,0.0,60,60,0.9637398870068868,0.7371233931350446,oculta,True,-0.001874261346053896,-0.0015161718591044093,-0.0015446409136636863,-0.002165820072046687,-0.0005747126436781991,0.0,2,2,-0.002043823424095148,-0.0033626110087759953,True
06085215000139,0.1746682300055249,0.0371129350064457,0.2697083778164859,0.7343934370961398,0.1428571428571428,0.0,7,7,0.5549061653556463,0.6675148273557527,baixo_baixo,False,0.1746682300055249,0.0371129350064457,0.2697083778164859,0.7343934370961398,0.1428571428571428,0.0,7,7,0.5509778131792169,0.6641310928037831,baixo_baixo,False,0.0,0.0,0.0,0.0,0.0,0.0,0,0,-0.003928352176429395,-0.0033837345519696083,True
06088862000102,0.9120383978196712,0.8827178637595615,0.9545633720327588,1.0,0.3061224489795918,0.0748299319727891,4,7,0.6757889788035414,0.3965645695364238,hhi_alto,False,0.8384081600270908,0.7845442133694545,0.9138993444065668,1.0,0.28125,0.0416666666666666,4,8,0.6514546428836047,0.3939165594559824,hhi_alto,False,-0.07363023779258038,-0.09817365039010706,-0.04066402762619192,0.0,-0.024872448979591788,-0.0331632653061225,0,1,-0.024334335919936723,-0.0026480100804414097,True
06089125000116,0.0347207577455241,0.0272955328051051,0.1100842885213271,0.2891663388733449,0.0200613846191925,0.0125233952701094,131,402,0.9224900294598102,0.9964837429414908,baixo_baixo,False,0.0334886031348519,0.0266821848470692,0.0967901948019757,0.2911961259042561,0.019937703129719,0.0130358559686607,143,471,0.9262839594201756,0.996866292696634,baixo_baixo,False,-0.0012321546106721995,-0.0006133479580359008,-0.01329409371935139,0.0020297870309111676,-0.0001236814894735004,0.0005124606985512994,12,69,0.0037939299603654275,0.00038254975514318,True
06089695000106,0.2420530621127568,0.0525663276409459,0.3069998360838136,0.9481156268237598,0.2,3.4694469519536136e-17,5,5,0.8827598127103425,0.7946325058266933,baixo_baixo,False,0.2420530621127568,0.0525663276409459,0.3069998360838136,0.9481156268237598,0.2,3.4694469519536136e-17,5,5,0.8818915068009379,0.8745963948906006,baixo_baixo,False,0.0,0.0,0.0,0.0,0.0,0.0,0,0,-0.0008683059094046763,0.07996388906390728,True
06091010000166,0.1892534371188937,0.1313429683416719,0.287912421994701,0.8221760919668535,0.0666666666666666,0.0,15,15,0.8759998032756324,0.3965645695364238,baixo_baixo,False,0.1432353857541158,0.1136917783663267,0.2494114350649804,0.7122308844921753,0.0333333333333333,0.0,30,30,0.8208165433751379,0.3984854035045234,baixo_baixo,False,-0.04601805136477791,-0.01765118997534519,-0.03850098692972062,-0.10994520747467817,-0.0333333333333333,0.0,15,15,-0.05518325990049455,0.0019208339680995556,True
06102908000192,0.2422631237573919,0.0907157485088703,0.3208933633225215,0.9176438747139728,0.1666666666666666,3.3306690738754695e-17,6,6,0.777799576527294,0.6021169768160818,baixo_baixo,False,0.3176787565046852,0.2039585492554661,0.5092469493623504,0.9093686959005476,0.1428571428571428,0.0,7,7,0.8435041643542265,0.496879076777699,baixo_baixo,False,0.07541563274729329,0.1132428007465958,0.18835358603982888,-0.00827517881342521,-0.023809523809523808,-3.3306690738754695e-17,1,1,0.06570458782693245,-0.10523790003838279,True
06113056000139,0.1061706466891634,0.0316848672465937,0.1844303108013585,0.5293808191557327,0.0816326530612245,0.0051020408163265,13,14,0.965560894872881,0.5013712580577347,oculta,True,0.0741671497098909,0.0227319913604404,0.1299604212544739,0.4258999365786773,0.0566893424036281,0.0042831947593852,19,21,0.9635535145537588,0.5969434733665885,oculta,True,-0.0320034969792725,-0.008952875886153303,-0.05446988954688459,-0.10348088257705534,-0.024943310657596397,-0.0008188460569412996,6,7,-0.002007380319122176,0.09557221530885374,True
06129491000151,0.0433569085130186,0.0315464999761423,0.1175534669692285,0.3327777300406392,0.0181884765625,0.0060673466435185,82,128,0.5177494471667408,0.691859914612518,baixo_baixo,False,0.0408588684378457,0.0298342577302348,0.0935519452173702,0.3175329218328671,0.0183115338882282,0.0070277584156791,88,145,0.5427347111337971,0.7055241662049391,baixo_baixo,False,-0.0024980400751729026,-0.0017122422459074985,-0.024001521751858296,-0.015244808207772131,0.0001230573257282007,0.0009604117721605998,6,17,0.02498526396705636,0.013664251592421128,True
06216559000130,0.2933175184982323,0.1755371049146043,0.392231382986505,0.9060278978261498,0.256198347107438,0.1322314049586776,7,11,0.6901209720346325,0.4477372858155657,baixo_baixo,False,0.2933175184982323,0.1755371049146043,0.392231382986505,0.9060278978261498,0.256198347107438,0.1322314049586776,7,11,0.6845487755296961,0.4455291549180871,baixo_baixo,False,0.0,0.0,0.0,0.0,0.0,0.0,0,0,-0.005572196504936455,-0.002208130897478622,True
06217954000137,0.0742182208383886,0.051638177444203,0.1747376755854183,0.4572290219430402,0.0524326101249178,0.029321210371867,42,156,0.9723421021123836,0.3970805668817401,oculta,True,0.0711387591654746,0.0495373349600206,0.170606111448342,0.4464181248473712,0.0511937189552956,0.0291284566054187,44,158,0.9699643495468514,0.3944210042830483,oculta,True,-0.003079461672913994,-0.002100842484182401,-0.004131564137076299,-0.010810897095669014,-0.001238891169622204,-0.00019275376644830103,2,2,-0.0023777525655321874,-0.002659562598691767,True
06231312000192,0.1718882848346995,0.1665109360349248,0.3870412215526536,0.6020289463980901,0.016594606262387,0.0102088569524025,155,391,0.9593602490335398,0.9624060799887588,oculta,True,0.1600875502859712,0.1549347131711612,0.3655590292005135,0.5991028756290412,0.0156831737088218,0.0096444201732931,164,437,0.9595810655538614,0.963267911484377,oculta,True,-0.01180073454872832,-0.011576222863763613,-0.021482192352140106,-0.0029260707690489385,-0.0009114325535651974,-0.0005644367791094,9,46,0.00022081652032157617,0.0008618314956181372,True
06252986000173,0.235683612777724,0.2024524655071903,0.4034502930381752,0.8370475810774654,0.048469387755102,0.0070984915705412,24,28,0.9547258174766586,0.4208643349324741,oculta,True,0.2334706290744624,0.207038581801168,0.4015455957306518,0.8330958618658093,0.0383673469387755,0.0052076002814919,30,35,0.9497698733646248,0.4205006317392282,oculta,True,-0.0022129837032616173,0.0045861162939777045,-0.0019046973075234064,-0.003951719211656046,-0.010102040816326499,-0.0018908912890493006,6,7,-0.004955944112033817,-0.00036370319324591227,True
06368175000132,0.941392008210339,0.9296704098524068,0.9701129605681252,0.9951962231349388,0.1666666666666666,3.3306690738754695e-17,6,6,0.9769739094419836,0.4006102148639795,critico,False,0.922084089152776,0.909098104011572,0.9600569853853336,0.990591657696388,0.1428571428571428,0.0,7,7,0.9721745799918554,0.3979059328021376,critico,False,-0.019307919057563017,-0.020572305840834804,-0.010055975182791665,-0.004604565438550812,-0.023809523809523808,-3.3306690738754695e-17,1,1,-0.004799329450128176,-0.0027042820618419228,True
06698248000154,0.2655165729468733,0.2247119381105885,0.4457913338587488,0.8668103668517029,0.0699432892249527,0.0182734719596723,19,23,0.9659769576771244,0.6770264384437836,oculta,True,0.1876456959991655,0.1523259436513031,0.3530787869148802,0.7232445321968777,0.0535714285714285,0.0124223602484472,24,28,0.9609988153895588,0.6243213301023196,oculta,True,-0.0778708769477078,-0.07238599445928542,-0.0927125469438686,-0.1435658346548252,-0.016371860653524202,-0.005851111711225099,5,5,-0.004978142287565657,-0.052705108341464024,True
06741243000167,0.3618542447688985,0.2342250937226782,0.547974658142935,0.9322305994323884,0.183673469387755,0.0204081632653061,6,7,0.8162441101597336,0.410609805996697,baixo_baixo,False,0.3618542447688985,0.2342250937226782,0.547974658142935,0.9322305994323884,0.183673469387755,0.0204081632653061,6,7,0.8094268548719032,0.4079542750420297,hhi_alto,False,0.0,0.0,0.0,0.0,0.0,0.0,0,0,-0.006817255287830393,-0.0026555309546673067,False
06894325000141,0.4815172552954269,0.4343824603222839,0.6556404970795561,0.977443245662327,0.0833333333333333,1.5139404881252137e-17,12,12,0.9816158794606046,0.9651816459759952,critico,False,0.4815172552954269,0.4343824603222839,0.6556404970795561,0.977443245662327,0.0833333333333333,1.5139404881252137e-17,12,12,0.9814342105635272,0.9659372017105392,critico,False,0.0,0.0,0.0,0.0,0.0,0.0,0,0,-0.00018166889707738054,0.000755555734544,True
06916689000185,0.3629161813367126,0.3230984426702571,0.5319731080274546,0.944909581775872,0.0661157024793388,0.0077479338842975,17,22,0.9055004315594736,0.7417793160769413,baixo_baixo,False,0.3506523610095778,0.3164761694837661,0.522795760151598,0.928608449608981,0.0612244897959183,0.0118152524167561,20,28,0.8980289202263941,0.743196881480095,hhi_alto,False,-0.0122638203271348,-0.006622273186491001,-0.009177347875856556,-0.016301132166890997,-0.004891212683420507,0.0040673185324586,3,6,-0.007471511333079439,0.0014175654031537421,False
07095193000150,0.1647506154130851,0.0812256769543936,0.267890301458897,0.7632352869038665,0.1555555555555555,0.0711111111111111,11,15,0.7981737654893348,0.6379562401674237,baixo_baixo,False,0.1639579330244172,0.0803537263268589,0.262439921569555,0.7680523990715609,0.1796875,0.09765625,11,16,0.7945541728758476,0.6317225647984068,baixo_baixo,False,-0.0007926823886679202,-0.0008719506275347011,-0.005450379889341994,0.004817112167694315,0.024131944444444497,0.026545138888888903,0,1,-0.0036195926134872103,-0.006233675369016867,True
07104377000130,0.0786787403254962,0.0675784841848395,0.1890276527020481,0.4600288864419904,0.0235434007134363,0.0117788633726344,84,145,0.6587468739578317,0.651849658095051,baixo_baixo,False,0.0786787403254962,0.0675784841848395,0.1890276527020481,0.4600288864419904,0.0235434007134363,0.0117788633726344,84,145,0.6613056977229131,0.6519723481646658,baixo_baixo,False,0.0,0.0,0.0,0.0,0.0,0.0,0,0,0.0025588237650814305,0.00012269006961473927,True
07146181000108,0.2325586977603301,0.1229242260118059,0.3737078639525191,0.859528087090794,0.125,0.0,8,8,0.8297818154783994,0.4127035710669532,baixo_baixo,False,0.2325506539697776,0.1366194857159998,0.3737014007120745,0.8595132216377714,0.1111111111111111,0.0,9,9,0.8220494429608416,0.4101642922244093,baixo_baixo,False,-8.043790552525465e-06,0.013695259704193899,-6.463240444565255e-06,-1.4865453022538944e-05,-0.013888888888888895,0.0,1,1,-0.007732372517557762,-0.0025392788425439017,True
07173244000115,0.2063790438445662,0.0476548526134794,0.3051606933776253,0.8517134989905387,0.183673469387755,0.0204081632653061,6,7,0.6627926299472547,0.6386909321583634,baixo_baixo,False,0.1464748806289738,0.0245427207188272,0.2211457025032726,0.6397839432209571,0.1358024691358024,0.0123456790123456,8,9,0.6713761929435266,0.6257557480006256,baixo_baixo,False,-0.059904163215592415,-0.023112131894652197,-0.08401499087435271,-0.2119295557695816,-0.047871000251952595,-0.0080624842529605,2,2,0.008583562996271832,-0.012935184157737756,True
07177468000103,0.3443123281020546,0.1803904101275682,0.5252109419522761,0.9613531801445666,0.2,3.4694469519536136e-17,5,5,0.7304996299765445,0.4167077847280441,baixo_baixo,False,0.3443123281020546,0.1803904101275682,0.5252109419522761,0.9613531801445666,0.2,3.4694469519536136e-17,5,5,0.723800915996049,0.4140489884576807,baixo_baixo,False,0.0,0.0,0.0,0.0,0.0,0.0,0,0,-0.006698713980495485,-0.002658796270363417,True
07184109000175,0.1666666666666666,0.0277777777777778,0.2777777777777778,0.6666666666666667,0.1428571428571428,0.0,7,7,0.4936442236938926,0.4465530721118469,baixo_baixo,False,0.1666666666666666,0.0277777777777778,0.2777777777777778,0.6666666666666667,0.1428571428571428,0.0,7,7,0.5625589658763708,0.6177540893218159,baixo_baixo,False,0.0,0.0,0.0,0.0,0.0,0.0,0,0,0.06891474218247817,0.17120101720996894,True
07200263000193,0.2762076537473047,0.2205313194201743,0.4952545297670405,0.7536381938452689,0.0714285714285714,0.0,14,14,0.7880530584617552,0.3965645695364238,baixo_baixo,False,0.2762076537473047,0.2205313194201743,0.4952545297670405,0.7536381938452689,0.0714285714285714,0.0,14,14,0.7831972184476697,0.3939165594559823,baixo_baixo,False,0.0,0.0,0.0,0.0,0.0,0.0,0,0,-0.004855840014085566,-0.0026480100804415208,True
07222467000125,0.3293464185376573,0.3259420856368332,0.5707687460638756,0.6350490048877641,0.0318334234721471,0.0269188723222595,198,430,0.9417747186133116,0.7560110515596747,oculta,True,0.3095992603938232,0.3067225906454641,0.5533561447541537,0.6153384981157446,0.0261502557297185,0.0220925484619256,241,533,0.9355428220750454,0.7577823495006745,oculta,True,-0.019747158143834098,-0.0192194949913691,-0.017412601309721887,-0.019710506772019465,-0.005683167742428597,-0.004826323860333902,43,103,-0.006231896538266279,0.0017712979409997276,True
07252975000156,0.7314351715131433,0.7192276793091953,0.852224869974102,0.9608881680340629,0.0615243342516069,0.0188663494448618,23,33,0.9638796005139748,0.4089010752535906,critico,False,0.7293451478589333,0.7189353458535076,0.8510060238166484,0.9595139123738324,0.0512465373961218,0.014756019603665,27,38,0.9616956995139432,0.4073823696570454,critico,False,-0.0020900236542099604,-0.00029233345568768776,-0.0012188461574536014,-0.0013742556602304168,-0.010277796855485105,-0.004110329841196801,4,5,-0.0021839010000316295,-0.0015187055965452112,True
07276220000191,0.2520108792492439,0.2232420669126763,0.4011468436044427,0.8090966423192092,0.1364883401920438,0.1032763532763532,27,54,0.7579646965056579,0.5961375772339086,baixo_baixo,False,0.2267175574513147,0.2009414760330252,0.3536649153324163,0.7868589496617812,0.1201289975812953,0.0907999641673385,31,61,0.7538034566917932,0.6054924087125751,baixo_baixo,False,-0.02529332179792923,-0.02230059087965111,-0.04748192827202641,-0.022237692657428032,-0.016359342610748506,-0.012476389109014704,4,7,-0.004161239813864737,0.009354831478666559,True
07314524000104,0.8150070577897639,0.7687588222372049,0.9003890967167955,0.9959696869004104,0.2,3.4694469519536136e-17,5,5,0.6062114198818037,0.3965645695364238,hhi_alto,False,0.8150070577897639,0.7687588222372049,0.9003890967167955,0.9959696869004104,0.2,3.4694469519536136e-17,5,5,0.601002397103447,0.3939165594559823,hhi_alto,False,0.0,0.0,0.0,0.0,0.0,0.0,0,0,-0.0052090227783566645,-0.0026480100804415208,True
07343110000103,0.2043742737715226,0.1159714153016918,0.2751442192787077,0.8372842084729917,0.1074380165289256,0.0082644628099173,10,11,0.8166704152187803,0.8498498955252858,baixo_baixo,False,0.2043742737715226,0.1159714153016918,0.2751442192787077,0.8372842084729917,0.1074380165289256,0.0082644628099173,10,11,0.8159598543452261,0.8514537384871878,baixo_baixo,False,0.0,0.0,0.0,0.0,0.0,0.0,0,0,-0.0007105608735541447,0.001603842961901969,True
07349637000137,0.0596341338037574,0.0126158404939453,0.1229956611960007,0.3588002263723825,0.0476190476190476,0.0,21,21,0.5790084004205129,0.453851902708598,baixo_baixo,False,0.0596341338037574,0.0126158404939453,0.1229956611960007,0.3588002263723825,0.0476190476190476,0.0,21,21,0.5745914578645629,0.450921023768164,baixo_baixo,False,0.0,0.0,0.0,0.0,0.0,0.0,0,0,-0.004416942555950043,-0.0029308789404339786,True
07381646000105,0.2065103867324994,0.1271614254057494,0.3970090779734852,0.6981930973956505,0.0972222222222222,0.0069444444444444,11,12,0.5278381291218784,0.7119123576352624,baixo_baixo,False,0.1876070971330362,0.1137531968724031,0.3754040926440421,0.6601978663965274,0.0887573964497041,0.0059171597633136,12,13,0.5274682184085182,0.7281999757659747,baixo_baixo,False,-0.01890328959946322,-0.013408228533346306,-0.021604985329443105,-0.03799523099912305,-0.0084648257725181,-0.0010272846811308,1,1,-0.00036991071336023307,0.016287618130712334,True
07420613000127,0.7910057028013093,0.7852003056569012,0.8883276351048822,0.9587689647085764,0.0306122448979591,0.0036848072562358,37,42,0.9709040250359624,0.4373701481923214,critico,False,0.7589297248655975,0.7535726076403886,0.8692145494547332,0.9610142435751672,0.040473372781065,0.0191505588428665,46,65,0.9780970550064372,0.4266435682796921,critico,False,-0.03207597793571182,-0.03162769801651266,-0.01911308565014902,0.002245278866590761,0.009861127883105898,0.0154657515866307,9,23,0.0071930299704747735,-0.01072657991262932,True
07460294000183,0.2034177047955329,0.1785245080703933,0.3296091675982712,0.8149080440209127,0.0580277678889284,0.0285911356354574,33,53,0.9320588917653178,0.9155780511814746,oculta,True,0.2034177047955329,0.1785245080703933,0.3296091675982712,0.8149080440209127,0.0580277678889284,0.0285911356354574,33,53,0.9325341739763164,0.9135021018165624,oculta,True,0.0,0.0,0.0,0.0,0.0,0.0,0,0,0.0004752822109986843,-0.0020759493649121774,True
07464768000165,0.2781303264854786,0.2179745203592684,0.3741290142929754,0.8379385348787118,0.0933333333333333,0.0177777777777777,13,15,0.655530795582535,0.8624849649741385,baixo_baixo,False,0.2599031754821715,0.2029726505192617,0.3607745313796534,0.8080284359049685,0.0859375,0.015625,14,16,0.6371905400791071,0.8592589898018026,baixo_baixo,False,-0.018227151003307074,-0.015001869840006704,-0.01335448291332203,-0.029910098973743304,-0.007395833333333296,-0.0021527777777777014,1,1,-0.018340255503427882,-0.0032259751723359154,True
07505809000114,0.375943282476171,0.2979361927856924,0.5769502051883336,0.8531483584933314,0.1111111111111111,0.0,9,9,0.8153661610275262,0.4990398737155104,hhi_alto,False,0.375943282476171,0.2979361927856924,0.5769502051883336,0.8531483584933314,0.1111111111111111,0.0,9,9,0.8101710545671295,0.4970772070197393,hhi_alto,False,0.0,0.0,0.0,0.0,0.0,0.0,0,0,-0.005195106460396781,-0.001962666695771109,True
07556356000155,0.2758584359890402,0.2305995882383552,0.4982157896142335,0.7368527828141858,0.0892857142857142,0.0323660714285714,17,28,0.2737070657858091,0.7352715482301537,baixo_baixo,False,0.2582828478683361,0.2146524271547089,0.4809629108337088,0.7113360649461533,0.084423305588585,0.0305658529761488,18,29,0.3074091879618502,0.7323866877354603,baixo_baixo,False,-0.01757558812070409,-0.0159471610836463,-0.017252878780524727,-0.025516717868032446,-0.0048624086971292,-0.0018002184524225952,1,1,0.03370212217604107,-0.0028848604946933865,True
07556717000163,0.1953128264182176,0.1785485103019305,0.4091567647319961,0.638079974599548,0.0292,0.008975,49,100,0.859902186971545,0.8543909811456454,baixo_baixo,False,0.1856058740652636,0.1693179915465688,0.3984005770593318,0.621305699924028,0.0289108219058433,0.0094890383439601,51,107,0.8512069352324059,0.8480013362873253,baixo_baixo,False,-0.00970695235295399,-0.00923051875536171,-0.010756187672664286,-0.016774274675520062,-0.00028917809415670084,0.0005140383439600996,2,7,-0.008695251739139098,-0.006389644858320054,True
07581720000137,0.4911088181134035,0.3893305817360841,0.5689555368507552,0.9941302504319056,0.183673469387755,0.0204081632653061,6,7,0.9624011028629263,0.9884386584048483,critico,False,0.4911088181134035,0.3893305817360841,0.5689555368507552,0.9941302504319056,0.183673469387755,0.0204081632653061,6,7,0.963197141998794,0.9894963470614936,critico,False,0.0,0.0,0.0,0.0,0.0,0.0,0,0,0.0007960391358676766,0.0010576886566452393,True
07585406000122,0.4068278286455447,0.2585347858069308,0.6057145533824312,0.9294157946588436,0.2,3.4694469519536136e-17,5,5,0.7355994869591811,0.5182888284514298,hhi_alto,False,0.741093238372882,0.6979421114350289,0.8571645004399927,0.9662001860972498,0.1428571428571428,0.0,7,7,0.936774141197126,0.4225025801068105,critico,False,0.3342654097273373,0.43940732562809814,0.2514499470575615,0.03678439143840617,-0.05714285714285722,-3.4694469519536136e-17,2,2,0.2011746542379449,-0.09578624834461924,False
07622498000173,0.2008351303418663,0.0010439129273329,0.2191089904185935,0.820465355816789,0.2,3.4694469519536136e-17,5,5,0.615289258141512,0.5785465489390099,baixo_baixo,False,0.2008351303418663,0.0010439129273329,0.2191089904185935,0.820465355816789,0.2,3.4694469519536136e-17,5,5,0.6105121267050544,0.5749999626428093,baixo_baixo,False,0.0,0.0,0.0,0.0,0.0,0.0,0,0,-0.004777131436457638,-0.003546586296200638,True
07622504000192,0.1711794421414012,0.0054153305696815,0.185822396677758,0.7238670944377821,0.183673469387755,0.0204081632653061,6,7,0.612933711704723,0.5746342648358569,baixo_baixo,False,0.1711794421414012,0.0054153305696815,0.185822396677758,0.7238670944377821,0.183673469387755,0.0204081632653061,6,7,0.6080625873518862,0.5715333670253598,baixo_baixo,False,0.0,0.0,0.0,0.0,0.0,0.0,0,0,-0.004871124352836764,-0.0031008978104970497,True
07633040000110,0.3065866145826921,0.2788500791659998,0.4961755989146146,0.9052040555268392,0.0384615384615384,0.0,26,26,0.9605538480954754,0.8446706098197656,oculta,True,0.3065866145826921,0.2788500791659998,0.4961755989146146,0.9052040555268392,0.0384615384615384,0.0,26,26,0.9603839891883444,0.8466706589973457,oculta,True,0.0,0.0,0.0,0.0,0.0,0.0,0,0,-0.00016985890713094864,0.002000049177580121,True
07676836000150,0.1040551054569999,0.0144606160026998,0.1362969421173225,0.4716979307600851,0.0909090909090909,0.0,11,11,0.5778443638105732,0.3965645695364238,baixo_baixo,False,0.1040551054569999,0.0144606160026998,0.1362969421173225,0.4716979307600851,0.0909090909090909,0.0,11,11,0.6115554429769036,0.4505631831727177,baixo_baixo,False,0.0,0.0,0.0,0.0,0.0,0.0,0,0,0.033711079166330316,0.05399861363629388,True
07690399000129,0.0990487414686718,0.0540011785421054,0.2352776217155013,0.5060870062939005,0.0476190476190476,0.0,21,21,0.6922349967647292,0.5584066782735856,baixo_baixo,False,0.0913934647470404,0.0481264868778519,0.2220755731601054,0.4804923738096556,0.0454545454545454,0.0,22,22,0.6850804914577254,0.5487923006901622,baixo_baixo,False,-0.00765527672163141,-0.005874691664253501,-0.01320204855539589,-0.025594632484244872,-0.0021645021645022022,0.0,1,1,-0.007154505307003789,-0.009614377583423428,True
07711512000105,0.1976101889337027,0.0829830730670887,0.3446484404593565,0.7796008316374827,0.125,0.0,8,8,0.8138662694245393,0.520666234503419,baixo_baixo,False,0.1976101889337027,0.0829830730670887,0.3446484404593565,0.7796008316374827,0.125,0.0,8,8,0.8091593990771728,0.5190195992095366,baixo_baixo,False,0.0,0.0,0.0,0.0,0.0,0.0,0,0,-0.0047068703473664986,-0.0016466352938824258,True
07720960000175,0.5281098257189031,0.4606969436787463,0.6811741135355268,0.975748440451612,0.1358024691358024,0.0123456790123456,8,9,0.9207685568945554,0.5620574999285466,hhi_alto,False,0.5281098257189031,0.4606969436787463,0.6811741135355268,0.975748440451612,0.1358024691358024,0.0123456790123456,8,9,0.9200555714091536,0.5602130704230762,hhi_alto,False,0.0,0.0,0.0,0.0,0.0,0.0,0,0,-0.0007129854854017736,-0.0018444295054703685,True
07733475000136,0.2146140912436819,0.1360755003680501,0.4092471902172467,0.7043205149431147,0.1005917159763313,0.0106508875739645,11,13,0.629736665130289,0.4510379283142077,baixo_baixo,False,0.1833296951771812,0.1205089024985029,0.3747844407502269,0.6450096093799467,0.078125,0.0072115384615384,14,16,0.6274129756781539,0.4859854631348648,baixo_baixo,False,-0.031284396066500686,-0.0155665978695472,-0.034462749467019826,-0.05931090556316798,-0.022466715976331306,-0.0034393491124261,3,3,-0.002323689452135125,0.0349475348206571,True
07742778000115,0.3054746415691896,0.2707483736476491,0.4915742846289668,0.9213978655699644,0.0476190476190476,0.0,21,21,0.9371111902767636,0.5515249052521642,oculta,True,0.3054746415691896,0.2707483736476491,0.4915742846289668,0.9213978655699644,0.0476190476190476,0.0,21,21,0.9352048603331182,0.549412680150776,oculta,True,0.0,0.0,0.0,0.0,0.0,0.0,0,0,-0.0019063299436453685,-0.0021122251013881987,True
07748322000162,0.133418470297546,0.1035363485836683,0.2738347059171192,0.6256362378245294,0.0422367638310529,0.0092104453424685,30,41,0.6223577587658872,0.5268672604513834,baixo_baixo,False,0.1331357836737568,0.1032439141452657,0.2735413275735661,0.6249659498034948,0.0416441319632233,0.0085973778929896,30,43,0.6413893672224504,0.5769511421601812,baixo_baixo,False,-0.0002826866237891912,-0.0002924344384026001,-0.0002933783435531412,-0.0006702880210345263,-0.0005926318678295961,-0.0006130674494788987,0,2,0.019031608456563265,0.05008388170879774,True
07750478000188,0.1024461040889541,0.0965411442474341,0.2460436630271352,0.5294800417132782,0.0217398335315101,0.015303911383691,153,725,0.8298365422749129,0.5582250154744842,baixo_baixo,False,0.0947490209362072,0.0892626513661236,0.2245035245011379,0.5276884393516554,0.023249042402285,0.0173293396289656,166,881,0.8306368155937633,0.5503871572130705,baixo_baixo,False,-0.007697083152746906,-0.007278492881310494,-0.021540138525997315,-0.0017916023616227905,0.0015092088707749016,0.0020254282452746002,13,156,0.000800273318850464,-0.0078378582614137,True
07767665000174,0.3580310605775108,0.1975388257218885,0.4454000768275222,0.9760038713089112,0.2,3.4694469519536136e-17,5,5,0.7168505845519193,0.9661084695570364,baixo_baixo,False,0.3580310605775108,0.1975388257218885,0.4454000768275222,0.9760038713089112,0.2,3.4694469519536136e-17,5,5,0.7177323385749589,0.9659521453000024,hhi_alto,False,0.0,0.0,0.0,0.0,0.0,0.0,0,0,0.0008817540230395826,-0.00015632425703404618,False
07777639000127,0.1345940646684768,0.1157808921612697,0.3292043229654083,0.5284122772408409,0.0607974361391271,0.0403799890986733,47,103,0.835678817401926,0.5517050894731764,baixo_baixo,False,0.1248192345895775,0.10919100663582,0.3151809109884387,0.5059030252641724,0.0579660238751147,0.0411439885871704,57,132,0.8277975558761291,0.5539669915321458,baixo_baixo,False,-0.009774830078899288,-0.006589885525449701,-0.014023411976969602,-0.02250925197666853,-0.0028314122640124006,0.0007639994884971052,10,29,-0.007881261525796823,0.0022619020589693672,True
07784414000106,0.2494446708016948,0.1994076488551411,0.4533846223423827,0.7534776860024237,0.0692520775623268,0.0072022160664819,16,19,0.8759736467679611,0.7829694093496243,baixo_baixo,False,0.1971666151204195,0.1499411218922089,0.3592551393815238,0.7646584365625296,0.0619834710743801,0.0068060281964025,18,22,0.8924657648557107,0.7987692755349631,baixo_baixo,False,-0.052278055681275304,-0.04946652696293219,-0.09412948296085888,0.011180750560105923,-0.007268606487946708,-0.0003961878700794001,2,3,0.01649211808774964,0.015799866185338796,True
07789410000102,0.3462271781983054,0.3150951390648914,0.5689577854475057,0.800268357571821,0.0454545454545454,0.0,22,22,0.691077887732482,0.5156264065778458,baixo_baixo,False,0.2597175665648181,0.2275313738067667,0.4814126933869393,0.7137498997165637,0.0416666666666666,0.0,24,24,0.6539089248008152,0.4950840924650476,baixo_baixo,False,-0.0865096116334873,-0.0875637652581247,-0.08754509206056643,-0.08651845785525736,-0.0037878787878787984,0.0,2,2,-0.03716896293166683,-0.020542314112798166,True
07791947000107,0.0624114904612225,0.0456688385051729,0.1542485479855118,0.3987921902530689,0.0401257396449704,0.0229851278529163,57,104,0.8257385175076438,0.6172663093936736,baixo_baixo,False,0.0586424273864555,0.0426872142913107,0.1485724883928931,0.3841173795886601,0.0381692724255393,0.0218670567039383,60,107,0.8169812757257018,0.60982925391487,baixo_baixo,False,-0.0037690630747669943,-0.002981624213862201,-0.005676059592618687,-0.014674810664408788,-0.0019564672194310948,-0.0011180711489780018,3,3,-0.008757241781942038,-0.007437055478803578,True
07793624000152,0.222122208375354,0.1109968095718332,0.2973114953943674,0.8440502102824745,0.14,0.0171428571428571,8,10,0.7812737776386175,0.5985619452944246,baixo_baixo,False,0.222122208375354,0.1109968095718332,0.2973114953943674,0.8440502102824745,0.14,0.0171428571428571,8,10,0.7756115032063913,0.596341637584111,baixo_baixo,False,0.0,0.0,0.0,0.0,0.0,0.0,0,0,-0.005662274432226222,-0.0022203077103136737,True
07804588000185,0.0380642799048488,0.0239181663740377,0.0682142118408278,0.2546541331524165,0.0157790927021696,0.0013052558301427,69,78,0.7455885684728601,0.5119085994295046,baixo_baixo,False,0.0376352442400695,0.023887176300642,0.0678129533900783,0.2531561737068963,0.0153125,0.0012455357142857,71,80,0.7372825497941115,0.508329765868712,baixo_baixo,False,-0.00042903566477930227,-3.099007339570081e-05,-0.00040125845074949484,-0.0014979594455201695,-0.00046659270216959856,-5.972011585700008e-05,2,2,-0.008306018678748694,-0.0035788335607925825,True
07806941000166,0.0604287582194368,0.0319569024079046,0.0938420687541744,0.3496051909866842,0.030204081632653,0.0008163265306122,34,35,0.9747313890138588,0.8242794346243623,oculta,True,0.0511354870843878,0.0274138742614975,0.0843712011689583,0.3143218205868623,0.0249433106575963,0.0005668934240362,41,42,0.970550591519123,0.8218034555436667,oculta,True,-0.009293271135048999,-0.004543028146407103,-0.009470867585216106,-0.03528337039982188,-0.0052607709750567,-0.00024943310657600005,7,7,-0.004180797494735766,-0.002475979080695523,True
07821223000169,0.0807402435482562,0.0558953852657767,0.1686593893382144,0.4853880063462209,0.0404432132963989,0.0145092460881934,38,95,0.9599546133495211,0.9961473730676024,oculta,True,0.0765700193407097,0.0516124522958641,0.1620891587146023,0.4629856044747908,0.0403690888119953,0.0144331182393466,38,102,0.9581446470769855,0.9969942415628728,oculta,True,-0.004170224207546494,-0.004282932969912598,-0.006570230623612089,-0.02240240187143011,-7.412448440359543e-05,-7.612784884680063e-05,0,7,-0.0018099662725356014,0.0008468684952703809,True
07825719000100,0.2190389606817352,0.023798700852169,0.2914300020341423,0.8982928851961384,0.2,3.4694469519536136e-17,5,5,0.3791630977857693,0.4944251528637729,baixo_baixo,False,0.2400274286165267,0.088032914339832,0.4021737605271355,0.8324732021668383,0.1666666666666666,3.3306690738754695e-17,6,6,0.6146305358306368,0.6933887911545914,baixo_baixo,False,0.020988467934791505,0.064234213487663,0.11074375849299317,-0.06581968302930008,-0.03333333333333341,-1.3877787807814407e-18,1,1,0.23546743804486747,0.19896363829081848,True
07852676000152,0.1782980971774204,0.0413477800403238,0.2564164980107364,0.7506657227767469,0.15625,0.015625,7,8,0.7291475050908236,0.4726827837543886,baixo_baixo,False,0.1253710504433078,0.0524853046469167,0.2082769738500284,0.6097360595976117,0.0816326530612245,0.0051020408163265,13,14,0.6888994666374327,0.4947391179396756,baixo_baixo,False,-0.05292704673411261,0.011137524606592897,-0.04813952416070799,-0.14092966317913524,-0.0746173469387755,-0.0105229591836735,6,6,-0.040248038453390866,0.02205633418528702,True
07854402000100,0.4247010555842735,0.4113220103653031,0.6385718019190333,0.846234197171096,0.0256,0.0029395348837209,44,50,0.9792983728706284,0.4523836013085519,critico,False,0.3981118202942075,0.3879103257229229,0.6180039571486159,0.8189777264742568,0.019242213846459,0.0026192005218227,60,71,0.9758305216843892,0.4543762375994075,critico,False,-0.026589235290066016,-0.023411684642380193,-0.0205678447704174,-0.02725647069683923,-0.006357786153541,-0.0003203343618982,16,21,-0.003467851186239157,0.0019926362908556094,True
07861703000153,0.4429653109954782,0.4187464114735424,0.6333121658435074,0.9088134883638066,0.0487514863258026,0.0073928552964896,24,29,0.9518026410506636,0.4518219425417965,critico,False,0.4292015244477692,0.4063695854256801,0.6232997398098699,0.8944454905242338,0.0447450572320499,0.0065348595213319,26,31,0.9476014293109476,0.5328924581504131,critico,False,-0.01376378654770899,-0.012376826047862333,-0.0100124260336375,-0.014367997839572766,-0.004006429093752699,-0.0008579957751576996,2,2,-0.004201211739715993,0.08107051560861661,True
07865433000159,0.4783579974636092,0.3479474968295115,0.6445246722617023,0.999532858795679,0.2,3.4694469519536136e-17,5,5,0.885202357184524,0.3968357473257698,hhi_alto,False,0.7766682961985164,0.7665168551166308,0.878367185409033,0.9808051480946566,0.0434782608695651,0.0,23,23,0.9749075801641636,0.3975510831647605,critico,False,0.2983102987349072,0.41856935828711933,0.23384251314733073,-0.018727710701022415,-0.1565217391304349,-3.4694469519536136e-17,18,18,0.08970522297963957,0.0007153358389906939,False
07868234000102,0.3654751859426177,0.3545351029416283,0.5927442770941971,0.7644838054071381,0.0204081632653061,0.0035186488388458,59,70,0.9394630288097744,0.9036400392470614,oculta,True,0.3318885507206958,0.3211125596032876,0.562184019930337,0.7429067894267838,0.0190222222222222,0.0032,63,75,0.9400787169053724,0.923927942237096,oculta,True,-0.0335866352219219,-0.033422543338340716,-0.030560257163860127,-0.02157701598035433,-0.0013859410430838992,-0.00031864883884580005,4,5,0.0006156880955979771,0.02028790299003458,True
07900983000161,0.2264391509027038,0.1857254220028461,0.3971926518038184,0.8317738916990663,0.0521541950113378,0.0022675736961451,20,21,0.927607381812454,0.4149711572330634,oculta,True,0.2230903871683521,0.1842449065267697,0.3941770463379943,0.8254588154187115,0.051039697542533,0.0035916824196597,21,23,0.9224900534328352,0.4121694105701243,baixo_baixo,False,-0.003348763734351695,-0.001480515476076416,-0.003015605465824134,-0.006315076280354881,-0.0011144974688047996,0.0013241087235145999,1,2,-0.005117328379618757,-0.0028017466629390864,False
07918201000111,0.2501375534950018,0.1001650641940021,0.3835531993588953,0.9124994794094564,0.1666666666666666,3.3306690738754695e-17,6,6,0.8033325498233064,0.4910940875811315,baixo_baixo,False,0.1356172854616407,0.094456203816957,0.3188740079096467,0.5149371936413731,0.0510204081632653,0.0058309037900874,22,28,0.8751628273610977,0.8296600638793804,baixo_baixo,False,-0.11452026803336107,-0.0057088603770451,-0.06467919144924861,-0.3975622857680833,-0.1156462585034013,0.005830903790087367,16,22,0.07183027753779136,0.3385659762982489,True
08013657000103,0.0553125379499812,0.014239170034763,0.067984205053388,0.2680712413841537,0.0452674897119341,0.0037573805689747,24,27,0.6699894726807488,0.7436212610009659,baixo_baixo,False,0.0553125379499812,0.014239170034763,0.067984205053388,0.2680712413841537,0.0452674897119341,0.0037573805689747,24,27,0.6700428529660628,0.7462779994777946,baixo_baixo,False,0.0,0.0,0.0,0.0,0.0,0.0,0,0,5.338028531398642e-05,0.0026567384768286795,True
08036438000131,0.1590157708133796,0.1064542564892158,0.2759432551474606,0.7074840537706506,0.065,0.0065625,17,20,0.9134799447226806,0.5943101369056277,baixo_baixo,False,0.1478834451387121,0.1052776173956477,0.2656727356085053,0.6811517239810793,0.0520833333333333,0.0046875,21,24,0.9057396291012902,0.6112892241528001,baixo_baixo,False,-0.011132325674667487,-0.0011766390935681048,-0.010270519538955303,-0.02633232978957134,-0.012916666666666701,-0.001875,4,4,-0.007740315621390326,0.016979087247172342,True
08046438000112,0.0945541264421121,0.0298794211879772,0.1278644047166597,0.50068400796919,0.0737240075614366,0.0075614366729678,15,23,0.703639481085843,0.4755052761951698,baixo_baixo,False,0.0864270550973357,0.0255221921038247,0.1160353887480725,0.4543646344218144,0.0694444444444444,0.0074074074074074,16,24,0.7039914162367448,0.5168245054777701,baixo_baixo,False,-0.008127071344776401,-0.004357229084152498,-0.011829015968587195,-0.046319373547375586,-0.004279563116992194,-0.00015402926556040003,1,1,0.0003519351509018165,0.041319229282600345,True
08082743000160,0.625521755283048,0.616605606599311,0.7821408241513993,0.9626443191754076,0.0446428571428571,0.0218962585034013,43,56,0.991175561834132,0.811393648234018,critico,False,0.6130772606418124,0.6056364387310781,0.7740415567559714,0.9576206268427656,0.0404081632653061,0.0219544740973312,53,70,0.9902474344204134,0.8065309396079479,critico,False,-0.012444494641235537,-0.010969167868232876,-0.008099267395427878,-0.0050236923326419936,-0.004234693877551002,5.821559392989867e-05,10,14,-0.0009281274137186157,-0.004862708626070189,True
08083086000175,0.0473316605559565,0.0409805382929962,0.1484043909557478,0.3679661329738091,0.0260117040269787,0.0195184487204919,151,568,0.8850360625064796,0.6656719024053371,baixo_baixo,False,0.0434254049588304,0.0379903220324602,0.1417834851073321,0.3515497108845755,0.0219417590589507,0.0163846099626948,177,688,0.8816326012391306,0.6825099628363057,baixo_baixo,False,-0.003906255597126103,-0.0029902162605359994,-0.006620905848415709,-0.016416422089233607,-0.0040699449680280005,-0.0031338387577970993,26,120,-0.0034034612673490283,0.016838060430968582,True
08151884000197,0.5263213609390198,0.4315856331268238,0.6556330965747547,0.9973594698262048,0.1666666666666666,3.3306690738754695e-17,6,6,0.9319690277889896,0.4154097867241969,critico,False,0.5263213609390198,0.4315856331268238,0.6556330965747547,0.9973594698262048,0.1666666666666666,3.3306690738754695e-17,6,6,0.928544715810364,0.4129663356978637,critico,False,0.0,0.0,0.0,0.0,0.0,0.0,0,0,-0.0034243119786255827,-0.0024434510263332543,True
08184785000101,0.0684538696530441,0.0582170989898908,0.154477811395495,0.4488777749086114,0.0189279415469891,0.0081469299156373,92,252,0.7146452679792625,0.7972655398594785,baixo_baixo,False,0.0508393990322157,0.0427269152632602,0.1221794856563706,0.3740305148424156,0.0156243972068978,0.0072109305163585,118,322,0.7057273732848646,0.8002248277445382,baixo_baixo,False,-0.017614470620828403,-0.0154901837266306,-0.03229832573912439,-0.0748472600661958,-0.003303544340091301,-0.0009359993992787991,26,70,-0.008917894694397965,0.002959287885059725,True
08184821000137,0.1216040000262529,0.1190725994499597,0.306981208042284,0.5380897681083482,0.013488899063865,0.0106459275914266,348,1094,0.9601271700184328,0.836095808926694,oculta,True,0.0953750853389684,0.0930673687199352,0.2654486158961764,0.4855650042447175,0.0148861296344341,0.0123730840467668,393,1333,0.960831989396831,0.8363648234658897,oculta,True,-0.026228914687284513,-0.02600523073002449,-0.041532592146107605,-0.0525247638636307,0.0013972305705691,0.0017271564553402,45,239,0.0007048193783981693,0.00026901453919569995,True
08259606000158,0.0527442716847004,0.0457791560353232,0.1178170869608964,0.3738323449118316,0.0259086262266755,0.0187461896548128,137,539,0.9633655642733178,0.6697390433480224,oculta,True,0.0525643604022733,0.0459389363491424,0.1329020051566167,0.3800581510349706,0.0269442791988895,0.0201396937387419,144,615,0.9630070072883968,0.6494090906862288,oculta,True,-0.00017991128242710042,0.000159780313819205,0.015084918195720304,0.006225806123138999,0.0010356529722140018,0.0013935040839291,7,76,-0.00035855698492093246,-0.020329952661793604,True
08281643000162,0.1033538044840537,0.0991441979323356,0.2202647566091032,0.5559391653791653,0.01645,0.0118323943661971,214,800,0.9394235925101238,0.6700958449731275,oculta,True,0.0969488088383817,0.0929352479887746,0.2124051451366569,0.5361018300311837,0.016432886956842,0.0120614775655391,226,932,0.9438434194707254,0.7649591238075238,oculta,True,-0.006404995645671999,-0.0062089499435609985,-0.007859611472446293,-0.0198373353479816,-1.7113043158000635e-05,0.00022908319934199922,12,132,0.004419826960601614,0.09486327883439638,True
08289417000128,0.146905352714318,0.1407235074441319,0.3576591147450809,0.5425875170382652,0.0257576026663351,0.0186978751494245,139,411,0.9666499911043976,0.9942214481566586,oculta,True,0.125904840774203,0.1199586152012384,0.3253684072487682,0.5084237852398774,0.0266295724940557,0.0200080049600016,148,477,0.9652178706407816,0.9947684665435932,oculta,True,-0.021000511940115013,-0.02076489224289349,-0.03229070749631269,-0.03416373179838783,0.0008719698277206006,0.0013101298105770987,9,66,-0.0014321204636160711,0.0005470183869346057,True
08311485000146,0.1898045951141654,0.1421460418855869,0.3260931046640435,0.7823251870884464,0.0581717451523545,0.002770083102493,18,19,0.8892906409354648,0.6637520053130113,baixo_baixo,False,0.1789296329793778,0.1333146125893433,0.2885236517451531,0.7593651527426095,0.0566893424036281,0.0042831947593852,19,21,0.8988052180131705,0.5962005374158799,baixo_baixo,False,-0.010874962134787586,-0.008831429296243615,-0.03756945291889041,-0.022960034345836933,-0.001482402748726401,0.0015131116568922,1,2,0.009514577077705644,-0.0675514678971314,True
08325807000106,0.1558862390154337,0.0352985588747813,0.220494516659976,0.7052154660463053,0.14,0.0171428571428571,8,10,0.6119006803500134,0.7571367629560178,baixo_baixo,False,0.1262857965036098,0.0292064405595664,0.1738433795754383,0.6012903633644501,0.1124260355029586,0.0138067061143984,10,13,0.618649899870053,0.7321847174528265,baixo_baixo,False,-0.029600442511823893,-0.006092118315214896,-0.04665113708453769,-0.10392510268185517,-0.027573964497041414,-0.003336151028458698,2,3,0.0067492195200395955,-0.0249520455031913,True
08345495000100,0.0420840655251471,0.0344207380493482,0.1205952530309487,0.3063881367350919,0.0253009406887755,0.0175033482142857,126,448,0.905646464334686,0.9330301653892914,baixo_baixo,False,0.2621208435756633,0.2566550720465941,0.5021593539925516,0.6253616632990887,0.0250745496384853,0.0178528796358074,136,542,0.9470509897690376,0.8902020612245777,oculta,True,0.2200367780505162,0.2222343339972459,0.3815641009616029,0.3189735265639968,-0.0002263910502901985,0.00034953142152169964,10,94,0.04140452543435158,-0.04282810416471372,False
08351513000159,0.1064841712186441,0.0809551475391768,0.2745768095740442,0.4474790125450263,0.0339083878643664,0.0063057703747769,36,41,0.8492799041739937,0.6069740959671944,baixo_baixo,False,0.1001089575301549,0.0791812588680655,0.2657955681311679,0.4331681854366718,0.0272,0.0045767441860465,44,50,0.83760845882676,0.6132341818729106,baixo_baixo,False,-0.006375213688489201,-0.0017738886711113067,-0.008781241442876286,-0.014310827108354518,-0.0067083878643664045,-0.0017290261887304,8,9,-0.011671445347233633,0.0062600859057161395,True
08361788000173,0.4431191922623549,0.3967124582842178,0.6531442601900768,0.8353311440947645,0.0769230769230769,1.503427012513233e-17,13,13,0.9057746173620674,0.7130348011506957,hhi_alto,False,0.4169987924586383,0.3753558490628268,0.6332019674367744,0.8098261841083736,0.0666666666666666,0.0,15,15,0.897774926486681,0.705205731838165,hhi_alto,False,-0.02612039980371661,-0.021356609221390987,-0.019942292753302393,-0.025504959986390907,-0.010256410256410303,-1.503427012513233e-17,2,2,-0.007999690875386434,-0.00782906931253069,True
08418330000103,0.8370764288195409,0.8326730890579069,0.9145479170767542,0.9560454258027083,0.0376328641195059,0.0116229415281412,38,59,0.984156119177248,0.9188142753525388,critico,False,0.8214649842301087,0.8170016088358615,0.905938227670459,0.9470450727093672,0.0348595213319458,0.0107310093652445,41,62,0.9823958796473774,0.9164829335523488,critico,False,-0.0156114445894322,-0.015671480222045453,-0.008609689406295251,-0.009000353093341129,-0.0027733427875600986,-0.0008919321628967011,3,3,-0.0017602395298705886,-0.002331341800190012,True
08418353000118,0.0760097863650793,0.0246769967186948,0.135797736333214,0.4216316016541794,0.0526315789473684,0.0,19,19,0.5512678644502079,0.6160444981748123,baixo_baixo,False,0.0711699537278177,0.0222841618187555,0.1292174475083193,0.4012007918962053,0.05,1.460819769243627e-17,20,20,0.5394266561598495,0.6034022708888392,baixo_baixo,False,-0.004839832637261593,-0.0023928348999393,-0.006580288824894698,-0.020430809757974122,-0.0026315789473683945,1.460819769243627e-17,1,1,-0.011841208290358396,-0.012642227285973084,True
08424027000113,0.2699557602732783,0.1239469123279339,0.3944989315653937,0.903801748632169,0.1666666666666666,3.3306690738754695e-17,6,6,0.5210684186017049,0.466072884862078,baixo_baixo,False,0.2655190910569424,0.1431056062330994,0.3911919712504948,0.8962254631821605,0.1428571428571428,0.0,7,7,0.5155273877724965,0.4681011913406247,baixo_baixo,False,-0.004436669216335898,0.019158693905165503,-0.0033069603148988547,-0.007576285450008546,-0.023809523809523808,-3.3306690738754695e-17,1,1,-0.0055410308292084265,0.0020283064785467375,True
08434600000170,0.3745349145898838,0.2851827595312958,0.565417179406871,0.923446325709519,0.125,0.0,8,8,0.6999523196154587,0.8613102159750787,hhi_alto,False,0.3745349145898838,0.2851827595312958,0.565417179406871,0.923446325709519,0.125,0.0,8,8,0.6975314100134687,0.8581598450333339,hhi_alto,False,0.0,0.0,0.0,0.0,0.0,0.0,0,0,-0.002420909601989929,-0.003150370941744862,True
08435209000190,0.4367284041619547,0.3804012445781501,0.5152818689726836,0.9716423898484524,0.0909090909090909,0.0,11,11,0.8110750276782974,0.4401446022997957,hhi_alto,False,0.1515169615811222,0.1330716781372335,0.2826416192226329,0.6663395108766941,0.030204081632653,0.0091215616681455,47,70,0.811091958339301,0.6833583823127766,baixo_baixo,False,-0.2852114425808325,-0.2473295664409166,-0.23264024975005065,-0.30530287897175834,-0.0607050092764379,0.0091215616681455,36,59,1.693066100361129e-05,0.24321378001298088,False
08438054000145,0.0453178239019248,0.032058349233896,0.1056839459531267,0.3260686656794409,0.0344990102742954,0.0210892743058828,73,206,0.940733660206043,0.9979742506157554,oculta,True,0.0422029419242994,0.0309347412410559,0.1060943824273719,0.3096054634563886,0.0314801999231064,0.0200858493339665,86,255,0.9383561602759274,0.9973867505476028,oculta,True,-0.003114881977625397,-0.0011236079928401005,0.0004104364742451988,-0.01646320222305231,-0.003018810351189005,-0.0010034249719163002,13,49,-0.002377499930115601,-0.0005875000681525577,True
08451635000117,0.1757981426015041,0.1589776965321471,0.351375506349095,0.6804658518235673,0.0219478737997256,0.0019876263262506,50,54,0.8903470296970272,0.5503166082350092,baixo_baixo,False,0.1402116115158365,0.1256389269652575,0.3099136104258967,0.6104522110415406,0.0187755102040816,0.0021445866482186,60,70,0.8788885893628962,0.5877216673357968,baixo_baixo,False,-0.03558653108566759,-0.03333876956688961,-0.041461895923198266,-0.07001364078202676,-0.0031723635956440004,0.00015696032196799983,10,16,-0.011458440334131015,0.03740505910078762,True
08451643000163,0.4958839072141536,0.445472297935569,0.6940314641796204,0.8619271421191541,0.0909090909090909,0.0,11,11,0.8472258715064687,0.3965645695364238,hhi_alto,False,0.4958839072141536,0.445472297935569,0.6940314641796204,0.8619271421191541,0.0909090909090909,0.0,11,11,0.8559383569946833,0.4170200865740219,hhi_alto,False,0.0,0.0,0.0,0.0,0.0,0.0,0,0,0.008712485488214683,0.02045551703759807,True
08543762000146,0.1385311813042669,0.1026366471919447,0.2838419727495114,0.6427699247287433,0.0753086419753086,0.0367798353909465,25,90,0.8729335277151172,0.8860802636432532,baixo_baixo,False,0.1271201613281859,0.0907501680501936,0.2693020229045925,0.609843707450702,0.0789138319772571,0.0405352416429761,25,101,0.8780791423578284,0.8983949605974283,baixo_baixo,False,-0.011411019976080988,-0.011886479141751088,-0.014539949844918909,-0.03292621727804124,0.003605190001948505,0.0037554062520296014,0,11,0.005145614642711127,0.012314696954175086,True
08565566000172,0.5052574317279004,0.4063089180734804,0.6677539819868283,0.991348013491576,0.2098765432098765,0.0518518518518518,6,9,0.8887324215926429,0.925076268251743,hhi_alto,False,0.346943974346889,0.2536502563964446,0.4238926324603811,0.979570038945187,0.1570247933884297,0.0365997638724911,8,11,0.913099874993924,0.8886761958923503,baixo_baixo,False,-0.15831345738101138,-0.1526586616770358,-0.24386134952644722,-0.011777974546388958,-0.0528517498214468,-0.015252087979360701,2,2,0.024367453401281103,-0.0364000723593928,False
08595042000124,0.0631388491627239,0.0580747348338737,0.1431290036260799,0.4338866070466572,0.0192799520372773,0.0139787625888302,186,726,0.9217569589173792,0.6728969378753413,baixo_baixo,False,0.0611871156538223,0.0563972539989949,0.1406212244111398,0.4262844314761829,0.0195134122413184,0.0145109296507129,197,823,0.9205058294645746,0.6846577622526486,baixo_baixo,False,-0.0019517335089015986,-0.0016774808348788,-0.0025077792149400813,-0.007602175570474323,0.0002334602040411013,0.0005321670618827004,11,97,-0.001251129452804589,0.0117608243773073,True
08595187000125,0.1463468952851113,0.1302402329320002,0.2420885765989122,0.6817778248969268,0.0193905817174515,0.0008885172215543,54,57,0.9013384762892968,0.5313204935676057,baixo_baixo,False,0.1279092329389434,0.1120530371741969,0.2157321415821716,0.6838952807831992,0.0188888888888888,0.001050505050505,56,60,0.903678339030878,0.5234356964608371,baixo_baixo,False,-0.018437662346167893,-0.01818719575780331,-0.026356435016740593,0.0021174558862723236,-0.0005016928285627026,0.0001619878289506999,2,3,0.0023398627415812667,-0.007884797106768593,True
08638248000194,0.1694270760841464,0.0771411956490515,0.2562838836865451,0.753244619681288,0.1074380165289256,0.0082644628099173,10,11,0.7060962926364622,0.768358763437877,baixo_baixo,False,0.1694270760841464,0.0771411956490515,0.2562838836865451,0.753244619681288,0.1074380165289256,0.0082644628099173,10,11,0.7014481043674536,0.7656741869492857,baixo_baixo,False,0.0,0.0,0.0,0.0,0.0,0.0,0,0,-0.004648188269008591,-0.002684576488591328,True
08663203000170,0.3606199271551786,0.2895776968390873,0.5749125145813969,0.8432677025322646,0.1074380165289256,0.0082644628099173,10,11,0.9283324893690856,0.4388900503028219,oculta,True,0.3606199271551786,0.2895776968390873,0.5749125145813969,0.8432677025322646,0.1074380165289256,0.0082644628099173,10,11,0.9249284958324728,0.4362193759818537,hhi_alto,False,0.0,0.0,0.0,0.0,0.0,0.0,0,0,-0.003403993536612804,-0.002670674320968236,False
08674396000164,0.2810666604762264,0.101333325595283,0.44200668807257,0.9196811451702936,0.2,3.4694469519536136e-17,5,5,0.8659710482725473,0.6857706202600562,baixo_baixo,False,0.2810666604762264,0.101333325595283,0.44200668807257,0.9196811451702936,0.2,3.4694469519536136e-17,5,5,0.8600232325385778,0.6816945914302475,baixo_baixo,False,0.0,0.0,0.0,0.0,0.0,0.0,0,0,-0.005947815733969519,-0.004076028829808731,True
08677428000185,0.5524023741746866,0.528844604394407,0.7315181530621416,0.9312124707711128,0.054820415879017,0.0050741219779126,20,23,0.9359563504092112,0.952244093729496,critico,False,0.5483247788819143,0.5286867257898237,0.728810738933626,0.9277659701074424,0.0452674897119341,0.0037573805689747,24,27,0.933991559979122,0.953217017043502,critico,False,-0.004077595292772296,-0.00015787860458327252,-0.002707414128515606,-0.00344650066367036,-0.0095529261670829,-0.0013167414089378998,4,4,-0.001964790430089236,0.0009729233140060023,True
08677960000100,0.746367290417487,0.7366121862027749,0.8628951967569164,0.9234323212933736,0.037037037037037,0.0,27,27,0.960421862525603,0.4288599763654974,critico,False,0.4444441165872448,0.4341560446721938,0.6492802670651202,0.8761659009631655,0.0187750076946752,0.0006041745038359,55,57,0.950467883888752,0.4328037878270582,critico,False,-0.30192317383024214,-0.3024561415305811,-0.21361492969179618,-0.047266420330208114,-0.0182620293423618,0.0006041745038359,28,30,-0.00995397863685099,0.003943811461560809,True
08678243000195,0.1047423934052706,0.0621110788055216,0.1844461594286515,0.603090402868683,0.0472589792060491,0.0018903591682419,22,23,0.765639808041057,0.6736783794021693,baixo_baixo,False,0.0803956639087525,0.0420788165716172,0.1431593776398179,0.4680934913617732,0.0425240054869684,0.0026291723822587,25,27,0.7437342602510264,0.6185415285288721,baixo_baixo,False,-0.024346729496518102,-0.020032262233904398,-0.041286781788833604,-0.1349969115069098,-0.004734973719080701,0.0007388132140167998,3,4,-0.02190554779003062,-0.05513685087329723,True
08682079000190,0.1409985418746972,0.079641294865747,0.2201962565195107,0.6987277300512402,0.0703125,0.00390625,15,16,0.8068886255315811,0.6582055990933136,baixo_baixo,False,0.1409985418746972,0.079641294865747,0.2201962565195107,0.6987277300512402,0.0703125,0.00390625,15,16,0.8344774430521353,0.7831955458919946,baixo_baixo,False,0.0,0.0,0.0,0.0,0.0,0.0,0,0,0.0275888175205542,0.12498994679868103,True
08690876000119,0.4172164820350375,0.2715206025437968,0.5934570028817416,0.9936394953655108,0.3254437869822484,0.1568047337278105,5,13,0.6445583802114363,0.94953138821092,hhi_alto,False,0.3987667597852192,0.248458449731524,0.5673812034956135,0.9923633556934915,0.359375,0.1992187499999999,5,16,0.6653230291060733,0.9512431128100332,hhi_alto,False,-0.01844972224981828,-0.02306215281227278,-0.02607579938612814,-0.0012761396720192275,0.033931213017751594,0.04241401627218938,0,3,0.020764648894637028,0.0017117245991131735,True
08692266000154,0.11286595475964,0.106483695441364,0.3097490580808029,0.4520025312044338,0.024797412878173,0.0177815669276562,140,566,0.9365048443181418,0.9849197028984246,oculta,True,0.1036923644114608,0.0975532710170187,0.2939177002503087,0.4396439064298553,0.0237260546808849,0.0170392468362334,147,629,0.9408180735104168,0.9904675006559872,oculta,True,-0.00917359034817919,-0.008930424424345301,-0.015831357830494164,-0.012358624774578497,-0.0010713581972881005,-0.0007423200914228011,7,63,0.004313229192274948,0.005547797757562645,True
08712299000119,0.2086018319851512,0.1366565439838014,0.3775369420684349,0.7541295698605212,0.1246537396121883,0.04507680684966,12,19,0.5998302440156437,0.5479271009255082,baixo_baixo,False,0.2052329463467037,0.1329813960145859,0.3741842899411873,0.7474326514271592,0.12,0.04,12,20,0.5926559798433364,0.5474498392700671,baixo_baixo,False,-0.003368885638447505,-0.003675147969215503,-0.003352652127247613,-0.006696918433361954,-0.004653739612188304,-0.005076806849659998,0,1,-0.007174264172307265,-0.0004772616554411524,True
08715618000140,0.2112941210018687,0.2059650272248543,0.4451448275349948,0.5880757276039067,0.0089412249735886,0.0022448818990858,149,197,0.947467798987514,0.5552084603733242,oculta,True,0.1767995977621747,0.1720412139342104,0.4056928605959496,0.5374091382127597,0.007904052734375,0.0021693940796604,174,256,0.9427729201580928,0.5865598335188914,oculta,True,-0.034494523239694014,-0.033923813290643895,-0.03945196693904518,-0.05066658939114699,-0.0010371722392135997,-7.548781942539988e-05,25,59,-0.004694878829421212,0.03135137314556724,True
08774605000141,0.5863363855206722,0.4829204819008402,0.755608028335301,0.9574970484061393,0.2,3.4694469519536136e-17,5,5,0.5280592732824069,0.5161881240373112,hhi_alto,False,0.5863363855206722,0.4829204819008402,0.755608028335301,0.9574970484061393,0.2,3.4694469519536136e-17,5,5,0.5409148736678769,0.5182843021208294,hhi_alto,False,0.0,0.0,0.0,0.0,0.0,0.0,0,0,0.012855600385470067,0.002096178083518252,True
08797960000136,0.5648981875012907,0.5027407857157609,0.7365825816728433,0.964230416629995,0.1358024691358024,0.0123456790123456,8,9,0.7294506138214447,0.4673258698451799,hhi_alto,False,0.5648981875012907,0.5027407857157609,0.7365825816728433,0.964230416629995,0.1358024691358024,0.0123456790123456,8,9,0.723335525990801,0.4650850703320213,hhi_alto,False,0.0,0.0,0.0,0.0,0.0,0.0,0,0,-0.0061150878306437395,-0.0022407995131585867,True
08806026000133,0.199581668708553,0.1675649354568951,0.3756187033644124,0.6987709327892832,0.0567874526771227,0.0190589507842076,26,43,0.6640666067463248,0.9751358225128496,baixo_baixo,False,0.199581668708553,0.1675649354568951,0.3756187033644124,0.6987709327892832,0.0567874526771227,0.0190589507842076,26,43,0.6654020327783398,0.975101528969908,baixo_baixo,False,0.0,0.0,0.0,0.0,0.0,0.0,0,0,0.0013354260320149747,-3.429354294159914e-05,True
08806043000170,0.060896670204097,0.0348104665986552,0.1372372020504365,0.4010677767211099,0.0392983639736886,0.0126122074174022,37,77,0.8004899954651302,0.9962047554859416,baixo_baixo,False,0.0596210948715307,0.0342054487869775,0.1352164577763882,0.3980325725807376,0.0399999999999999,0.014054054054054,38,80,0.8040310476512419,0.9964327562621138,baixo_baixo,False,-0.001275575332566302,-0.0006050178116776966,-0.002020744274048303,-0.003035204140372283,0.0007016360263112989,0.0014418466366518008,1,3,0.0035410521861116706,0.00022800077617224357,True
08806721000103,0.211830003909969,0.159285337503967,0.3141563428701585,0.8460676386962565,0.0748299319727891,0.0131519274376417,16,21,0.9829305501907568,0.4222719386548,oculta,True,0.2675136697760408,0.2289617576589904,0.4737150265193604,0.8082821391942917,0.0612244897959183,0.0118152524167561,20,28,0.98880734494083,0.4269768928780129,oculta,True,0.05568366586607179,0.0696764201550234,0.15955868364920195,-0.03778549950196475,-0.013605442176870805,-0.0013366750208855995,4,7,0.005876794750073189,0.004704954223212876,True
08857731000160,0.0567409512773707,0.0494851124410428,0.1610540244273721,0.3738295121210865,0.0247652780120312,0.0172634724582776,131,462,0.9644414167789296,0.9943697940347171,oculta,True,0.0525716644101163,0.0456561291138398,0.1514180168252789,0.352581031869785,0.0259053604224058,0.0187951805714745,138,528,0.965573188325214,0.9949696253205824,oculta,True,-0.0041692868672544015,-0.003828983327202995,-0.00963600760209321,-0.021248480251301494,0.0011400824103745995,0.001531708113196903,7,66,0.0011317715462844102,0.000599831285865271,True
08858200000191,0.1208110719562924,0.1155778045274608,0.3146021804562136,0.5088410433027353,0.0263297801338647,0.0205341240632329,169,1145,0.9112514361005452,0.7289666030304538,baixo_baixo,False,0.0660995660605004,0.0611320105608222,0.1905077885320648,0.4118537238963833,0.0247687566681908,0.0195813564377024,189,1296,0.8652014298114629,0.6341146636141736,baixo_baixo,False,-0.054711505895792004,-0.0544457939666386,-0.12409439192414878,-0.09698731940635197,-0.0015610234656739004,-0.0009527676255304991,20,151,-0.04605000628908229,-0.09485193941628023,True
08931506000126,0.1434921115916561,0.1383633218407079,0.3518773471507062,0.5547101699726416,0.0068027210884353,0.0008554319931565,168,189,0.8972361143366802,0.459346184257708,baixo_baixo,False,0.1051182075958049,0.1001188679734351,0.283557355591177,0.5155085993384483,0.0063335679099225,0.0007823587921009,180,203,0.9012241773113064,0.4446288443103083,baixo_baixo,False,-0.038373903995851194,-0.03824445386727281,-0.06831999155952917,-0.03920157063419327,-0.00046915317851279996,-7.307320105560001e-05,12,14,0.003988062974626283,-0.01471733994739971,True
08948407000157,0.3218977141134304,0.2371349283776092,0.4572545910037537,0.8930986930383475,0.12,0.01,9,10,0.8015255399606313,0.6510653453386874,baixo_baixo,False,0.3218977141134304,0.2371349283776092,0.4572545910037537,0.8930986930383475,0.12,0.01,9,10,0.7959074637692617,0.8540487856145222,baixo_baixo,False,0.0,0.0,0.0,0.0,0.0,0.0,0,0,-0.005618076191369559,0.20298344027583481,True
08971900000198,0.0546173600921687,0.0449705984604561,0.1658440004104176,0.357974752118304,0.0293670154442451,0.0194625972344925,99,343,0.9283429061959804,0.9965181089797204,oculta,True,0.048951958587055,0.0397184824568322,0.146493291677301,0.3358625211324391,0.0297476335091551,0.0203277076208945,104,411,0.9351750637162366,0.9971329005917706,oculta,True,-0.005665401505113701,-0.005252116003623894,-0.019350708733116617,-0.0221122309858649,0.0003806180649100002,0.0008651103864019995,5,68,0.006832157520256232,0.0006147916120502472,True
08999257000100,0.2562772868665783,0.2523834506721625,0.4576924307030841,0.7069805937463817,0.0134261028105666,0.0082607944483182,192,669,0.9530504363909946,0.5808722159366736,oculta,True,0.2361028557164495,0.2323946171519662,0.438524917746844,0.6826999703939564,0.0133621883656509,0.0085726844256784,207,760,0.9487125338737168,0.5827445110703762,oculta,True,-0.02017443115012879,-0.019988833520196314,-0.019167512956240085,-0.024280623352425312,-6.391444491569975e-05,0.00031188997736019894,15,91,-0.004337902517277836,0.0018722951337025728,True
09008389000196,0.1758088676820876,0.1071262733222616,0.2758514887848446,0.7820540174214176,0.0933333333333333,0.0177777777777777,13,15,0.600549178713121,0.5818474434244273,baixo_baixo,False,0.1559888387044323,0.0957023271833203,0.2583190270169012,0.7323485319759431,0.0802469135802469,0.0145502645502645,15,18,0.5745825875481924,0.567499187186517,baixo_baixo,False,-0.01982002897765528,-0.011423946138941307,-0.01753246176794343,-0.049705485445474484,-0.0130864197530864,-0.0032275132275132023,2,3,-0.02596659116492861,-0.01434825623791025,True
09075910000108,0.1624727580221751,0.0787200338243926,0.2138882671107712,0.7483051127726551,0.0972222222222222,0.0069444444444444,11,12,0.394398168406723,0.4662278339350468,baixo_baixo,False,0.1624727580221751,0.0787200338243926,0.2138882671107712,0.7483051127726551,0.0972222222222222,0.0069444444444444,11,12,0.3917979883585662,0.4632626965939709,baixo_baixo,False,0.0,0.0,0.0,0.0,0.0,0.0,0,0,-0.002600180048156764,-0.0029651373410758963,True
09097711000109,0.0741841476183448,0.0620023600870073,0.1910877738812618,0.4769120215740788,0.0140616549486208,0.0010887819874185,77,86,0.9494655946605716,0.5325365021472109,oculta,True,0.073808927018484,0.0617804715252176,0.190595328535342,0.475682988964262,0.0138723741577487,0.0010655218740831,78,87,0.9467476529715808,0.5433921364916638,oculta,True,-0.0003752205998607955,-0.00022188856178969457,-0.0004924453459198008,-0.001229032609816827,-0.00018928079087210045,-2.3260113335400083e-05,1,1,-0.002717941688990755,0.010855634344452914,True
09105181000195,0.0492513981955863,0.038196181895535,0.152785222908903,0.3561645432661141,0.012911286963765,0.0014335112307856,87,98,0.8705812728920004,0.5032249072413089,baixo_baixo,False,0.0489437864906195,0.0378849933102779,0.1522752125626955,0.3549756350814118,0.0129578614427099,0.0014806272734391,87,99,0.8664497131723257,0.5572031290562607,baixo_baixo,False,-0.0003076117049667995,-0.00031118858525710363,-0.0005100103462075123,-0.0011889081847022975,4.657447894489998e-05,4.7116042653499914e-05,0,1,-0.004131559719674716,0.05397822181495182,True
09129733000103,0.0358247396428107,0.0192010282573419,0.0626976418866795,0.2335777690880486,0.0176899063475546,0.0007535254225124,59,62,0.9624512406707104,0.730548803654235,oculta,True,0.031968538089919,0.0175203073151416,0.0582061120996766,0.2168447393301373,0.0152747470739932,0.0005773552392767,68,71,0.959153271939986,0.7392472238113202,oculta,True,-0.0038562015528917012,-0.0016807209422003005,-0.004491529787002908,-0.0167330297579113,-0.002415159273561401,-0.00017617018323569996,9,9,-0.00329796873072441,0.008698420157085218,True
09149617000148,0.1558006395535463,0.0854506928496751,0.2475357535270098,0.7250140870111943,0.0933333333333333,0.0177777777777777,13,15,0.7679647612007037,0.7622223352616264,baixo_baixo,False,0.1568348542736935,0.0966087724361002,0.2325128687531063,0.7310224807007556,0.0925925925925925,0.0277777777777777,15,18,0.778989383890738,0.7865181896890535,baixo_baixo,False,0.0010342147201471974,0.01115807958642509,-0.015022884773903483,0.006008393689561298,-0.0007407407407407918,0.009999999999999998,2,3,0.011024622690034347,0.0242958544274271,True
09206510000194,0.8591901130067132,0.8122534840089509,0.92557754530205,1.0,0.3877551020408163,0.1836734693877551,4,7,0.9349744922954608,0.8813868086814409,critico,False,0.2466110463268766,0.1524374271177362,0.3698782422062159,0.8728326128143529,0.1597633136094675,0.0547337278106509,9,13,0.9451919767992674,0.7792706001265585,oculta,True,-0.6125790666798366,-0.6598160568912147,-0.5556993030958342,-0.12716738718564713,-0.22799178843134882,-0.1289397415771042,5,6,0.010217484503806551,-0.10211620855488246,False
09240588000125,0.081316398688088,0.0741948203833444,0.2340136928136733,0.4485016850869351,0.017986618515719,0.0103741116825075,130,378,0.9551015635585316,0.987400605094604,oculta,True,0.0753785303670136,0.0685294824438063,0.2223577335127537,0.4301564441719212,0.0175561759237422,0.0102788142639181,136,427,0.95621508248556,0.9880370906497404,oculta,True,-0.005937868321074402,-0.0056653379395381065,-0.011655959300919588,-0.018345240915013883,-0.00043044259197680054,-9.529741858940038e-05,6,49,0.0011135189270283785,0.0006364855551364013,True
09281224000193,0.3633708796525889,0.2042135995657361,0.4256056707389409,0.956915149930869,0.2,3.4694469519536136e-17,5,5,0.5908941537124597,0.3965645695364238,baixo_baixo,False,0.3633708796525889,0.2042135995657361,0.4256056707389409,0.956915149930869,0.2,3.4694469519536136e-17,5,5,0.5857960261992594,0.3939165594559823,hhi_alto,False,0.0,0.0,0.0,0.0,0.0,0.0,0,0,-0.005098127513200268,-0.0026480100804415208,False
09290533000120,0.0421903106559035,0.0140194374399006,0.0506764534724763,0.1959283315394259,0.0285714285714285,0.0,35,35,0.9072966320689592,0.42750409952698,baixo_baixo,False,0.0421903106559035,0.0140194374399006,0.0506764534724763,0.1959283315394259,0.0285714285714285,0.0,35,35,0.9033288176124668,0.4247033186839193,baixo_baixo,False,0.0,0.0,0.0,0.0,0.0,0.0,0,0,-0.003967814456492413,-0.0028007808430606795,True
09297907000139,0.1186749904694382,0.038554535057569,0.16178252220297,0.6050042933679608,0.0833333333333333,1.5139404881252137e-17,12,12,0.571197589399449,0.8418849004327137,baixo_baixo,False,0.1194003282081806,0.046017022225529,0.2187788090992832,0.5912130229129674,0.0816326530612245,0.0051020408163265,13,14,0.5933322641319055,0.8856284083934886,baixo_baixo,False,0.0007253377387423932,0.007462487167960004,0.0569962868963132,-0.013791270454993398,-0.0017006802721088038,0.005102040816326485,1,2,0.02213467473245656,0.04374350796077486,True
09328892000129,0.132443020304845,0.074605888325168,0.3042504896255911,0.5348739146195695,0.0625,0.0,16,16,0.8429229804222282,0.4189656174937959,baixo_baixo,False,0.132443020304845,0.074605888325168,0.3042504896255911,0.5348739146195695,0.0625,0.0,16,16,0.8452338251641301,0.4421482529053071,baixo_baixo,False,0.0,0.0,0.0,0.0,0.0,0.0,0,0,0.0023108447419019074,0.02318263541151122,True
09332615000190,0.1316420147530603,0.1205092200704072,0.3166619276508536,0.572111266515805,0.0327900421911381,0.0203899145269219,79,239,0.8556372524741027,0.7261152453038001,baixo_baixo,False,0.1270718999383588,0.1165546939135198,0.3095412686286372,0.5676441071196738,0.0329784398715089,0.0213275777012861,84,267,0.8554403051358219,0.7470460342898317,baixo_baixo,False,-0.004570114814701515,-0.003954526156887392,-0.0071206590222164245,-0.004467159396131182,0.00018839768037080123,0.0009376631743641985,5,28,-0.00019694733828079514,0.020930788986031623,True
09356616000174,0.3681297073832341,0.3523329500678149,0.5858322150692556,0.8191593300579034,0.0375111111111111,0.0134488888888888,41,75,0.8930555011326687,0.4121245324378271,baixo_baixo,False,0.3601417437318794,0.3452613191675045,0.5790131358129282,0.8115578910073163,0.0346874999999999,0.0122383720930232,44,80,0.8889209724942532,0.4151938818062732,hhi_alto,False,-0.00798796365135468,-0.007071630900310377,-0.006819079256327409,-0.007601439050587078,-0.0028236111111112003,-0.0012105167958656009,3,5,-0.004134528638415569,0.003069349368446106,False
09362501000192,0.1098044063390418,0.0356214402006286,0.1629481072950614,0.5891200802206067,0.0769230769230769,1.503427012513233e-17,13,13,0.3556328070654564,0.5513240882625896,baixo_baixo,False,0.1098044063390418,0.0356214402006286,0.1629481072950614,0.5891200802206067,0.0769230769230769,1.503427012513233e-17,13,13,0.3524640012377357,0.5486542549998159,baixo_baixo,False,0.0,0.0,0.0,0.0,0.0,0.0,0,0,-0.003168805827720722,-0.002669833262773702,True
09403680000169,0.0326790000935373,0.0197813867614511,0.0878397198208495,0.2674272467225026,0.0184039470592842,0.0053159996867413,76,113,0.4108323972841339,0.4405425028053583,baixo_baixo,False,0.0302962326161358,0.0183245811669523,0.0836145797313464,0.2545638452515376,0.0172516359309934,0.0051189400782896,82,123,0.4027174021157789,0.4364928057827356,baixo_baixo,False,-0.002382767477401501,-0.0014568055944988029,-0.004225140089503102,-0.012863401470965041,-0.0011523111282907977,-0.0001970596084516999,6,10,-0.00811499516835501,-0.0040496970226227,True
09436466000109,0.5162069668716899,0.4194483602460279,0.6090994573143476,0.9968264207717292,0.21875,0.0625,6,8,0.9685934233170814,0.4006915186883299,critico,False,0.5126057219238117,0.4313733422444469,0.606963812165332,0.9944602359991972,0.1851851851851851,0.0493827160493827,7,9,0.96446626893698,0.3980510888115254,critico,False,-0.0036012449478781683,0.011924981998419015,-0.0021356451490155415,-0.0023661847725320317,-0.03356481481481491,-0.0131172839506173,1,1,-0.004127154380101472,-0.0026404298768045176,True
09509569000151,0.7031646783359922,0.6959247924417481,0.8360753799468738,0.9318090761118656,0.0261728395061728,0.0024209575429087,42,45,0.9678680611841648,0.9120932327710312,critico,False,0.641720428287261,0.633577710748335,0.797497341722467,0.9235277128439384,0.0243055555555555,0.0021306818181818,45,48,0.9662248955069191,0.9110997016103556,critico,False,-0.06144425004873122,-0.062347081693413076,-0.03857803822440675,-0.008281363267927166,-0.001867283950617301,-0.0002902757247269,3,3,-0.0016431656772456504,-0.000993531160675576,True
09522642000125,0.1310061116004131,0.1255407412331201,0.3215511940002659,0.5693255748653794,0.0242584927269611,0.0181217536875081,160,666,0.8996783243351429,0.954130026365162,baixo_baixo,False,0.1179965076181646,0.1128982215350326,0.3043494043812156,0.5388687799714036,0.0256071682722349,0.019974839765138,174,789,0.8951926472794,0.9539608108852432,baixo_baixo,False,-0.013009603982248485,-0.012642519698087495,-0.01720178961905028,-0.03045679489397579,0.0013486755452738024,0.0018530860776298994,14,123,-0.004485677055742987,-0.00016921547991877173,True
09579148000105,0.1027628840024376,0.0803319561024986,0.185334477827275,0.5745140233456204,0.0370921458178339,0.0130194494632798,41,97,0.8369083846141095,0.7029262437567384,baixo_baixo,False,0.0969606921587514,0.0754597562577693,0.1791378721197429,0.5553053099003082,0.036949751704402,0.0140199838878401,43,109,0.8286234624924637,0.6953240765649816,baixo_baixo,False,-0.0058021918436862024,-0.004872199844729308,-0.006196605707532082,-0.019208713445312164,-0.00014239411343189984,0.0010005344245602992,2,12,-0.008284922121645888,-0.00760216719175677,True
09618159000149,0.5208665778563119,0.3611554371417491,0.633035990382188,1.0,0.28,0.04,4,5,0.6351844143614478,0.7384469739528648,hhi_alto,False,0.4828465804844261,0.3535582256055326,0.6085493417800428,0.9920107490932476,0.2222222222222222,0.0277777777777778,5,6,0.6418878150424894,0.7456705155166314,hhi_alto,False,-0.03801999737188577,-0.007597211536216508,-0.024486648602145222,-0.007989250906752399,-0.05777777777777782,-0.0122222222222222,1,1,0.0067034006810415825,0.007223541563766589,True
09626556000162,0.1663987485849397,0.0830386234434336,0.2814587927550255,0.7359338153732748,0.1005917159763313,0.0106508875739645,11,13,0.4702317617982874,0.7262485310519047,baixo_baixo,False,0.1364802340086886,0.0700556366247416,0.2261997742473029,0.6858303351957764,0.078125,0.0072115384615384,14,16,0.4625835732133354,0.7563694136490825,baixo_baixo,False,-0.029918514576251082,-0.012982986818692005,-0.05525901850772261,-0.05010348017749844,-0.022466715976331306,-0.0034393491124261,3,3,-0.0076481885849520315,0.030120882597177823,True
09664082000143,0.1219312213051541,0.082019004091752,0.20078736622683,0.6126199205463865,0.0473372781065088,0.0040344271113502,23,26,0.924861522133468,0.4462674802064998,oculta,True,0.1219312213051541,0.082019004091752,0.20078736622683,0.6126199205463865,0.0473372781065088,0.0040344271113502,23,26,0.9216629649293244,0.5799609811375396,baixo_baixo,False,0.0,0.0,0.0,0.0,0.0,0.0,0,0,-0.003198557204143526,0.13369350093103977,False
09688688000119,0.1713885865701109,0.1122020570394045,0.3125272702277848,0.7228330934368339,0.0726643598615916,0.0064260998517053,15,17,0.6304007423946792,0.8979994035050088,baixo_baixo,False,0.1638927730071524,0.1147099949487496,0.3043142454528284,0.7058943657349201,0.06,0.0047058823529411,18,20,0.6041515666029302,0.6605753121045796,baixo_baixo,False,-0.007495813562958503,0.002507937909345101,-0.00821302477495639,-0.016938727701913736,-0.012664359861591604,-0.0017202174987642005,3,3,-0.026249175791749013,-0.2374240914004292,True
10157678000136,0.3337468274943756,0.2731783572665916,0.5421221226647873,0.8698272143911207,0.1022222222222222,0.0206060606060606,12,15,0.8118593956766542,0.9878754951068692,baixo_baixo,False,0.2815498748609943,0.2336531998517272,0.4950012120259177,0.7942223852815649,0.075,0.0133333333333333,16,20,0.8032548587756823,0.988637130467628,baixo_baixo,False,-0.05219695263338131,-0.039525157414864426,-0.04712091063886964,-0.0756048291095558,-0.027222222222222203,-0.0072727272727273005,4,5,-0.00860453690097196,0.0007616353607587945,True
10237604000100,0.2981343025382931,0.2568480850405457,0.5169483294711397,0.7940577675264305,0.0555555555555555,0.0,18,18,0.8743340308285382,0.6732605157503563,baixo_baixo,False,0.2899132283225292,0.2525402403395044,0.5096571765598397,0.7828582021668447,0.05,1.460819769243627e-17,20,20,0.8663865628844813,0.6674245964692652,baixo_baixo,False,-0.008221074215763902,-0.004307844701041286,-0.007291152911300003,-0.011199565359585884,-0.005555555555555494,1.460819769243627e-17,2,2,-0.007947467944056874,-0.005835919281091062,True
10277035000126,0.2782187385340524,0.2266629341436276,0.4338249762892496,0.8291322796169948,0.0666666666666666,0.0,15,15,0.7975475760619217,0.6763912380883641,baixo_baixo,False,0.2782187385340524,0.2266629341436276,0.4338249762892496,0.8291322796169948,0.0666666666666666,0.0,15,15,0.7920269646667,0.6725896739980982,baixo_baixo,False,0.0,0.0,0.0,0.0,0.0,0.0,0,0,-0.005520611395221753,-0.0038015640902658854,True
10295311000189,0.1463157429563674,0.051461936618186,0.2341133396684787,0.6732219887628839,0.1124260355029586,0.0138067061143984,10,13,0.6676467153442067,0.7411343151686038,baixo_baixo,False,0.1247976502768685,0.0452338003020383,0.2121777095972195,0.610143359743914,0.0933333333333333,0.0109090909090909,12,15,0.6736582614179809,0.7524647888291396,baixo_baixo,False,-0.021518092679498904,-0.0062281363161477005,-0.021935630071259204,-0.06307862901896988,-0.019092702169625303,-0.002897615205307501,2,2,0.006011546073774188,0.011330473660535745,True
10298905000143,0.6158540887923151,0.5518297702577009,0.7729776774256157,0.9799649894491907,0.16,0.02,7,10,0.7888223348410744,0.8959513049524921,hhi_alto,False,0.6158540887923151,0.5518297702577009,0.7729776774256157,0.9799649894491907,0.16,0.02,7,10,0.7821318190182147,0.894807320339189,hhi_alto,False,0.0,0.0,0.0,0.0,0.0,0.0,0,0,-0.006690515822859733,-0.0011439846133031173,True
10316445000139,0.1423553533797796,0.0887525629660158,0.3019281325573666,0.6321488863102444,0.065,0.0065625,17,20,0.8318833799845182,0.5534133667117505,baixo_baixo,False,0.1423553533797796,0.0887525629660158,0.3019281325573666,0.6321488863102444,0.065,0.0065625,17,20,0.8274050400553903,0.557842610377107,baixo_baixo,False,0.0,0.0,0.0,0.0,0.0,0.0,0,0,-0.004478339929127939,0.004429243665356575,True
10319517000100,0.3165307264661298,0.2026191808771514,0.4971292109140796,0.8975153701539555,0.1428571428571428,0.0,7,7,0.8768567214959397,0.6094029436313841,baixo_baixo,False,0.3165307264661298,0.2026191808771514,0.4971292109140796,0.8975153701539555,0.1428571428571428,0.0,7,7,0.8710424880968335,0.6063155268080749,baixo_baixo,False,0.0,0.0,0.0,0.0,0.0,0.0,0,0,-0.00581423339910625,-0.0030874168233092636,True
10324957000147,0.1474425170285899,0.1415628102494767,0.3229060467026624,0.6358196212957076,0.0232424724221016,0.0165062136112195,146,494,0.8557253377380951,0.7941215182921767,baixo_baixo,False,0.1378625466578185,0.1320372935946957,0.3116160368377877,0.6135889759732946,0.0229973028886163,0.0163959333135394,149,547,0.8577021825534945,0.8018873462905662,baixo_baixo,False,-0.009579970370771407,-0.009525516654780991,-0.011290009864874662,-0.022230645322412923,-0.000245169533485301,-0.00011028029768010011,3,53,0.0019768448153993923,0.007765827998389541,True
10377912000130,0.1847820780435202,0.1800698357200724,0.3586454941937015,0.6770650926630003,0.0179735672980463,0.0122971139298269,174,733,0.9641652898004538,0.9411904522312582,oculta,True,0.1712408327804039,0.1665585775983723,0.3435250583249937,0.6549764304501843,0.0184035270572461,0.0128577842722588,178,783,0.9669024362692124,0.9672289354934878,oculta,True,-0.013541245263116314,-0.013511258121700093,-0.015120435868707816,-0.022088662212816024,0.00042995975919980084,0.0005606703424318998,4,50,0.0027371464687585556,0.026038483262229573,True
10391817000191,0.1226419700476909,0.1172922259626158,0.2312864307931494,0.6378880533563215,0.026615873015873,0.0206806039488966,165,1050,0.9298896634640718,0.742600274985108,oculta,True,0.0958569149310253,0.0908616492676608,0.1986373306922,0.5478418243760473,0.0259261186264308,0.0205444949724331,182,1240,0.9150571817316638,0.7424982298545597,baixo_baixo,False,-0.026785055116665596,-0.026430576694955007,-0.0326491001009494,-0.09004622898027415,-0.000689754389442198,-0.0001361089764634997,17,190,-0.01483248173240792,-0.00010204513054834496,False
10396929000135,0.067333721668324,0.0619112433059306,0.2150354314082846,0.3600900801113534,0.0144362787892255,0.0087062571542792,173,502,0.9512424259130988,0.9796205006467424,oculta,True,0.0608213461159253,0.0559551354740389,0.1971637686957586,0.3575752783305608,0.0136132231404958,0.0085024108251616,194,550,0.9498505133701798,0.9805197754514784,oculta,True,-0.006512375552398704,-0.005956107831891697,-0.017871662712525993,-0.002514801780792608,-0.0008230556487296998,-0.00020384632911760008,21,48,-0.0013919125429190382,0.00089927480473595,True
10411406000110,0.529344691704199,0.4116808646302486,0.7092020008474835,0.973804365863422,0.2,3.4694469519536136e-17,5,5,0.6927792312803883,0.4369987194716241,hhi_alto,False,0.529344691704199,0.4116808646302486,0.7092020008474835,0.973804365863422,0.2,3.4694469519536136e-17,5,5,0.6856091682695447,0.4344164944861219,hhi_alto,False,0.0,0.0,0.0,0.0,0.0,0.0,0,0,-0.007170063010843664,-0.0025822249855022017,True
10411736000106,0.0970670179875498,0.0325718049866605,0.1792479753109394,0.4681654371885844,0.0666666666666666,0.0,15,15,0.7720748207355446,0.5147258815760922,baixo_baixo,False,0.0970670179875498,0.0325718049866605,0.1792479753109394,0.4681654371885844,0.0666666666666666,0.0,15,15,0.7656718611526497,0.5124035974797183,baixo_baixo,False,0.0,0.0,0.0,0.0,0.0,0.0,0,0,-0.006402959582894829,-0.0023222840963739166,True
10414835000141,0.3020998623199523,0.2584811037149493,0.4316898764068654,0.957555960511312,0.07,0.011875,17,20,0.9804019873170786,0.6508823562678934,oculta,True,0.2014138531885762,0.161484545848005,0.303740506921093,0.8426955667890808,0.0559999999999999,0.0087999999999999,21,25,0.9786657393069172,0.5734107241208882,oculta,True,-0.1006860091313761,-0.0969965578669443,-0.1279493694857724,-0.11486039372223122,-0.01400000000000011,-0.0030750000000001002,4,5,-0.0017362480101613675,-0.07747163214700514,True
10422587000180,0.2243977028762725,0.0304971285953406,0.3341444811680528,0.8619838012566737,0.2,3.4694469519536136e-17,5,5,0.9827439673234984,0.9986107113967752,oculta,True,0.1893704409088742,0.0272445290906491,0.2964874614808002,0.7648409699265033,0.1666666666666666,3.3306690738754695e-17,6,6,0.9850043404360144,0.9987818509282212,oculta,True,-0.035027261967398304,-0.0032525995046915022,-0.0376570196872526,-0.09714283133017043,-0.03333333333333341,-1.3877787807814407e-18,1,1,0.002260373112515923,0.00017113953144609617,True
10423151000106,0.1623412216389296,0.0785753438028226,0.2503128911138924,0.7124850990612123,0.1122448979591836,0.023469387755102,11,14,0.7961248285722481,0.9882049397006052,baixo_baixo,False,0.1552167135183211,0.0784182329290775,0.2443038568299006,0.6953811162497796,0.1022222222222222,0.0206060606060606,12,15,0.7945020251936596,0.9886042108838604,baixo_baixo,False,-0.007124508120608525,-0.00015711087374510602,-0.006009034283991771,-0.01710398281143266,-0.010022675736961403,-0.0028633271490413996,1,1,-0.0016228033785884444,0.00039927118325522315,True
10429180000185,0.2441465172149439,0.2358404349865367,0.4545071449055601,0.7198237038986618,0.0314392301038062,0.020795705159892,92,272,0.8793540785070942,0.686719765485155,baixo_baixo,False,0.2114632566186496,0.203577889184836,0.4211701101981317,0.6718785014165135,0.032848652552623,0.0231771390781493,101,339,0.8731343661214659,0.699899204062326,baixo_baixo,False,-0.03268326059629431,-0.03226254580170071,-0.03333703470742838,-0.047945202482148286,0.0014094224488168036,0.002381433918257299,9,67,-0.006219712385628351,0.013179438577170965,True
10429253000139,0.9069596554748808,0.8759462072998411,0.9517748317301608,1.0,0.28,0.04,4,5,0.9845328911920674,0.9523592466983783,critico,False,0.9069596554748808,0.8759462072998411,0.9517748317301608,1.0,0.28,0.04,4,5,0.9850876741071756,0.953418255462439,critico,False,0.0,0.0,0.0,0.0,0.0,0.0,0,0,0.0005547829151081318,0.0010590087640606205,True
10432684000154,0.3115525867003661,0.2850738400349956,0.5401137578618372,0.7393956427069062,0.0422222222222222,0.0053846153846153,27,30,0.9114721157036296,0.7197008053850189,baixo_baixo,False,0.2310817913091743,0.207053097287586,0.4583961257739374,0.6482600377496757,0.0346260387811634,0.0044581024930747,33,38,0.909012209688442,0.7484267445029459,baixo_baixo,False,-0.08047079539119181,-0.07802074274740958,-0.08171763208789984,-0.0911356049572305,-0.0075961834410588,-0.0009265128915406,6,8,-0.0024599060151876406,0.02872593911792698,True
10441099000110,0.0335088850699101,0.0248017579083778,0.0869900197663426,0.2645598939756264,0.0191713769593846,0.0103350830581178,112,262,0.927684013824191,0.997651320915382,oculta,True,0.0420761673118335,0.0338182032369355,0.1166297738017405,0.3108460019628725,0.0196147896222293,0.0111631929810416,117,291,0.9423526984049831,0.9981408506257212,oculta,True,0.0085672822419234,0.009016445328557696,0.029639754035397897,0.04628610798724608,0.00044341266284469993,0.0008281099229237986,5,29,0.01466868458079218,0.0004895297103392204,True
10455823000165,0.0981847382937358,0.0931746535064787,0.1996099615914799,0.5507079914636337,0.0205842485044764,0.0151430498850568,181,702,0.946743692870669,0.6744925028517909,oculta,True,0.0945881436531274,0.0904157387851695,0.2030014904442126,0.5705807866575956,0.0172501470444074,0.0127213458787134,218,808,0.9568554645057074,0.6728246790091735,oculta,True,-0.0035965946406083943,-0.002758914721309208,0.0033915288527326948,0.0198727951939619,-0.0033341014600690028,-0.0024217040063434017,37,106,0.010111771635038402,-0.001667823842617322,True
10459525000143,0.0997501818144452,0.0960454500523647,0.1627441042231479,0.5731338982560944,0.0130813849017818,0.0090199914240113,244,746,0.9656585143754612,0.660003371786229,oculta,True,0.0803518775022325,0.0768283214773368,0.1293490971133606,0.4869803120814729,0.0133979934575429,0.0096179091412883,262,881,0.964367478219688,0.6352095740492868,oculta,True,-0.019398304312212705,-0.0192171285750279,-0.033395007109787295,-0.08615358617462149,0.0003166085557610998,0.0005979177172769998,18,135,-0.0012910361557731953,-0.024793797736942236,True
10465435000165,0.0442657977544684,0.0336465288406292,0.1148279121069166,0.3247583750812339,0.0300708038317367,0.0192938127632005,91,245,0.954164195927481,0.99816106396614,oculta,True,0.0430817761030271,0.0335125938640574,0.1089943600145352,0.3113327989143959,0.0297807974608212,0.0200786054354294,101,284,0.956550699530452,0.9983579143096064,oculta,True,-0.0011840216514412971,-0.00013393497657179787,-0.0058335520923814,-0.013425576166837982,-0.0002900063709155021,0.0007847926722289005,10,39,0.0023865036029709907,0.00019685034346639263,True
10465644000109,0.0437378118425608,0.0319321058159258,0.100273888953636,0.3272554049414626,0.0637023851904592,0.0521431553779957,82,530,0.8374414818443244,0.5835537477248386,baixo_baixo,False,0.0430508962217044,0.0316586449862485,0.0996826717438933,0.3227477862251188,0.0696287334593573,0.0585528850481591,85,575,0.8331032528671471,0.5892218347589222,baixo_baixo,False,-0.0006869156208563973,-0.00027346082967730223,-0.0005912172097427004,-0.004507618716343809,0.005926348268898096,0.0064097296701634,3,45,-0.004338228977177283,0.005668087034083613,True
10467921000112,0.5268870428547484,0.4930932602015161,0.7137344025520267,0.9231846728366192,0.0666666666666666,0.0,15,15,0.983027152096326,0.40477009799732,critico,False,0.4777586953268224,0.4429426083486106,0.6778441289451331,0.8893193443909866,0.0625,0.0,16,16,0.9808478638107744,0.4019360113781736,critico,False,-0.049128347527926,-0.050150651852905515,-0.035890273606893563,-0.033865328445632614,-0.004166666666666596,0.0,1,1,-0.002179288285551584,-0.0028340866191464142,True
10469199000155,0.0663710012771269,0.0612692034698981,0.1435607344600401,0.4015551643056071,0.0144444444444444,0.0090588949605343,184,540,0.9318859966658396,0.4801089231904053,oculta,True,0.0636354420890413,0.0590454197463405,0.1404891612716274,0.3929636362600811,0.0155463847588897,0.0107206317430019,205,665,0.9264858252522056,0.4901200981451933,baixo_baixo,False,-0.002735559188085601,-0.0022237837235576027,-0.003071573188412724,-0.008591528045526042,0.0011019403144452988,0.0016617367824675999,21,125,-0.005400171413634025,0.010011174954787982,False
10472663000162,0.69192843874326,0.6838212923943985,0.8310238596325696,0.8775700925979268,0.0303681805966138,0.0048515537702089,39,61,0.9606612223723504,0.792351793632808,critico,False,0.6849699211497406,0.6772862606899782,0.8268283616571663,0.8731396018194827,0.0281656804733727,0.0044624043873574,42,65,0.959393867298682,0.7904362509713456,critico,False,-0.006958517593519398,-0.006535031704420269,-0.004195497975403306,-0.004430490778444152,-0.002202500123241101,-0.0003891493828514997,3,4,-0.0012673550736683747,-0.0019155426614624327,True
10476288000129,0.0177987718680289,0.0107325759821874,0.0563696017882661,0.1486756114154976,0.0085208286923591,0.0013878850138868,140,268,0.7678322204338852,0.5280802424597939,baixo_baixo,False,0.0169898934535131,0.0102105134083649,0.0543062850872766,0.1432335848208148,0.0082380165289256,0.0013982787118837,146,275,0.7613698228459331,0.5302851654871628,baixo_baixo,False,-0.0008088784145157991,-0.0005220625738225002,-0.002063316700989498,-0.005442026594682792,-0.0002828121634334997,1.0393697996899896e-05,6,7,-0.0064623975879520845,0.0022049230273688547,True
10478051000187,0.1246155236017977,0.1165101117832958,0.2566048313449784,0.568949162785159,0.0216444444444444,0.0125855967078189,109,300,0.9013941994461336,0.8957502766596452,baixo_baixo,False,0.1667142557323417,0.1592071769551556,0.3418779764821412,0.6782024734391875,0.0240311418685121,0.0152386296330932,112,340,0.9356272846887572,0.9317496865215,oculta,True,0.04209873213054399,0.0426970651718598,0.08527314513716278,0.10925331065402855,0.0023866974240677012,0.0026530329252742995,3,40,0.034233085242623584,0.03599940986185479,False
10479670000196,0.0616907332871077,0.0555176460061019,0.145498292759267,0.405968648672306,0.0245786030649567,0.0181613570324893,153,711,0.965960356428924,0.99564994932963,oculta,True,0.0581294226500471,0.0522057083270914,0.1388835909199983,0.389180013385725,0.0249627216973019,0.0188304117708698,160,751,0.964104619899126,0.9960931917763172,oculta,True,-0.0035613106370606037,-0.0033119376790105015,-0.006614701839268711,-0.016788635286580977,0.0003841186323451998,0.0006690547383805014,7,40,-0.00185573652979798,0.0004432424466871421,True
10480867000145,0.1994101916289972,0.1646019390911276,0.4049565025783099,0.6811122375876277,0.0452674897119341,0.0037573805689747,24,27,0.8780977103289966,0.73392411981802,baixo_baixo,False,0.1994101916289972,0.1646019390911276,0.4049565025783099,0.6811122375876277,0.0452674897119341,0.0037573805689747,24,27,0.8790242818297409,0.7476825048741119,baixo_baixo,False,0.0,0.0,0.0,0.0,0.0,0.0,0,0,0.0009265715007442665,0.013758385056091949,True
10481963000108,0.1586507598048428,0.1507876827936731,0.328467472871973,0.6926685185117936,0.0217000734271743,0.0125570834592039,108,253,0.9109621497808134,0.9049510068087178,baixo_baixo,False,0.1503574720883034,0.143449809259753,0.3195567802127678,0.673877749888042,0.019747519306386,0.0117779869430233,124,303,0.9075095166251076,0.9069878147498834,baixo_baixo,False,-0.008293287716539394,-0.007337873533920097,-0.008910692659205188,-0.018790768623751508,-0.0019525541207882982,-0.0007790965161806,16,50,-0.0034526331557057643,0.0020368079411656748,True
10485444000118,0.7708239392668785,0.7531950115181769,0.8769486230390733,0.9306466683701792,0.113573407202216,0.0453867462177711,14,19,0.9404489151818226,0.8900648254119546,critico,False,0.7097463608728506,0.6916055084274038,0.8409855267101738,0.9016454845562504,0.0909090909090909,0.034090909090909,17,22,0.9299859210870154,0.8771351398734831,critico,False,-0.06107757839402794,-0.06158950309077316,-0.03596309632889949,-0.0290011838139288,-0.022664316293125097,-0.0112958371268621,3,3,-0.010462994094807221,-0.012929685538471514,True
10486394000193,0.7060492037174134,0.6080656049565513,0.8317337950244889,1.0,0.28,0.04,4,5,0.9800530843280764,0.8797337688928586,critico,False,0.7060492037174134,0.6080656049565513,0.8317337950244889,1.0,0.28,0.04,4,5,0.9788350652131632,0.8795751236224393,critico,False,0.0,0.0,0.0,0.0,0.0,0.0,0,0,-0.0012180191149131492,-0.00015864527041931087,True
10491693000116,0.4234307374309229,0.3753832988834998,0.6251839294799886,0.9005579804897236,0.0816326530612245,0.0051020408163265,13,14,0.9242722504521792,0.8150790661045045,critico,False,0.3556780907882139,0.3198824291653369,0.5197458816635702,0.8943858631100172,0.0566893424036281,0.0042831947593852,19,21,0.9475722331208511,0.5997594332948368,critico,False,-0.06775264664270902,-0.055500869718162926,-0.10543804781641841,-0.0061721173797063544,-0.024943310657596397,-0.0008188460569412996,6,7,0.023299982668671948,-0.2153196328096677,True
10496025000181,0.0437948246170184,0.0260873213691854,0.0929626295396804,0.3074338297182979,0.0209120685311161,0.0027808105409516,55,63,0.8107502334462823,0.590124974509203,baixo_baixo,False,0.0421963346620578,0.0256824783631278,0.0910979992970649,0.3012673688583333,0.0194636678200692,0.0025578689893807,59,68,0.8049961854298425,0.5944525957044636,baixo_baixo,False,-0.0015984899549605983,-0.0004048430060576008,-0.0018646302426155031,-0.00616646085996464,-0.001448400711046901,-0.0002229415515709,4,5,-0.00575404801643975,0.004327621195260645,True
10496698000131,0.0642357304127111,0.0560986498076043,0.189910093483315,0.4006272870729908,0.0298386323031005,0.0214024464970405,116,621,0.95943675882902,0.996721863935986,oculta,True,0.0578895078758616,0.0500385871081604,0.1709147237294792,0.3812372586806011,0.0288712041636252,0.0207784641983221,121,711,0.9587420280079264,0.9970312886753846,oculta,True,-0.006346222536849508,-0.006060062699443904,-0.01899536975383581,-0.01939002839238968,-0.0009674281394752987,-0.0006239822987184028,5,90,-0.0006947308210936143,0.000309424739398545,True
10502372000170,0.2149882258153327,0.1495705779666105,0.4195722460397368,0.6792414630405514,0.0816326530612245,0.0051020408163265,13,14,0.8888625162302519,0.5102927804030831,baixo_baixo,False,0.2146188151666318,0.1542048778717573,0.4192108946897487,0.6786564748246857,0.0755555555555555,0.0044444444444444,14,15,0.883539629522067,0.508374351162938,baixo_baixo,False,-0.00036941064870088525,0.004634299905146799,-0.0003613513499881038,-0.0005849882158657227,-0.006077097505668996,-0.0006575963718820996,1,1,-0.005322886708184926,-0.0019184292401450698,True
10518108000124,0.328833368763175,0.2729028161601062,0.4216507481392842,0.9043681563539132,0.0769230769230769,1.503427012513233e-17,13,13,0.7738654582826077,0.9103555203994308,baixo_baixo,False,0.328833368763175,0.2729028161601062,0.4216507481392842,0.9043681563539132,0.0769230769230769,1.503427012513233e-17,13,13,0.7696448811974581,0.9080170980411192,baixo_baixo,False,0.0,0.0,0.0,0.0,0.0,0.0,0,0,-0.004220577085149557,-0.0023384223583116093,True
10519243000194,0.4630972036845711,0.3557166444214853,0.6025282484104391,0.9741782565620336,0.1666666666666666,3.3306690738754695e-17,6,6,0.7151048572561526,0.4130637623915242,hhi_alto,False,0.4630972036845711,0.3557166444214853,0.6025282484104391,0.9741782565620336,0.1666666666666666,3.3306690738754695e-17,6,6,0.7074132725965532,0.4104586736650671,hhi_alto,False,0.0,0.0,0.0,0.0,0.0,0.0,0,0,-0.007691584659599404,-0.0026050887264570943,True
10523857000140,0.290095851383046,0.1717784932802203,0.4721932055378195,0.8751246433965693,0.1428571428571428,0.0,7,7,0.6004283261181889,0.8736500050913443,baixo_baixo,False,0.2580515788072212,0.1520589472082528,0.4417492628263542,0.8187023056828963,0.125,0.0,8,8,0.6373275699228991,0.8762945882568514,baixo_baixo,False,-0.03204427257582482,-0.019719546071967492,-0.030443942711465333,-0.056422337713673,-0.017857142857142794,0.0,1,1,0.03689924380471021,0.002644583165507086,True
10532003000120,0.0356720955371941,0.0302239152859918,0.1197544574733207,0.2771954614421079,0.0198344227320249,0.0142967641033922,178,686,0.935957267519966,0.996477732599964,oculta,True,0.0321149368173159,0.027251192781222,0.1036901593182326,0.2593925011046218,0.0198636905260929,0.0149383824382844,200,853,0.9326592958267323,0.9967718663702988,oculta,True,-0.0035571587198782034,-0.0029727225047697994,-0.0160642981550881,-0.017802960337486073,2.9267794068001812e-05,0.0006416183348922008,22,167,-0.003297971693233648,0.0002941337703348257,True
10540697000147,0.2042816970419993,0.1989052220220128,0.4283520973872428,0.6225977734032297,0.0321209944940323,0.0255812714838568,149,684,0.9379728411507098,0.666950135376532,oculta,True,0.1927024568587359,0.1873204732377942,0.4152315504315812,0.6071053508861028,0.0313438358963784,0.0248861281356876,151,737,0.9369993608569276,0.6756443592606706,oculta,True,-0.011579240183263395,-0.011584748784218613,-0.01312054695566156,-0.015492422517126903,-0.0007771585976538986,-0.0006951433481692006,2,53,-0.0009734802937821918,0.008694223884138541,True
10543660000172,0.3512926142270543,0.1891157677838179,0.4842495367510809,0.9898085237801112,0.2,3.4694469519536136e-17,5,5,0.5470868494573954,0.5544475475418151,baixo_baixo,False,0.3512926142270543,0.1891157677838179,0.4842495367510809,0.9898085237801112,0.2,3.4694469519536136e-17,5,5,0.5573691116757118,0.5547570268926739,hhi_alto,False,0.0,0.0,0.0,0.0,0.0,0.0,0,0,0.010282262218316407,0.00030947935085878786,False
10547985000123,0.1905618965754101,0.1553689355569497,0.3189524005902426,0.8155830756512841,0.0416666666666666,0.0,24,24,0.9005742000968948,0.4522665682548614,baixo_baixo,False,0.1612891695375312,0.1263428849349283,0.2576542952720936,0.7355135928235622,0.04,0.0,25,25,0.9060556954433924,0.4392648378169715,baixo_baixo,False,-0.029272727037878893,-0.029026050622021404,-0.061298105318149,-0.08006948282772186,-0.001666666666666601,0.0,1,1,0.005481495346497556,-0.01300173043788988,True
10551277000166,0.2679015272941764,0.2373974242647671,0.3614779158686031,0.9032145669584144,0.0625,0.0234375,25,32,0.9547400853367264,0.7640379977550353,oculta,True,0.2533453368695406,0.2346789702912791,0.3513654360169654,0.8779468017392724,0.0347222222222222,0.0105902777777777,41,48,0.9465267900443954,0.7659435702543682,oculta,True,-0.014556190424635795,-0.0027184539734879942,-0.010112479851637712,-0.02526776521914198,-0.027777777777777797,-0.0128472222222223,16,16,-0.008213295292330947,0.0019055724993328749,True
10552903000139,0.1502633346982188,0.1436247670005487,0.3586604118553982,0.5417574001076026,0.0195187973288889,0.0118587879330208,129,299,0.9159197433516952,0.695790809867665,baixo_baixo,False,0.1464287110913297,0.1402434118963393,0.3538725659483119,0.5345253475447884,0.01859538291522,0.0114837552551853,139,339,0.9138796349936376,0.6984136050408243,baixo_baixo,False,-0.003834623606889076,-0.0033813551042093937,-0.004787845907086308,-0.0072320525628142285,-0.0009234144136688986,-0.00037503267783550037,10,40,-0.0020401083580576795,0.0026227951731593313,True
10554621000170,0.3825437095091725,0.17672494601223,0.526218569559596,1.0,0.3333333333333333,0.1111111111111111,4,6,0.9437318147979938,0.5494461297624855,critico,False,0.3825437095091725,0.17672494601223,0.526218569559596,1.0,0.3333333333333333,0.1111111111111111,4,6,0.940822689927529,0.548762234496014,critico,False,0.0,0.0,0.0,0.0,0.0,0.0,0,0,-0.0029091248704647965,-0.0006838952664715015,True
10556980000167,0.3060951596803705,0.1673141916164446,0.4535668771358087,0.9812163442037994,0.21875,0.0625,6,8,0.8331531513824221,0.7740268005679967,baixo_baixo,False,0.2952454415737325,0.1777863485026879,0.4451990469356883,0.9631139382042057,0.1851851851851851,0.0493827160493827,7,9,0.8314921730999366,0.7782756897402231,baixo_baixo,False,-0.010849718106637984,0.010472156886243311,-0.008367830200120385,-0.018102405999593785,-0.03356481481481491,-0.0131172839506173,1,1,-0.001660978282485459,0.004248889172226433,True
10559279000100,0.2387322260805545,0.218157421380029,0.3952812604608107,0.7979008033182007,0.0269559500328731,0.0006574621959237,38,39,0.9253415075621736,0.4718834202460246,oculta,True,0.2362152004622759,0.2166309748331035,0.3931780143220884,0.7936552648838562,0.0255800118976799,0.0005948839976204,40,41,0.9206187690232852,0.4690737396618251,baixo_baixo,False,-0.002517025618278601,-0.0015264465469254918,-0.0021032461387223145,-0.004245538434344498,-0.0013759381351932005,-6.257819830330009e-05,2,2,-0.0047227385388883825,-0.002809680584199503,False
10559943000102,0.8900292394098317,0.8625365492622896,0.942410028670182,0.9982666153584812,0.2,3.4694469519536136e-17,5,5,0.9018512645546052,0.4038493409051706,hhi_alto,False,0.5279960646878857,0.4493287421358666,0.6675537117968271,0.9911300944044124,0.1428571428571428,0.0,7,7,0.8795758331659747,0.4025806088151945,hhi_alto,False,-0.36203317472194596,-0.413207807126423,-0.2748563168733549,-0.0071365209540688035,-0.05714285714285722,-3.4694469519536136e-17,2,2,-0.02227543138863053,-0.0012687320899761323,True
10564533000150,0.0600209544954149,0.0443546370703385,0.1270975121061846,0.4022225872063038,0.0323208415516107,0.0161928555774709,61,195,0.7673954370678266,0.5708887621404454,baixo_baixo,False,0.0569998310899979,0.0417901509462881,0.1204396747283333,0.3886891169257513,0.0370811025183422,0.0215501525589606,63,246,0.7662927552471867,0.5871075774910458,baixo_baixo,False,-0.003021123405416999,-0.0025644861240503997,-0.006657837377851306,-0.013533470280552518,0.004760260966731503,0.0053572969814896995,2,51,-0.0011026818206399946,0.016218815350600435,True
10565436000181,0.0450427560945192,0.0372788760627673,0.13056237352832,0.3253666917590454,0.0277503523612306,0.0198458836812406,124,653,0.9401036326348032,0.9890952828564856,oculta,True,0.043596124904088,0.0360056179588823,0.1258932955242744,0.314753061674047,0.0275383878800314,0.019820438577492,127,684,0.9470370894303224,0.9950249187360743,oculta,True,-0.0014466311904312024,-0.001273258103885004,-0.004669078004045618,-0.010613630084998438,-0.00021196448119920053,-2.544510374859893e-05,3,31,0.006933456795519155,0.005929635879588724,True
10568451000183,0.0535478420345933,0.0480130340932752,0.0988646949230032,0.3198318501269739,0.0178040282144981,0.0120601921221853,172,574,0.9075224477117886,0.7446286958339219,baixo_baixo,False,0.0414043667466908,0.0367053685444686,0.0752890702759329,0.25218884062092,0.0184433151966879,0.0136317628202011,205,746,0.9044873887471452,0.7333966259420515,baixo_baixo,False,-0.012143475287902501,-0.011307665548806606,-0.023575624647070303,-0.0676430095060539,0.000639286982189801,0.001571570698015801,33,172,-0.0030350589646434,-0.011232069891870422,True
10573381000151,0.1793420506963946,0.0425657258124604,0.2556548952769962,0.7970482144562558,0.15625,0.015625,7,8,0.37877670822648,0.7139073822236264,baixo_baixo,False,0.1793420506963946,0.0425657258124604,0.2556548952769962,0.7970482144562558,0.15625,0.015625,7,8,0.3778183306566842,0.71256438816508,baixo_baixo,False,0.0,0.0,0.0,0.0,0.0,0.0,0,0,-0.0009583775697958319,-0.0013429940585463207,True
10574092000177,0.1826830580462559,0.0192196696555071,0.2251263183772414,0.7748736816227585,0.1666666666666666,3.3306690738754695e-17,6,6,0.8984136604802266,0.3965645695364238,baixo_baixo,False,0.1888858558821443,0.0987620620912714,0.3425895034629854,0.7509582147019105,0.1,3.0839528461809905e-17,10,10,0.9077115724062288,0.5521492607709289,baixo_baixo,False,0.006202797835888396,0.0795423924357643,0.11746318508574399,-0.023915466920848005,-0.0666666666666666,-2.4671622769447897e-18,4,4,0.009297911926002156,0.15558469123450502,True
10589926000118,0.7756572425837432,0.7307886911004919,0.8784291678640492,0.9852838016406544,0.2071005917159764,0.0485207100591716,6,13,0.7487021225146572,0.4638284034356514,hhi_alto,False,0.7531668199967478,0.7038001839960975,0.8651156927455106,0.9806045181284994,0.2109375,0.053125,6,16,0.7389423300361997,0.4691010845821676,hhi_alto,False,-0.022490422586995407,-0.026988507104394488,-0.013313475118538642,-0.004679283512155075,0.00383690828402361,0.004604289940828399,0,3,-0.009759792478457485,0.005272681146516189,True
10589928000107,0.0871662367985343,0.0520572459061702,0.1557812032893237,0.4853649442622422,0.0382653061224489,0.0012755102040816,27,28,0.8428954737117743,0.6197355189157828,baixo_baixo,False,0.0892485761269025,0.0567217395600062,0.1655047715031596,0.513911721928915,0.037109375,0.0027204241071428,29,32,0.8543263882366692,0.6930820015194717,baixo_baixo,False,0.0020823393283681962,0.004664493653835998,0.009723568213835881,0.028546777666672796,-0.0011559311224488972,0.0014449139030612002,2,4,0.011430914524894864,0.07334648260368892,True
10593919000190,0.0625634936372368,0.053719753011173,0.177598305192117,0.3994851785338085,0.0261137463934666,0.0169261402273673,107,286,0.8737618155907836,0.6508029103140919,baixo_baixo,False,0.0524384851762198,0.0439018949525821,0.1575812812485522,0.3578582229701216,0.0301336361254257,0.0213961013157449,112,321,0.874108951916671,0.6521687826775695,baixo_baixo,False,-0.010125008461017,-0.009817858058590902,-0.020017023943564805,-0.041626955563686896,0.0040198897319591,0.004469961088377598,5,35,0.0003471363258874538,0.001365872363477627,True
10594533000100,0.1012816776896651,0.0961461444193203,0.2238716045272144,0.5510744847724123,0.0163589316258058,0.0107381255208104,176,604,0.9200697124708856,0.7019561845935512,baixo_baixo,False,0.0996429229418185,0.0946685744497843,0.2219284972754696,0.5462914001562359,0.0162748552349225,0.0108399096837342,182,629,0.9190578913798974,0.7072153831853033,baixo_baixo,False,-0.0016387547478466102,-0.001477569969536005,-0.001943107251744819,-0.004783084616176381,-8.407639088330032e-05,0.00010178416292380005,6,25,-0.0010118210909882963,0.005259198591752057,True
10596772000191,0.337961048124957,0.3166049529031814,0.4890560155547365,0.953468567366799,0.0564228139985715,0.02598484025659,32,99,0.960841202407399,0.8783774314574869,oculta,True,0.3352772027720098,0.3145046153586351,0.4871004356075735,0.9496559488705766,0.0545943867743175,0.0250504613610149,33,102,0.963235586049736,0.8755464939343474,oculta,True,-0.0026838453529471895,-0.0021003375445463046,-0.0019555799471629998,-0.0038126184962223864,-0.0018284272242539978,-0.0009343788955750998,1,3,0.002394383642337017,-0.002830937523139565,True
10606509000136,0.2735588807269443,0.2308270501814704,0.4966126789234641,0.7273191905052655,0.0739795918367346,0.0195078031212485,18,28,0.877841395719182,0.4149737887977071,baixo_baixo,False,0.2618813682026653,0.2230330191607003,0.4856708813049088,0.711294268620767,0.0666666666666666,0.0175438596491227,20,30,0.8699235925184536,0.4184574481775156,baixo_baixo,False,-0.01167751252427901,-0.007794031020770087,-0.010941797618555293,-0.016024921884498555,-0.007312925170067999,-0.001963943472125803,2,2,-0.007917803200728324,0.003483659379808546,True
10606542000166,0.5591882104476568,0.4962150976544648,0.7326495271080325,0.9507126681763688,0.125,0.0,8,8,0.8546708750640684,0.8040849484190032,hhi_alto,False,0.3439798615688618,0.2710887350765131,0.4118832049006612,0.9253368081298255,0.1,3.0839528461809905e-17,10,10,0.8786906144897859,0.8045084965047969,baixo_baixo,False,-0.21520834887879497,-0.2251263625779517,-0.32076632220737133,-0.02537586004654324,-0.024999999999999994,3.0839528461809905e-17,2,2,0.024019739425717557,0.0004235480857937013,False
10618855000134,0.5407216860916586,0.4259021076145732,0.6663297307265683,0.997143027389076,0.2,3.4694469519536136e-17,5,5,0.7796648578990196,0.3978499115808955,hhi_alto,False,0.3767613213488801,0.2521135856186561,0.4803771118502495,0.9949546578557924,0.1666666666666666,3.3306690738754695e-17,6,6,0.8137104758552324,0.394581154731475,hhi_alto,False,-0.16396036474277853,-0.1737885219959171,-0.1859526188763188,-0.0021883695332836073,-0.03333333333333341,-1.3877787807814407e-18,1,1,0.03404561795621275,-0.0032687568494205177,True
10624466000111,0.6038949057021715,0.5970655075246227,0.7716682970141411,0.911235799852024,0.0312017765064548,0.0144983588600144,59,163,0.9225793616894256,0.4668335458610074,hhi_alto,False,0.3810413765223586,0.3720709616893493,0.6070438648421901,0.7694415191180173,0.0275265306122449,0.0134327122153209,70,175,0.8603639473164632,0.4819793134485228,hhi_alto,False,-0.22285352917981294,-0.22499454583527345,-0.164624432171951,-0.14179428073400668,-0.0036752458942098977,-0.0010656466446935,11,12,-0.06221541437296241,0.015145767587515402,True
10624592000176,0.4467534904066227,0.3545457388077265,0.6387257426666149,0.9684209561803512,0.15625,0.015625,7,8,0.7848024522461229,0.465293925161625,hhi_alto,False,0.3346615931852941,0.2396132493546218,0.433877437720346,0.9406186080050272,0.16,0.04,8,10,0.8240218551398251,0.4317105806255996,baixo_baixo,False,-0.11209189722132862,-0.11493248945310469,-0.20484830494626888,-0.02780234817532401,0.0037500000000000033,0.024375,1,2,0.03921940289370218,-0.033583344536025406,False
10628610000198,0.0737933620034518,0.0624981591010549,0.146042542980111,0.4914577852584897,0.0129962192816635,0.0009595878094886,83,92,0.8490363651941487,0.7078011964820846,baixo_baixo,False,0.0648811408624877,0.0549330678929397,0.1357856741762999,0.4466874955591121,0.0115702479338842,0.0010550378055213,95,110,0.848179864445465,0.6903117261035036,baixo_baixo,False,-0.0089122211409641,-0.007565091208115195,-0.010256868803811103,-0.04477028969937763,-0.0014259713477793,9.544999603270006e-05,12,18,-0.0008565007486837084,-0.017489470378581062,True
10631880000158,0.0627953111652978,0.0535160568203997,0.1797400799333257,0.3881259015735113,0.0341642623111154,0.0246015322349878,102,572,0.9648443232612424,0.9985995797865108,oculta,True,0.0656042212932464,0.0568715504642113,0.1887698602439587,0.3959579950344796,0.0366527101710779,0.0276494644717422,108,677,0.967772199384869,0.9986697534851526,oculta,True,0.002808910127948608,0.0033554936438116023,0.009029780310633007,0.007832093460968303,0.002488447859962502,0.0030479322367544005,6,105,0.0029278761236266604,7.017369864181777e-05,True
10635089000116,0.697248365818156,0.6539981323636068,0.8229867353099859,0.99912182199041,0.125,0.0,8,8,0.99077857856297,0.7670884262402831,critico,False,0.6965745266735386,0.6628605851928207,0.8225888258373898,0.9986387521908732,0.1,3.0839528461809905e-17,10,10,0.9899051787838756,0.7627135874022652,critico,False,-0.000673839144617383,0.00886245282921383,-0.000397909472596103,-0.00048306979953682827,-0.024999999999999994,3.0839528461809905e-17,2,2,-0.000873399779094397,-0.004374838838017814,True
10687065000100,0.2396262433016874,0.1310014209162142,0.3886232673183732,0.8336094428666734,0.125,0.0,8,8,0.8306444179631051,0.4939061823661881,baixo_baixo,False,0.2396262433016874,0.1310014209162142,0.3886232673183732,0.8336094428666734,0.125,0.0,8,8,0.8244084486852304,0.4928695094376669,baixo_baixo,False,0.0,0.0,0.0,0.0,0.0,0.0,0,0,-0.00623596927787462,-0.0010366729285212206,True
10698251000145,0.2161456901242427,0.1955179451275123,0.4012170628412825,0.7459271055684428,0.0422292444699799,0.0170247509034004,39,59,0.880300639514253,0.5231320966910283,baixo_baixo,False,0.2119997127315151,0.1927801935298447,0.3973051420109551,0.7386542150250679,0.0410682791635172,0.0176797006065298,42,63,0.879050323849068,0.6064069788743534,baixo_baixo,False,-0.004145977392727596,-0.0027377515976675926,-0.003911920830327376,-0.007272890543374877,-0.0011609653064627024,0.0006549497031294003,3,4,-0.0012503156651849645,0.08327488218332502,True
10700103000118,0.4238005125750247,0.2317340167666996,0.5939963316003823,1.0000000000000002,0.2777777777777778,0.037037037037037,4,6,0.9834764501871216,0.8373687460701484,critico,False,0.4238005125750247,0.2317340167666996,0.5939963316003823,1.0000000000000002,0.2777777777777778,0.037037037037037,4,6,0.983336411803296,0.8382164814564022,critico,False,0.0,0.0,0.0,0.0,0.0,0.0,0,0,-0.00014003838382559142,0.0008477353862537118,True
10701551000136,0.3005181844901229,0.2895887811227811,0.5372370409160185,0.6804878307150031,0.0436543253826984,0.0287114242168031,65,212,0.8344162515405413,0.8193206695198971,baixo_baixo,False,0.4048186774766972,0.3960660109690015,0.630970417923828,0.7351966642193732,0.0389449897606101,0.0248118278453249,69,238,0.8641584263092348,0.8515257308752329,hhi_alto,False,0.10430049298657429,0.10647722984622043,0.09373337700780948,0.05470883350437017,-0.0047093356220882995,-0.0038995963714782006,4,26,0.029742174768693452,0.03220506135533574,False
10711980000194,0.4151702430649936,0.3733966889982074,0.595381485741786,0.9138050153802632,0.1632653061224489,0.1034985422740524,15,28,0.9077823624287454,0.4336100466037441,hhi_alto,False,0.4039730379194725,0.364237907114104,0.5871591930950658,0.9011852540365995,0.1533888228299643,0.0969480776852952,16,29,0.8992592754816551,0.4331256400999291,hhi_alto,False,-0.011197205145521139,-0.009158781884103406,-0.008222292646720142,-0.012619761343663605,-0.009876483292484611,-0.006550464588757202,1,1,-0.008523086947090364,-0.0004844065038149825,True
10714485000139,0.0505181364155322,0.0424029068122461,0.1177952895378674,0.3610181022538626,0.028635271848873,0.0203330092151026,118,541,0.95594791071851,0.9982369759221752,oculta,True,0.049587270121442,0.0420443119478027,0.1166282054908674,0.3509253905915344,0.0279526399999999,0.0202379784126984,127,625,0.9595252319721624,0.9983967608571764,oculta,True,-0.000930866294090199,-0.00035859486444340255,-0.001167084047,-0.010092711662328224,-0.0006826318488730998,-9.503080240420153e-05,9,84,0.003577321253652399,0.00015978493500123925,True
10721741000115,0.4822672573244793,0.3959784668785592,0.6662308345613761,0.9708752675920416,0.15625,0.015625,7,8,0.8749766648328978,0.7888218358108977,hhi_alto,False,0.4148638858976772,0.3417218716348869,0.6147003356128734,0.9290306171204086,0.1239669421487603,0.0144628099173553,9,11,0.8538589259393223,0.7644990857816948,hhi_alto,False,-0.06740337142680208,-0.05425659524367232,-0.0515304989485027,-0.041844650471632994,-0.032283057851239694,-0.0011621900826447006,2,3,-0.02111773889357549,-0.024322750029202922,True
10721783000156,0.2225905150184197,0.1362116833537996,0.4024600087979754,0.778247556311333,0.1074380165289256,0.0082644628099173,10,11,0.8542476528484255,0.7387041306650445,baixo_baixo,False,0.2195717490346533,0.1415289239381187,0.3996781254584438,0.772868154970564,0.0972222222222222,0.0069444444444444,11,12,0.8533112789068795,0.7398238329460581,baixo_baixo,False,-0.0030187659837664083,0.005317240584319094,-0.00278188333953161,-0.0053794013407689745,-0.010215794306703399,-0.0013200183654729003,1,1,-0.0009363739415459982,0.001119702281013657,True
10721828000192,0.5791174381421165,0.5089703444991358,0.7430350725144637,0.9966683231538086,0.15625,0.015625,7,8,0.960096693746822,0.8052475412584725,critico,False,0.5462309319009605,0.4895097983885806,0.7213130391189222,0.9675315254430872,0.12,0.01,9,10,0.9509405477185376,0.7950076723386328,critico,False,-0.032886506241155966,-0.0194605461105552,-0.021722033395541462,-0.029136797710721418,-0.036250000000000004,-0.005625,2,2,-0.009156146028284406,-0.010239868919839745,True
10725387000105,0.4910644758233318,0.3638305947791647,0.6511266887202932,0.9933659321341805,0.2222222222222222,0.0277777777777778,5,6,0.9172424191672568,0.43288073264861,hhi_alto,False,0.4369001549469795,0.3564573199394051,0.6133086742325887,0.9356703594233214,0.1358024691358024,0.0123456790123456,8,9,0.8913555615759922,0.4343693207665284,hhi_alto,False,-0.05416432087635231,-0.00737327483975958,-0.0378180144877045,-0.05769557271085901,-0.0864197530864198,-0.0154320987654322,3,3,-0.025886857591264634,0.0014885881179184102,True
10732371000111,0.1593393507761551,0.0542567696231745,0.3002995206891067,0.6597953601108165,0.12,0.01,9,10,0.7814439243452909,0.7933108624007781,baixo_baixo,False,0.1593393507761551,0.0542567696231745,0.3002995206891067,0.6597953601108165,0.12,0.01,9,10,0.778575160080053,0.8121560505251655,baixo_baixo,False,0.0,0.0,0.0,0.0,0.0,0.0,0,0,-0.0028687642652378553,0.018845188124387402,True
10740545000198,0.2699656690120968,0.087457086265121,0.3836647322717159,0.959673383655652,0.2,3.4694469519536136e-17,5,5,0.5363131251947559,0.6281195295062516,baixo_baixo,False,0.2699656690120968,0.087457086265121,0.3836647322717159,0.959673383655652,0.2,3.4694469519536136e-17,5,5,0.5463687115474806,0.6263662001180538,baixo_baixo,False,0.0,0.0,0.0,0.0,0.0,0.0,0,0,0.010055586352724633,-0.001753329388197833,True
10751888000158,0.7209860505197541,0.6651832606237049,0.8443266955161673,0.9803966274356016,0.1875,0.025,6,8,0.3268380940047711,0.3965645695364237,hhi_alto,False,0.7209860505197541,0.6651832606237049,0.8443266955161673,0.9803966274356016,0.1875,0.025,6,8,0.3248056079148032,0.3939165594559823,hhi_alto,False,0.0,0.0,0.0,0.0,0.0,0.0,0,0,-0.002032486089967922,-0.0026480100804414097,True
10759024000182,0.1298791168017885,0.0884447890304451,0.2231481428552374,0.6219263061686335,0.0670339761248852,0.0226070226070226,22,33,0.5276055866393833,0.8433746427805779,baixo_baixo,False,0.1262521419500628,0.0898459811979821,0.2518059981482581,0.5970005410077259,0.06625,0.02734375,25,40,0.5240807301049553,0.8303843265452476,baixo_baixo,False,-0.0036269748517257228,0.0014011921675369937,0.0286578552930207,-0.02492576516090761,-0.0007839761248851912,0.0047367273929774,3,7,-0.0035248565344280225,-0.012990316235330313,True
10769869000159,0.1653902249927878,0.1214633947292503,0.3272277393862991,0.6707952543000374,0.0589849108367626,0.0094578008808028,20,27,0.9050044118872111,0.5321594030213238,baixo_baixo,False,0.141628700077321,0.1007538762714791,0.2904993369289984,0.6355193331241433,0.0535077288941735,0.0084366683653247,22,29,0.8988257045495431,0.517077526823678,baixo_baixo,False,-0.023761524915466792,-0.020709518457771206,-0.036728402457300746,-0.035275921175894065,-0.005477181942589102,-0.0010211325154780987,2,2,-0.00617870733766801,-0.015081876197645783,True
10778201000178,0.6867224413405918,0.6519138237117686,0.8255194740043919,0.9276932784511054,0.1,3.0839528461809905e-17,10,10,0.9012510408743613,0.9759202454724912,hhi_alto,False,0.3061283005162357,0.2430490551086208,0.4141755071897682,0.9389295028683248,0.0833333333333333,1.5139404881252137e-17,12,12,0.7680966853005976,0.7857896035970345,baixo_baixo,False,-0.3805941408243561,-0.40886476860314785,-0.41134396681462365,0.011236224417219387,-0.016666666666666705,-1.570012358055777e-17,2,2,-0.13315435557376365,-0.1901306418754567,False
10778974000154,0.2964993386364601,0.276399319740359,0.4807366545688384,0.8257610079807933,0.0564833927566147,0.0295257754068037,36,73,0.8003659465197968,0.5797961950144024,baixo_baixo,False,0.2344446991437228,0.2125716905478292,0.382712400491065,0.8476387148685658,0.0549591411632751,0.0279579737679401,36,79,0.83038992766932,0.6616898069686508,baixo_baixo,False,-0.06205463949273732,-0.06382762919252977,-0.09802425407777343,0.021877706887772463,-0.001524251593339604,-0.001567801638863598,0,6,0.030023981149523205,0.08189361195424838,True
10788473000159,0.4156121301333245,0.411151154027472,0.6391965924370787,0.7503280001799011,0.0194565793793086,0.0119715150997613,132,398,0.965916621029222,0.899892683070466,critico,False,0.3622687740224409,0.357777709050768,0.5956034867860062,0.7039800242309732,0.0191705143276016,0.0122632644285002,143,473,0.9586226694086502,0.890020790794686,critico,False,-0.05334335611088359,-0.05337344497670399,-0.04359310565107255,-0.04634797594892792,-0.00028606505170699834,0.0002917493287388998,11,75,-0.007293951620571892,-0.009871892275780003,True
10817032000138,0.4461043967352496,0.3768674463271559,0.6334255361619894,0.9278970304574504,0.1111111111111111,0.0,9,9,0.8954959274845968,0.8451465014669358,hhi_alto,False,0.4461043967352496,0.3768674463271559,0.6334255361619894,0.9278970304574504,0.1111111111111111,0.0,9,9,0.9001663312724657,0.8469048282546635,hhi_alto,False,0.0,0.0,0.0,0.0,0.0,0.0,0,0,0.004670403787868871,0.0017583267877276931,True
10836939000144,0.2189914633518693,0.1945849465816152,0.4458745807927001,0.6204281095361737,0.0303030303030303,3.5778671692021654e-18,33,33,0.7890792203515518,0.4479084866544284,baixo_baixo,False,0.18769853741113,0.163807317923222,0.4058945843868786,0.6080010949412308,0.0285714285714285,0.0,35,35,0.8031486295380724,0.4986857264445507,baixo_baixo,False,-0.03129292594073932,-0.030777628658393202,-0.039979996405821505,-0.012427014594942887,-0.0017316017316017993,-3.5778671692021654e-18,2,2,0.014069409186520665,0.05077723979012233,True
10839115000128,0.3119040727857914,0.2819868585590867,0.535010388733273,0.7525443617695197,0.0416666666666666,0.0,24,24,0.8088442574909847,0.7948311992239683,baixo_baixo,False,0.2910189854178071,0.2614781098102157,0.5155944703899403,0.7279458828291039,0.0510204081632653,0.0114795918367346,25,28,0.798080176669919,0.7791686541564047,baixo_baixo,False,-0.020885087367984334,-0.020508748748870986,-0.019415918343332672,-0.02459847894041578,0.009353741496598698,0.0114795918367346,1,4,-0.010764080821065614,-0.015662545067563594,True
10863375000139,0.2352995654723301,0.2079888356677705,0.4640130439620817,0.6383860574615914,0.0385015608740894,0.0041623309053069,29,31,0.7470895644824804,0.9229015077607486,baixo_baixo,False,0.2352995654723301,0.2079888356677705,0.4640130439620817,0.6383860574615914,0.0385015608740894,0.0041623309053069,29,31,0.7540092438092376,0.9212350671735328,baixo_baixo,False,0.0,0.0,0.0,0.0,0.0,0.0,0,0,0.006919679326757189,-0.0016664405872158783,True
10870672000101,0.2785566193350004,0.1342679432020005,0.3725111212677878,0.9306839583569816,0.1666666666666666,3.3306690738754695e-17,6,6,0.7318367363626774,0.9446633534508092,baixo_baixo,False,0.2785566193350004,0.1342679432020005,0.3725111212677878,0.9306839583569816,0.1666666666666666,3.3306690738754695e-17,6,6,0.7281448650981421,0.9539707699080726,baixo_baixo,False,0.0,0.0,0.0,0.0,0.0,0.0,0,0,-0.003691871264535296,0.009307416457263407,True
10873273000102,0.5087424648983693,0.3859280811229615,0.6901606951890594,0.9776981423381186,0.2,3.4694469519536136e-17,5,5,0.6773421531698557,0.3965645695364238,hhi_alto,False,0.3198987547526867,0.2443319497252074,0.4406433411892716,0.9504710211934998,0.1,3.0839528461809905e-17,10,10,0.8202625547944428,0.3967933411807497,baixo_baixo,False,-0.18884371014568258,-0.14159613139775412,-0.2495173539997878,-0.027227121144618782,-0.1,-3.8549410577262305e-18,5,5,0.14292040162458708,0.00022877164432588692,False
10906131000196,0.2731701927344073,0.2327907589974299,0.4612213172706396,0.7978323162027008,0.0526315789473684,0.0,19,19,0.8310169420586376,0.6330623504455077,baixo_baixo,False,0.2603496444183799,0.2233671266392989,0.4054241969130839,0.8481093766037097,0.0476190476190476,0.0,21,21,0.869281455539254,0.5387040319378757,baixo_baixo,False,-0.012820548316027414,-0.009423632358131012,-0.055797120357555685,0.05027706040100888,-0.005012531328320795,0.0,2,2,0.038264513480616325,-0.09435831850763199,True
10936853000193,0.3211458802935238,0.2362891153302143,0.3927029940288881,0.9757360391637772,0.12,0.01,9,10,0.9683203757446992,0.8648639507357186,oculta,True,0.2449740978490435,0.1694715076339478,0.281911143034186,0.975036673374238,0.0972222222222222,0.0069444444444444,11,12,0.9678087704576626,0.7291420899356902,oculta,True,-0.07617178244448031,-0.06681760769626649,-0.11079185099470207,-0.0006993657895391081,-0.0227777777777778,-0.0030555555555556004,2,2,-0.0005116052870366428,-0.13572186080002846,True
10936861000130,0.3491809886581595,0.2190171863897914,0.5449322692059463,0.910775025647174,0.1666666666666666,3.3306690738754695e-17,6,6,0.7757153015511998,0.5361098259176011,baixo_baixo,False,0.3491809886581595,0.2190171863897914,0.5449322692059463,0.910775025647174,0.1666666666666666,3.3306690738754695e-17,6,6,0.7788958932631176,0.6095211284800013,hhi_alto,False,0.0,0.0,0.0,0.0,0.0,0.0,0,0,0.0031805917119177574,0.07341130256240014,False
10971858000157,0.0413925430987675,0.0353635653824076,0.0873099549597456,0.3124493106326154,0.0215323723256233,0.0153784878748411,160,627,0.925476558765388,0.9894684475282414,oculta,True,0.0425719453379828,0.0367693510673039,0.1038620833539467,0.3262834377719541,0.0218322914075227,0.015904002264538,166,706,0.9310786901895496,0.9923208324488304,oculta,True,0.0011794022392153033,0.001405785684896299,0.0165521283942011,0.013834127139338737,0.00029991908189939964,0.0005255143896968992,6,79,0.005602131424161549,0.002852384920589035,True
11046759000121,0.0348489703772736,0.0072732266737672,0.1003843257773582,0.227368430043395,0.0277777777777777,0.0,36,36,0.800145405770531,0.498929421253602,baixo_baixo,False,0.0348489703772736,0.0072732266737672,0.1003843257773582,0.227368430043395,0.0277777777777777,0.0,36,36,0.7924977669050124,0.4962825629595351,baixo_baixo,False,0.0,0.0,0.0,0.0,0.0,0.0,0,0,-0.007647638865518558,-0.0026468582940669116,True
11065186000183,0.5138805272155385,0.4868738898386239,0.6926057467807875,0.9704622112249792,0.0526315789473684,0.0,19,19,0.981465601379977,0.4768947807183279,critico,False,0.5138805272155385,0.4868738898386239,0.6926057467807875,0.9704622112249792,0.0526315789473684,0.0,19,19,0.9829088580307944,0.5483149140396714,critico,False,0.0,0.0,0.0,0.0,0.0,0.0,0,0,0.0014432566508174594,0.07142013332134345,True
11084263000142,0.0222190093108786,0.0132485415063913,0.0506559433052569,0.1779541275350664,0.0101456815816857,0.0010644493026186,110,124,0.8586790973621146,0.5103683377569382,baixo_baixo,False,0.0210437908774776,0.0128858224681232,0.0479416227570389,0.1684187302353283,0.0091632373113854,0.0009062642889803,121,135,0.8535309284084053,0.5262819539791662,baixo_baixo,False,-0.0011752184334009978,-0.0003627190382680997,-0.002714320548217998,-0.009535397299738096,-0.0009824442703003002,-0.00015818501363829994,11,11,-0.005148168953709287,0.015913616222227978,True
11111771000172,0.1084743313495928,0.1032910425783695,0.2705415838695769,0.5115918128377153,0.0233661769419257,0.017688073319495,173,622,0.8049926721954221,0.626485271330086,baixo_baixo,False,0.0990394822816961,0.0938615482718208,0.2540449043223611,0.5112062680077921,0.0232217702169625,0.0176081022297036,175,624,0.8113417373878733,0.6321260036822989,baixo_baixo,False,-0.009434849067896711,-0.0094294943065487,-0.016496679547215787,-0.00038554482992314565,-0.00014440672496320028,-7.997108979139814e-05,2,2,0.006349065192451153,0.005640732352212852,True
11112312000103,0.4632681214494277,0.4274859962127229,0.6741061917817873,0.7873044915638191,0.0625,0.0,16,16,0.9263144197582308,0.8113070627723078,critico,False,0.4512026151094279,0.4169027785537671,0.6651395072179689,0.7768320895630739,0.0588235294117647,0.0,17,17,0.9252053171210008,0.8182087864161909,hhi_alto,False,-0.01206550633999981,-0.010583217658955757,-0.008966684563818439,-0.010472402000745173,-0.003676470588235302,0.0,1,1,-0.001109102637229964,0.006901723643883084,False
11124654000143,0.1631034820457793,0.0435468366237477,0.2295139659248265,0.7234471467588802,0.125,0.0,8,8,0.3506721047174189,0.3965645695364238,baixo_baixo,False,0.1585598315845383,0.0533798105326056,0.2261403125259119,0.7128131101077181,0.1111111111111111,0.0,9,9,0.3448229478527574,0.3939165594559823,baixo_baixo,False,-0.004543650461241,0.0098329739088579,-0.0033736533989146,-0.010634036651162138,-0.013888888888888895,0.0,1,1,-0.0058491568646614756,-0.0026480100804415208,True
11135974000107,0.172844167953941,0.117700445817537,0.2855874360838271,0.7725281064562852,0.0657439446366782,0.0034602076124567,16,17,0.9167121774583172,0.397160032480956,baixo_baixo,False,0.1724339208901191,0.1207110409457516,0.2852471382766825,0.771607584096515,0.0617283950617283,0.0030864197530864,17,18,0.9123572166538132,0.3945145789173216,baixo_baixo,False,-0.0004102470638218947,0.0030105951282145965,-0.0003402978071445628,-0.0009205223597702483,-0.0040155495749498935,-0.00037378785937029974,1,1,-0.004354960804504038,-0.0026454535636343812,True
11136549000124,0.060965809116121,0.0285853197752975,0.0672817875792632,0.2691271503170529,0.03515625,0.0018857758620689,30,32,0.9587074370941736,0.4757139324130661,oculta,True,0.0603256547966806,0.0290031766232366,0.0669107462469816,0.2676429849879266,0.0339761248852157,0.0017753290480563,31,33,0.9560708744564448,0.4733661354471467,oculta,True,-0.0006401543194403947,0.0004178568479390986,-0.0003710413322816075,-0.001484165329126319,-0.0011801251147842973,-0.00011044681401259989,1,1,-0.002636562637728823,-0.002347796965919413,True
11145615000122,0.7763095339674897,0.739027789628738,0.8787727305029595,0.9662119782091076,0.1428571428571428,0.0,7,7,0.9478172328617052,0.4339791471121125,critico,False,0.7536131148754579,0.7184149884290948,0.8657043571942405,0.9518432815162032,0.125,0.0,8,8,0.9433777855258024,0.4393772318784023,critico,False,-0.022696419092031794,-0.02061280119964326,-0.013068373308718906,-0.014368696692904415,-0.017857142857142794,0.0,1,1,-0.004439447335902735,0.005398084766289779,True
11148262000114,0.7060387589551096,0.7043493265353113,0.8382614819152164,0.9101336363105194,0.020233076092489,0.0146022317022159,175,583,0.9876144628440248,0.949522321968218,critico,False,0.685560658512374,0.6839563761578453,0.82598745860091,0.8972894022211323,0.0183769578858823,0.0133686770587695,197,699,0.9862866739682032,0.9493784789306084,critico,False,-0.02047810044273557,-0.020392950377466024,-0.012274023314306381,-0.012844234089387063,-0.0018561182066067008,-0.0012335546434463999,22,116,-0.0013277888758215228,-0.00014384303760950345,True
11149280000110,0.1135294220409954,0.0849335969455437,0.2117760615796795,0.601887365792545,0.0606060606060606,0.0303030303030303,32,66,0.5202692237399141,0.5593782982334785,baixo_baixo,False,0.1026495748550037,0.0754571377293977,0.2000364855744028,0.568522393261507,0.0637119113573407,0.0353395450348358,34,76,0.5071328653516383,0.5532112938420058,baixo_baixo,False,-0.010879847185991706,-0.009476459216145997,-0.011739576005276697,-0.033364972531037984,0.003105850751280094,0.0050365147318055005,2,10,-0.01313635838827587,-0.0061670043914726635,True
11151349000140,0.2089867364356505,0.162456544461277,0.4016127429045905,0.7038970922807113,0.0661157024793388,0.011181332036947,18,22,0.5936864365352392,0.5489050884770207,baixo_baixo,False,0.2089867364356505,0.162456544461277,0.4016127429045905,0.7038970922807113,0.0661157024793388,0.011181332036947,18,22,0.5899752584033224,0.5465846368613584,baixo_baixo,False,0.0,0.0,0.0,0.0,0.0,0.0,0,0,-0.0037111781319167925,-0.0023204516156623,True
11151460000137,0.1491569930511751,0.1314310970730746,0.3134029346416319,0.6740165138325489,0.0266299357208448,0.006351392715029,49,66,0.8545348362068538,0.5758209415948392,baixo_baixo,False,0.1385651017054207,0.1219990459689865,0.3014617503756139,0.6483353395346221,0.0255661066471877,0.0068269933134798,53,74,0.849533819420859,0.5830574346031182,baixo_baixo,False,-0.010591891345754417,-0.009432051104088096,-0.011941184266017979,-0.025681174297926823,-0.0010638290736571,0.00047560059845079983,4,8,-0.0050010167859947385,0.007236493008278999,True
11152150000137,0.035200022024737,0.0098105489201249,0.0597884589656734,0.2330421267239804,0.027892561983471,0.0023107872988255,39,44,0.7813286987787711,0.4286320980598092,baixo_baixo,False,0.035200022024737,0.0098105489201249,0.0597884589656734,0.2330421267239804,0.027892561983471,0.0023107872988255,39,44,0.7751049046658154,0.4266212118926682,baixo_baixo,False,0.0,0.0,0.0,0.0,0.0,0.0,0,0,-0.006223794112955705,-0.0020108861671409572,True
11160486000141,0.1430479495416043,0.1002003470186845,0.2873513788162281,0.6574537123836544,0.0476190476190476,0.0,21,21,0.8714142589120207,0.6766381653659361,baixo_baixo,False,0.1430479495416043,0.1002003470186845,0.2873513788162281,0.6574537123836544,0.0476190476190476,0.0,21,21,0.8678045763808402,0.6755459590287796,baixo_baixo,False,0.0,0.0,0.0,0.0,0.0,0.0,0,0,-0.003609682531180547,-0.001092206337156565,True
11166368000140,0.1585024130428431,0.1451453084879676,0.3264172319918445,0.6653319189743746,0.0259411302297143,0.0104798783285987,64,107,0.9195247066270346,0.8919512736467633,baixo_baixo,False,0.1522186486496522,0.1399319623981978,0.3201831540468219,0.651187991602558,0.0223832179930795,0.008214858833559,70,136,0.9136210793522754,0.8921418269510654,baixo_baixo,False,-0.006283764393190894,-0.00521334608976981,-0.00623407794502262,-0.014143927371816578,-0.0035579122366347984,-0.0022650194950397003,6,29,-0.005903627274759127,0.00019055330430206574,True
11168270000122,0.0395182589936601,0.0268803413488398,0.0658716080528855,0.2410765036987049,0.0155102040816326,0.0025563909774436,77,105,0.8267741281606489,0.5472411724677734,baixo_baixo,False,0.0368773734747847,0.0260557709295576,0.0954364410539358,0.2580185521039366,0.014016,0.0029375280898876,90,125,0.8319283848686782,0.6188057903270977,baixo_baixo,False,-0.0026408855188753966,-0.0008245704192821994,0.029564833001050297,0.016942048405231697,-0.001494204081632599,0.000381137112444,13,20,0.00515425670802927,0.07156461785932433,True
11170888000127,0.080760387311692,0.0194777464658048,0.129522529132322,0.4400077057707204,0.0625,0.0,16,16,0.6989869254748442,0.6906432095250308,baixo_baixo,False,0.080760387311692,0.0194777464658048,0.129522529132322,0.4400077057707204,0.0625,0.0,16,16,0.6929459317748359,0.6865431212095682,baixo_baixo,False,0.0,0.0,0.0,0.0,0.0,0.0,0,0,-0.006040993700008324,-0.004100088315462602,True
11171868000170,0.0477580598861648,0.0347136497476191,0.1338978061831593,0.3373183160343297,0.0166861515570198,0.0032160988386228,74,97,0.9143882382958144,0.7133183234310458,baixo_baixo,False,0.0454367922431781,0.0339360307039393,0.125997576338321,0.3321479116824727,0.0169260338520677,0.0050817691996829,84,127,0.9109923753364731,0.7222819122509135,baixo_baixo,False,-0.0023212676429867005,-0.0007776190436797961,-0.007900229844838291,-0.005170404351857005,0.0002398822950478996,0.0018656703610601005,10,30,-0.003395862959341245,0.008963588819867696,True
11179871000130,0.4838422463939086,0.4322264710332994,0.679039712485368,0.9157511127110364,0.0972222222222222,0.0069444444444444,11,12,0.827127306820842,0.5415647533525692,hhi_alto,False,0.4838422463939086,0.4322264710332994,0.679039712485368,0.9157511127110364,0.0972222222222222,0.0069444444444444,11,12,0.8264874328186069,0.5390085580361098,hhi_alto,False,0.0,0.0,0.0,0.0,0.0,0.0,0,0,-0.0006398740022350857,-0.002556195316459342,True
11186410000195,0.2214304267896216,0.15654962902209,0.3955611486013067,0.7517535950675505,0.0769230769230769,1.503427012513233e-17,13,13,0.7561041969109464,0.6967212604212227,baixo_baixo,False,0.1952019009554196,0.1415486943524476,0.3680561816037213,0.6994811262071421,0.0692520775623268,0.0072022160664819,16,19,0.7598583776721352,0.725707727944179,baixo_baixo,False,-0.026228525834202016,-0.01500093466964239,-0.027504966997585423,-0.05227246886040837,-0.007670999360750094,0.007202216066481885,3,6,0.003754180761188719,0.028986467522956305,True
11188015000141,0.3550610659052511,0.3404033628576433,0.5804783857510613,0.775942181361218,0.0548729812897284,0.0333928217735859,45,211,0.9707280910740828,0.6346973263826632,oculta,True,0.3427114092718446,0.3287265456393307,0.5700009245462142,0.7619366571212456,0.0537309583893606,0.0335975745253044,48,233,0.9714297010275398,0.6399972241701304,oculta,True,-0.01234965663340648,-0.011676817218312596,-0.01047746120484705,-0.014005524239972367,-0.0011420229003678006,0.00020475275171850243,3,22,0.0007016099534570275,0.0052998977874672,True
11193159000196,0.1505398846310404,0.0797515416836271,0.2791161610028248,0.6710893591574562,0.0844444444444444,0.0081481481481481,13,15,0.968686630774176,0.576440773629957,oculta,True,0.1505398846310404,0.0797515416836271,0.2791161610028248,0.6710893591574562,0.0844444444444444,0.0081481481481481,13,15,0.9671770585900348,0.6248131121237648,oculta,True,0.0,0.0,0.0,0.0,0.0,0.0,0,0,-0.0015095721841412724,0.04837233849380773,True
11195905000180,0.1810156798454534,0.0640179198233753,0.2525854233500367,0.7529666769406292,0.125,0.0,8,8,0.8013499544922512,0.6387305247727497,baixo_baixo,False,0.1619108518275422,0.057149708305985,0.2388015933097629,0.7399171378263616,0.1111111111111111,0.0,9,9,0.8063389516617895,0.5782656595181654,baixo_baixo,False,-0.01910482801791119,-0.006868211517390303,-0.013783830040273809,-0.01304953911426765,-0.013888888888888895,0.0,1,1,0.004988997169538267,-0.06046486525458428,True
11206573000192,0.1556972935058319,0.1060324284179397,0.3418775399335212,0.58232828751745,0.0581717451523545,0.002770083102493,18,19,0.7976015326210957,0.8668675105248056,baixo_baixo,False,0.1556972935058319,0.1060324284179397,0.3418775399335212,0.58232828751745,0.0581717451523545,0.002770083102493,18,19,0.7922357529896696,0.8640820827531234,baixo_baixo,False,0.0,0.0,0.0,0.0,0.0,0.0,0,0,-0.0053657796314260375,-0.002785427771682225,True
11208059000196,0.1714967857106472,0.1123179846899792,0.2795220079729239,0.7524011101598665,0.1180555555555555,0.0550595238095237,15,24,0.8106221791161216,0.6130025791557523,baixo_baixo,False,0.1577414134950159,0.1015908410613503,0.2661160931386885,0.7163158470453986,0.1104,0.0510933333333333,16,25,0.7943974384079788,0.5991424663079806,baixo_baixo,False,-0.013755372215631306,-0.010727143628628893,-0.013405914834235422,-0.036085263114467914,-0.007655555555555499,-0.003966190476190394,1,1,-0.016224740708142726,-0.013860112847771666,True
11209472000175,0.4257589727698604,0.343724540308412,0.6146936404325701,0.9680872244466772,0.1358024691358024,0.0123456790123456,8,9,0.6575910858564916,0.4988962298714393,hhi_alto,False,0.7667342912615951,0.7472954822000614,0.87269141121484,0.969612412596396,0.0859375,0.0097656249999999,13,16,0.918598101800489,0.4099332030444454,hhi_alto,False,0.3409753184917347,0.4035709418916494,0.2579977707822698,0.0015251881497188036,-0.049864969135802406,-0.002580054012345701,5,7,0.26100701594399733,-0.08896302682699386,True
11214458000160,0.0509371876422815,0.0440097218586485,0.0959418438604716,0.3560021031066944,0.0251499379890228,0.018034244105731,138,611,0.9549401245369972,0.9170606963705028,oculta,True,0.0497513150149837,0.0433738070620642,0.0947414649539048,0.3511302373545048,0.0251142857142857,0.0185714285714285,150,700,0.9529429049959331,0.9202943344205526,oculta,True,-0.0011858726272978015,-0.0006359147965842998,-0.0012003789065667958,-0.004871865752189564,-3.5652274737098255e-05,0.0005371844656974975,12,89,-0.0019972195410640214,0.0032336380500498363,True
11218352000134,0.1649629587966414,0.0814592546763055,0.2533716171846228,0.748040278015782,0.1122448979591836,0.023469387755102,11,14,0.519809674338683,0.6136877762333887,baixo_baixo,False,0.1649629587966414,0.0814592546763055,0.2533716171846228,0.748040278015782,0.1122448979591836,0.023469387755102,11,14,0.5159023698358556,0.6099676723661462,baixo_baixo,False,0.0,0.0,0.0,0.0,0.0,0.0,0,0,-0.003907304502827391,-0.003720103867242419,True
11221619000142,0.0230413007820642,0.0156957466526061,0.0585885951413573,0.1848264379786075,0.0130688578227245,0.005648322919136,134,328,0.8072277037288808,0.7842138274526286,baixo_baixo,False,0.0230413007820642,0.0156957466526061,0.0585885951413573,0.1848264379786075,0.0130688578227245,0.005648322919136,134,328,0.8080932106389757,0.7988969790452773,baixo_baixo,False,0.0,0.0,0.0,0.0,0.0,0.0,0,0,0.0008655069100949042,0.014683151592648769,True
11224030000106,0.0637249988656114,0.0490957019728866,0.1559961748630258,0.4099784914149798,0.0229478458049886,0.0076814058956916,65,105,0.8325761592054484,0.992938166241824,baixo_baixo,False,0.0512223270800624,0.0384010071757389,0.1361313619105234,0.3577711468845209,0.0220539631031789,0.0088384761180867,75,129,0.8356810968717472,0.9938010956355652,baixo_baixo,False,-0.012502671785549008,-0.010694694797147707,-0.019864812952502392,-0.05220734453045889,-0.0008938827018097027,0.0011570702223950994,10,24,0.0031049376662988237,0.0008629293937412186,True
11228769000188,0.7620837579116421,0.74378250852023,0.8654646191561876,0.9873490402649884,0.0976,0.0281846153846154,14,25,0.962218893501316,0.4089038656088825,critico,False,0.7498925393687438,0.7320277207522254,0.8584710630573368,0.9841950275900702,0.0945821854912764,0.029909484454939,15,33,0.9601136911200758,0.4110746957423672,critico,False,-0.012191218542898286,-0.011754787768004538,-0.006993556098850773,-0.0031540126749182162,-0.0030178145087236125,0.001724869070323598,1,8,-0.0021052023812401233,0.0021708301334847357,True
11231203000105,0.2228426700888346,0.2175558855316158,0.3358411927912301,0.7891144794974925,0.0202631678930104,0.0135982914841193,148,562,0.941299893701498,0.7024147885009556,oculta,True,0.2006075822973082,0.1959599519618274,0.3179187728681278,0.7470027869102583,0.0201732644777127,0.0144765974107226,173,722,0.9336276256991302,0.698635031918761,oculta,True,-0.022235087791526387,-0.021595933569788422,-0.017922419923102284,-0.04211169258723413,-8.99034152977013e-05,0.0008783059266033004,25,160,-0.007672268002367866,-0.003779756582194649,True
11232665000147,0.0768087139249149,0.0692415722357749,0.2070084857436152,0.4517553978470513,0.0536494575311828,0.0458924858716023,123,511,0.7865483564318626,0.5186013644473321,baixo_baixo,False,0.0729888415080486,0.0660188327975828,0.1982440593325522,0.4441768685307408,0.0526658378682679,0.0455430246191572,134,584,0.781206261858011,0.5250379257139154,baixo_baixo,False,-0.0038198724168662934,-0.003222739438192096,-0.008764426411062981,-0.007578529316310534,-0.0009836196629148947,-0.00034946125244510184,11,73,-0.005342094573851597,0.006436561266583318,True
11237287000194,0.1118980177490018,0.0563916438583144,0.17866437319689,0.5657572023209613,0.0657596371882086,0.0073696145124716,17,21,0.7163362454463463,0.6928148810044775,baixo_baixo,False,0.1118980177490018,0.0563916438583144,0.17866437319689,0.5657572023209613,0.0657596371882086,0.0073696145124716,17,21,0.709834922268754,0.6897570088274373,baixo_baixo,False,0.0,0.0,0.0,0.0,0.0,0.0,0,0,-0.006501323177592333,-0.003057872177040233,True
11241709000103,0.3898512457006192,0.3851577937444702,0.6136633418017297,0.7731608082521363,0.0346849159875748,0.0272594153413254,131,659,0.921702911674499,0.5346497774371259,hhi_alto,False,0.3736810891791629,0.369109418297259,0.600513072639924,0.7565926477620157,0.0358839902762171,0.0288466471395471,138,738,0.9205378243194854,0.5426319162799007,hhi_alto,False,-0.016170156521456314,-0.01604837544721116,-0.013150269161805617,-0.016568160490120554,0.001199074288642299,0.0015872317982216985,7,79,-0.0011650873550136387,0.007982138842774766,True
11243552000147,0.1606639561701977,0.1507894144780824,0.3413319488093881,0.6525813097723625,0.0392161351617408,0.0279127955754083,86,209,0.911724065332405,0.9622239519048832,baixo_baixo,False,0.1381446941496613,0.1288774327964318,0.3135778698381961,0.5995192003808377,0.0341357767596834,0.0237501399506477,94,245,0.9104547507758284,0.9645934665268178,baixo_baixo,False,-0.022519262020536418,-0.021911981681650594,-0.02775407897119203,-0.05306210939152478,-0.005080358402057401,-0.004162655624760602,8,36,-0.0012693145565766395,0.0023695146219345764,True
11246073000184,0.1614810967614699,0.1304248410859688,0.3420237234838668,0.6679120353159365,0.0578512396694215,0.0229568411386593,28,99,0.9082983120936282,0.9707971326935032,baixo_baixo,False,0.1614810967614699,0.1304248410859688,0.3420237234838668,0.6679120353159365,0.0578512396694215,0.0229568411386593,28,99,0.9056389728941356,0.9698472224732174,baixo_baixo,False,0.0,0.0,0.0,0.0,0.0,0.0,0,0,-0.002659339199492572,-0.0009499102202857879,True
11252074000131,0.0676876042242645,0.0541758303724422,0.1993334647882131,0.4044355565347692,0.0222978080120937,0.0081282110267617,70,126,0.9104560530514312,0.989153562916628,baixo_baixo,False,0.0676876042242645,0.0541758303724422,0.1993334647882131,0.4044355565347692,0.0222978080120937,0.0081282110267617,70,126,0.9131714393029408,0.9896564041236224,baixo_baixo,False,0.0,0.0,0.0,0.0,0.0,0.0,0,0,0.0027153862515095772,0.0005028412069943977,True
11257200000140,0.1030923616421636,0.068595914013016,0.2159922253531405,0.5431688948299421,0.0581233882166236,0.0218973646864938,27,71,0.9705844453918115,0.9975511924762756,oculta,True,0.1030923616421636,0.068595914013016,0.2159922253531405,0.5431688948299421,0.0581233882166236,0.0218973646864938,27,71,0.9756313006302008,0.997738573930553,oculta,True,0.0,0.0,0.0,0.0,0.0,0.0,0,0,0.005046855238389214,0.00018738145427743547,True
11258723000101,0.1257608611919496,0.0383369473111445,0.2030368437807707,0.6428339295252732,0.0909090909090909,0.0,11,11,0.787389774293085,0.5866091938025372,baixo_baixo,False,0.1080363720577051,0.0269487695174965,0.1801104209414454,0.5702466975267559,0.0918367346938775,0.0092764378478664,12,14,0.7884493006606558,0.5920820173068762,baixo_baixo,False,-0.0177244891342445,-0.011388177793648,-0.022926422839325306,-0.07258723199851724,0.0009276437847866026,0.0092764378478664,1,3,0.0010595263675707844,0.005472823504338975,True
11258922000110,0.0884350462427581,0.042856798554896,0.1967168770476353,0.4815189443589939,0.0495867768595041,0.0020661157024793,21,22,0.8000476614915245,0.4448059969140996,baixo_baixo,False,0.084620800749013,0.0448217051294049,0.1610603690119681,0.4875884059528914,0.0432,0.0016,24,25,0.8071563616267734,0.5050738688379531,baixo_baixo,False,-0.0038142454937450943,0.001964906574508901,-0.035656508035667195,0.006069461593897485,-0.006386776859504097,-0.0004661157024792998,3,3,0.007108700135248891,0.06026787192385352,True
11259476000168,0.6863200644475623,0.6514667382750693,0.8263328724558306,0.8921890065276068,0.1,3.0839528461809905e-17,10,10,0.9228044395082764,0.8263859859699249,hhi_alto,False,0.6863200644475623,0.6514667382750693,0.8263328724558306,0.8921890065276068,0.1,3.0839528461809905e-17,10,10,0.921245231547532,0.8219190204553293,hhi_alto,False,0.0,0.0,0.0,0.0,0.0,0.0,0,0,-0.0015592079607443798,-0.004466965514595578,True
11261188000148,0.1818052498329971,0.1233627676782112,0.2640875137695921,0.8093389488705818,0.0666666666666666,0.0,15,15,0.9483312721135204,0.4654216769468302,oculta,True,0.1818052498329971,0.1233627676782112,0.2640875137695921,0.8093389488705818,0.0666666666666666,0.0,15,15,0.9455760937657822,0.4627926192520739,oculta,True,0.0,0.0,0.0,0.0,0.0,0.0,0,0,-0.0027551783477381964,-0.0026290576947562982,True
11265919000123,0.0931826828388298,0.083637237395028,0.2154332611560984,0.5414968212556349,0.0285407115907339,0.0183148243443205,96,314,0.8725103468233592,0.7746872624469674,baixo_baixo,False,0.0878052328234636,0.079280048083496,0.2082127514809999,0.5233478919030855,0.0271713691576952,0.018079512794683,108,361,0.8735783182766936,0.787662218691778,baixo_baixo,False,-0.0053774500153662,-0.004357189311532006,-0.007220509675098491,-0.018148929352549414,-0.0013693424330386977,-0.00023531154963750064,12,47,0.001067971453334482,0.012974956244810598,True
11267244000151,0.1035437308217015,0.0661913862726057,0.2140604467077973,0.5585650204137554,0.0459183673469387,0.0061649659863945,25,28,0.8059016634869045,0.6306127439695578,baixo_baixo,False,0.1024408302715091,0.0650425315328219,0.206724269578059,0.5394221474951315,0.0487514863258026,0.0091161315893777,25,29,0.8061927843483159,0.6409204921598042,baixo_baixo,False,-0.0011029005501923955,-0.0011488547397838084,-0.007336177129738303,-0.019142872918623932,0.0028331189788638952,0.002951165602983201,0,1,0.00029112086141136473,0.01030774819024638,True
11268671000154,0.1110582653095515,0.1007217335108254,0.3071623693922239,0.4512716886446214,0.0255868484114509,0.0142564629278631,87,197,0.8392008089546932,0.7236618428023707,baixo_baixo,False,0.1084593049748193,0.0985532972523173,0.3034316319023938,0.4457906259406948,0.0244346425820905,0.0135950274996693,91,207,0.8351539345816388,0.7239482470662428,baixo_baixo,False,-0.0025989603347321977,-0.0021684362585080996,-0.003730737489830105,-0.00548106270392662,-0.0011522058293603997,-0.0006614354281938,4,10,-0.004046874373054399,0.0002864042638721642,True
11270247000144,0.4611646258709411,0.4121795918592085,0.6490383683520329,0.9075942974519556,0.0887573964497041,0.0059171597633136,12,13,0.907074209290869,0.7068143603927713,hhi_alto,False,0.448108623421525,0.4056554406077962,0.6397110756336403,0.8945513124842521,0.0755555555555555,0.0044444444444444,14,15,0.8984706954610547,0.7048049476492818,hhi_alto,False,-0.013056002449416071,-0.0065241512514123134,-0.00932729271839261,-0.013042984967703508,-0.013201840894148595,-0.0014727153188691996,2,2,-0.00860351382981428,-0.002009412743489536,True
11271704000115,0.0753830317435192,0.0434996880105371,0.148891181418468,0.4540498046192546,0.0358126721763085,0.0025648332858364,30,33,0.7974596297513781,0.4445543408579945,baixo_baixo,False,0.0753830317435192,0.0434996880105371,0.148891181418468,0.4540498046192546,0.0358126721763085,0.0025648332858364,30,33,0.7913568651828842,0.4417940610663158,baixo_baixo,False,0.0,0.0,0.0,0.0,0.0,0.0,0,0,-0.006102764568493901,-0.002760279791678699,True
11272232000115,0.5477608801287204,0.4975120890319115,0.7316280380751612,0.904889845299333,0.1,3.0839528461809905e-17,10,10,0.9142687098978296,0.8229459324963697,hhi_alto,False,0.5477608801287204,0.4975120890319115,0.7316280380751612,0.904889845299333,0.1,3.0839528461809905e-17,10,10,0.9125940087686844,0.8274363506275636,hhi_alto,False,0.0,0.0,0.0,0.0,0.0,0.0,0,0,-0.0016747011291452507,0.004490418131193885,True
11279755000193,0.1172147250198513,0.0926929118259583,0.2147389345769244,0.5966326080006594,0.040680473372781,0.0140327087442472,37,52,0.835305904921315,0.6212985421106776,baixo_baixo,False,0.1158768286981999,0.0919816078522053,0.2134781344737745,0.5931295895322486,0.0395158419366322,0.0135568106376223,38,53,0.8295603923544053,0.623043352180422,baixo_baixo,False,-0.001337896321651405,-0.0007113039737530052,-0.0012608001031498839,-0.0035030184684108345,-0.0011646314361488039,-0.0004758981066249005,1,1,-0.005745512566909694,0.0017448100697443625,True
11280020000180,0.1015044714199306,0.0640671577290944,0.2659326069447709,0.4621113109355054,0.04,0.0,25,25,0.6762431299645753,0.5561153108928418,baixo_baixo,False,0.0930894527436809,0.0638342737999287,0.253623645360545,0.4407220182147272,0.033469387755102,0.0022909809084924,32,35,0.655608379290152,0.5464423881863522,baixo_baixo,False,-0.008415018676249705,-0.000232883929165692,-0.012308961584225897,-0.02138929272077822,-0.006530612244898003,0.0022909809084924,7,10,-0.02063475067442322,-0.009672922706489673,True
11283491000141,0.4669810275022338,0.400353655940013,0.6656551807266495,0.898687323757225,0.12,0.01,9,10,0.8213789187525984,0.7294708795997074,hhi_alto,False,0.4669810275022338,0.400353655940013,0.6656551807266495,0.898687323757225,0.12,0.01,9,10,0.816690541874456,0.7254834414326019,hhi_alto,False,0.0,0.0,0.0,0.0,0.0,0.0,0,0,-0.004688376878142386,-0.00398743816710545,True
11283510000130,0.2458281665114276,0.1772670907397392,0.4405151562709811,0.7905140115715993,0.0887573964497041,0.0059171597633136,12,13,0.7716195420981219,0.7214015615765144,baixo_baixo,False,0.2448650950987244,0.1819371863569514,0.4396479356715224,0.7889577653783948,0.0816326530612245,0.0051020408163265,13,14,0.7648320478268522,0.726207846682528,baixo_baixo,False,-0.0009630714127032147,0.004670095617212211,-0.0008672205994587068,-0.0015562461932044913,-0.0071247433884795985,-0.0008151189469870999,1,1,-0.006787494271269678,0.0048062851060136635,True
11285282000137,0.0360474794748919,0.0264079542696409,0.0846450124589006,0.277740694968375,0.0116993852865357,0.0018163791394011,101,123,0.8454114562644408,0.6853511794176819,baixo_baixo,False,0.0360474794748919,0.0264079542696409,0.0846450124589006,0.277740694968375,0.0116993852865357,0.0018163791394011,101,123,0.8403299885590829,0.6840931763650783,baixo_baixo,False,0.0,0.0,0.0,0.0,0.0,0.0,0,0,-0.005081467705357889,-0.0012580030526035957,True
11290422000165,0.057104958451276,0.0491814707071691,0.123095790276523,0.3926577022383588,0.0219864269324624,0.0137678254781133,120,287,0.8006356545436465,0.6855040785805117,baixo_baixo,False,0.0550842834134418,0.0480326735881689,0.1207773876608128,0.3852623344365583,0.0199354339067707,0.0126215192344332,135,339,0.798231370001546,0.689455608198934,baixo_baixo,False,-0.0020206750378342006,-0.0011487971190001986,-0.0023184026157102022,-0.007395367801800501,-0.0020509930256916997,-0.0011463062436801001,15,52,-0.00240428454210051,0.003951529618422378,True
11290534000116,0.1471707721475178,0.1022850233131767,0.3061010914407484,0.6143866392135707,0.0864,0.0383157894736842,20,50,0.900844509072974,0.9810651936969778,baixo_baixo,False,0.1256285407573485,0.0796089902708932,0.2528413662768516,0.5845482399072085,0.0902205390955669,0.042337409574281,20,67,0.9158124338694102,0.9839287326480064,baixo_baixo,False,-0.02154223139016931,-0.022676033042283494,-0.053259725163896765,-0.02983839930636223,0.0038205390955668994,0.004021620100596798,0,17,0.014967924796436272,0.0028635389510286435,True
11291694000180,0.3709574525802344,0.2923271341527637,0.4943455834042021,0.9417034152787626,0.1111111111111111,0.0,9,9,0.9433079859530632,0.7030396043551224,critico,False,0.2710579181007094,0.1981637099107804,0.3368780516074433,0.9295279937655192,0.0909090909090909,0.0,11,11,0.9454664537304538,0.7482690357144793,oculta,True,-0.09989953447952499,-0.09416342424198329,-0.15746753179675882,-0.012175421513243356,-0.020202020202020207,0.0,2,2,0.0021584677773905936,0.045229431359356975,False
11293112000102,0.2736826168182141,0.1929806853535712,0.4281169289449312,0.8275960583289116,0.1,3.0839528461809905e-17,10,10,0.9042422186555236,0.7797985447623148,baixo_baixo,False,0.1899933432067413,0.1224927884739698,0.2734504309759218,0.7909091996008862,0.0816326530612245,0.0051020408163265,13,14,0.9082869141711858,0.7879535787448344,baixo_baixo,False,-0.0836892736114728,-0.07048789687960141,-0.1546664979690094,-0.03668685872802535,-0.01836734693877551,0.005102040816326469,3,4,0.004044695515662222,0.0081550339825196,True
11293409000160,0.0559037739989275,0.0493475502072534,0.0621391516591039,0.2485566066364157,0.0220541902961562,0.0152628999509906,145,483,0.9852174494955104,0.4100389129616136,oculta,True,0.0556944158346828,0.0495625613920509,0.0620219684511306,0.2480878738045225,0.0213521629737846,0.0149973068891987,155,555,0.9838906574542754,0.4081322790778967,oculta,True,-0.00020935816424470094,0.0002150111847974978,-0.00011718320797329818,-0.00046873283189322046,-0.0007020273223716025,-0.0002655930617919012,10,72,-0.001326792041234981,-0.0019066338837169239,True
11294684000106,0.1732641084892826,0.0981063001701265,0.3003027684121949,0.7138843773227365,0.0833333333333333,1.5139404881252137e-17,12,12,0.670107438808913,0.9007514977690416,baixo_baixo,False,0.1512948856192255,0.0906730917348844,0.2753160874109269,0.7177323655278006,0.0666666666666666,0.0,15,15,0.7365567482078268,0.9197104413145296,baixo_baixo,False,-0.021969222870057092,-0.007433208435242103,-0.024986681001267996,0.0038479882050641567,-0.016666666666666705,-1.5139404881252137e-17,3,3,0.0664493093989138,0.018958943545487994,True
11297536000137,0.6269757565348085,0.5930644616743366,0.7876152559619701,0.8979914858119584,0.0833333333333333,1.5139404881252137e-17,12,12,0.9454122141861476,0.4140088836787964,critico,False,0.4783328394370221,0.4410708993968094,0.6797424900329158,0.8547426325036396,0.0703125,0.00390625,15,16,0.9384501259250204,0.4648376915675559,critico,False,-0.14864291709778643,-0.1519935622775272,-0.10787276592905437,-0.043248853308318846,-0.013020833333333301,0.003906249999999985,3,4,-0.006962088261127208,0.050828807888759486,True
11298607000116,0.1417879951058883,0.0191862801210152,0.1927161159686463,0.6406084237917833,0.125,0.0,8,8,0.5503692545655212,0.446831554310395,baixo_baixo,False,0.1417879951058883,0.0191862801210152,0.1927161159686463,0.6406084237917833,0.125,0.0,8,8,0.5657246033467157,0.4886048896400158,baixo_baixo,False,0.0,0.0,0.0,0.0,0.0,0.0,0,0,0.015355348781194489,0.0417733353296208,True
11299994000105,0.2614741007227126,0.0768426259033907,0.3183023591244598,0.977895669505246,0.2,3.4694469519536136e-17,5,5,0.7364055958853766,0.4920333193295616,baixo_baixo,False,0.2614741007227126,0.0768426259033907,0.3183023591244598,0.977895669505246,0.2,3.4694469519536136e-17,5,5,0.7404791505704866,0.550860140584854,baixo_baixo,False,0.0,0.0,0.0,0.0,0.0,0.0,0,0,0.004073554685110059,0.05882682125529237,True
11299998000193,0.2275922022481732,0.22222825920823,0.4680386051952343,0.5615754115026735,0.0233053228283534,0.0165227209035503,145,566,0.9554565932720922,0.9967013030657704,oculta,True,0.2073172373064845,0.2018879033154331,0.4451945153801818,0.543703385505628,0.0239069999922706,0.0172214314990669,147,623,0.9560104786733872,0.9969343462053816,oculta,True,-0.020274964941688706,-0.020340355892796896,-0.022844089815052537,-0.017872025997045515,0.0006016771639172011,0.0006987105955165995,2,57,0.0005538854012949734,0.0002330431396111443,True
11301643000191,0.3615680956077517,0.2019601195096896,0.5306117673643841,0.9578680644457154,0.2839506172839506,0.1049382716049382,5,9,0.7628113140132591,0.5173113298444961,baixo_baixo,False,0.281409400138163,0.1376912801657956,0.4394215831950535,0.944184782587694,0.2307692307692308,0.0769230769230769,6,13,0.7642196068778606,0.5182604647262358,baixo_baixo,False,-0.0801586954695887,-0.06426883934389399,-0.09119018416933061,-0.013683281858021368,-0.05318138651471979,-0.028015194681861297,1,4,0.0014082928646015347,0.0009491348817396439,True
11301658000150,0.1440922932632464,0.1215684062438581,0.2190006979264804,0.6859315631113632,0.0377854671280276,0.0124640320524494,39,85,0.936196918032334,0.9594130243121636,oculta,True,0.1431600432217402,0.1206116233065228,0.2182130427820486,0.6834645503140148,0.0379648760330578,0.0126481622444541,39,88,0.9346602242251764,0.958694505479555,oculta,True,-0.0009322500415062107,-0.0009567829373353098,-0.0007876551444317981,-0.0024670127973484,0.00017940890503020251,0.0001841301920046997,0,3,-0.0015366938071575964,-0.000718518832608539,True
11303923000139,0.4226430636077415,0.4184287794004988,0.6458905209349507,0.7433067623605453,0.0170450789873752,0.0098702255493268,138,492,0.9565951196681654,0.6090794994552162,critico,False,0.4042374183477199,0.4001568527199646,0.6316769377061745,0.7254067529441983,0.0158720250789786,0.0091314225110264,147,537,0.9513211091628798,0.614695703548158,critico,False,-0.018405645260021586,-0.01827192668053418,-0.014213583228776194,-0.01790000941634695,-0.0011730539083966013,-0.000738803038300399,9,45,-0.005274010505285531,0.005616204092941723,True
11306530000189,0.1023392216836154,0.089138327884845,0.1610693929272627,0.5831755978560209,0.0185582628456002,0.0041252961227414,69,89,0.8960947173793062,0.5798025595461828,baixo_baixo,False,0.0970384389609879,0.0848362557037039,0.156738023132126,0.56749323186514,0.0171112764374535,0.0038289963893109,75,97,0.8863118762986124,0.581449144268524,baixo_baixo,False,-0.0053007827226274895,-0.004302072181141106,-0.00433136979513668,-0.01568236599088091,-0.0014469864081467013,-0.00029629973343050023,6,8,-0.009782841080693827,0.0016465847223412489,True
11306532000178,0.1313079271458684,0.0878733235031618,0.2711131794816611,0.6075523161604355,0.0781893004115226,0.0320987654320987,21,81,0.6669122251107351,0.7054500547446603,baixo_baixo,False,0.1313079271458684,0.0878733235031618,0.2711131794816611,0.6075523161604355,0.0781893004115226,0.0320987654320987,21,81,0.6696974754621173,0.7036271711110347,baixo_baixo,False,0.0,0.0,0.0,0.0,0.0,0.0,0,0,0.002785250351382218,-0.0018228836336255938,True
11307015000113,0.0537821192093393,0.0362595658613641,0.1293160676260515,0.374858242764079,0.0247060377857048,0.0066450384854401,55,87,0.5234973311673757,0.6863292474931423,baixo_baixo,False,0.0514304343375307,0.0353529840720651,0.1100643563371324,0.3881085931752134,0.0226988754685547,0.0061344496290387,60,98,0.5506017812405827,0.7192020702263938,baixo_baixo,False,-0.0023516848718085973,-0.0009065817892989977,-0.0192517112889191,0.013250350411134426,-0.002007162317150101,-0.0005105888564014005,5,11,0.027104450073206943,0.03287282273325154,True
11307776000175,0.303354613646643,0.2801331007681977,0.4499286711800116,0.9207523964037322,0.0372534696859021,0.0051619186754322,31,37,0.914596334186031,0.9554028070708378,baixo_baixo,False,0.2959372834847558,0.2791738854724881,0.4443740729955258,0.9093852399697762,0.0307438016528925,0.0076662731208185,43,55,0.9164825428397284,0.9627864920915136,baixo_baixo,False,-0.007417330161887226,-0.0009592152957095812,-0.005554598184485837,-0.011367156433956027,-0.006509668033009602,0.0025043544453862993,12,18,0.0018862086536973743,0.007383685020675768,True
11308894000106,0.5695485222438073,0.5547053678384213,0.7431985005732141,0.9162143105423356,0.0333333333333333,0.0,30,30,0.961526547648088,0.818078567395596,critico,False,0.4303042756885668,0.4125012843038345,0.6388816917643229,0.8823894150216255,0.0311418685121107,0.0008650519031141,33,34,0.9574163299107046,0.7556250505939031,critico,False,-0.13924424655524048,-0.1422040835345868,-0.10431680880889127,-0.03382489552071011,-0.0021914648212225975,0.0008650519031141,3,4,-0.004110217737383404,-0.062453516801692976,True
11310394000109,0.1028336553694891,0.0970078998848754,0.297289207949069,0.440170424895204,0.0145421102726495,0.0081430330666277,155,499,0.9478845788948768,0.9943258824327592,oculta,True,0.0827594541382771,0.0775478601276991,0.259708577473642,0.399914123444107,0.0157483930211202,0.0101560543451039,177,660,0.9460844369588294,0.9951448269437864,oculta,True,-0.020074201231212008,-0.019460039757176306,-0.03758063047542698,-0.04025630145109704,0.001206282748470698,0.002013021278476199,22,161,-0.0018001419360473836,0.0008189445110271532,True
11312860000187,0.203665202641751,0.1617528448860536,0.4053146440677844,0.6763506314380147,0.0537190082644628,0.0039147455415397,20,22,0.96208920854768,0.8197282435720783,oculta,True,0.203665202641751,0.1617528448860536,0.4053146440677844,0.6763506314380147,0.0537190082644628,0.0039147455415397,20,22,0.9600995315474524,0.8173176934955008,oculta,True,0.0,0.0,0.0,0.0,0.0,0.0,0,0,-0.0019896770002275632,-0.0024105500765775334,True
11313552000176,0.448086596802456,0.3979126510572247,0.6521864444258058,0.8896250320881847,0.0887573964497041,0.0059171597633136,12,13,0.7109093798132452,0.4445904890974064,hhi_alto,False,0.3304998626638035,0.2747081845524538,0.5290407266624562,0.8761039000309945,0.0816326530612245,0.0051020408163265,13,14,0.7016950243532017,0.4326818720901682,baixo_baixo,False,-0.1175867341386525,-0.12320446650477085,-0.1231457177633496,-0.013521132057190188,-0.0071247433884795985,-0.0008151189469870999,1,1,-0.009214355460043455,-0.01190861700723822,False
11315054000162,0.2166943895932153,0.0208679869915192,0.2697403908984731,0.9066598291890876,0.2,3.4694469519536136e-17,5,5,0.7909355907838174,0.3965645695364238,baixo_baixo,False,0.2166943895932153,0.0208679869915192,0.2697403908984731,0.9066598291890876,0.2,3.4694469519536136e-17,5,5,0.7823556776004333,0.3939165594559823,baixo_baixo,False,0.0,0.0,0.0,0.0,0.0,0.0,0,0,-0.008579913183384025,-0.0026480100804415208,True
11315213000129,0.0631408993633003,0.0576621911724425,0.1950375364921685,0.3980306091002372,0.0093134113122896,0.0035199224895545,172,316,0.9053132377570527,0.5361993039372783,baixo_baixo,False,0.057020588553644,0.0518676955949207,0.1838767161161162,0.3752537210599352,0.0094459066458974,0.0040330427477875,184,361,0.902747987724288,0.5434351080832923,baixo_baixo,False,-0.006120310809656304,-0.005794495577521798,-0.011160820376052316,-0.02277688804030198,0.00013249533360780094,0.0005131202582330002,12,45,-0.0025652500327647543,0.007235804146013991,True
11318061000118,0.3517542533545477,0.2977337744674267,0.565901055345137,0.8518646785141362,0.0816326530612245,0.0051020408163265,13,14,0.8014024839049757,0.7815781564632636,baixo_baixo,False,0.2968356904742013,0.2382386646803847,0.5126519036489182,0.7795487819518425,0.0859375,0.0097656249999999,13,16,0.7911581293824757,0.7684165160653408,baixo_baixo,False,-0.05491856288034641,-0.059495109787042005,-0.0532491516962188,-0.07231589656229365,0.004304846938775503,0.0046635841836733995,0,2,-0.010244354522500054,-0.01316164039792278,True
11319184000173,0.5779439354271588,0.5251869273555537,0.7524781130164243,0.9090666758060768,0.1239669421487603,0.0144628099173553,9,11,0.8375457306243557,0.8490200230917643,hhi_alto,False,0.5779439354271588,0.5251869273555537,0.7524781130164243,0.9090666758060768,0.1239669421487603,0.0144628099173553,9,11,0.8378412008273014,0.8633390566139652,hhi_alto,False,0.0,0.0,0.0,0.0,0.0,0.0,0,0,0.00029547020294573567,0.014319033522200875,True
11320964000133,0.3761386597697316,0.3710250422268605,0.6027927077652169,0.7762123674971656,0.0168005843681519,0.0087415727646122,123,333,0.9201291401701218,0.9166736181191584,hhi_alto,False,0.3019736061311874,0.2972572115780197,0.5283565528417812,0.759109752887251,0.0173611111111111,0.0107216591591591,149,432,0.918628023403986,0.9128587262349456,baixo_baixo,False,-0.0741650536385442,-0.0737678306488408,-0.0744361549234357,-0.01710261460991458,0.0005605267429591998,0.001980086394546901,26,99,-0.001501116766135846,-0.003814891884212801,False
11323077000119,0.0992275827276416,0.0429293066481192,0.2192625944089782,0.4915987996555602,0.0588235294117647,0.0,17,17,0.7408515923764214,0.5385110365337419,baixo_baixo,False,0.1016280353930218,0.0454797876050857,0.207687701996489,0.5160568904672955,0.0637119113573407,0.0051939058171745,17,19,0.7815910172741081,0.6312229157959557,baixo_baixo,False,0.0024004526653802066,0.0025504809569665,-0.011574892412489185,0.024458090811735334,0.004888381945575997,0.0051939058171745,0,2,0.04073942489768667,0.0927118792622138,True
11323261000169,0.3467868981233196,0.3242623084034341,0.4724606475236738,0.9244254322673108,0.0333333333333333,0.0,30,30,0.9927693340675507,0.4524996029395915,oculta,True,0.3446666699334838,0.3235268850926284,0.4710079566928312,0.9215830699323924,0.03125,0.0,32,32,0.992188675362146,0.4537539183333747,oculta,True,-0.00212022818983576,-0.0007354233108057273,-0.0014526908308425956,-0.0028423623349184135,-0.002083333333333298,0.0,2,2,-0.0005806587054046908,0.0012543153937831786,True
11323964000197,0.0459900659793372,0.0399520284222444,0.146444931971418,0.3399445431001874,0.0248955634903965,0.01872401642388,159,828,0.8953048829235322,0.9337667463673592,baixo_baixo,False,0.0437166016984643,0.0380244386133361,0.138076040526217,0.3302577840431656,0.0245303958338628,0.0187240291423977,169,909,0.8968501408009152,0.9372742643951414,baixo_baixo,False,-0.002273464280872897,-0.0019275898089083018,-0.008368891445201004,-0.009686759057021821,-0.0003651676565336985,1.2718517700821552e-08,10,81,0.0015452578773830217,0.0035075180277821527,True
11323985000102,0.1475138728144998,0.1434736542022463,0.3656269511162411,0.5099632991128932,0.0182963764196863,0.0136437526112488,212,860,0.9350888969378496,0.7541626417638636,oculta,True,0.1225149374811376,0.118562302064386,0.3291205836657742,0.4664514727436131,0.0182425523524799,0.0138202215072208,223,934,0.927071668147064,0.7504260701613792,oculta,True,-0.024998935333362185,-0.024911352137860304,-0.036506367450466926,-0.04351182636928008,-5.3824067206397624e-05,0.00017646889597200052,11,74,-0.008017228790785591,-0.0037365716024844176,True
11324516000108,0.031363590305233,0.022477017739226,0.0698116166417304,0.2435029282453463,0.0278222222222222,0.0189031600407747,110,600,0.7953106518747761,0.6683982490366821,baixo_baixo,False,0.0306215193992862,0.0218089877574615,0.0686888242546328,0.2395866282479845,0.0277324813607935,0.0188936857368007,111,601,0.7912932604956608,0.680061705816168,baixo_baixo,False,-0.0007420709059468011,-0.0006680299817644966,-0.0011227923870976014,-0.003916299997361816,-8.974086142870055e-05,-9.47430397399765e-06,1,1,-0.004017391379115276,0.011663456779485881,True
11326603000102,0.3540074349931987,0.3136328996802736,0.5821604942097972,0.7461338409540094,0.0617283950617283,0.0030864197530864,17,18,0.8547628157993047,0.5629064643551173,baixo_baixo,False,0.1927732260519475,0.1576764097933365,0.3212063407943506,0.768528442867097,0.0432,0.0016,24,25,0.906693540736174,0.7395010089137958,baixo_baixo,False,-0.1612342089412512,-0.15595648988693708,-0.2609541534154466,0.02239460191308762,-0.0185283950617283,-0.0014864197530864,7,7,0.051930724936869344,0.1765945445586785,True
11328999000119,0.1727798948256305,0.1498015585707869,0.2765043338982068,0.774102410972956,0.0489408327246165,0.0225225225225225,37,74,0.7238276138567611,0.4304351264681992,baixo_baixo,False,0.1727798948256305,0.1498015585707869,0.2765043338982068,0.774102410972956,0.0489408327246165,0.0225225225225225,37,74,0.7174353578167947,0.4278507912582621,baixo_baixo,False,0.0,0.0,0.0,0.0,0.0,0.0,0,0,-0.006392256039966404,-0.0025843352099371164,True
11329956000158,0.0472491812797394,0.0408548804829591,0.1155401939640598,0.3541976295885453,0.0188358478834826,0.0122508535739758,150,577,0.9499339853905688,0.9984094346178224,oculta,True,0.0449951831019325,0.0393775077084144,0.1113152830529264,0.3465359979575487,0.0190731271812352,0.0133029691058307,171,666,0.9470398999068674,0.9982456489599424,oculta,True,-0.0022539981778069013,-0.0014773727745446968,-0.004224910911133403,-0.00766163163099659,0.00023727929775260032,0.0010521155318548997,21,89,-0.002894085483701403,-0.0001637856578800001,True
11331930000144,0.22189749706313,0.066276996475756,0.2833396297695504,0.8802417831507368,0.1666666666666666,3.3306690738754695e-17,6,6,0.8478591439265244,0.5682289021433736,baixo_baixo,False,0.22189749706313,0.066276996475756,0.2833396297695504,0.8802417831507368,0.1666666666666666,3.3306690738754695e-17,6,6,0.8410268979450335,0.5647332615069773,baixo_baixo,False,0.0,0.0,0.0,0.0,0.0,0.0,0,0,-0.006832245981490903,-0.003495640636396291,True
11333647000151,0.1901801620534556,0.1838036278963962,0.4253471391338386,0.5375132336123233,0.0252831882706229,0.0176082527451947,128,479,0.9502611878503484,0.9944850739460775,oculta,True,0.1694567024452039,0.1631647077667584,0.3979500545116732,0.5269262763030997,0.0276645992602132,0.0202984219818815,133,551,0.9514133041018256,0.9950741416249445,oculta,True,-0.0207234596082517,-0.020638920129637806,-0.02739708462216539,-0.010586957309223544,0.002381410989590299,0.0026901692366868013,5,72,0.0011521162514771532,0.0005890676788669058,True
11335530000107,0.0667785263037584,0.0393308359009277,0.1208714941019531,0.3899837760426823,0.0437317784256559,0.0156062424969987,35,49,0.6785444899047823,0.7194968199945914,baixo_baixo,False,0.0630386172063014,0.0377153365902555,0.1207238357938074,0.3782081370068905,0.046639231824417,0.0208727245764282,38,54,0.697027409500529,0.7472069258517571,baixo_baixo,False,-0.0037399090974570004,-0.0016154993106722026,-0.00014765830814569836,-0.011775639035791818,0.002907453398761105,0.005266482079429499,3,5,0.01848291959574666,0.027710105857165712,True
11335591000174,0.0762574682717409,0.0342691713750019,0.1293554884061952,0.4173870425906567,0.048469387755102,0.0052179962894248,23,28,0.7986094744251151,0.4858582073321948,baixo_baixo,False,0.0641014567094735,0.0348546272316445,0.1064845224143258,0.3773243556910832,0.0332409972299168,0.0030297783933517,33,38,0.8092534031552937,0.5950445273587184,baixo_baixo,False,-0.012156011562267408,0.0005854558566426027,-0.022870965991869413,-0.040062686899573485,-0.015228390525185195,-0.0021882178960731,10,10,0.010643928730178609,0.10918632002652356,True
11336672000199,0.7540415688837309,0.7442032316390801,0.8668100528142609,0.943606497627622,0.064625850340136,0.0272108843537414,26,42,0.9880183507380672,0.9380750304948448,critico,False,0.7094904000981007,0.7004119751011664,0.8399497300653861,0.936091710955787,0.0566893424036281,0.0272108843537414,33,63,0.985141815892354,0.9384597772490186,critico,False,-0.044551168785630146,-0.043791256537913714,-0.026860322748874843,-0.007514786671835028,-0.007936507936507901,0.0,7,21,-0.0028765348457132633,0.0003847467541738814,True
11337362000199,0.4276077889709229,0.3458374731096262,0.5052342011178839,0.9629696658113814,0.125,0.0,8,8,0.9395869043131856,0.6333613310155426,critico,False,0.4276077889709229,0.3458374731096262,0.5052342011178839,0.9629696658113814,0.125,0.0,8,8,0.937339233705939,0.6295640305874877,critico,False,0.0,0.0,0.0,0.0,0.0,0.0,0,0,-0.0022476706072466213,-0.0037973004280549283,True
11342435000130,0.1597382913088469,0.1307637496298416,0.2395273809036323,0.781826240868588,0.0550233905101359,0.0224379901828992,30,67,0.6413936800475379,0.5277645313695173,baixo_baixo,False,0.1370262203616127,0.1082604277069998,0.2122397704621828,0.6927584699388496,0.0549821730155751,0.023481578782761,31,73,0.6437289457201808,0.5628229355576515,baixo_baixo,False,-0.02271207094723421,-0.02250332192284181,-0.027287610441449506,-0.08906777092973839,-4.121749456079821e-05,0.0010435885998618007,1,6,0.002335265672642861,0.03505840418813422,True
11344805000179,0.0913563171706428,0.0610681944096642,0.2430215541755259,0.4492118074041397,0.0423553719008264,0.0104338842975206,31,44,0.6420251214027194,0.5935558333409662,baixo_baixo,False,0.0913563171706428,0.0610681944096642,0.2430215541755259,0.4492118074041397,0.0423553719008264,0.0104338842975206,31,44,0.6386300241942287,0.5918488636107825,baixo_baixo,False,0.0,0.0,0.0,0.0,0.0,0.0,0,0,-0.0033950972084907383,-0.001706969730183694,True
11344960000195,0.3610445359304042,0.3569747559044833,0.5969073060732043,0.6776023000349467,0.0149407202216066,0.0086664572930818,158,475,0.9221323277098944,0.617795767168828,baixo_baixo,False,0.30786624156918,0.3038186757304033,0.5493613825054581,0.6431362655571893,0.0146585748269896,0.0088963442704223,172,544,0.9225205854129098,0.6445230940702913,baixo_baixo,False,-0.053178294361224177,-0.05315608017408002,-0.04754592356774623,-0.03446603447775742,-0.0002821453946169998,0.0002298869773404988,14,69,0.0003882577030154266,0.02672732690146329,True
11347518000112,0.3671147193122059,0.3520460221529728,0.5868047001856348,0.7993504724266828,0.0366512345679012,0.0137143592004703,43,72,0.9010764162668402,0.7983301419898489,baixo_baixo,False,0.3564423602017381,0.3427496444613496,0.5781373072144196,0.787543674246544,0.0358542604151546,0.0153405212750515,48,83,0.894987481092066,0.792177491338474,hhi_alto,False,-0.010672359110467822,-0.009296377691623225,-0.008667392971215215,-0.011806798180138744,-0.0007969741527466059,0.0016261620745811993,5,11,-0.006088935174774157,-0.006152650651374825,False
11348410000144,0.2367505337657341,0.0459381672071676,0.338295484858311,0.885646596667613,0.2,3.4694469519536136e-17,5,5,0.7561824141587051,0.6785471937058208,baixo_baixo,False,0.2367505337657341,0.0459381672071676,0.338295484858311,0.885646596667613,0.2,3.4694469519536136e-17,5,5,0.7857506011374213,0.6837688432952487,baixo_baixo,False,0.0,0.0,0.0,0.0,0.0,0.0,0,0,0.029568186978716215,0.005221649589427835,True
11352368000135,0.1798450493388617,0.1549918690157969,0.3415568802705626,0.6988686915060913,0.03625,0.0070454545454545,34,40,0.8559767743181812,0.6036043741088231,baixo_baixo,False,0.1798450493388617,0.1549918690157969,0.3415568802705626,0.6988686915060913,0.03625,0.0070454545454545,34,40,0.8521083323993037,0.600130306878842,baixo_baixo,False,0.0,0.0,0.0,0.0,0.0,0.0,0,0,-0.0038684419188774744,-0.003474067229981115,True
11354232000164,0.0889120452734831,0.0636040465310799,0.232190293305969,0.4908749014805071,0.0291493158834027,0.0021812413246083,37,41,0.8269146125668552,0.7765335753237177,baixo_baixo,False,0.0873538033678951,0.0626876899454057,0.2300329011845651,0.4863139457662498,0.028344671201814,0.0020837163694306,38,42,0.819986078694545,0.7756377795542451,baixo_baixo,False,-0.0015582419055880092,-0.0009163565856741968,-0.002157392121403895,-0.004560955714257298,-0.0008046446815886989,-9.752495517769983e-05,1,1,-0.006928533872310183,-0.0008957957694726293,True
11355483000163,0.2115288723681566,0.2066009278204575,0.4287227385218063,0.6960371595406732,0.0198022108586005,0.0136759746764668,161,586,0.9488092175001044,0.7644066683977161,oculta,True,0.1705435393940938,0.1656929168174511,0.3683064776761945,0.6549882765160434,0.0195303778149618,0.0137966373343475,172,617,0.9409831216314656,0.7150711745313044,oculta,True,-0.04098533297406279,-0.040908011003006395,-0.0604162608456118,-0.041048883024629834,-0.0002718330436386994,0.00012066265788070012,11,31,-0.007826095868638805,-0.04933549386641167,True
11355924000127,0.1504951554340429,0.1418267386527576,0.317207080620665,0.6344736561611087,0.015580686950737,0.005535591919622,99,169,0.8952649038444994,0.5293980068580316,baixo_baixo,False,0.1333594266228007,0.1256215643605043,0.2975252643542419,0.5951063321341208,0.0149724574728821,0.0061775687003185,113,203,0.8814225539600646,0.541130238360199,baixo_baixo,False,-0.0171357288112422,-0.016205174292253294,-0.01968181626642307,-0.03936732402698795,-0.0006082294778548998,0.0006419767806964995,14,34,-0.01384234988443478,0.0117322315021674,True
11356696000100,0.9275256969359328,0.9033675959145772,0.9624300330409804,1.0,0.5833333333333333,0.4444444444444443,4,12,0.9981203878745908,0.9664088640126144,critico,False,0.8642657687044074,0.8371189224452888,0.9283958060014292,0.9983592611299258,0.4387755102040817,0.326530612244898,6,14,0.9954609553217296,0.9510109049371792,critico,False,-0.06325992823152538,-0.06624867346928831,-0.03403422703955117,-0.0016407388700742098,-0.14455782312925158,-0.11791383219954632,2,2,-0.002659432552861163,-0.015397959075435175,True
11359214000175,0.0425069778478205,0.0358112224481549,0.1122173242759676,0.322785797089081,0.0226733269564601,0.0158388746974143,144,582,0.9567483784594316,0.9982370512459856,oculta,True,0.0459259947674466,0.0394795487861455,0.1276169229815765,0.3391589317777221,0.0237307871936265,0.0171343735935834,149,691,0.9592125955861852,0.9972629802325658,oculta,True,0.0034190169196260944,0.0036683263379906003,0.015399598705608905,0.0163731346886411,0.0010574602371664008,0.0012954988961690998,5,109,0.0024642171267535984,-0.0009740710134198416,True
11359904000124,0.3812553080686275,0.3125058978540306,0.5611016102755233,0.9087602517323736,0.1074380165289256,0.0082644628099173,10,11,0.920192059695931,0.6737398754567598,hhi_alto,False,0.3811704906033353,0.3192875396636689,0.5610391838532853,0.9086591458896016,0.1005917159763313,0.0106508875739645,11,13,0.9176154725286652,0.7108696576092874,hhi_alto,False,-8.481746529220846e-05,0.006781641809638306,-6.242642223797112e-05,-0.00010110584277200907,-0.006846300552594289,0.0023864247640472003,1,2,-0.0025765871672658314,0.0371297821525276,True
11360515000119,0.1049139696115623,0.0836023974594567,0.1880986239944305,0.573757514695334,0.0262390670553935,0.0030542829376648,43,49,0.8574181962030434,0.5816678647145398,baixo_baixo,False,0.1049139696115623,0.0836023974594567,0.1880986239944305,0.573757514695334,0.0262390670553935,0.0030542829376648,43,49,0.8536902668145424,0.5832523953633088,baixo_baixo,False,0.0,0.0,0.0,0.0,0.0,0.0,0,0,-0.0037279293885009723,0.0015845306487689559,True
11364800000108,0.3373973837689095,0.1165298450252126,0.4529728629463258,1.0,0.4027777777777778,0.2037037037037038,4,12,0.8684276706366685,0.669404079911219,baixo_baixo,False,0.3818719417150137,0.2273399271437671,0.5421248926370643,0.9879742559532388,0.3775510204081633,0.2219387755102041,5,14,0.8787854312498953,0.7117647611686772,hhi_alto,False,0.04447455794610422,0.1108100821185545,0.08915202969073849,-0.012025744046761155,-0.025226757369614494,0.018235071806500303,1,2,0.010357760613226796,0.04236068125745818,False
11364954000108,0.0354325825131381,0.0218471259288161,0.0724273279271433,0.2568082183575186,0.0323900118906064,0.0187617021989248,72,145,0.925244500386726,0.9977246937127008,oculta,True,0.0346711312374416,0.0212637858379617,0.0697311493283025,0.2483819935944839,0.0316828254847645,0.0182339758387196,73,152,0.9311614941883224,0.9979742791244854,oculta,True,-0.0007614512756964967,-0.0005833400908543986,-0.002696178598840804,-0.008426224763034701,-0.0007071864058419003,-0.0005277263602051982,1,7,0.005916993801596382,0.00024958541178465854,True
11366503000100,0.2064346083465925,0.1342923000144645,0.3859551925516242,0.7389843276380684,0.0918367346938775,0.0092764378478664,12,14,0.6263241001068756,0.4037753197393564,baixo_baixo,False,0.1797170811004394,0.1113601711921427,0.3525110594489754,0.6950898088062378,0.0844444444444444,0.0081481481481481,13,15,0.6226597795040384,0.4493309840478618,baixo_baixo,False,-0.02671752724615309,-0.02293212882232179,-0.03344413310264882,-0.0438945188318306,-0.007392290249433095,-0.0011282896997183,1,1,-0.0036643206028371678,0.04555566430850544,True
11370658000101,0.1137987666820048,0.089182065756505,0.2953989598660423,0.4816341230484355,0.0372933487120338,0.010551497287368,37,51,0.8835894980396765,0.5452803438667503,baixo_baixo,False,0.0801508055003718,0.0587589637678223,0.1869982808275476,0.4871912744066206,0.0394297170862107,0.0170908732975179,44,67,0.9010339999860558,0.5802904821361033,baixo_baixo,False,-0.03364796118163299,-0.0304231019886827,-0.10840067903849471,0.005557151358185075,0.0021363683741769043,0.0065393760101498995,7,16,0.017444501946379365,0.035010138269353064,True
11375809000114,0.1262359532536407,0.1199498809748899,0.3338708869489089,0.4990414375501996,0.0186311557678701,0.0115709482554088,140,427,0.8345596774445464,0.7533598727752976,baixo_baixo,False,0.107867676756961,0.1018802115002963,0.2749059659084874,0.5208681399971083,0.0184007446501199,0.0118128301846844,150,467,0.8175509367458554,0.7076031415874313,baixo_baixo,False,-0.0183682764966797,-0.018069669474593597,-0.05896492104042145,0.021826702446908763,-0.00023041111775020176,0.00024188192927560026,10,40,-0.01700874069869096,-0.04575673118786627,True
11380216000146,0.4593447572045742,0.4052792329250316,0.6548868071766968,0.9126658165604526,0.0909090909090909,0.0,11,11,0.9125723115718368,0.4974371062062606,hhi_alto,False,0.4593447572045742,0.4052792329250316,0.6548868071766968,0.9126658165604526,0.0909090909090909,0.0,11,11,0.9112680890199224,0.5100200118468977,hhi_alto,False,0.0,0.0,0.0,0.0,0.0,0.0,0,0,-0.0013042225519144246,0.012582905640637132,True
11381097000146,0.0951796998162946,0.0348583464707142,0.1435468879535446,0.5140002812125752,0.0625,0.0,16,16,0.7385324324822687,0.6100084150388807,baixo_baixo,False,0.0988305760708316,0.0514006063903491,0.2028944335154833,0.5072360837887084,0.0555555555555555,0.0058479532163742,20,24,0.7814102744042117,0.5159758939914506,baixo_baixo,False,0.003650876254537,0.0165422599196349,0.05934754556193872,-0.006764197423866802,-0.006944444444444503,0.0058479532163742,4,8,0.042877841921942994,-0.0940325210474301,True
11381861000183,0.7617844772301632,0.702230596537704,0.8672397325692455,0.9952244508118432,0.2,3.4694469519536136e-17,5,5,0.9512731898771009,0.4648293452753689,critico,False,0.7617844772301632,0.702230596537704,0.8672397325692455,0.9952244508118432,0.2,3.4694469519536136e-17,5,5,0.9487425147808556,0.4624446282927021,critico,False,0.0,0.0,0.0,0.0,0.0,0.0,0,0,-0.0025306750962452718,-0.0023847169826667902,True
11382690000107,0.2489163706926871,0.0986996448312245,0.3415544103682407,0.926002799995496,0.1666666666666666,3.3306690738754695e-17,6,6,0.8011888961620655,0.6590955990281719,baixo_baixo,False,0.2489163706926871,0.0986996448312245,0.3415544103682407,0.926002799995496,0.1666666666666666,3.3306690738754695e-17,6,6,0.7958907575512864,0.6576759694815553,baixo_baixo,False,0.0,0.0,0.0,0.0,0.0,0.0,0,0,-0.005298138610779102,-0.0014196295466166742,True
11386903000179,0.138637427409611,0.0994845832009569,0.2378029266819418,0.650996750389866,0.0546875,0.01171875,23,32,0.4053497977150434,0.6833401362964406,baixo_baixo,False,0.9059105820112588,0.902291758242461,0.951651252383622,0.9760211334251008,0.04875,0.0121634615384615,27,40,0.9358712016683988,0.4064668864337582,critico,False,0.7672731546016478,0.8028071750415041,0.7138483257016802,0.32502438303523473,-0.005937499999999998,0.00044471153846149976,4,8,0.5305214039533553,-0.2768732498626824,False
11389851000194,0.3730172936568922,0.3103190230225813,0.5889240505238057,0.8338239560123533,0.0909090909090909,0.0,11,11,0.9181473324508924,0.8666416902254032,hhi_alto,False,0.3730172936568922,0.3103190230225813,0.5889240505238057,0.8338239560123533,0.0909090909090909,0.0,11,11,0.9237423615259508,0.8741085949353976,hhi_alto,False,0.0,0.0,0.0,0.0,0.0,0.0,0,0,0.0055950290750583775,0.0074669047099944486,True
11391279000106,0.3257308639256811,0.2644336697371067,0.4541851946859279,0.942947748109242,0.0833333333333333,1.5139404881252137e-17,12,12,0.6475909055604876,0.5554359350318231,baixo_baixo,False,0.3257308639256811,0.2644336697371067,0.4541851946859279,0.942947748109242,0.0833333333333333,1.5139404881252137e-17,12,12,0.6429366003717868,0.5522484424111848,baixo_baixo,False,0.0,0.0,0.0,0.0,0.0,0.0,0,0,-0.0046543051887008025,-0.0031874926206383325,True
11391482000174,0.0471637808778116,0.0383412232933469,0.1374781676637243,0.3264274632602562,0.0304869248721351,0.0215099519542845,109,533,0.9446879191914996,0.997822002862458,oculta,True,0.0471213261105003,0.0389068547838666,0.1405316362772784,0.3248644586457382,0.0313212872285117,0.0229706086701367,117,614,0.9432936616815168,0.99787327979692,oculta,True,-4.245476731129516e-05,0.0005656314905196982,0.0030534686135541,-0.001563004614517971,0.0008343623563766001,0.0014606567158521981,8,81,-0.001394257509982788,5.127693446194126e-05,True
11395609000123,0.2060735403712967,0.1338984076777783,0.3694871209203513,0.7484716379275305,0.1171875,0.0369318181818181,12,16,0.9168507582629504,0.5813743632373544,baixo_baixo,False,0.2060735403712967,0.1338984076777783,0.3694871209203513,0.7484716379275305,0.1171875,0.0369318181818181,12,16,0.913349811416142,0.5792758026898398,baixo_baixo,False,0.0,0.0,0.0,0.0,0.0,0.0,0,0,-0.0035009468468083504,-0.0020985605475145608,True
11395801000110,0.0617118133312198,0.0561267646010485,0.1756495559349454,0.4151713009160791,0.0183769547325102,0.0125339604154418,169,675,0.9474774619904768,0.992972292397449,oculta,True,0.0580127918010898,0.0525361219859799,0.1692585638055714,0.4000653332273289,0.0179134598414683,0.0122036543754304,173,722,0.946231230038168,0.9933438120555604,oculta,True,-0.003699021530129999,-0.0035906426150685983,-0.0063909921293740235,-0.015105967688750221,-0.0004634948910418983,-0.0003303060400113994,4,47,-0.001246231952308774,0.00037151965811144105,True
11396412000109,0.1958482654055193,0.1422381497658872,0.3789482720903914,0.6936889483234872,0.0625,0.0,16,16,0.7516239929615668,0.7400307803004053,baixo_baixo,False,0.1409705217157562,0.1091546151126361,0.2928337228220824,0.6177188889397304,0.0368608799048751,0.0011890606420927,28,29,0.7654125048393451,0.77531078658002,baixo_baixo,False,-0.054877743689763114,-0.03308353465325109,-0.08611454926830897,-0.07597005938375678,-0.025639120095124902,0.0011890606420927,12,13,0.013788511877778298,0.035280006279614695,True
11399310000147,0.355233546094921,0.140311394793228,0.4916794042441896,1.0,0.28,0.04,4,5,0.9080802535209568,0.808865641811361,baixo_baixo,False,0.355233546094921,0.140311394793228,0.4916794042441896,1.0,0.28,0.04,4,5,0.9050855358761932,0.8102871716865181,hhi_alto,False,0.0,0.0,0.0,0.0,0.0,0.0,0,0,-0.002994717644763556,0.0014215298751570904,False
11400251000180,0.1104221170249946,0.0762075830644175,0.2593343412907731,0.5328472206752024,0.0422222222222222,0.0053846153846153,27,30,0.6399728477429956,0.6244942145312398,baixo_baixo,False,0.0723771359967313,0.0491865643966496,0.1689284084507001,0.4392682786860271,0.0268595041322314,0.0025309917355371,41,44,0.6533511897945562,0.6800959261337213,baixo_baixo,False,-0.0380449810282633,-0.027021018667767897,-0.090405932840073,-0.09357894198917532,-0.015362718089990804,-0.0028536236490782,14,14,0.013378342051560632,0.05560171160248151,True
11407443000118,0.1715839070453679,0.1673999873839809,0.386693363515168,0.5910195523073104,0.0212539611703878,0.016310799358117,199,942,0.9391085663607668,0.7619221592007058,oculta,True,0.1523753552097606,0.1483581767984324,0.3622001538474932,0.5626959199763628,0.0195784132131058,0.0149318654084286,212,1063,0.9395568741148784,0.7760799482528923,oculta,True,-0.019208551835607324,-0.01904181058554849,-0.024493209667674765,-0.02832363233094759,-0.0016755479572819997,-0.001378933949688398,13,121,0.00044830775411164314,0.014157789052186454,True
11408074000188,0.1021849533310165,0.0940229983612984,0.242473046167931,0.5163405717212702,0.0317010689200441,0.0228983513647718,111,501,0.964197593735013,0.9962135969420752,oculta,True,0.091893516950445,0.0840650127862247,0.1999454534835817,0.4927032309995828,0.034497586052856,0.0261742893808978,117,647,0.9667672607212016,0.996884924675422,oculta,True,-0.010291436380571506,-0.0099579855750737,-0.0425275926843493,-0.02363734072168744,0.0027965171328118987,0.003275938016125999,6,146,0.0025696669861885457,0.0006713277333467715,True
11409678000149,0.0944685008038174,0.0491919258440083,0.1536516814043571,0.4769355566071954,0.051039697542533,0.0035916824196597,21,23,0.8261374156451854,0.4316945336754321,baixo_baixo,False,0.0830646982837916,0.0448590607122829,0.1393237248132068,0.432461510574073,0.0425240054869684,0.0026291723822587,25,27,0.815750866558589,0.4322328918879834,baixo_baixo,False,-0.011403802520025805,-0.0043328651317254,-0.014327956591150298,-0.04447404603312238,-0.0085156920555646,-0.000962510037401,4,4,-0.01038654908659642,0.0005383582125513264,True
11412389000107,0.2570148737299349,0.0712685921624186,0.3021223470661673,0.9900124843945068,0.2,3.4694469519536136e-17,5,5,0.8717759154533655,0.9255612035038984,baixo_baixo,False,0.2570148737299349,0.0712685921624186,0.3021223470661673,0.9900124843945068,0.2,3.4694469519536136e-17,5,5,0.8658408747932939,0.9236686314501652,baixo_baixo,False,0.0,0.0,0.0,0.0,0.0,0.0,0,0,-0.0059350406600716665,-0.0018925720537331658,True
11414598000181,0.4817885698993815,0.3522357123742268,0.5706925477506316,0.9915612328606204,0.2222222222222222,0.0277777777777778,5,6,0.9564277065956068,0.7225987275155501,critico,False,0.4817885698993815,0.3522357123742268,0.5706925477506316,0.9915612328606204,0.2222222222222222,0.0277777777777778,5,6,0.95517436617687,0.7254921500381695,critico,False,0.0,0.0,0.0,0.0,0.0,0.0,0,0,-0.0012533404187368147,0.002893422522619371,True
11415051000109,0.2012563802845931,0.1213820183130524,0.3779835756917475,0.6844164119409715,0.0909090909090909,0.0,11,11,0.8289931551435528,0.569813790777826,baixo_baixo,False,0.1314763939710143,0.0832250825249595,0.2965438743721842,0.5369532104918805,0.0526315789473684,0.0,19,19,0.7907839279531454,0.5458839647146513,baixo_baixo,False,-0.06977998631357882,-0.0381569357880929,-0.0814397013195633,-0.14746320144909097,-0.0382775119617225,0.0,8,8,-0.03820922719040731,-0.02392982606317473,True
11417922000115,0.7761896115548794,0.7202370144435993,0.8781633695521937,0.9971621902846008,0.2,3.4694469519536136e-17,5,5,0.9292561408510832,0.4480336466193125,critico,False,0.7761896115548794,0.7202370144435993,0.8781633695521937,0.9971621902846008,0.2,3.4694469519536136e-17,5,5,0.9258625988528202,0.4455390239181456,hhi_alto,False,0.0,0.0,0.0,0.0,0.0,0.0,0,0,-0.0033935419982630277,-0.002494622701166904,False
11418721000132,0.1231350643838195,0.1098492320259986,0.2028660805937421,0.6224707155174175,0.041665593032544,0.0271453747451583,67,197,0.9099142725338306,0.776236478349168,baixo_baixo,False,0.1215433213961844,0.1091706921200744,0.2015290284713494,0.6183681282890648,0.0424793388429751,0.0289931323478058,72,220,0.9058062302686016,0.7774415778214703,baixo_baixo,False,-0.0015917429876351058,-0.0006785399059242025,-0.0013370521223926846,-0.004102587228352661,0.0008137458104310949,0.0018477576026474998,5,23,-0.004108042265228984,0.0012050994723022956,True
11420595000150,0.1573068217871618,0.1411011837446072,0.2357526588158132,0.7412802417801904,0.0264723378941106,0.007750652084382,53,82,0.8891298305627945,0.8323372843028297,baixo_baixo,False,0.1412788467091174,0.1286505944548397,0.2218497929858439,0.6975652745953286,0.0201161518390707,0.0057060952484688,69,109,0.8776793447546247,0.8181441015843357,baixo_baixo,False,-0.016027975078044404,-0.0124505892897675,-0.013902865829969302,-0.043714967184861786,-0.0063561860550398995,-0.0020445568359132,16,27,-0.011450485808169764,-0.014193182718494013,True
11420709000162,0.22930421326576,0.1926044138974628,0.395708797282731,0.8090579629909951,0.0454545454545454,0.0,22,22,0.9289430234924904,0.6180159663428688,oculta,True,0.2039035499643366,0.174418496259312,0.3721273737855935,0.760843875788404,0.0368608799048751,0.0011890606420927,28,29,0.9166547223934598,0.6181659288402616,baixo_baixo,False,-0.025400663301423404,-0.018185917638150806,-0.023581423497137488,-0.04821408720259113,-0.008593665549670303,0.0011890606420927,6,7,-0.012288301099030563,0.0001499624973927416,False
11420840000120,0.2766135062706957,0.1962372291896619,0.4823388221059839,0.790623081643222,0.1,3.0839528461809905e-17,10,10,0.686463142311869,0.4377767861287215,baixo_baixo,False,0.2766135062706957,0.1962372291896619,0.4823388221059839,0.790623081643222,0.1,3.0839528461809905e-17,10,10,0.6861329606374589,0.4547048043692832,baixo_baixo,False,0.0,0.0,0.0,0.0,0.0,0.0,0,0,-0.0003301816744101238,0.01692801824056167,True
11420915000172,0.1040712803777446,0.0898501895900898,0.2910344171190515,0.4212746705411768,0.0164359861591695,0.0008238589553468,64,68,0.7861950649285838,0.5060506815138573,baixo_baixo,False,0.096605531837907,0.0838816660891451,0.2787790597723573,0.4035349417499903,0.0150109630629111,0.0011378780356281,72,77,0.7888498674811926,0.5318771352226593,baixo_baixo,False,-0.0074657485398375995,-0.005968523500944692,-0.012255357346694196,-0.017739728791186515,-0.0014250230962583998,0.00031401908028129996,8,9,0.002654802552608748,0.02582645370880199,True
11420927000105,0.2738760962796092,0.2542511259087878,0.492270810568424,0.74865148953959,0.0263157894736842,0.0,38,38,0.8210047696364822,0.5856371514667593,baixo_baixo,False,0.2570284323276506,0.2384541431358419,0.4760299561417037,0.7239521988302342,0.024390243902439,0.0,41,41,0.8172739646473701,0.5950776560643762,baixo_baixo,False,-0.01684766395195858,-0.01579698277294589,-0.016240854426720297,-0.024699290709355837,-0.0019255455712451977,0.0,3,3,-0.0037308049891120465,0.009440504597616917,True
11421459000185,0.0648032391716285,0.0222942954976116,0.1197024197844159,0.3965244443130703,0.0451388888888888,0.0017361111111111,23,24,0.7332697431771452,0.4472492555068445,baixo_baixo,False,0.0604148981935844,0.0228314941213277,0.1146784204506417,0.3798820193091155,0.0408163265306122,0.0024489795918367,26,28,0.727534669600034,0.4565880917723846,baixo_baixo,False,-0.0043883409780441016,0.0005371986237160987,-0.005023999333774204,-0.016642425003954797,-0.004322562358276598,0.0007128684807255999,3,4,-0.005735073577111227,0.009338836265540051,True
11422700000190,0.4230746898587566,0.3269204715018827,0.6197230561223337,0.9237357629107258,0.2098765432098766,0.0781893004115227,7,18,0.7804786479687658,0.6124724918024298,hhi_alto,False,0.3710177693836796,0.2661873976142929,0.563318555933629,0.922921286355106,0.2287334593572778,0.1001890359168241,7,23,0.7850578186599566,0.6424266102531712,hhi_alto,False,-0.05205692047507704,-0.060733073887589806,-0.05640450018870469,-0.0008144765556198363,0.018856916147401204,0.021999735505301404,0,5,0.004579170691190848,0.029954118450741363,True
11422955000153,0.836561796443342,0.8328472918170544,0.9144121392683884,0.9395015179290824,0.0314431604407417,0.0094305049962131,45,122,0.9821276834061952,0.441099158691362,critico,False,0.8335287999908484,0.8299098608602147,0.9127507832064676,0.9377945780548548,0.0301775147928994,0.0090944172883972,47,130,0.9813601851043988,0.4396585649406295,critico,False,-0.0030329964524936637,-0.002937430956839737,-0.001661356061920749,-0.0017069398742276531,-0.0012656456478422964,-0.00033608770781589845,2,8,-0.0007674983017963433,-0.0014405937507325217,True
11423181000185,0.3469088380758758,0.2380603110885218,0.5080508902535071,0.927260516295514,0.2066115702479339,0.0743801652892562,7,11,0.9179421827291766,0.5738812589402226,baixo_baixo,False,0.3469088380758758,0.2380603110885218,0.5080508902535071,0.927260516295514,0.2066115702479339,0.0743801652892562,7,11,0.9146477584211212,0.5719884777424109,baixo_baixo,False,0.0,0.0,0.0,0.0,0.0,0.0,0,0,-0.003294424308055377,-0.001892781197811666,True
11423342000130,0.2575934356598953,0.2430364442022462,0.4940116681870489,0.6347666570279947,0.0419161676646706,0.0231302101678994,52,167,0.8244704471140866,0.698345749065204,baixo_baixo,False,0.1954721886880953,0.1829014416363468,0.4222117952229915,0.5877914268014446,0.038704216682056,0.0236839700677131,65,228,0.8388749600463755,0.7408629505459162,baixo_baixo,False,-0.06212124697179999,-0.060135002565899404,-0.07179987296405738,-0.046975230226550146,-0.003211950982614599,0.0005537598998137001,13,61,0.014404512932288949,0.04251720148071225,True
11427286000102,0.3246757735107153,0.1896109282128583,0.4696101236978494,0.9760220604474424,0.183673469387755,0.0204081632653061,6,7,0.3372590207281035,0.8392833440216829,baixo_baixo,False,0.3246757735107153,0.1896109282128583,0.4696101236978494,0.9760220604474424,0.183673469387755,0.0204081632653061,6,7,0.3399977190568578,0.8388798976664018,baixo_baixo,False,0.0,0.0,0.0,0.0,0.0,0.0,0,0,0.0027386983287542854,-0.00040344635528111183,True
11427667000191,0.2071721902898743,0.1190802114331936,0.2880366661180253,0.8735265816694731,0.1,3.0839528461809905e-17,10,10,0.129691612909849,0.4819894118017097,baixo_baixo,False,0.2071721902898743,0.1190802114331936,0.2880366661180253,0.8735265816694731,0.1,3.0839528461809905e-17,10,10,0.1293504878153714,0.4793655371524919,baixo_baixo,False,0.0,0.0,0.0,0.0,0.0,0.0,0,0,-0.00034112509447761785,-0.002623874649217761,True
11429173000146,0.2478408492191968,0.0974090190630362,0.3417072982639835,0.8985077188268121,0.1666666666666666,3.3306690738754695e-17,6,6,0.6759065302292733,0.550297494970214,baixo_baixo,False,0.1606798409096382,0.1007284009746123,0.2368330676175722,0.7759783516809954,0.0666666666666666,0.0,15,15,0.683344102365709,0.5585370765439347,baixo_baixo,False,-0.08716100830955861,0.0033193819115761025,-0.1048742306464113,-0.12252936714581675,-0.1,-3.3306690738754695e-17,9,9,0.0074375721364356995,0.008239581573720733,True
11429759000100,0.286359890363265,0.275380811753469,0.501343163156155,0.7404914784603802,0.0246280991735537,0.0096223776223776,66,110,0.9177255104532276,0.9729583146069756,baixo_baixo,False,0.2561295154420488,0.2462112423146095,0.4731304232399849,0.7035012348138449,0.0280661284121491,0.0151070101243111,76,153,0.9173296207727064,0.9744677415836572,baixo_baixo,False,-0.030230374921216163,-0.02916956943885951,-0.028212739916170126,-0.03699024364653536,0.003438029238595399,0.0054846325019335,10,43,-0.00039588968052117757,0.0015094269766816604,True
11430652000182,0.1947755979154614,0.1142531577070076,0.2946991144144262,0.7979923033432288,0.1005917159763313,0.0106508875739645,11,13,0.9083828181246468,0.916261647721464,baixo_baixo,False,0.3093028732321894,0.2465122253442066,0.5079113026365625,0.8548798365663327,0.0933333333333333,0.0109090909090909,12,15,0.9405816324524384,0.9496995670315852,oculta,True,0.11452727531672802,0.13225906763719902,0.21321218822213628,0.056887533223103914,-0.00725838264299801,0.0002582033351263991,1,2,0.03219881432779159,0.03343791931012119,False
11430842000108,0.5007107369063014,0.3758884211328767,0.6131857407519058,0.9904525600497012,0.2,3.4694469519536136e-17,5,5,0.9183798011214718,0.7830673490353957,hhi_alto,False,0.5007107369063014,0.3758884211328767,0.6131857407519058,0.9904525600497012,0.2,3.4694469519536136e-17,5,5,0.9149069289624971,0.7823175117327852,hhi_alto,False,0.0,0.0,0.0,0.0,0.0,0.0,0,0,-0.003472872158974627,-0.0007498373026104677,True
11431615000199,0.3793822501503302,0.3735273657177861,0.5551764258227098,0.9365864503233672,0.0231873079998316,0.0139720939243583,107,267,0.955501340319203,0.4909352127691831,critico,False,0.3747035088248508,0.3693130218319616,0.5517362694085245,0.9307828827822124,0.0221948633767655,0.0137655087507031,117,342,0.9537289012479612,0.4927609157341253,critico,False,-0.0046787413254794075,-0.004214343885824534,-0.003440156414185269,-0.005803567541154742,-0.0009924446230661008,-0.00020658517365520004,10,75,-0.0017724390712418048,0.0018257029649421663,True
11431661000198,0.4942047861122785,0.3677559826403481,0.546687249239096,0.9983492064985946,0.3125,0.1406249999999999,5,8,0.9729192977559604,0.9615527115810096,critico,False,0.4714650369950848,0.3657580443941018,0.5336391503653101,0.994274815231972,0.2592592592592592,0.1111111111111111,6,9,0.9698254039479202,0.9610042315273604,critico,False,-0.02273974911719373,-0.001997938246246278,-0.013048098873785885,-0.004074391266622568,-0.05324074074074081,-0.029513888888888784,1,1,-0.00309389380804026,-0.0005484800536492695,True
11433441000101,0.1085392686281333,0.1006502356071433,0.2447064258302182,0.5262178658564598,0.0244650132510581,0.0158319602709789,114,318,0.7926805256606092,0.7696803364448721,baixo_baixo,False,0.1043060314696807,0.0969642776292682,0.2393904176765669,0.5147862965545945,0.0247370711242108,0.0167431126908026,123,349,0.7917606821895045,0.7723468883823811,baixo_baixo,False,-0.004233237158452599,-0.003685957977875104,-0.005316008153651297,-0.011431569301865285,0.0002720578731527021,0.0009111524198236985,9,31,-0.0009198434711047421,0.0026665519375089763,True
11435485000162,0.04609060113446,0.0340157986171747,0.1376405958792787,0.325355525447329,0.0303280166971578,0.0180536877945902,80,197,0.6301858973787039,0.6284974622250399,baixo_baixo,False,0.0416878090791369,0.0302793306157933,0.1272734853382027,0.3023731493948544,0.0298049236284586,0.0182549822430831,85,229,0.6508182948795954,0.6726557254353532,baixo_baixo,False,-0.004402792055323103,-0.0037364680013814017,-0.010367110541076002,-0.022982376052474607,-0.0005230930686991979,0.00020129444849290024,5,32,0.02063239750089152,0.04415826321031335,True
11436906000170,0.1418462200951665,0.1373296212535621,0.3334948961588342,0.568896927369136,0.0164387142859772,0.011262075940114,191,737,0.9476190480576492,0.8476060757605168,oculta,True,0.1278524198055591,0.1236594025930858,0.3152976901348304,0.5378549692672393,0.0168112510352736,0.0120843820498662,209,868,0.9468070051625316,0.8542278001843502,oculta,True,-0.013993800289607422,-0.013670218660476297,-0.01819720602400382,-0.031041958101896694,0.00037253674929639893,0.0008223061097522005,18,131,-0.000812042895117604,0.006621724423833353,True
11436910000138,0.0470143557229676,0.0397947675087476,0.1021258530989891,0.3626292246063121,0.019697133585722,0.0122705967189471,133,430,0.9502922626752766,0.9976219136379262,oculta,True,0.0400029895873118,0.0335165233007395,0.0835048497449119,0.3232005134314474,0.0191640930015733,0.012536823359692,149,524,0.9344263407004204,0.974613064294462,oculta,True,-0.007011366135655804,-0.006278244208008099,-0.018621003354077195,-0.03942871117486468,-0.0005330405841487001,0.00026622664074489946,16,94,-0.015865921974856145,-0.023008849343464144,True
11439872000177,0.1897871513176087,0.0997635014640097,0.3124289284350285,0.7737437889672719,0.1,3.0839528461809905e-17,10,10,0.5396395942995709,0.7527576026739866,baixo_baixo,False,0.2345345184371978,0.1579879702809176,0.4106193339018967,0.7931402231755479,0.0909090909090909,0.0,11,11,0.5438008426662945,0.6046435370243983,baixo_baixo,False,0.0447473671195891,0.058224468816907904,0.09819040546686819,0.01939643420827597,-0.009090909090909108,-3.0839528461809905e-17,1,1,0.004161248366723602,-0.1481140656495883,True
11443804000181,0.3770493973845713,0.3078326637606348,0.5665905679157394,0.9015558942586608,0.1,3.0839528461809905e-17,10,10,0.8930360155801728,0.5420209826724661,hhi_alto,False,0.3770493973845713,0.3078326637606348,0.5665905679157394,0.9015558942586608,0.1,3.0839528461809905e-17,10,10,0.8888071636459487,0.5387895589394521,hhi_alto,False,0.0,0.0,0.0,0.0,0.0,0.0,0,0,-0.004228851934224065,-0.003231423733013994,True
11443806000170,0.2422067692863017,0.1664274462149318,0.4471019120502449,0.7546593604399215,0.0909090909090909,0.0,11,11,0.6343038617540135,0.579942642711106,baixo_baixo,False,0.2218737516054302,0.1570298975725494,0.4268639873942763,0.7204999465213601,0.0769230769230769,1.503427012513233e-17,13,13,0.6319251859110586,0.5833650494806354,baixo_baixo,False,-0.020333017680871507,-0.009397548642382403,-0.02023792465596863,-0.034159413918561476,-0.013986013986013998,1.503427012513233e-17,2,2,-0.002378675842954925,0.003422406769529429,True
11444466000100,0.3233339818739927,0.2991673383694924,0.4866988180697263,0.8493822070746777,0.045,0.0108928571428571,29,40,0.6746436056344026,0.5336150643659953,baixo_baixo,False,0.2658328576757419,0.245990502477789,0.438781329505973,0.7858464451218781,0.036694214876033,0.0106589233861961,38,55,0.6945762957099197,0.5768745446129236,baixo_baixo,False,-0.05750112419825082,-0.05317683589170338,-0.04791748856375333,-0.06353576195279964,-0.008305785123967,-0.00023393375666099989,9,15,0.019932690075517123,0.04325948024692838,True
11447284000185,0.691671027470345,0.6402828653820692,0.8245276468755451,0.9838628758636871,0.1428571428571428,0.0,7,7,0.987058449091695,0.4828953894515504,critico,False,0.691671027470345,0.6402828653820692,0.8245276468755451,0.9838628758636871,0.1428571428571428,0.0,7,7,0.9864057434386388,0.4867782562396351,critico,False,0.0,0.0,0.0,0.0,0.0,0.0,0,0,-0.0006527056530561959,0.0038828667880846934,True
11448444000100,0.3792000552646188,0.356207464718864,0.5968326321030958,0.7980622002540319,0.0390625,0.0034722222222222,28,32,0.8858145509402847,0.871979454439857,hhi_alto,False,0.358632444363188,0.336516321755022,0.5800460799727878,0.77561585263965,0.036734693877551,0.0035186488388459,30,35,0.8780493900612264,0.8607707683493736,hhi_alto,False,-0.020567610901430833,-0.019691142963842,-0.016786552130307997,-0.0224463476143818,-0.002327806122448997,4.6426616623700036e-05,2,3,-0.007765160879058319,-0.011208686090483422,True
11455792000105,0.0964975565427843,0.0905923118143058,0.2437431984717267,0.4894930331368051,0.0218711637423274,0.0154781648125387,154,635,0.9456072891981324,0.9922414153551063,oculta,True,0.0870759194279999,0.0812979189180505,0.2292978279740888,0.4646197006507722,0.0213340999522083,0.0151400119772223,159,739,0.9459228163270152,0.9928615907481576,oculta,True,-0.0094216371147844,-0.009294392896255305,-0.014445370497637916,-0.024873332486032906,-0.0005370637901190994,-0.00033815283531640067,5,104,0.00031552712888283097,0.0006201753930512588,True
11456420000101,0.8199223039721949,0.7941969188253656,0.904116397030642,0.98807202793963,0.1358024691358024,0.0123456790123456,8,9,0.9306924427201808,0.953185267889234,critico,False,0.8199223039721949,0.7941969188253656,0.904116397030642,0.98807202793963,0.1358024691358024,0.0123456790123456,8,9,0.929524306783492,0.9534156880585932,critico,False,0.0,0.0,0.0,0.0,0.0,0.0,0,0,-0.0011681359366888522,0.0002304201693592578,True
11456532000154,0.3043263502234774,0.2753399481494556,0.4448975494025508,0.8377273238084466,0.0576,0.0183333333333333,25,50,0.4523187324349701,0.5140739041168714,baixo_baixo,False,0.2664857083783994,0.2411921121155856,0.4150011210891431,0.7837632422304458,0.0485492674518816,0.0157406215019465,30,59,0.4691772393104026,0.5440197511888692,baixo_baixo,False,-0.037840641845078016,-0.034147836033870005,-0.029896428313407664,-0.05396408157800081,-0.009050732548118397,-0.0025927118313867972,5,9,0.0168585068754325,0.029945847071997878,True
11457539000190,0.3294847536406974,0.2847837372167439,0.4777693541012044,0.9076524728516818,0.074792243767313,0.0131117266851338,16,19,0.9400473822140202,0.87845881973384,oculta,True,0.3450630691360422,0.3086776840880446,0.5045809615894292,0.9109696646970664,0.0798611111111111,0.0287422839506172,19,24,0.940364694870007,0.8913793207896582,oculta,True,0.015578315495344774,0.023893946871300697,0.02681160748822481,0.0033171918453845928,0.005068867343798106,0.015630557265483402,3,5,0.00031731265598677894,0.012920501055818212,True
11460159000105,0.2550169519326559,0.1308531105880985,0.3145043930850248,0.9115887754477886,0.1428571428571428,0.0,7,7,0.7204984452507015,0.3965645695364239,baixo_baixo,False,0.2550169519326559,0.1308531105880985,0.3145043930850248,0.9115887754477886,0.1428571428571428,0.0,7,7,0.7125055299890553,0.3939165594559823,baixo_baixo,False,0.0,0.0,0.0,0.0,0.0,0.0,0,0,-0.00799291526164625,-0.0026480100804415763,True
11460487000101,0.1625655778528585,0.0695173087253983,0.2371003333489835,0.7291997941262189,0.1124260355029586,0.0138067061143984,10,13,0.8682055173705723,0.9954546623502852,baixo_baixo,False,0.1497514005067786,0.0724560732801221,0.2268476023144981,0.6976676184688614,0.0933333333333333,0.0109090909090909,12,15,0.86936206923414,0.9963133611332544,baixo_baixo,False,-0.012814177346079897,0.002938764554723805,-0.010252731034485402,-0.03153217565735755,-0.019092702169625303,-0.002897615205307501,2,2,0.0011565518635676675,0.0008586987829691806,True
11463194000188,0.1810126166290776,0.1180135871390066,0.2598538479676132,0.7941898596246937,0.0865051903114186,0.0162363587969124,14,17,0.8713245191147317,0.583497112547618,baixo_baixo,False,0.1694408008368107,0.1140701875592648,0.250920059124774,0.7668855708388858,0.075,0.0133333333333333,16,20,0.8555360639980891,0.5823319381950709,baixo_baixo,False,-0.011571815792266904,-0.0039433995797417964,-0.008933788842839185,-0.02730428878580793,-0.011505190311418598,-0.0029030254635791005,2,3,-0.01578845511664262,-0.0011651743525471492,True
11470270000182,0.0619955358895959,0.0501220616603503,0.142275186660211,0.4569129671511561,0.0262388427208371,0.0139127521223667,80,228,0.7417534611467862,0.5539621115331509,baixo_baixo,False,0.0619955358895959,0.0501220616603503,0.142275186660211,0.4569129671511561,0.0262388427208371,0.0139127521223667,80,228,0.7374267490159773,0.5523075134577902,baixo_baixo,False,0.0,0.0,0.0,0.0,0.0,0.0,0,0,-0.00432671213080893,-0.0016545980753607248,True
11478938000138,0.3740996371037755,0.2489195645245305,0.4289191450058176,0.9535624531355328,0.1666666666666666,3.3306690738754695e-17,6,6,0.9219473342715708,0.9088646211405887,hhi_alto,False,0.2976496400077793,0.1973138742946049,0.3731420624626097,0.9152389024218766,0.125,0.0,8,8,0.9083392402227324,0.8452878366520492,baixo_baixo,False,-0.07644999709599615,-0.051605690229925616,-0.0557770825432079,-0.03832355071365623,-0.0416666666666666,-3.3306690738754695e-17,2,2,-0.013608094048838448,-0.06357678448853954,False
11479852000120,0.1749516827701935,0.137449486532475,0.380245226720443,0.6136026987511831,0.0510204081632653,0.0078849721706864,23,28,0.8874713837924295,0.6773825942750579,baixo_baixo,False,0.1711865127516786,0.1366526174496652,0.3760643913003277,0.6068560738982081,0.0466666666666666,0.0069444444444444,25,30,0.8794653357706969,0.6735510516425646,baixo_baixo,False,-0.003765170018514896,-0.0007968690828097924,-0.00418083542011527,-0.006746624852975058,-0.004353741496598701,-0.0009405277262419997,2,2,-0.008006048021732659,-0.003831542632493301,True
11481782000144,0.0349833117078915,0.0271376475754353,0.1186560304930285,0.2756422340714039,0.0185404272579772,0.0105610811381234,124,344,0.8417130482148384,0.959173995676884,baixo_baixo,False,0.0311353482551696,0.0238506516255092,0.0971114394935181,0.2572963039341956,0.0210623351770169,0.0137019016069193,134,414,0.8623127211226872,0.966386069902202,baixo_baixo,False,-0.0038479634527218975,-0.0032869959499261005,-0.021544590999510407,-0.01834593013720831,0.002521907919039699,0.0031408204687959004,10,70,0.02059967290784881,0.007212074225317999,True
11483837000155,0.3650897630306541,0.3464159325315556,0.5868063523939854,0.7987825232176416,0.0329908058409951,0.0045493589539655,35,43,0.9328862438186444,0.7010858591528262,oculta,True,0.3650897630306541,0.3464159325315556,0.5868063523939854,0.7987825232176416,0.0329908058409951,0.0045493589539655,35,43,0.9304692511615144,0.6970624774919821,critico,False,0.0,0.0,0.0,0.0,0.0,0.0,0,0,-0.0024169926571300238,-0.004023381660844039,False
11485410000196,0.1231979705172606,0.1185588063401033,0.2014127874245272,0.66365881220745,0.0142585888942012,0.0090430258724774,190,605,0.951945567292266,0.7280992159657622,oculta,True,0.1113808665956922,0.1072089457815874,0.1908363144673449,0.6288091406952179,0.0132074598546901,0.0085746310277168,214,735,0.94641326792172,0.7477894828641461,oculta,True,-0.0118171039215684,-0.01134986055851589,-0.010576472957182309,-0.03484967151223217,-0.0010511290395111006,-0.00046839484476060046,24,130,-0.005532299370546001,0.019690266898383935,True
11491075000139,0.0434751028633998,0.0369681307740352,0.1078795010558943,0.3200425197991533,0.0247628245879994,0.018128558088598,148,572,0.8778576667235483,0.8300019274183046,baixo_baixo,False,0.0401451592513165,0.0338715982006715,0.1003569211463029,0.2977255327340321,0.0256927604021892,0.0193247392283473,154,646,0.8892346722781619,0.8424990198978605,baixo_baixo,False,-0.0033299436120832956,-0.003096532573363696,-0.007522579909591404,-0.022316987065121252,0.0009299358141898022,0.0011961811397493,6,74,0.011377005554613628,0.012497092479555882,True
11497013000134,0.2964348913806883,0.2612566359497227,0.413942521486844,0.9320265775733292,0.06064209274673,0.0136741973840665,21,29,0.9878623909480428,0.3990858828718582,oculta,True,0.2962592817165974,0.2610722458024272,0.4138195849986262,0.9317497756783196,0.06,0.013,21,30,0.9871345202274856,0.3964669179722501,oculta,True,-0.00017560966409091439,-0.00018439014729548786,-0.00012293648821781744,-0.00027680189500955965,-0.0006420927467300011,-0.0006741973840665005,0,1,-0.0007278707205572443,-0.0026189648996081116,True
11500340000106,0.2853804992485869,0.1832919991412421,0.3812264847287941,0.9733720898745498,0.2222222222222222,0.1111111111111111,8,12,0.9024639629715804,0.7040012787238566,baixo_baixo,False,0.2584959659340344,0.1967039630952039,0.3623974556859208,0.9252965964764231,0.1280276816608996,0.0553633217993079,13,17,0.876146613836763,0.7030099308914383,baixo_baixo,False,-0.026884533314552483,0.013411963953961797,-0.018829029042873313,-0.04807549339812667,-0.09419454056132262,-0.05574778931180321,5,5,-0.026317349134817425,-0.0009913478324183878,True
11503081000169,0.0434003626972042,0.0277184014299453,0.0951765971621087,0.3052839547106403,0.0177335640138408,0.0016308355550513,62,68,0.876407752946781,0.6560477342164371,baixo_baixo,False,0.0423956970902806,0.0269504663981883,0.0938540855701847,0.3010419290344593,0.0174333123293425,0.0015854625282029,63,69,0.876490615681714,0.661252876504998,baixo_baixo,False,-0.0010046656069236035,-0.0007679350317570006,-0.0013225115919240082,-0.004242025676180983,-0.0003002516844982997,-4.537302684840005e-05,1,1,8.286273493307572e-05,0.005205142288560838,True
11505079000129,0.1410328638196603,0.1001296668586917,0.2546827548890797,0.6699987089917662,0.0495999999999999,0.0043428571428571,22,25,0.3876338618903591,0.4055344187644651,baixo_baixo,False,0.1350228234248059,0.0974151200954497,0.2487709884991758,0.6544465140627395,0.0463733650416171,0.0049113374347309,24,29,0.3796938170021872,0.4026923085424375,baixo_baixo,False,-0.0060100403948543935,-0.0027145467632419956,-0.0059117663899039,-0.015552194929026708,-0.0032266349583828027,0.0005684802918738,2,4,-0.007940044888171904,-0.0028421102220276273,True
11508942000100,0.0278214850402265,0.0155154278888369,0.0707983248917168,0.2200351237548986,0.0226203470209642,0.0102484526794575,80,163,0.8926786740099648,0.4581553836347722,baixo_baixo,False,0.0275595931564378,0.0154040880708933,0.0703898908769267,0.2187657458546797,0.0224426078971533,0.0102231404958677,81,165,0.887356677603183,0.4549331336460787,baixo_baixo,False,-0.0002618918837886987,-0.00011133981794360023,-0.0004084340147900989,-0.0012693779002188876,-0.00017773912381090218,-2.5312183589800905e-05,1,2,-0.0053219964067817704,-0.0032222499886935263,True
11511812000118,0.3540137944876517,0.2822375494307241,0.429875302564982,0.9911098823106894,0.1074380165289256,0.0082644628099173,10,11,0.7996141468171188,0.7664379920299634,baixo_baixo,False,0.3501035226525072,0.2778928029472302,0.4274373483543836,0.9911603008849224,0.125,0.0277777777777777,10,12,0.7969369779815835,0.7669256095874831,hhi_alto,False,-0.003910271835144474,-0.004344746483493922,-0.0024379542105984475,5.04185742329355e-05,0.017561983471074405,0.0195133149678604,0,1,-0.0026771688355353707,0.0004876175575196928,False
11513839000140,0.3092723156527725,0.2105969321745971,0.470779258728886,0.8993490652231961,0.125,0.0,8,8,0.7708989377839996,0.6215631877061774,baixo_baixo,False,0.2431078892881509,0.1484963754491698,0.320304017198532,0.8833862117896927,0.12,0.01,9,10,0.7717525335765,0.5444422621862068,baixo_baixo,False,-0.06616442636462161,-0.0621005567254273,-0.15047524153035396,-0.015962853433503454,-0.0050000000000000044,0.01,1,2,0.0008535957925003279,-0.07712092551997052,True
11520158000109,0.6917858999186637,0.6888782197292171,0.8309394648586552,0.8768974524967391,0.0295700356971602,0.0204150360339258,107,274,0.9447834164349082,0.4908983011853392,critico,False,0.6596702899487656,0.6565190889297727,0.8112810427942349,0.8574992360482352,0.0300897560771252,0.021109105670432,109,309,0.9433978958059448,0.500737965749456,critico,False,-0.03211560996989804,-0.03235913079944441,-0.019658422064420367,-0.019398216448503924,0.0005197203799650017,0.0006940696365062005,2,35,-0.0013855206289633548,0.009839664564116724,True
11520287000105,0.0757038648064478,0.0387320193987057,0.1274563874925945,0.4515260542098766,0.0422222222222222,0.0039111111111111,26,30,0.833213824071566,0.4313415073829589,baixo_baixo,False,0.0751274179429204,0.0395553955561096,0.1269498482861153,0.4497315921691456,0.041015625,0.004131610576923,27,32,0.826243284150934,0.4349520646403358,baixo_baixo,False,-0.0005764468635273967,0.0008233761574039031,-0.0005065392064791951,-0.0017944620407310263,-0.0012065972222222027,0.0002204994658119002,1,2,-0.006970539920632013,0.003610557257376912,True
11534361000134,0.2378183458490156,0.1107880701571849,0.2903087817580448,0.9504715261076544,0.15625,0.015625,7,8,0.7373148680186455,0.7617122761565328,baixo_baixo,False,0.2378183458490156,0.1107880701571849,0.2903087817580448,0.9504715261076544,0.15625,0.015625,7,8,0.7480440155498268,0.7584721075106061,baixo_baixo,False,0.0,0.0,0.0,0.0,0.0,0.0,0,0,0.01072914753118126,-0.0032401686459266887,True
11546530000156,0.3287689036104033,0.2328787469833181,0.5073247348491128,0.9389446724888828,0.125,0.0,8,8,0.7323345423824597,0.9569467952700912,baixo_baixo,False,0.1099622607720143,0.0757300400324764,0.2397169861842577,0.5601372068693493,0.0416171224732461,0.0047562425683709,27,29,0.8084669592435041,0.7609369353880536,baixo_baixo,False,-0.21880664283838897,-0.1571487069508417,-0.26760774866485504,-0.3788074656195335,-0.0833828775267539,0.0047562425683709,19,21,0.07613241686104444,-0.19600985988203756,True
11552935000105,0.3503481654686984,0.3253615564482637,0.5275683019455863,0.933411754888446,0.04296875,0.0061598557692307,27,32,0.8234164103652759,0.5723632174469798,baixo_baixo,False,0.3221990419105086,0.304362174592364,0.5056102934726548,0.8945620682279907,0.0328,0.0073473684210526,39,50,0.8218533216676527,0.5883021005212643,baixo_baixo,False,-0.028149123558189826,-0.020999381855899724,-0.0219580084729315,-0.038849686660455296,-0.010168749999999997,0.0011875126518219002,12,18,-0.0015630886976232272,0.015938883074284482,True
11553540000119,0.0869223556406209,0.0803534517243663,0.148328786117611,0.483969623236082,0.018475665748393,0.011414339602698,140,330,0.843735364183282,0.6831828272413191,baixo_baixo,False,0.0729564081176188,0.0673379621062104,0.1324520060168357,0.432166601822007,0.0167547906040338,0.0107957287289067,166,439,0.8319634893464227,0.6824247770860269,baixo_baixo,False,-0.013965947523002092,-0.013015489618155893,-0.015876780100775284,-0.051803021414075,-0.0017208751443591984,-0.0006186108737913001,26,109,-0.011771874836859264,-0.0007580501552921781,True
11583359000155,0.3152171059999906,0.1782605271999887,0.3946820245517855,0.968067529245788,0.2098765432098765,0.0518518518518518,6,9,0.9844280661444011,0.999272297970245,oculta,True,0.147050760968276,0.0937414335287933,0.2655388391019503,0.6649701725970715,0.1041666666666666,0.0481770833333333,17,24,0.9876431131501482,0.999115447182036,oculta,True,-0.1681663450317146,-0.0845190936711954,-0.12914318544983522,-0.3030973566487165,-0.1057098765432099,-0.003674768518518501,11,15,0.0032150470057470404,-0.00015685078820892873,True
11588933000168,0.1898914554316455,0.074161663350452,0.3132370317009527,0.7682387242508737,0.1358024691358024,0.0123456790123456,8,9,0.7667898678305949,0.743792950359307,baixo_baixo,False,0.1399892894386436,0.053988218382508,0.2485025525953896,0.6612099721001004,0.0972222222222222,0.0069444444444444,11,12,0.7857759263013088,0.7572731148542781,baixo_baixo,False,-0.0499021659930019,-0.020173444967944,-0.0647344791055631,-0.10702875215077334,-0.03858024691358021,-0.0054012345679012004,3,3,0.018986058470713885,0.013480164494971025,True
11598317000198,0.1345210058438861,0.1139143631258834,0.2970699773668218,0.5816267304345913,0.0260416666666666,0.0028521825396825,43,48,0.7638371618718648,0.5644440375067222,baixo_baixo,False,0.1221925227252197,0.1039048669486618,0.2800602313397859,0.5483237253483136,0.0228099173553719,0.0024517906336088,49,55,0.7748914856458161,0.6143404353079644,baixo_baixo,False,-0.012328483118666397,-0.010009496177221605,-0.017009746027035866,-0.033303005086277704,-0.0032317493112946974,-0.00040039190607369995,6,7,0.011054323773951324,0.04989639780124222,True
11607006000148,0.5941815189315401,0.5866663618747168,0.7651022585898495,0.9190155218713504,0.026360544217687,0.008330183925422,55,84,0.9645415098440552,0.48976145365155,critico,False,0.4754817946046437,0.4688423236502721,0.6824296879748765,0.8315253868282593,0.021290573023978,0.0089018461002309,80,183,0.9617844790666288,0.5383516995292128,critico,False,-0.11869972432689646,-0.11782403822444465,-0.08267257061497302,-0.08749013504309111,-0.005069971193709,0.0005716621748089006,25,99,-0.0027570307774263947,0.04859024587766281,True
11607258000177,0.1294181158532705,0.0568696255077097,0.2051196229966446,0.6580460532624033,0.0934256055363321,0.0178777393310265,13,17,0.6815762336652411,0.6563911544597206,baixo_baixo,False,0.1294181158532705,0.0568696255077097,0.2051196229966446,0.6580460532624033,0.0934256055363321,0.0178777393310265,13,17,0.677086299713272,0.6536403284590984,baixo_baixo,False,0.0,0.0,0.0,0.0,0.0,0.0,0,0,-0.004489933951969061,-0.002750826000622264,True
11608295000108,0.4406501957500308,0.347425228375036,0.642891990964833,0.8923804799616665,0.1805555555555555,0.0439814814814815,7,12,0.8010739093570499,0.4609557557919773,hhi_alto,False,0.1228064849812758,0.0601498053370813,0.1766954090857481,0.6196421516545165,0.085,0.0196428571428571,15,20,0.8296547041391867,0.4692791319303476,baixo_baixo,False,-0.31784371076875495,-0.28727542303795467,-0.46619658187908486,-0.27273832830714995,-0.09555555555555549,-0.024338624338624402,8,8,0.02858079478213682,0.008323376138370309,False
11627479000107,0.598190939617279,0.5616628432188497,0.7670761182026772,0.9199261773399404,0.1020408163265306,0.0204081632653061,12,14,0.92202950775129,0.4318269482588845,hhi_alto,False,0.5737284105560353,0.5349764478793113,0.7497081535079071,0.9217391907970582,0.1022222222222222,0.0206060606060606,12,15,0.9202115441839848,0.4410351716616657,hhi_alto,False,-0.024462529061243687,-0.026686395339538427,-0.01736796469477009,0.001813013457117818,0.00018140589569159982,0.00019789734075449997,0,1,-0.0018179635673052363,0.009208223402781213,True
11632895000101,0.126870308279484,0.0945321715490945,0.3020118976643675,0.5357500500653807,0.0452674897119341,0.0099070263679317,28,54,0.9646564697901788,0.9982257487505464,oculta,True,0.1243744597925926,0.0919438842293553,0.2962425305060105,0.5386258135557631,0.0446280991735537,0.0092439546985001,28,55,0.9673216841430604,0.9983863260126772,oculta,True,-0.002495848486891411,-0.002588287319739202,-0.005769367158356964,0.0028757634903824325,-0.0006393905383804063,-0.0006630716694315999,0,1,0.002665214352881584,0.00016057726213081214,True
11633598000172,0.0396925670953931,0.0183524019197351,0.0801463193721351,0.2718942339990175,0.0272222222222222,0.0056049382716049,46,60,0.8751455388573726,0.4984199613709683,baixo_baixo,False,0.0366646664104396,0.0170047616433057,0.0751766644541599,0.2550348132826608,0.02490234375,0.0050023915816326,50,64,0.884281382663005,0.6202538601508701,baixo_baixo,False,-0.0030279006849535037,-0.0013476402764294008,-0.0049696549179752,-0.01685942071635671,-0.0023198784722221998,-0.0006025466899723005,4,4,0.009135843805632482,0.12183389877990186,True
11634081000106,0.2356739321253898,0.1507488134726553,0.3912146233994583,0.8219866808713758,0.1,3.0839528461809905e-17,10,10,0.8672520289267063,0.52405496765531,baixo_baixo,False,0.2356739321253898,0.1507488134726553,0.3912146233994583,0.8219866808713758,0.1,3.0839528461809905e-17,10,10,0.865246969500075,0.5212483964556214,baixo_baixo,False,0.0,0.0,0.0,0.0,0.0,0.0,0,0,-0.002005059426631317,-0.0028065711996886344,True
11639339000159,0.0900548153557989,0.0688932994338407,0.2041361995030365,0.5094651276232981,0.0273930440135426,0.0047742775952529,44,57,0.4704781435228738,0.6927845016904588,baixo_baixo,False,0.0853575113529859,0.0645701820655538,0.1896079321165391,0.4784522143001393,0.0301768990634755,0.0081354649512818,45,62,0.4865533355024956,0.7086493758762946,baixo_baixo,False,-0.004697304002812999,-0.004323117368286902,-0.014528267386497401,-0.03101291332315881,0.0027838550499329,0.0033611873560289,1,5,0.01607519197962176,0.01586487418583582,True
11642164000139,0.4015291505574264,0.316033314922773,0.523555364697893,0.9805165097935736,0.125,0.0,8,8,0.9356077158612628,0.4128263789599264,critico,False,0.4796776896954751,0.421864099661639,0.6585038654558946,0.9803290058956649,0.1074380165289256,0.0082644628099173,10,11,0.9717203470124772,0.6941917820284462,critico,False,0.0781485391380487,0.10583078473886603,0.13494850075800158,-0.00018750389790878064,-0.017561983471074405,0.0082644628099173,2,3,0.036112631151214436,0.2813654030685198,True
11643598000153,0.3600751772908915,0.3444672547857913,0.5223337532919321,0.9017147470929496,0.04625,0.0229878048780487,42,80,0.8856800091964455,0.7885887350288352,baixo_baixo,False,0.3537136473436112,0.3390253211468751,0.5175016365149154,0.8965529182387738,0.045767419393793,0.0240803152891065,45,91,0.8845530988099207,0.7898809924557714,hhi_alto,False,-0.006361529947280287,-0.005441933638916208,-0.004832116777016671,-0.005161828854175821,-0.0004825806062069976,0.0010925104110578003,3,11,-0.0011269103865247931,0.001292257426936172,False
11679183000130,0.6516827365332956,0.5936298592888448,0.7938332980803062,0.9741925819095122,0.1428571428571428,0.0,7,7,0.6921105531955289,0.4245137972485941,hhi_alto,False,0.5863527589866946,0.5272602959847938,0.7511323926571235,0.960393370457042,0.125,0.0,8,8,0.6938351428180258,0.4527480550337357,hhi_alto,False,-0.06532997754660097,-0.06636956330405097,-0.04270090542318272,-0.013799211452470206,-0.017857142857142794,0.0,1,1,0.001724589622496886,0.028234257785141603,True
11682696000108,0.5514421594809341,0.4873624679782104,0.73267782480043,0.923430496487222,0.125,0.0,8,8,0.8991839890036558,0.8440077317050361,hhi_alto,False,0.394288431249179,0.3269871458324211,0.5947318430319786,0.8820988354369926,0.1,3.0839528461809905e-17,10,10,0.8924084442730447,0.88643881382139,hhi_alto,False,-0.1571537282317551,-0.1603753221457893,-0.1379459817684514,-0.04133166105022934,-0.024999999999999994,3.0839528461809905e-17,2,2,-0.006775544730611149,0.042431082116353935,True
11688879000122,0.1244177093874116,0.118420570410613,0.3214822494806681,0.5270578817228764,0.0105927226764801,0.0038159605030313,147,299,0.8598129739432459,0.5035869308268298,baixo_baixo,False,0.1180424183735559,0.1120427069339202,0.312106999838274,0.5116875176510629,0.0104965728855089,0.0037652570547981,148,301,0.8583111320392988,0.4994240553571274,baixo_baixo,False,-0.0063752910138556995,-0.006377863476692808,-0.009375249642394112,-0.01537036407181347,-9.614979097120023e-05,-5.0703448233200155e-05,1,2,-0.0015018419039470876,-0.004162875469702398,True
11692044000146,0.1147161417569272,0.0861585979426345,0.2607526034231169,0.5485383526297384,0.0898866213151927,0.060528125228586,32,105,0.781251223776969,0.5071580242498537,baixo_baixo,False,0.1082303680819176,0.0812070459025818,0.2513997561630472,0.5288630153135037,0.0903562694163526,0.0627913078835148,34,123,0.7720896591377763,0.5103117586248502,baixo_baixo,False,-0.00648577367500959,-0.004951552040052695,-0.009352847260069685,-0.01967533731623472,0.0004696481011598891,0.0022631826549287942,2,18,-0.00916156463919271,0.003153734374996553,True
11694100000181,0.4612513520995646,0.3714599107828254,0.6354872070705831,0.961195880161856,0.4577883472057074,0.3674197384066586,7,29,0.8114737469922471,0.9420364288672654,hhi_alto,False,0.3648327784859752,0.2740946039839717,0.5524339355305178,0.9393218350470572,0.4110301768990634,0.3268916307417868,8,31,0.7653970627455856,0.8713415091515411,hhi_alto,False,-0.09641857361358941,-0.09736530679885375,-0.08305327154006537,-0.021874045114798735,-0.046758170306643976,-0.040528107664871804,1,2,-0.04607668424666145,-0.07069491971572428,True
11696615000110,0.1960922374379454,0.1342531787793258,0.3571388733102808,0.7428727360465327,0.0859375,0.015625,14,16,0.630151630187138,0.4406029656365763,baixo_baixo,False,0.1583957378277549,0.1088896047587993,0.2976143107958517,0.6783380427933837,0.074829931972789,0.020408163265306,18,21,0.6198313434966327,0.4324014996798804,baixo_baixo,False,-0.037696499610190504,-0.025363574020526497,-0.059524562514429114,-0.06453469325314898,-0.011107568027210996,0.004783163265305999,4,5,-0.010320286690505331,-0.008201465956695908,True
11701924000131,0.4145724916525568,0.3560297408178124,0.6217474258093302,0.8783519522766762,0.1005917159763313,0.0106508875739645,11,13,0.9403698450658544,0.6893395798555242,critico,False,0.2265465228927761,0.1782056805735746,0.2890707494832479,0.863295348615299,0.0637119113573407,0.0051939058171745,17,19,0.957974748742776,0.6733410472603308,oculta,True,-0.18802596875978067,-0.1778240602442378,-0.3326766763260823,-0.015056603661377177,-0.03687980461899061,-0.00545698175679,6,6,0.01760490367692158,-0.01599853259519335,False
11701954000148,0.1947503084481916,0.1052781204979907,0.2475181152320585,0.8650242464620378,0.1074380165289256,0.0082644628099173,10,11,0.7296092186822616,0.674878141509617,baixo_baixo,False,0.1849169144595296,0.1034086059054825,0.2406917480839933,0.8411675154393726,0.0972222222222222,0.0069444444444444,11,12,0.7125827445206727,0.6652790171885444,baixo_baixo,False,-0.00983339398866201,-0.001869514592508198,-0.006826367148065199,-0.023856731022665167,-0.010215794306703399,-0.0013200183654729003,1,1,-0.017026474161588867,-0.009599124321072572,True
11712986000149,0.0880355121244141,0.05295995489843,0.2013909952742986,0.5134015432304266,0.0460189919649379,0.0093274147328201,27,37,0.8564260950450961,0.996785858592824,baixo_baixo,False,0.0849593515324348,0.0522793283728788,0.1896601908678231,0.5064972162528719,0.0453514739229025,0.0112568837058633,29,42,0.8577212993114632,0.9970502063846955,baixo_baixo,False,-0.0030761605919793072,-0.0006806265255512034,-0.011730804406475503,-0.00690432697755472,-0.0006675180420354018,0.0019294689730432,2,5,0.0012952042663670893,0.00026434779187156643,True
11715955000141,0.2666821158435712,0.1444624684841664,0.4017933795807905,0.9263970378749788,0.1428571428571428,0.0,7,7,0.8946452407366424,0.6410203965597069,baixo_baixo,False,0.2110187057676228,0.0983070923058547,0.3250453858695985,0.8640507835523106,0.125,0.0,8,8,0.9142417417188338,0.7635973622304876,baixo_baixo,False,-0.05566341007594841,-0.04615537617831171,-0.07674799371119195,-0.06234625432266827,-0.017857142857142794,0.0,1,1,0.019596500982191345,0.12257696567078069,True
11718406000120,0.3297485784647079,0.2903220242567496,0.4958133680111498,0.9339802480518388,0.0619834710743801,0.0068060281964025,18,22,0.9921190613430232,0.5611754776114123,oculta,True,0.2295275947637084,0.2124059857584575,0.41264317629152,0.777309772214503,0.0232,0.0014933333333333,46,50,0.977789339857472,0.5350162768811103,oculta,True,-0.1002209837009995,-0.07791603849829207,-0.0831701917196298,-0.15667047583733573,-0.0387834710743801,-0.005312694863069199,28,28,-0.014329721485551228,-0.02615920073030198,True
11722278000199,0.0576883767245184,0.0262779892820024,0.1149227225561645,0.3301439095812805,0.032258064516129,0.0,31,31,0.7074432483552051,0.4091120256973701,baixo_baixo,False,0.0566419335176729,0.0280553254424508,0.1138337486339415,0.3270155629835131,0.0294117647058823,0.0,34,34,0.6986200978745996,0.4105109295150188,baixo_baixo,False,-0.0010464432068455001,0.001777336160448402,-0.0010889739222229994,-0.003128346597767395,-0.002846299810246696,0.0,3,3,-0.008823150480605557,0.0013989038176486779,True
11730430000185,0.4765279331278054,0.3456599164097568,0.6427360149920727,0.9882343601700064,0.2222222222222222,0.0277777777777778,5,6,0.7327806205196526,0.429546609800511,hhi_alto,False,0.4048046537208826,0.3197767471095801,0.5884473425735522,0.9311043749717232,0.1358024691358024,0.0123456790123456,8,9,0.7061036650578065,0.4567169424741822,hhi_alto,False,-0.0717232794069228,-0.0258831693001767,-0.05428867241852042,-0.05712998519828327,-0.0864197530864198,-0.0154320987654322,3,3,-0.02667695546184612,0.027170332673671194,True
11732185000145,0.0729143232325312,0.0439428958335478,0.1179535399894476,0.433422578847097,0.0525977079775253,0.0229913863518229,33,201,0.9440650671176648,0.9915402486442086,oculta,True,0.063497887274784,0.0381870193632917,0.1114652635441164,0.389245407750161,0.0490522942032456,0.0233510048573873,38,233,0.9474462402287528,0.994280961792826,oculta,True,-0.009416435957747202,-0.005755876470256105,-0.006488276445331204,-0.04417717109693603,-0.0035454137742797,0.0003596185055644019,5,32,0.0033811731110879872,0.0027407131486173464,True
11738894000138,0.157412027009568,0.13187905813107,0.2969190566260467,0.6919909920702054,0.0410225921521997,0.0119626707022664,34,58,0.8491860113976574,0.9941033744001788,baixo_baixo,False,0.1571216435833178,0.1315798752070547,0.2966007559685986,0.6912491697357718,0.0405056018385521,0.0114300140154779,34,59,0.8590414810291739,0.9950754708009562,baixo_baixo,False,-0.00029038342625020697,-0.00029918292401531765,-0.00031830065744808955,-0.0007418223344336505,-0.0005169903136476028,-0.0005326566867884987,0,1,0.009855469631516511,0.0009720964007773336,True
11750074000161,0.0851339524320988,0.0589949225015873,0.2525651984845536,0.3801273829459521,0.03125,0.0035714285714285,36,40,0.8102352800734166,0.6297200733642931,baixo_baixo,False,0.084609466752365,0.0584554515167183,0.2508065198637756,0.384443720769848,0.0339083878643664,0.0063057703747769,36,41,0.8064938313746343,0.625163162567236,baixo_baixo,False,-0.0005244856797338021,-0.0005394709848689991,-0.001758678620777998,0.004316337823895899,0.002658387864366403,0.0027343418033484,0,1,-0.003741448698782346,-0.004556910797057112,True
11770182000104,0.111070139957286,0.0687401466219187,0.204132028030969,0.5869052253161754,0.0495999999999999,0.0043428571428571,22,25,0.6986720684039286,0.740063195576117,baixo_baixo,False,0.111070139957286,0.0687401466219187,0.204132028030969,0.5869052253161754,0.0495999999999999,0.0043428571428571,22,25,0.6994823452342692,0.7422929744700355,baixo_baixo,False,0.0,0.0,0.0,0.0,0.0,0.0,0,0,0.0008102768303406283,0.0022297788939185104,True
11772824000104,0.1696151767480112,0.1057394211132429,0.2553258971152605,0.7447176157169679,0.0755555555555555,0.0044444444444444,14,15,0.7383394076113308,0.600745086895457,baixo_baixo,False,0.1498517752261459,0.0998430561218015,0.266785223571634,0.6817435107194083,0.0657596371882086,0.0108043217286914,18,21,0.7355076162079475,0.60006277410972,baixo_baixo,False,-0.019763401521865287,-0.005896364991441402,0.011459326456373486,-0.06297410499755962,-0.009795918367346904,0.006359877284246999,4,6,-0.002831791403383299,-0.0006823127857370492,True
11786437000119,0.557097408043514,0.4832803093840997,0.6709227811897543,0.9994737538827548,0.1428571428571428,0.0,7,7,0.8956276830822463,0.397782998695499,hhi_alto,False,0.4662780841990077,0.4281550902132225,0.6108319104153994,0.983418976327966,0.0666666666666666,0.0,15,15,0.8890994140968469,0.4477669247197736,hhi_alto,False,-0.09081932384450636,-0.055125219170877204,-0.06009087077435493,-0.01605477755478879,-0.0761904761904762,0.0,8,8,-0.006528268985399377,0.049983926024274594,True
11800731000138,0.142750393252752,0.0856004194696022,0.2163668440309699,0.7019341591152419,0.0679012345679012,0.0057613168724279,16,18,0.945224203191324,0.7134111423144259,oculta,True,0.112565565764385,0.0681938440526043,0.1880381968882296,0.6100307753039701,0.051039697542533,0.0035916824196597,21,23,0.9341598219548156,0.6698496583344118,oculta,True,-0.030184827488366983,-0.017406575416997902,-0.028328647142740304,-0.09190338381127183,-0.016861537025368203,-0.0021696344527682,5,5,-0.011064381236508436,-0.04356148398001414,True
11803371000128,0.2155169694583258,0.0586203633499909,0.2736446357998609,0.8861452793285596,0.1666666666666666,3.3306690738754695e-17,6,6,0.5729039588210005,0.4596345458726592,baixo_baixo,False,0.2155169694583258,0.0586203633499909,0.2736446357998609,0.8861452793285596,0.1666666666666666,3.3306690738754695e-17,6,6,0.5710689163920418,0.4578207129420349,baixo_baixo,False,0.0,0.0,0.0,0.0,0.0,0.0,0,0,-0.0018350424289587108,-0.0018138329306242595,True
11805839000113,0.3477885512186556,0.2173462614623867,0.537493167399159,0.9173932423716428,0.183673469387755,0.0204081632653061,6,7,0.920921832945566,0.7557314770871696,baixo_baixo,False,0.3477885512186556,0.2173462614623867,0.537493167399159,0.9173932423716428,0.183673469387755,0.0204081632653061,6,7,0.9205122028090612,0.7628229714189219,baixo_baixo,False,0.0,0.0,0.0,0.0,0.0,0.0,0,0,-0.0004096301365047461,0.007091494331752268,True
11809185000104,0.1950286167193635,0.1614881424160036,0.3854792969152871,0.7141074296505747,0.04,0.0,25,25,0.9644211664453114,0.86521331855745,oculta,True,0.1950286167193635,0.1614881424160036,0.3854792969152871,0.7141074296505747,0.04,0.0,25,25,0.963404144318118,0.8689972149499636,oculta,True,0.0,0.0,0.0,0.0,0.0,0.0,0,0,-0.0010170221271933455,0.0037838963925136415,True
11810130000106,0.1650350772076717,0.1302448720913247,0.3349287185750637,0.6745278733587874,0.0444444444444444,0.0046296296296296,25,30,0.7074648303204959,0.8501064746321161,baixo_baixo,False,0.1471833828490043,0.1130707181629645,0.2644156238966572,0.680668880774582,0.0426638917793964,0.0043704474505723,26,31,0.7193431880987233,0.8464175265108468,baixo_baixo,False,-0.017851694358667375,-0.017174153928360206,-0.0705130946784065,0.006141007415794597,-0.0017805526650480005,-0.00025918217905729953,1,1,0.011878357778227433,-0.0036889481212692976,True
11816419000132,0.1630043966139125,0.0986201194303673,0.3146469957049316,0.678456393000473,0.0714285714285714,0.0,14,14,0.9333621846095448,0.3965645695364238,oculta,True,0.1630043966139125,0.0986201194303673,0.3146469957049316,0.678456393000473,0.0714285714285714,0.0,14,14,0.9301143974343902,0.3939165594559823,oculta,True,0.0,0.0,0.0,0.0,0.0,0.0,0,0,-0.003247787175154615,-0.0026480100804415208,True
11822633000100,0.2064908357164217,0.1568965129486981,0.3004679377487091,0.8330392966434773,0.0868055555555555,0.0297309027777777,17,24,0.96099139077327,0.7459524385757166,oculta,True,0.2171735086014851,0.1682468528890779,0.334798685704944,0.8412331824349043,0.0944,0.0378,17,25,0.9631512058061992,0.762616435909182,oculta,True,0.010682672885063388,0.011350339940379789,0.034330747956234864,0.008193885791426991,0.007594444444444501,0.0080690972222223,0,1,0.0021598150329291688,0.016663997333465463,True
11839890000146,0.1130188336251447,0.0744544350871075,0.1953598811016343,0.5979063536734454,0.0459183673469387,0.0044365572315882,24,28,0.8656351866718645,0.7211298203676618,baixo_baixo,False,0.1178193649736702,0.0794636851899168,0.1863690040796871,0.6164115580431574,0.0533333333333333,0.0121739130434782,24,30,0.8669755573620346,0.7065644387871133,baixo_baixo,False,0.004800531348525497,0.005009250102809296,-0.008990877021947202,0.018505204369712036,0.0074149659863946005,0.00773735581189,0,2,0.0013403706901701229,-0.014565381580548542,True
11840546000177,0.0184406567783471,0.0144667323118627,0.0191097300080366,0.0764389200321465,0.019058347524328,0.0150869238300945,248,1277,0.9753677135602816,0.4135074365721939,oculta,True,0.0182751216744186,0.014598249470952,0.0190194572108658,0.0760778288434632,0.0185304752066115,0.0148545593834153,268,1408,0.9733454148611062,0.4123837799397657,oculta,True,-0.00016553510392849913,0.00013151715908930016,-9.027279717080047e-05,-0.00036109118868329904,-0.0005278723177165011,-0.0002323644466792011,20,131,-0.0020222986991754732,-0.0011236566324281938,True
11850969000178,0.1155882370390766,0.1027706752570342,0.2038196855334396,0.615466694144247,0.0170362358031368,0.0027903841481098,70,86,0.8964872823245972,0.5775956279988549,baixo_baixo,False,0.1113535591802668,0.0988374121264677,0.1952171955015571,0.6062787337490583,0.0187175461900736,0.0048966665589479,72,91,0.8919068421219021,0.5749687426959155,baixo_baixo,False,-0.004234677858809793,-0.003933263130566508,-0.008602490031882487,-0.009187960395188766,0.0016813103869368004,0.0021062824108381,2,5,-0.004580440202695102,-0.002626885302939419,True
11867889000125,0.2326156149961345,0.2006412656209735,0.4238526778735794,0.7781120495142262,0.0484429065743944,0.0087946943483275,25,34,0.9417966837529956,0.6225913276521828,oculta,True,0.1766085216433865,0.150047506212528,0.3617790202054609,0.6641567449699657,0.0402897238569488,0.0093313278523342,32,47,0.9284131515118842,0.6525971455398535,oculta,True,-0.056007093352748005,-0.050593759408445516,-0.06207365766811851,-0.1139553045442605,-0.008153182717445598,0.0005366335040067009,7,13,-0.01338353224111144,0.03000581788767065,True
11873495000180,0.049507682559372,0.0331198839828095,0.096404773175758,0.340816899880462,0.0384555664820661,0.0218772141800328,59,139,0.8844443884797135,0.98544482662328,baixo_baixo,False,0.0466970903804244,0.0318017324176185,0.0893001694686541,0.329563845380776,0.0360711392307395,0.0210097507812198,65,161,0.8876525641547289,0.981760005479512,baixo_baixo,False,-0.0028105921789476004,-0.0013181515651910017,-0.007104603707103904,-0.011253054499686,-0.0023844272513266,-0.0008674633988129989,6,22,0.0032081756750154122,-0.0036848211437680023,True
11877880000103,0.1109539088866508,0.0722997310121574,0.1651501743128103,0.6231530801724354,0.0416666666666666,0.0,24,24,0.8318915073270137,0.6873361950470953,baixo_baixo,False,0.1109539088866508,0.0722997310121574,0.1651501743128103,0.6231530801724354,0.0416666666666666,0.0,24,24,0.8464530891600405,0.757801206929804,baixo_baixo,False,0.0,0.0,0.0,0.0,0.0,0.0,0,0,0.014561581833026804,0.0704650118827087,True
11888327000168,0.0317710529262335,0.025757208534471,0.0859369803521555,0.2435101807297734,0.0200101923655498,0.0139232991504289,162,699,0.9303505345404938,0.9921576382133248,oculta,True,0.032866205457948,0.0271771831371124,0.0862130703407377,0.2546278949455215,0.0217883582522862,0.0160341721243585,171,830,0.9368422721366716,0.9933775059309052,oculta,True,0.0010951525317145008,0.0014199746026413995,0.00027608998858220934,0.011117714215748115,0.0017781658867364013,0.002110872973929598,9,131,0.006491737596177827,0.0012198677175804251,True
11891451000182,0.8594807852671776,0.8243509815839719,0.9262220826764858,0.9932183248000592,0.2222222222222222,0.0277777777777778,5,6,0.942537854876995,0.4171078548544767,critico,False,0.7215461225393275,0.6751371429625487,0.8445738223634068,0.972732093721415,0.15625,0.015625,7,8,0.925780741085561,0.415609100966515,hhi_alto,False,-0.13793466272785015,-0.14921383862142323,-0.08164826031307892,-0.020486231078644224,-0.06597222222222221,-0.0121527777777778,2,2,-0.016757113791434075,-0.0014987538879617235,False
11892333000199,0.3586137381589686,0.0379206072384528,0.4045507272544547,1.0,0.3600000000000001,0.0400000000000001,3,5,0.761025684955285,0.700458750442665,baixo_baixo,False,0.3586137381589686,0.0379206072384528,0.4045507272544547,1.0,0.3600000000000001,0.0400000000000001,3,5,0.7562026298546114,0.6976321904797111,hhi_alto,False,0.0,0.0,0.0,0.0,0.0,0.0,0,0,-0.004823055100673601,-0.0028265599629538896,False
11892520000172,0.070158696699867,0.064488932655354,0.2376636471931548,0.3730875972824662,0.0121311636114106,0.0061075731456265,165,404,0.6424591209159296,0.6575350153929739,baixo_baixo,False,0.0611594460863896,0.0559145267907829,0.2169265441307353,0.3562574124071593,0.0115217391304347,0.0059995142093757,180,460,0.6499601530738174,0.672931321386854,baixo_baixo,False,-0.008999250613477401,-0.00857440586457111,-0.020737103062419493,-0.01683018487530691,-0.0006094244809758988,-0.00010805893625080026,15,56,0.007501032157887777,0.015396305993880088,True
11902878000139,0.881075404120229,0.8572904849442748,0.9380459938797188,0.987415592506818,0.1666666666666666,3.3306690738754695e-17,6,6,0.9691792489147876,0.4022262507138718,critico,False,0.881075404120229,0.8572904849442748,0.9380459938797188,0.987415592506818,0.1666666666666666,3.3306690738754695e-17,6,6,0.9680365595839298,0.3995502848321803,critico,False,0.0,0.0,0.0,0.0,0.0,0.0,0,0,-0.0011426893308578157,-0.0026759658816915,True
11924138000101,0.016111965397421,0.0134163817409756,0.0870645038812285,0.153407284363508,0.0117091104541789,0.0090014641814507,366,1525,0.8561052534046331,0.6303474427540922,baixo_baixo,False,0.0148782217948635,0.0123061022695237,0.0814398707487574,0.1434967047825286,0.0126442729473378,0.0100663206573831,384,1797,0.8538130002195224,0.6416870849582837,baixo_baixo,False,-0.0012337436025575011,-0.0011102794714519006,-0.0056246331324710935,-0.009910579580979406,0.0009351624931589007,0.0010648564759323988,18,272,-0.0022922531851106154,0.011339642204191591,True
11926843000130,0.0944176975806696,0.0550445539972205,0.1302903680094874,0.5211614720379498,0.0432,0.0016,24,25,0.678669951321498,0.4111537352252448,baixo_baixo,False,0.0944176975806696,0.0550445539972205,0.1302903680094874,0.5211614720379498,0.0432,0.0016,24,25,0.6719924820109351,0.4084336879170582,baixo_baixo,False,0.0,0.0,0.0,0.0,0.0,0.0,0,0,-0.0066774693105629,-0.0027200473081865906,True
11934211000118,0.4190647035034184,0.4085022435671169,0.637843726439177,0.8018056572083273,0.0354648526077097,0.0179278499278499,56,105,0.9596524113548336,0.4302299485288408,critico,False,0.2978627201935525,0.2867176840061485,0.4444459748166654,0.828567456922708,0.0294674556213017,0.0140621771391002,64,130,0.9750020509211984,0.6159742474157895,oculta,True,-0.12120198330986592,-0.1217845595609684,-0.19339775162251155,0.02676179971438064,-0.005997396986407999,-0.0038656727887497,8,25,0.015349639566364814,0.18574429888694877,False
11960753000165,0.1889576289622696,0.168161670730533,0.4039805705189105,0.6146141816768462,0.042188068643095,0.0176287883518923,40,189,0.9349282667752434,0.9508648982065728,oculta,True,0.1853627029378061,0.1644745671156986,0.3990635459899498,0.6077559823085423,0.0425347222222222,0.0179843304843304,40,192,0.9363275397534292,0.951488450812028,oculta,True,-0.003594926024463513,-0.0036871036148344027,-0.004917024528960701,-0.006858199368303897,0.0003466535791271999,0.00035554213243809904,0,3,0.0013992729781857616,0.0006235526054552132,True
11975991000144,0.2969486955835151,0.1211858694793938,0.3861092202881804,0.9614405592005536,0.2,3.4694469519536136e-17,5,5,0.5462043320962054,0.3965645695364238,baixo_baixo,False,0.2969486955835151,0.1211858694793938,0.3861092202881804,0.9614405592005536,0.2,3.4694469519536136e-17,5,5,0.5521536442020432,0.4111786594190941,baixo_baixo,False,0.0,0.0,0.0,0.0,0.0,0.0,0,0,0.005949312105837712,0.014614089882670267,True
11996804000109,0.4645675027262639,0.2860900036350185,0.6261986978948422,1.0,0.2777777777777778,0.037037037037037,4,6,0.9694900076835444,0.4459498086073287,critico,False,0.4645675027262639,0.2860900036350185,0.6261986978948422,1.0,0.2777777777777778,0.037037037037037,4,6,0.9676381225584982,0.4430579480017727,critico,False,0.0,0.0,0.0,0.0,0.0,0.0,0,0,-0.0018518851250461932,-0.002891860605556018,True
12008540000109,0.2289488525175884,0.1004403279371864,0.3442945102807854,0.8744649247130061,0.1428571428571428,0.0,7,7,0.7196613287892406,0.8801272076291284,baixo_baixo,False,0.2289488525175884,0.1004403279371864,0.3442945102807854,0.8744649247130061,0.1428571428571428,0.0,7,7,0.7161858302786325,0.8780977057332837,baixo_baixo,False,0.0,0.0,0.0,0.0,0.0,0.0,0,0,-0.0034754985106081326,-0.002029501895844721,True
12053489000149,0.0554866094962323,0.0478076388417301,0.1425735161684132,0.4032623967904789,0.0088775510204081,0.0008196449311431,124,140,0.9313248464310064,0.4419539717539961,oculta,True,0.0547578272899259,0.0474867336536945,0.1416099678638378,0.4005370463244956,0.0083761395714748,0.0007482637220246,131,147,0.9268023154247944,0.439764608658735,oculta,True,-0.0007287822063063998,-0.00032090518803560425,-0.0009635483045754012,-0.0027253504659833228,-0.0005014114489333005,-7.13812091185e-05,7,7,-0.004522531006212027,-0.0021893630952610765,True
12063587000167,0.6578228069045241,0.6435654238588793,0.8088525701445326,0.8946213643209963,0.0452674897119341,0.0054869684499314,25,27,0.8940462271408036,0.8753797356269362,hhi_alto,False,0.552050095280232,0.53482125279101,0.7359957520277759,0.880695083087732,0.0416171224732461,0.0047562425683709,27,29,0.8838924821007275,0.8748889183271463,hhi_alto,False,-0.10577271162429214,-0.10874417106786927,-0.0728568181167567,-0.013926281233264226,-0.0036503672386880015,-0.0007307258815605006,2,2,-0.010153745040076156,-0.0004908172997898363,True
12070136000157,0.1718376287841971,0.1081328309983661,0.2848978945999761,0.743879272704088,0.0755555555555555,0.0044444444444444,14,15,0.7997125904956296,0.7136384098655414,baixo_baixo,False,0.1718376287841971,0.1081328309983661,0.2848978945999761,0.743879272704088,0.0755555555555555,0.0044444444444444,14,15,0.7970984933486486,0.7134017474207874,baixo_baixo,False,0.0,0.0,0.0,0.0,0.0,0.0,0,0,-0.0026140971469810204,-0.00023666244475395448,True
12092636000190,0.2535316878760149,0.2068774183682658,0.4155733696976508,0.8944821671985738,0.07,0.011875,17,20,0.9725186996236064,0.4079246107426733,oculta,True,0.2499891145257746,0.2058708271449378,0.4125958119523266,0.8880732572462008,0.0661625708884688,0.0112309574113199,18,23,0.9713513096960869,0.4151415215889833,oculta,True,-0.0035425733502402745,-0.0010065912233279961,-0.002977557745324211,-0.0064089099523729764,-0.0038374291115312043,-0.0006440425886801004,1,3,-0.0011673899275195243,0.007216910846310043,True
12094507000130,0.1876472952821606,0.1790052452319708,0.3768817037381429,0.707648566051631,0.0272180544361088,0.0168693103343653,95,254,0.9568114884172484,0.7293451213821914,oculta,True,0.1822389034390863,0.1742994753171357,0.3049321395398581,0.7219280517150888,0.025692561983471,0.0162332664687474,104,275,0.9594641898499504,0.7888752295619701,oculta,True,-0.0054083918430742894,-0.004705769914835123,-0.0719495641982848,0.014279485663457825,-0.0015254924526377986,-0.0006360438656178996,9,21,0.0026527014327020204,0.05953010817977866,True
12105376000140,0.1869377459657113,0.1643526833536477,0.361904159705885,0.7079695184349911,0.0330864197530864,0.0062277091906721,37,45,0.8995944404427678,0.7804816544248032,baixo_baixo,False,0.1841908443060706,0.1627221823141251,0.359207792300699,0.7026947906315728,0.0312358533272974,0.0057420599938052,39,47,0.8959997121726601,0.7809506720807552,baixo_baixo,False,-0.002746901659640699,-0.001630501039522586,-0.0026963674051860287,-0.005274727803418311,-0.0018505664257889992,-0.00048564919686689984,2,2,-0.003594728270107761,0.0004690176559519754,True
12115907000185,0.1887622208176387,0.1782266652438418,0.4071731082480261,0.6069340330715263,0.0287991956334386,0.0161861981741326,78,236,0.8822425264252293,0.9929100406679696,baixo_baixo,False,0.1790147956294791,0.1690027809420337,0.3956610779854456,0.5903788602808537,0.0278994082840236,0.0160445230191946,83,260,0.8847887144084146,0.9936584759374616,baixo_baixo,False,-0.009747425188159575,-0.009223884301808094,-0.01151203026258052,-0.016555172790672534,-0.0008997873494149995,-0.00014167515493800076,5,24,0.0025461879831852885,0.000748435269491976,True
12116187000172,0.671123859242242,0.6241415534197052,0.8148106141486566,0.9497760927709432,0.140495867768595,0.0177095631641086,8,11,0.981788251505836,0.4119104507558542,critico,False,0.671123859242242,0.6241415534197052,0.8148106141486566,0.9497760927709432,0.140495867768595,0.0177095631641086,8,11,0.9810634642458936,0.4115591134382683,critico,False,0.0,0.0,0.0,0.0,0.0,0.0,0,0,-0.0007247872599424054,-0.00035133731758590914,True
12139961000160,0.0563783345062834,0.050087523402992,0.1687587516611946,0.3769572878894917,0.0287910224066478,0.0223162958893588,151,866,0.9439411604070208,0.9960559203612954,oculta,True,0.0525435497772579,0.0465847041783728,0.1520906707742723,0.363111173765442,0.0298894203273618,0.0237880959269049,160,969,0.9455289434041466,0.9963559003847836,oculta,True,-0.0038347847290255005,-0.0035028192246192025,-0.016668080886922315,-0.01384611412404968,0.001098397920713999,0.0014718000375461004,9,103,0.0015877829971258084,0.00029998002348818886,True
12157728000100,0.27983188706335,0.1898108729462688,0.4179333852074244,0.9089789710022524,0.1111111111111111,0.0,9,9,0.9720942609420552,0.5335723534912558,oculta,True,0.2712876690554427,0.2105616414767296,0.4113673638047333,0.8946982851574623,0.0769230769230769,1.503427012513233e-17,13,13,0.967807824643268,0.5295832739930115,oculta,True,-0.008544218007907278,0.02075076853046079,-0.00656602140269108,-0.014280685844790142,-0.034188034188034205,1.503427012513233e-17,4,4,-0.004286436298787222,-0.00398907949824423,True
12207403000195,0.6570862004893147,0.5427816006524195,0.7966954084958662,1.0,0.3333333333333333,0.1111111111111111,4,6,0.8326389812081032,0.4000862253753839,hhi_alto,False,0.4884202457254439,0.4315780508060488,0.6647457439189403,0.9413773141806192,0.125,0.0277777777777777,10,12,0.8916111988281847,0.4071585277627457,hhi_alto,False,-0.16866595476387075,-0.11120354984637076,-0.13194966457692592,-0.05862268581938079,-0.20833333333333331,-0.0833333333333334,6,6,0.058972217620081535,0.007072302387361784,True
12219015000124,0.2656993375018208,0.2427524417987527,0.3833325292583066,0.8543273235416553,0.0670208911967153,0.0378652940466127,33,91,0.9668646187269312,0.449470672700814,oculta,True,0.231975466436697,0.2087019957226575,0.3535733768196015,0.8018791048382308,0.065094230546884,0.0367637526846684,34,93,0.9654135130239908,0.5109707413016756,oculta,True,-0.033723871065123784,-0.0340504460760952,-0.029759152438705083,-0.05244821870342453,-0.0019266606498312966,-0.0011015413619442985,1,2,-0.0014511057029403807,0.06150006860086166,True
12251090000172,0.067329419784299,0.0414219036671962,0.1538968432294774,0.4292911942717003,0.0294784580498866,0.0025195263290501,37,42,0.6135415986440709,0.6860563589661907,baixo_baixo,False,0.067329419784299,0.0414219036671962,0.1538968432294774,0.4292911942717003,0.0294784580498866,0.0025195263290501,37,42,0.6107538891349767,0.6842667119157745,baixo_baixo,False,0.0,0.0,0.0,0.0,0.0,0.0,0,0,-0.0027877095090941273,-0.0017896470504161766,True
12251189000174,0.2705282045450632,0.214414989510068,0.3806398258545408,0.8874365531505811,0.078125,0.0072115384615384,14,16,0.8882224655346938,0.8794060956998287,baixo_baixo,False,0.2642717566442935,0.2117197392617431,0.3761139358959223,0.8768847403553794,0.074074074074074,0.0079365079365079,15,18,0.8818346392225088,0.8778376188794235,baixo_baixo,False,-0.006256447900769735,-0.0026952502483248986,-0.004525889958618523,-0.010551812795201676,-0.004050925925925999,0.0007249694749694993,1,2,-0.00638782631218493,-0.0015684768204052846,True
12259049000142,0.2745875994657217,0.1939862216285796,0.3583033048556286,0.927187909678214,0.1074380165289256,0.0082644628099173,10,11,0.9217482793434976,0.7211928392882627,baixo_baixo,False,0.2745875994657217,0.1939862216285796,0.3583033048556286,0.927187909678214,0.1074380165289256,0.0082644628099173,10,11,0.9190887574522154,0.718797128499278,baixo_baixo,False,0.0,0.0,0.0,0.0,0.0,0.0,0,0,-0.002659521891282157,-0.0023957107889847062,True
12270817000169,0.4972463667525288,0.371557958440661,0.6870750460697719,0.9344220626548896,0.2,3.4694469519536136e-17,5,5,0.5910051019195072,0.5685071980204832,hhi_alto,False,0.4972463667525288,0.371557958440661,0.6870750460697719,0.9344220626548896,0.2,3.4694469519536136e-17,5,5,0.5912773179361821,0.5678789412678307,hhi_alto,False,0.0,0.0,0.0,0.0,0.0,0.0,0,0,0.000272216016674931,-0.0006282567526525451,True
12273240000149,0.325928840779208,0.3118856916287748,0.5599872671270354,0.7080499146975046,0.0406648199445983,0.0206786703601108,49,95,0.929758228372454,0.9851988662597192,oculta,True,0.2347850185764911,0.2197808032544616,0.4659428203877371,0.6321000094365791,0.039859693877551,0.0210334133653461,52,112,0.9313564019766368,0.98848487234601,oculta,True,-0.09114382220271688,-0.09210488837431319,-0.09404444673929829,-0.07594990526092549,-0.0008051260670473015,0.0003547430052353029,3,17,0.0015981736041827954,0.003286006086290816,True
12282048000119,0.1966039196933711,0.1073376885481901,0.2945849837448956,0.8395755469289276,0.1,3.0839528461809905e-17,10,10,0.961802852870879,0.5979580230252576,oculta,True,0.1574516582942431,0.0972696338866891,0.2352967601261437,0.7168198064275938,0.0703125,0.00390625,15,16,0.9598815840262797,0.6912731467693557,oculta,True,-0.039152261399128,-0.010068054661501,-0.05928822361875191,-0.12275574050133375,-0.029687500000000006,0.003906249999999969,5,6,-0.001921268844599311,0.09331512374409812,True
12292556000188,0.1708384755551037,0.0523868292058328,0.2059007257595674,0.7845522936760373,0.125,0.0,8,8,0.9948588282103398,0.4716298567955642,oculta,True,0.1703760316930174,0.0666730356546446,0.2056207440878144,0.7834854676026918,0.1111111111111111,0.0,9,9,0.9940298578507232,0.468509626289164,oculta,True,-0.00046244386208629806,0.014286206448811796,-0.00027998167175299904,-0.001066826073345517,-0.013888888888888895,0.0,1,1,-0.0008289703596165987,-0.003120230506400201,True
12298037000127,0.1830527087987835,0.1736625100493442,0.4001120521844268,0.6156598296379905,0.05269940132621,0.0418108886977757,88,193,0.7437623309889596,0.4878918576734443,baixo_baixo,False,0.0960146829369845,0.0893677320762271,0.2624750593235156,0.4747052732241463,0.0316366568126847,0.024516338112778,137,305,0.7573590498053451,0.5406149320935009,baixo_baixo,False,-0.087038025861799,-0.08429477797311709,-0.1376369928609112,-0.1409545564138442,-0.0210627445135253,-0.017294550584997702,49,112,0.013596718816385467,0.05272307442005658,True
12306202000145,0.18597656015961,0.1181412735062441,0.3101616395393674,0.775389709906378,0.0844444444444444,0.0081481481481481,13,15,0.7919369799833335,0.4370628033185242,baixo_baixo,False,0.1710949848830124,0.1073330606432441,0.2955606943674427,0.7388880243400021,0.078125,0.0072115384615384,14,16,0.7758764645991523,0.4334945561674199,baixo_baixo,False,-0.014881575276597614,-0.010808212862999989,-0.014600945171924673,-0.0365016855663759,-0.006319444444444405,-0.0009366096866097002,1,1,-0.016060515384181184,-0.00356824715110432,True
12321353000172,0.117652402311924,0.083715956246998,0.2509615423916553,0.5898973603493608,0.0392390011890606,0.0022866550809475,27,29,0.8868742393260671,0.5223316190335358,baixo_baixo,False,0.1154477675831236,0.083856616425378,0.2485451894824558,0.5842176048409062,0.0364203954214359,0.0020068381150586,29,31,0.8802508185953185,0.5358394108825743,baixo_baixo,False,-0.002204634728800406,0.000140660178380006,-0.002416352909199504,-0.005679755508454565,-0.0028186057676247017,-0.0002798169658888997,2,2,-0.006623420730748619,0.013507791849038497,True
12334083000134,0.1099745737582152,0.1039199790218765,0.2861393006491179,0.4853101769272046,0.0226741330796482,0.0160256577944758,148,569,0.9459072339585708,0.990326461595883,oculta,True,0.10356978635931,0.0975935849350387,0.2758996856715986,0.4769275344661307,0.0235219360075184,0.0170120822475686,151,612,0.9477557289376428,0.9917586490488124,oculta,True,-0.0064047873989052095,-0.0063263940868378,-0.010239614977519296,-0.008382642461073897,0.000847802927870199,0.000986424453092799,3,43,0.001848494979072024,0.0014321874529293899,True
12342968000185,0.2057698186738462,0.106491046008077,0.3693926772590492,0.7809213982532128,0.1111111111111111,0.0,9,9,0.7537997368648924,0.4356224279682085,baixo_baixo,False,0.2057698186738462,0.106491046008077,0.3693926772590492,0.7809213982532128,0.1111111111111111,0.0,9,9,0.7532800245196097,0.4609958549744175,baixo_baixo,False,0.0,0.0,0.0,0.0,0.0,0.0,0,0,-0.0005197123452826968,0.02537342700620898,True
12366625000150,0.1318415749594849,0.0529180817739835,0.1827925394388545,0.6429996387319705,0.0833333333333333,1.5139404881252137e-17,12,12,0.6882137226511031,0.6291078053113195,baixo_baixo,False,0.1318415749594849,0.0529180817739835,0.1827925394388545,0.6429996387319705,0.0833333333333333,1.5139404881252137e-17,12,12,0.6816422648572699,0.626159645492862,baixo_baixo,False,0.0,0.0,0.0,0.0,0.0,0.0,0,0,-0.00657145779383328,-0.0029481598184575297,True
12403446000146,0.1931707404775188,0.1580912074548023,0.3852774196481466,0.6948863540773973,0.0579591836734693,0.0170008873114463,24,35,0.8894166970681451,0.992316259834577,baixo_baixo,False,0.1764242158397065,0.1434811844732948,0.3660411876865208,0.6601918861114089,0.0533235938641344,0.0154565376186997,26,37,0.88994079829476,0.9934093336414672,baixo_baixo,False,-0.016746524637812316,-0.014610022981507487,-0.019236231961625827,-0.03469446796598841,-0.0046355898093349,-0.0015443496927465983,2,2,0.0005241012266149481,0.0010930738068901658,True
12415300000110,0.8900262684350425,0.862532835543803,0.9420921206519972,0.9988956849362444,0.2,3.4694469519536136e-17,5,5,0.968186106601112,0.3965645695364237,critico,False,0.8900262684350425,0.862532835543803,0.9420921206519972,0.9988956849362444,0.2,3.4694469519536136e-17,5,5,0.9665579622289928,0.3939165594559823,critico,False,0.0,0.0,0.0,0.0,0.0,0.0,0,0,-0.0016281443721192224,-0.0026480100804414097,True
12433830000191,0.1715113535034332,0.0531558325753522,0.1839355049111784,0.7357420196447139,0.125,0.0,8,8,0.8749851310896732,0.3965645695364238,baixo_baixo,False,0.1715113535034332,0.0531558325753522,0.1839355049111784,0.7357420196447139,0.125,0.0,8,8,0.868499646114001,0.3939165594559823,baixo_baixo,False,0.0,0.0,0.0,0.0,0.0,0.0,0,0,-0.006485484975672251,-0.0026480100804415208,True
12448797000173,0.2649881470399882,0.1424861715466528,0.393654459094146,0.8725257022753514,0.15625,0.015625,7,8,0.7205678442250747,0.5736683420167143,baixo_baixo,False,0.2649881470399882,0.1424861715466528,0.393654459094146,0.8725257022753514,0.15625,0.015625,7,8,0.7137196622345604,0.5701458429445913,baixo_baixo,False,0.0,0.0,0.0,0.0,0.0,0.0,0,0,-0.0068481819905142904,-0.0035224990721230975,True
12457020000175,0.2092548277343584,0.1484282760216167,0.3804512662822454,0.7772933432823503,0.0755555555555555,0.0044444444444444,14,15,0.9097468171954168,0.5204530150702064,baixo_baixo,False,0.1877986636369717,0.129784282468184,0.3566403733741737,0.7286457234809685,0.0703125,0.00390625,15,16,0.901318200334656,0.5100927830488209,baixo_baixo,False,-0.02145616409738671,-0.018643993553432714,-0.0238108929080717,-0.04864761980138188,-0.005243055555555501,-0.0005381944444444002,1,1,-0.008428616860760796,-0.010360232021385474,True
12462982000112,0.1626369857340333,0.0579666089507874,0.2945296982064049,0.6845861634480076,0.1466666666666667,0.04,9,15,0.6965017190085083,0.529072456732389,baixo_baixo,False,0.1626369857340333,0.0579666089507874,0.2945296982064049,0.6845861634480076,0.1466666666666667,0.04,9,15,0.6906908899751089,0.5257701596932846,baixo_baixo,False,0.0,0.0,0.0,0.0,0.0,0.0,0,0,-0.005810829033399467,-0.0033022970391044515,True
12488175000179,0.192815493346934,0.1878019249826293,0.3974590464881928,0.7041110613203323,0.0224913494809688,0.0164198671796084,162,816,0.941637829420548,0.6788607692928599,oculta,True,0.1792053685467538,0.1743771648323229,0.3825646342801327,0.6777251468966402,0.0236883174791914,0.0179453075820102,171,928,0.9369184248665092,0.6856888645475407,oculta,True,-0.013610124800180201,-0.013424760150306386,-0.014894412208060093,-0.02638591442369209,0.0011969679982225985,0.0015254404024018023,9,112,-0.004719404554038742,0.006828095254680866,True
12489912000158,0.190267684313714,0.1166556556149607,0.3886234818253574,0.6238903738757643,0.0887573964497041,0.0059171597633136,12,13,0.7109650201866515,0.6860187861925805,baixo_baixo,False,0.190267684313714,0.1166556556149607,0.3886234818253574,0.6238903738757643,0.0887573964497041,0.0059171597633136,12,13,0.7054569911983536,0.6824121477482663,baixo_baixo,False,0.0,0.0,0.0,0.0,0.0,0.0,0,0,-0.005508028988297942,-0.003606638444314192,True
12560864000147,0.1883528517601189,0.0724032591544217,0.3017413092747447,0.7264332973010472,0.2037037037037037,0.0899470899470899,8,18,0.7985316966448232,0.6895305061240548,baixo_baixo,False,0.1883528517601189,0.0724032591544217,0.3017413092747447,0.7264332973010472,0.2037037037037037,0.0899470899470899,8,18,0.7947073387301844,0.6871176903389431,baixo_baixo,False,0.0,0.0,0.0,0.0,0.0,0.0,0,0,-0.003824357914638754,-0.002412815785111655,True
12570642000105,0.0935668941685415,0.0750682593556546,0.2133832562340881,0.5223194577742662,0.0255463219452139,0.0056595121889937,50,57,0.7973211109497204,0.7549847280888532,baixo_baixo,False,0.088183411834209,0.0706484774464053,0.2067021788594698,0.5059655189824132,0.0239355001259763,0.0051650289745527,53,63,0.802569854143925,0.7582951190484927,baixo_baixo,False,-0.005383482334332501,-0.0044197819092492985,-0.006681077374618316,-0.016353938791853095,-0.0016108218192375998,-0.0004944832144410001,3,6,0.0052487431942046525,0.0033103909596394754,True
12592033000157,0.1829011329708959,0.1148095607184706,0.355061234148902,0.6770295734956095,0.0844444444444444,0.0081481481481481,13,15,0.8387480592969714,0.5912016136203667,baixo_baixo,False,0.1829011329708959,0.1148095607184706,0.355061234148902,0.6770295734956095,0.0844444444444444,0.0081481481481481,13,15,0.8431173409428032,0.6004497915999862,baixo_baixo,False,0.0,0.0,0.0,0.0,0.0,0.0,0,0,0.004369281645831835,0.00924817797961952,True
12640342000155,0.3213620723433848,0.2814421942459369,0.467882516401423,0.8634942745735172,0.0702479338842975,0.0155566358774914,18,22,0.906821174103118,0.4094829770131216,baixo_baixo,False,0.2300959974340563,0.2015810343760584,0.3906730136765919,0.7506958884873418,0.0465306122448979,0.0112169312169312,28,35,0.8814259101109104,0.4243539361587197,baixo_baixo,False,-0.09126607490932853,-0.07986115986987852,-0.07720950272483107,-0.11279838608617543,-0.023717321639399595,-0.0043397046605602,10,13,-0.025395263992207595,0.014870959145598106,True
12652188000131,0.1745629604916364,0.0369901205735758,0.2643612937681498,0.7437497913815547,0.1428571428571428,0.0,7,7,0.4656809408288457,0.567945230169974,baixo_baixo,False,0.1745629604916364,0.0369901205735758,0.2643612937681498,0.7437497913815547,0.1428571428571428,0.0,7,7,0.4626178229894646,0.5646541021979564,baixo_baixo,False,0.0,0.0,0.0,0.0,0.0,0.0,0,0,-0.0030631178393811243,-0.0032911279720175823,True
12652881000104,0.1195454437338863,0.0314999881072749,0.1842180775735795,0.5677224503652728,0.0909090909090909,0.0,11,11,0.6673303983798013,0.7769467295033152,baixo_baixo,False,0.1255663274724674,0.0381229602197141,0.1876331670974808,0.6119545138288491,0.1005917159763313,0.0106508875739645,11,13,0.6952835848858687,0.7974289281697962,baixo_baixo,False,0.006020883738581104,0.006622972112439202,0.0034150895239012935,0.04423206346357633,0.009682625067240408,0.0106508875739645,0,2,0.027953186506067373,0.020482198666480933,True
12710978000126,0.1354502090310381,0.1307258932333935,0.3291796834309585,0.5790483427781836,0.0088914911289334,0.0034755976378347,184,271,0.9501246033549045,0.7865501276068813,oculta,True,0.1402583917470543,0.1356852980861344,0.2694456205415551,0.6318234464261026,0.0087987164225454,0.0035263691694738,189,278,0.964386594888536,0.6994288492067114,oculta,True,0.004808182716016185,0.0049594048527408785,-0.059734062889403416,0.05277510364791893,-9.27747063880005e-05,5.077153163910017e-05,5,7,0.014261991533631502,-0.08712127840016981,True
12769172000103,0.1576224183788199,0.0928241428694984,0.245298847586014,0.7159660113916786,0.0714285714285714,0.0,14,14,0.6956104528645594,0.5453883397901994,baixo_baixo,False,0.1268167259775222,0.0754530039762,0.2133974066159944,0.6284129497495388,0.0555555555555555,0.0,18,18,0.6868542090691933,0.5613032536475862,baixo_baixo,False,-0.030805692401297713,-0.017371138893298402,-0.031901440970019596,-0.08755306164213983,-0.0158730158730159,0.0,4,4,-0.008756243795366103,0.015914913857386748,True
12770455000175,0.3702050017452848,0.3387152518325491,0.5268556936409224,0.9510260245548494,0.0495867768595041,0.0020661157024793,21,22,0.9764036350332668,0.6528027542738062,oculta,True,0.3594606221500827,0.3348244922327782,0.5190779274628099,0.9369863963652588,0.04,0.003076923076923,27,30,0.9706153582441448,0.6540391570639537,critico,False,-0.010744379595202136,-0.0038907595997708655,-0.007777766178112544,-0.014039628189590592,-0.009586776859504098,0.0010108073744437003,6,8,-0.005788276789121971,0.0012364027901474728,False
12816116000182,0.0824794935026585,0.066382642511477,0.2092722645889713,0.4639503891119768,0.0337536220534106,0.0168019312122423,58,113,0.8057521301654594,0.9926655383222638,baixo_baixo,False,0.0620751670229034,0.0482821547732402,0.1738408880082613,0.389939669668897,0.0284529320987654,0.0141654752178649,69,144,0.8169546951448965,0.9935742134957616,baixo_baixo,False,-0.020404326479755097,-0.018100487738236803,-0.035431376580709995,-0.0740107194430798,-0.0053006899546452005,-0.0026364559943773992,11,31,0.011202564979437057,0.0009086751734977971,True
12877385000159,0.1525960708894217,0.1290570728585723,0.344204131505754,0.5899785093576287,0.034090909090909,0.0072601010101009,37,44,0.6452366995585697,0.4349297135611523,baixo_baixo,False,0.1137901195895483,0.0992620887631474,0.2944564601741719,0.5047091755822743,0.019242213846459,0.0031642173521386,62,71,0.6454610669213396,0.50816948116131,baixo_baixo,False,-0.03880595129987341,-0.029794984095424887,-0.049747671331582144,-0.0852693337753544,-0.014848695244449997,-0.0040958836579623,25,27,0.00022436736276998381,0.07323976760015771,True
12984850000150,0.340424342910901,0.1755304286386263,0.4023094961542762,0.99564157448457,0.2,3.4694469519536136e-17,5,5,0.7779877209787097,0.649964884274,baixo_baixo,False,0.2428791509003009,0.1797857468086593,0.3950804310794166,0.8222813234046241,0.3383373991367987,0.2831988490648652,13,73,0.7175074935777566,0.5985895555646029,baixo_baixo,False,-0.0975451920106001,0.004255318170032996,-0.0072290650748595975,-0.1733602510799459,0.1383373991367987,0.28319884906486514,8,68,-0.06048022740095316,-0.051375328709397095,True
12998458000160,0.1911097784120465,0.1333319054414783,0.3664444069928417,0.7198490307029998,0.0703125,0.00390625,15,16,0.8944924859809376,0.424372275987925,baixo_baixo,False,0.2636589338277991,0.2227510968182324,0.4452804084334983,0.8291459327030364,0.0566893424036281,0.0042831947593852,19,21,0.948861157988386,0.4031321980183181,oculta,True,0.0725491554157526,0.08941919137675411,0.07883600144065661,0.10929690200003661,-0.0136231575963719,0.00037694475938520027,4,5,0.05436867200744844,-0.021240077969606863,False
13018648000137,0.1668541925759474,0.0835396118335421,0.3052486559704158,0.7215084376356935,0.1122448979591836,0.023469387755102,11,14,0.8069129404909514,0.7055393277714949,baixo_baixo,False,0.1668541925759474,0.0835396118335421,0.3052486559704158,0.7215084376356935,0.1122448979591836,0.023469387755102,11,14,0.8060250547189706,0.7105178659874509,baixo_baixo,False,0.0,0.0,0.0,0.0,0.0,0.0,0,0,-0.0008878857719808453,0.004978538215956063,True
13019421000106,0.2610515262603115,0.2501846369406101,0.370169801595767,0.8941924988407056,0.0241999999999999,0.0098499999999999,69,100,0.8896279989220416,0.7553909683018218,baixo_baixo,False,0.2597429915386043,0.2493168364898522,0.3692213779536089,0.8919014602338691,0.0272727272727272,0.0135723431498079,72,110,0.8929294540839849,0.947609783234702,baixo_baixo,False,-0.0013085347217071663,-0.0008678004507579051,-0.000948423642158136,-0.0022910386068365485,0.0030727272727273,0.003722343149807999,3,10,0.0033014551619433563,0.19221881493288018,True
13019629000125,0.2662083663516498,0.1613809901161712,0.4118663222771008,0.9036170122545902,0.1358024691358024,0.0123456790123456,8,9,0.5064117015221488,0.9419659990056134,baixo_baixo,False,0.1983063302393246,0.131498524425935,0.3261326153814747,0.8163875809403568,0.0816326530612245,0.0051020408163265,13,14,0.3718980428359441,0.932203771254651,baixo_baixo,False,-0.0679020361123252,-0.029882465690236226,-0.0857337068956261,-0.08722943131423344,-0.05416981607457791,-0.0072436381960191,5,5,-0.13451365868620468,-0.00976222775096236,True
13034603000156,0.2349335244358846,0.0436669055448557,0.2993899098947256,0.9099058141520502,0.2,3.4694469519536136e-17,5,5,0.5095045020620012,0.4858574655895836,baixo_baixo,False,0.1536503365128304,0.032743241728949,0.1903861613669168,0.7184307228868401,0.1358024691358024,0.0123456790123456,8,9,0.5189228477988006,0.4531342917591685,baixo_baixo,False,-0.08128318792305422,-0.010923663815906703,-0.10900374852780878,-0.19147509126521012,-0.0641975308641976,0.012345679012345566,3,4,0.00941834573679945,-0.03272317383041512,True
13072654000172,0.2918590495456974,0.0558120660609299,0.3978341290015914,1.0,0.2592592592592592,0.0123456790123456,4,9,0.4556468028636941,0.8914390805326865,baixo_baixo,False,0.2331328983409141,0.0414161229261426,0.3006345122638646,0.9133218668246924,0.2083333333333333,0.0104166666666666,5,12,0.4482991928305174,0.7434843533808487,baixo_baixo,False,-0.058726151204783306,-0.0143959431347873,-0.09719961673772676,-0.08667813317530759,-0.0509259259259259,-0.001929012345679,1,3,-0.007347610033176688,-0.14795472715183777,True
13102858000109,0.0940794922798477,0.0374594605473382,0.1430709867461931,0.4810480556400142,0.0588235294117647,0.0,17,17,0.859691541110431,0.727773611987403,baixo_baixo,False,0.091617703364017,0.0411520202175735,0.1411039690448746,0.4744343454661455,0.0526315789473684,0.0,19,19,0.8585430659773173,0.7388169381700559,baixo_baixo,False,-0.0024617889158306955,0.003692559670235296,-0.001967017701318491,-0.006613710173868692,-0.006191950464396301,0.0,2,2,-0.0011484751331136689,0.011043326182652913,True
13128780003389,0.5302214887344717,0.4940846801755849,0.695886653585733,0.9901845374362852,0.0755555555555555,0.0044444444444444,14,15,0.9958151340497472,0.3980869375320244,critico,False,0.3013861519453306,0.2548118954083527,0.4170807223889247,0.961234526728941,0.0679012345679012,0.0057613168724279,16,18,0.9964927362516248,0.4057699115528037,oculta,True,-0.22883533678914114,-0.23927278476723218,-0.2788059311968083,-0.028950010707344154,-0.007654320987654298,0.0013168724279834995,2,3,0.0006776022018776251,0.007682974020779276,False
13128780003974,0.3401094518065037,0.2081313421678045,0.490165618483934,0.9748230236805832,0.2991507771190514,0.1589809325428617,6,79,0.9723530513212312,0.9076682308038572,oculta,True,0.3377095843153591,0.2430966677889818,0.4878075766900759,0.973972824228312,0.2920085847746497,0.190866954028171,8,89,0.9700254970355308,0.906654027560278,oculta,True,-0.002399867491144625,0.03496532562117732,-0.0023580417938580678,-0.0008501994522711609,-0.007142192344401721,0.03188602148530931,2,10,-0.0023275542857004172,-0.0010142032435791482,True
13128780004431,0.8770609458277532,0.8616935640562223,0.9354019824536394,0.9958798736000792,0.1111111111111111,0.0,9,9,0.9983952114777233,0.4235839893059782,critico,False,0.5521814218332468,0.5177338388973427,0.7328717920842298,0.9199533938244696,0.0714285714285714,0.0,14,14,0.9971711564186488,0.7564027080362006,critico,False,-0.32487952399450637,-0.3439597251588796,-0.20253019036940956,-0.07592647977560962,-0.03968253968253971,0.0,5,5,-0.0012240550590744137,0.3328187187302224,True
13128780004512,0.3228329421658654,0.1873995305990385,0.3554432924724182,0.990579254126214,0.5155709342560557,0.4186851211072668,6,17,0.6640206789060881,0.6122200177242286,baixo_baixo,False,0.3228329421658654,0.1873995305990385,0.3554432924724182,0.990579254126214,0.5155709342560557,0.4186851211072668,6,17,0.6615856333847954,0.6104300532849953,baixo_baixo,False,0.0,0.0,0.0,0.0,0.0,0.0,0,0,-0.0024350455212927002,-0.0017899644392332936,True
13128780009581,0.4971234606564902,0.3965481527877883,0.6773905186426865,0.9689937232450084,0.24,0.088,6,10,0.91431375216872,0.8078859923069521,hhi_alto,False,0.4971234606564902,0.3965481527877883,0.6773905186426865,0.9689937232450084,0.24,0.088,6,10,0.9110523431591128,0.8037573307001837,hhi_alto,False,0.0,0.0,0.0,0.0,0.0,0.0,0,0,-0.0032614090096072523,-0.004128661606768391,True
13128780009905,0.0444080316867412,0.0205182324789098,0.1067725782308266,0.3195032307567039,0.0344,0.01026,41,50,0.5362663416991912,0.5104692738262024,baixo_baixo,False,0.3396143513703638,0.3238908835458487,0.5760955633701884,0.6798978623335984,0.0325443786982248,0.0095097210481826,43,52,0.7854528292664936,0.7027215512056688,baixo_baixo,False,0.2952063196836226,0.3033726510669389,0.4693229851393618,0.3603946315768945,-0.0018556213017751969,-0.0007502789518173993,2,2,0.24918648756730244,0.19225227737946637,True
13128814001049,0.434397204779045,0.3908892974543561,0.6417330003572136,0.8790087404582229,0.0714285714285714,0.0,14,14,0.971640640575369,0.4904609865113088,critico,False,0.285737446679151,0.2500243190131085,0.498712463846568,0.7816014539852318,0.0495867768595041,0.0020661157024793,21,22,0.9682928595168544,0.5129672521895142,oculta,True,-0.14865975809989396,-0.14086497844124757,-0.1430205365106456,-0.09740728647299102,-0.021841794569067298,0.0020661157024793,7,8,-0.0033477810585146317,0.022506265678205406,False
13133909000160,0.0805157541182883,0.0684172771987921,0.1518929710141734,0.4931659378128123,0.0158193454896751,0.0028696000355919,77,91,0.9082429137750124,0.7933794196855409,baixo_baixo,False,0.0659847391495894,0.0557208351842003,0.1211115926154799,0.4252117865345043,0.0142911153119092,0.003459149546106,92,115,0.903971426262582,0.7989720981557742,baixo_baixo,False,-0.014531014968698908,-0.01269644201459181,-0.030781378398693507,-0.067954151278308,-0.0015282301777659012,0.0005895495105141002,15,24,-0.00427148751243045,0.005592678470233259,True
13153852000160,0.1112379139277667,0.04775490777975,0.1651062916493636,0.5711294365828936,0.074074074074074,0.0079365079365079,15,18,0.7717899752616931,0.7069871896716899,baixo_baixo,False,0.1167528648171087,0.0536637837326164,0.1897542841711726,0.5918659135944165,0.0803324099722991,0.0146418678274633,15,19,0.7740613698867043,0.709855624024627,baixo_baixo,False,0.0055149508893419935,0.005908875952866398,0.024647992521808992,0.020736477011522925,0.006258335898225095,0.006705359890955401,0,1,0.002271394625011136,0.0028684343529370437,True
13170158000151,0.5039923222537952,0.4993996585709599,0.6961390981358365,0.9253738899926564,0.0260590277777777,0.0170410558127572,109,480,0.9549268873760804,0.8931313959710466,critico,False,0.4924370053095513,0.488061462251875,0.6880842828081906,0.9146666680985318,0.0292194674012855,0.020850669706469,117,660,0.9525052800029918,0.90294942311383,critico,False,-0.011555316944243887,-0.011338196319084892,-0.008054815327645959,-0.010707221894124541,0.003160439623507802,0.003809613893711799,8,180,-0.002421607373088608,0.009818027142783348,True
13182493000170,0.3737797109148514,0.3041996787942793,0.5857555954303253,0.8536411544071275,0.1,3.0839528461809905e-17,10,10,0.7653467956304804,0.7201026007496715,hhi_alto,False,0.3513738094250926,0.2973216268771836,0.5676538033854986,0.8272608094671334,0.0769230769230769,1.503427012513233e-17,13,13,0.7448791543821469,0.707288299007129,hhi_alto,False,-0.022405901489758795,-0.006878051917095673,-0.018101792044826648,-0.026380344939994083,-0.023076923076923106,-1.5805258336677575e-17,3,3,-0.020467641248333446,-0.0128143017425425,True
13183513000127,0.2058156880392217,0.1740483155607906,0.3571674731380808,0.7694938992489766,0.0439952437574316,0.0057550535077288,26,29,0.9466383983029754,0.448585121436703,oculta,True,0.1975139473185607,0.1666490991385053,0.3494793830514711,0.7529304133118468,0.0422222222222222,0.0053846153846153,27,30,0.943066603670305,0.5015492167031389,oculta,True,-0.008301740720661005,-0.007399216422285276,-0.0076880900866097,-0.01656348593712975,-0.0017730215352093973,-0.00037043812311350014,1,1,-0.003571794632670322,0.05296409526643592,True
13188322000158,0.2103357191465817,0.0129196489332272,0.2573422974233602,0.8749638112394249,0.2,3.4694469519536136e-17,5,5,0.6243215965469264,0.6582491807066986,baixo_baixo,False,0.2103357191465817,0.0129196489332272,0.2573422974233602,0.8749638112394249,0.2,3.4694469519536136e-17,5,5,0.6193566316045275,0.6550924731652459,baixo_baixo,False,0.0,0.0,0.0,0.0,0.0,0.0,0,0,-0.004964964942398953,-0.003156707541452697,True
13240198000122,0.3678067297519032,0.2774934054307465,0.5660885295368222,0.9022291727643488,0.1358024691358024,0.0123456790123456,8,9,0.4743660427736993,0.4274584240743486,baixo_baixo,False,0.3678067297519032,0.2774934054307465,0.5660885295368222,0.9022291727643488,0.1358024691358024,0.0123456790123456,8,9,0.4742567080351691,0.4261306208907344,hhi_alto,False,0.0,0.0,0.0,0.0,0.0,0.0,0,0,-0.00010933473853019793,-0.0013278031836141957,False
13244984000106,0.2771144773336967,0.1738451169527963,0.3421255494775659,0.9383491934931129,0.125,0.0,8,8,0.9018007820788472,0.6982453249432218,baixo_baixo,False,0.2120653187071225,0.1245170207856917,0.2686807584384973,0.9098591522232482,0.1,3.0839528461809905e-17,10,10,0.9162788519112448,0.75484407932761,baixo_baixo,False,-0.0650491586265742,-0.04932809616710461,-0.07344479103906859,-0.028490041269864652,-0.024999999999999994,3.0839528461809905e-17,2,2,0.014478069832397633,0.05659875438438822,True
13286669000133,0.3200332241057653,0.1500415301322065,0.4361031832366516,0.9767999581059112,0.3553719008264462,0.1942148760330577,5,11,0.6307807136117972,0.9442931309564512,baixo_baixo,False,0.2797933021099495,0.1597588524616078,0.4002094889669834,0.923386793500874,0.2387543252595155,0.1118800461361014,7,17,0.6866438220837057,0.9561524913536992,baixo_baixo,False,-0.040239921995815775,0.009717322329401284,-0.03589369426966821,-0.0534131646050372,-0.1166175755669307,-0.0823348298969563,2,6,0.05586310847190845,0.011859360397247998,True
13358623000182,0.1093896207222787,0.0351720891158019,0.1370460156128372,0.5351555723594956,0.0769230769230769,1.503427012513233e-17,13,13,0.580072809129449,0.7383370403302907,baixo_baixo,False,0.1037909805016628,0.0348518251556368,0.1329042322556889,0.5189821839310026,0.0714285714285714,0.0,14,14,0.5796569326493968,0.7446021448798442,baixo_baixo,False,-0.0055986402206159025,-0.0003202639601651014,-0.004141783357148293,-0.01617338842849303,-0.005494505494505503,-1.503427012513233e-17,1,1,-0.0004158764800522574,0.006265104549553535,True
13366927000191,0.8259926874802125,0.7824908593502655,0.906580028996701,0.999222445432112,0.2,3.4694469519536136e-17,5,5,0.9968598797952652,0.828734654499364,critico,False,0.8247693022796517,0.7897231627355821,0.905908106619254,0.9984818600456504,0.1666666666666666,3.3306690738754695e-17,6,6,0.996485444224332,0.823889680110194,critico,False,-0.001223385200560756,0.007232303385316552,-0.000671922377446954,-0.0007405853864616008,-0.03333333333333341,-1.3877787807814407e-18,1,1,-0.0003744355709331959,-0.004844974389169976,True
13417917000138,0.0941852044736062,0.0564429213266732,0.1774629107647237,0.5221645719094605,0.0832098765432098,0.0450102880658436,25,90,0.9221368466183264,0.9950356341717786,baixo_baixo,False,0.0865074701056972,0.0513731420328394,0.1539675433007613,0.4870935775900562,0.0803531009506564,0.0449820663718355,27,94,0.940105044269104,0.9962380677258582,oculta,True,-0.0076777343679090004,-0.005069779293833801,-0.023495367463962413,-0.0350709943194043,-0.002856775592553401,-2.8221694008095932e-05,2,4,0.017968197650777618,0.0012024335540795628,False
13432366000181,0.1842414133408006,0.0482816488976008,0.2237052900685096,0.8159088475107237,0.1428571428571428,0.0,7,7,0.4052613308765609,0.4083817886929008,baixo_baixo,False,0.1842414133408006,0.0482816488976008,0.2237052900685096,0.8159088475107237,0.1428571428571428,0.0,7,7,0.4023409387836232,0.4056754284829285,baixo_baixo,False,0.0,0.0,0.0,0.0,0.0,0.0,0,0,-0.002920392092937707,-0.002706360209972336,True
13449811000116,0.1699132634561738,0.1007393687441883,0.3053637601603544,0.7261243633836061,0.0769230769230769,1.503427012513233e-17,13,13,0.5415468945229535,0.6691505012284902,baixo_baixo,False,0.124448663339352,0.0660785742286422,0.2456545018001669,0.6044441792312898,0.0657439446366782,0.0034602076124567,16,17,0.4988907096313406,0.6138358496821721,baixo_baixo,False,-0.045464600116821796,-0.0346607945155461,-0.05970925836018748,-0.1216801841523163,-0.011179132286398705,0.0034602076124566846,3,4,-0.04265618489161288,-0.055314651546318094,True
13454844000154,0.543318614905245,0.4291482686315562,0.7207151357978245,0.9725272304208844,0.2,3.4694469519536136e-17,5,5,0.7286539421028966,0.3965645695364238,hhi_alto,False,0.543318614905245,0.4291482686315562,0.7207151357978245,0.9725272304208844,0.2,3.4694469519536136e-17,5,5,0.7220513359551546,0.3939165594559823,hhi_alto,False,0.0,0.0,0.0,0.0,0.0,0.0,0,0,-0.006602606147741996,-0.0026480100804415208,True
13468241000101,0.1550277857317739,0.0611419841464155,0.2320929084859135,0.7446793069131046,0.1,3.0839528461809905e-17,10,10,0.4018301631587382,0.4476429833833661,baixo_baixo,False,0.1550277857317739,0.0611419841464155,0.2320929084859135,0.7446793069131046,0.1,3.0839528461809905e-17,10,10,0.3991488416818459,0.4449268892517576,baixo_baixo,False,0.0,0.0,0.0,0.0,0.0,0.0,0,0,-0.0026813214768923177,-0.002716094131608504,True
13469368000145,0.1547412064284568,0.0702153270713025,0.2108339674561854,0.723197215928708,0.125,0.0375,11,16,0.5946108303744757,0.692154431814018,baixo_baixo,False,0.0763523115413122,0.0445023912496334,0.1688746634609499,0.4489070455018122,0.0459707950243374,0.0130732362320732,30,43,0.5692735053981591,0.6505706081669455,baixo_baixo,False,-0.0783888948871446,-0.0257129358216691,-0.04195930399523551,-0.2742901704268958,-0.0790292049756626,-0.0244267637679268,19,27,-0.025337324976316578,-0.04158382364707258,True
13497205000176,0.3495493684452234,0.3375039863793941,0.5807496868670282,0.7386849513769744,0.0258171745152354,0.0077767518210731,55,95,0.9041133579498416,0.9862444468603566,baixo_baixo,False,0.3449041513006017,0.3327727466950573,0.5767992037479259,0.7336601317399769,0.0266765862472101,0.0086520785851214,55,97,0.9056249906461664,0.986680265222278,baixo_baixo,False,-0.004645217144621683,-0.004731239684336808,-0.003950483119102288,-0.005024819636997524,0.000859411731974697,0.0008753267640482995,0,2,0.0015116326963248161,0.000435818361921414,True
13509695000183,0.2641248157423326,0.2028018837208603,0.4137888008013061,0.85676624782887,0.105,0.0304166666666666,13,20,0.8638356667379913,0.993596640578586,baixo_baixo,False,0.1508426110765479,0.1205155614721389,0.2841578943760444,0.6743105061978634,0.0503472222222222,0.0164310515873015,29,48,0.8699286141255183,0.9942074010055856,baixo_baixo,False,-0.1132822046657847,-0.0822863222487214,-0.1296309064252617,-0.18245574163100664,-0.05465277777777779,-0.013985615079365098,16,28,0.00609294738752697,0.0006107604269995903,True
13571334000167,0.2018387860610185,0.0688119170711883,0.2972802029099002,0.8330832261267087,0.1428571428571428,0.0,7,7,0.9501885190657618,0.8522708177726505,oculta,True,0.2018387860610185,0.0688119170711883,0.2972802029099002,0.8330832261267087,0.1428571428571428,0.0,7,7,0.947593786858262,0.8504746019587932,oculta,True,0.0,0.0,0.0,0.0,0.0,0.0,0,0,-0.002594732207499839,-0.0017962158138572493,True
13577818000113,0.6442688793932463,0.5731226552718955,0.7740737503191805,0.9956297929404712,0.1666666666666666,3.3306690738754695e-17,6,6,0.9317057145687972,0.4006955392200279,critico,False,0.6442688793932463,0.5731226552718955,0.7740737503191805,0.9956297929404712,0.1666666666666666,3.3306690738754695e-17,6,6,0.9279131082190056,0.3980271315644095,critico,False,0.0,0.0,0.0,0.0,0.0,0.0,0,0,-0.0037926063497916163,-0.0026684076556183767,True
13600190000120,0.364895026805468,0.2378740321665615,0.419594846736109,0.9724982320428218,0.1666666666666666,3.3306690738754695e-17,6,6,0.7786808778266451,0.4706777870506262,baixo_baixo,False,0.3605977212715617,0.2540306748168219,0.4170962725023898,0.9667072671541423,0.1428571428571428,0.0,7,7,0.7671140690583103,0.4703831564504079,hhi_alto,False,-0.0042973055339062816,0.0161566426502604,-0.0024985742337191863,-0.005790964888679473,-0.023809523809523808,-3.3306690738754695e-17,1,1,-0.011566808768334824,-0.0002946306002182819,False
13608402000115,0.2146892951211977,0.0183616189014971,0.3020594965675057,0.8455377574370709,0.2,3.4694469519536136e-17,5,5,0.3980667593616925,0.4866468253216542,baixo_baixo,False,0.2146892951211977,0.0183616189014971,0.3020594965675057,0.8455377574370709,0.2,3.4694469519536136e-17,5,5,0.3956879435189301,0.4835540142077463,baixo_baixo,False,0.0,0.0,0.0,0.0,0.0,0.0,0,0,-0.002378815842762394,-0.0030928111139079117,True
13617528000156,0.233808247295269,0.1380342782071776,0.38751373199614,0.8365375801821435,0.140495867768595,0.0330578512396694,9,11,0.8511732175015272,0.6540319209941314,baixo_baixo,False,0.2202643259762126,0.1336270288624584,0.3695284610496001,0.8385614680167514,0.1242603550295858,0.0269559500328731,10,13,0.8432448041659095,0.6432006539751115,baixo_baixo,False,-0.013543921319056407,-0.0044072493447192,-0.0179852709465399,0.0020238878346078293,-0.016235512739009195,-0.006101901206796302,1,2,-0.007928413335617668,-0.01083126701901993,True
13633606000106,0.087650486162023,0.0479831159951544,0.1721377111730751,0.4877235149903794,0.0452674897119341,0.0037573805689747,24,27,0.4746009544185608,0.622283649537373,baixo_baixo,False,0.0747569392547015,0.0439155038965249,0.1571525992008594,0.4452656977357682,0.0387143900657414,0.0066715364012661,31,37,0.4751717560122138,0.6375153838870287,baixo_baixo,False,-0.012893546907321501,-0.004067612098629506,-0.01498511197221572,-0.04245781725461123,-0.006553099646192703,0.0029141558322913997,7,10,0.0005708015936529698,0.015231734349655635,True
13659627000109,0.1578564383675716,0.0375502152772247,0.2345205537253269,0.69100654219481,0.125,0.0,8,8,0.7707881047341287,0.3965645695364239,baixo_baixo,False,0.1128546442307776,0.0322050664335756,0.1901235504324395,0.5601923374613483,0.0833333333333333,1.5139404881252137e-17,12,12,0.7394484423058386,0.3939165594559824,baixo_baixo,False,-0.045001794136794004,-0.005345148843649096,-0.0443970032928874,-0.13081420473346161,-0.0416666666666667,1.5139404881252137e-17,4,4,-0.031339662428290116,-0.0026480100804414652,True
13660803000114,0.1527417579665435,0.1174393312151494,0.2959923932948302,0.6648926259082619,0.057703747769185,0.0184414039262343,25,41,0.8256680297980667,0.9857963177628756,baixo_baixo,False,0.1467939761730479,0.1112437251802582,0.2888261535809792,0.648794982694558,0.0612244897959183,0.0221088435374149,25,42,0.8623507573740828,0.9891375319948122,baixo_baixo,False,-0.005947781793495588,-0.006195606034891207,-0.007166239713850997,-0.016097643213703883,0.0035207420267332964,0.0036674396111806007,0,1,0.036682727576016094,0.0033412142319366733,True
13660914000120,0.2740877945830589,0.2182483941663711,0.3563137157705875,0.9392014600094324,0.0755555555555555,0.0044444444444444,14,15,0.8573432817265884,0.4059895175454586,baixo_baixo,False,0.2740877945830589,0.2182483941663711,0.3563137157705875,0.9392014600094324,0.0755555555555555,0.0044444444444444,14,15,0.8510995435821347,0.4033364369684898,baixo_baixo,False,0.0,0.0,0.0,0.0,0.0,0.0,0,0,-0.00624373814445367,-0.0026530805769687804,True
13667230000150,0.175886039688726,0.1609021495012483,0.314390969499385,0.7023526825720557,0.0267053019030464,0.00900903466492,56,113,0.907586136925118,0.7255477067621808,baixo_baixo,False,0.169642702980117,0.156249843350764,0.3086630901974372,0.6895565408775982,0.0259869073596508,0.0102770187686774,63,142,0.9070164868880276,0.7296180315141915,baixo_baixo,False,-0.006243336708608993,-0.004652306150484287,-0.005727879301947791,-0.01279614169445753,-0.0007183945433956,0.0012679841037574,7,29,-0.000569650037090419,0.0040703247520106345,True
13723290000143,0.1383283251615438,0.0991614308507049,0.3130540577209578,0.5591239110198024,0.1471893491124259,0.1084252286175362,23,52,0.6898128794441258,0.8008131934578337,baixo_baixo,False,0.1226203733187482,0.086062888873696,0.2498677884518166,0.5893499321730373,0.1508187302499281,0.1154361773436751,25,59,0.6765770897479136,0.7371162917485263,baixo_baixo,False,-0.01570795184279561,-0.01309854197700891,-0.0631862692691412,0.030226021153234917,0.003629381137502191,0.007010948726138902,2,7,-0.013235789696212197,-0.06369690170930742,True
13736496000108,0.2771030796654394,0.1325236955985273,0.4255988221883141,0.930825004198813,0.183673469387755,0.0204081632653061,6,7,0.5303191280024648,0.4559074047926127,baixo_baixo,False,0.2771030796654394,0.1325236955985273,0.4255988221883141,0.930825004198813,0.183673469387755,0.0204081632653061,6,7,0.526000039401953,0.4535383687084824,baixo_baixo,False,0.0,0.0,0.0,0.0,0.0,0.0,0,0,-0.004319088600511889,-0.002369036084130305,True
13749592000190,0.7670012420050373,0.7490782606208094,0.8747442813931653,0.9342228239498476,0.0714285714285714,0.0,14,14,0.8423643753522647,0.4163479280854059,hhi_alto,False,0.6412193267080387,0.6173006151552413,0.7967996080487137,0.9083354936485496,0.0625,0.0,16,16,0.8114076089139323,0.4129919001001174,hhi_alto,False,-0.12578191529699856,-0.13177764546556814,-0.07794467334445154,-0.025887330301297973,-0.008928571428571397,0.0,2,2,-0.03095676643833245,-0.003356027985288501,True
13769209000166,0.1211683501389615,0.0332851851528576,0.1848138462533613,0.582244471755824,0.0909090909090909,0.0,11,11,0.591157952435005,0.4854759378415346,baixo_baixo,False,0.1102506692577395,0.0293643664629885,0.1729849416608284,0.5449782471435862,0.0833333333333333,1.5139404881252137e-17,12,12,0.5775225497722243,0.4773870388341195,baixo_baixo,False,-0.010917680881221997,-0.003920818689869102,-0.011828904592532913,-0.03726622461223772,-0.007575757575757597,1.5139404881252137e-17,1,1,-0.013635402662780738,-0.008088899007415107,True
13776308000175,0.3638916451385531,0.2730190230154893,0.4170465790906619,0.994216107917333,0.1715976331360947,0.0532544378698225,8,13,0.9395313119623048,0.3965645695364238,oculta,True,0.3638916451385531,0.2730190230154893,0.4170465790906619,0.994216107917333,0.1715976331360947,0.0532544378698225,8,13,0.936275510427143,0.3939165594559823,critico,False,0.0,0.0,0.0,0.0,0.0,0.0,0,0,-0.0032558015351618064,-0.0026480100804415208,False
13792329000184,0.3071437078991109,0.2832521116197699,0.5173557903991028,0.8279371600671734,0.0695266272189349,0.0374413385023464,30,52,0.983227179227494,0.8102911239289284,oculta,True,0.3054529487963131,0.2830482052090973,0.5159259021651941,0.8256488748569458,0.0638016528925619,0.0336017062116768,32,55,0.9816203902885736,0.8092878929576377,oculta,True,-0.001690759102797812,-0.00020390641067258297,-0.0014298882339087715,-0.002288285210227614,-0.005724974326373006,-0.003839632290669595,2,3,-0.0016067889389204115,-0.0010032309712907361,True
13806951000102,0.2554887034443537,0.2141269647468178,0.3552155834558398,0.8273665876885495,0.0699588477366255,0.0182898948331046,19,27,0.8986944002118458,0.9940986100840108,baixo_baixo,False,0.2554887034443537,0.2141269647468178,0.3552155834558398,0.8273665876885495,0.0699588477366255,0.0182898948331046,19,27,0.9085489136269748,0.994790219353636,baixo_baixo,False,0.0,0.0,0.0,0.0,0.0,0.0,0,0,0.009854513415128996,0.000691609269625193,True
13817576000198,0.2803382245522896,0.2003758050580995,0.4723842184711238,0.8516833447298652,0.1,3.0839528461809905e-17,10,10,0.8708945146690341,0.466764225679953,baixo_baixo,False,0.2803382245522896,0.2003758050580995,0.4723842184711238,0.8516833447298652,0.1,3.0839528461809905e-17,10,10,0.865848506743276,0.4641771158197839,baixo_baixo,False,0.0,0.0,0.0,0.0,0.0,0.0,0,0,-0.005046007925758156,-0.0025871098601691345,True
13823697000142,0.1404166064997845,0.1267724256505747,0.3526023392471353,0.4941193129824394,0.0185185185185185,0.0029394473838918,64,72,0.8515465828156714,0.6461064711000719,baixo_baixo,False,0.1227587804639868,0.1092627617018943,0.3243134838412277,0.475912482882159,0.0178962746530314,0.0027869865707703,66,74,0.8526554320520611,0.6729490348887042,baixo_baixo,False,-0.017657826035797686,-0.017509663948680393,-0.028288855405907587,-0.018206830100280402,-0.0006222438654871001,-0.00015246081312149991,2,2,0.001108849236389653,0.026842563788632257,True
13828365000150,0.0982349883747036,0.0381173209330172,0.0990990093148014,0.3963960372592059,0.0625,0.0,16,16,0.9723541568820154,0.4432452230514482,oculta,True,0.0894486220119172,0.032539160887662,0.0901638601026322,0.360655440410529,0.0588235294117647,0.0,17,17,0.9708784717055968,0.4364908735997819,oculta,True,-0.008786366362786402,-0.005578160045355204,-0.008935149212169188,-0.03574059684867692,-0.003676470588235302,0.0,1,1,-0.0014756851764186063,-0.006754349451666308,True
13839157000157,0.6066878077923389,0.5280253693508067,0.7559460114935641,0.9938604987680923,0.1666666666666666,3.3306690738754695e-17,6,6,0.9227311251539692,0.4255389163861313,hhi_alto,False,0.5682705029783236,0.5065948605466556,0.7310905464476376,0.9767381270705612,0.125,0.0,8,8,0.9063159774057176,0.4219232264000158,hhi_alto,False,-0.038417304814015285,-0.021430508804151094,-0.024855465045926506,-0.01712237169753117,-0.0416666666666666,-3.3306690738754695e-17,2,2,-0.01641514774825159,-0.0036156899861155,True
13842783000100,0.26107131149247,0.0763391393655875,0.3156361529307281,0.9536447601892594,0.2222222222222222,0.0277777777777778,5,6,0.6629351609349755,0.8900161745975921,baixo_baixo,False,0.26107131149247,0.0763391393655875,0.3156361529307281,0.9536447601892594,0.2222222222222222,0.0277777777777778,5,6,0.6589076428329904,0.8870961592883737,baixo_baixo,False,0.0,0.0,0.0,0.0,0.0,0.0,0,0,-0.004027518101985095,-0.002920015309218371,True
13843029000187,0.2877810867208211,0.2432674046408724,0.4888144825065044,0.8429522794181095,0.0828402366863905,0.0255177514792899,17,26,0.8919072663557209,0.7840721623954577,baixo_baixo,False,0.2848394949246161,0.2451083557537614,0.4862878710071893,0.8385951807666322,0.0739795918367347,0.0225340136054421,19,28,0.8861120624526655,0.7826291395775679,baixo_baixo,False,-0.002941591796205012,0.0018409511128889833,-0.002526611499315101,-0.004357098651477265,-0.008860644849655791,-0.0029837378738478,2,2,-0.005795203903055435,-0.001443022817889883,True
13843252000124,0.1009435721673665,0.0736994379906201,0.2479046314201938,0.5140852722488152,0.0524691358024691,0.0237560793116348,34,72,0.862244712884272,0.9969989818706372,baixo_baixo,False,0.1084910061892956,0.0837268674723316,0.2227283213162066,0.5491182259481587,0.0473228772309356,0.0208596238206838,37,86,0.871706834685406,0.996482244491716,baixo_baixo,False,0.007547434021929089,0.010027429481711495,-0.025176310103987215,0.03503295369934356,-0.005146258571533495,-0.0028964554909510012,3,14,0.009462121801134038,-0.0005167373789212171,True
13844779000173,0.1198505673881901,0.0988946285164804,0.2266364865460265,0.5982735479074783,0.0251736111111111,0.0019634589947089,43,48,0.9231776633997048,0.5146630483664093,baixo_baixo,False,0.1196620558485681,0.099189080403186,0.2264575898942394,0.5978012976700844,0.02457309454394,0.0018887479054269,44,49,0.9196325511332546,0.5166609536466809,baixo_baixo,False,-0.00018851153962200218,0.00029445188670559896,-0.00017889665178710823,-0.0004722502373939452,-0.0006005165671711006,-7.471108928199985e-05,1,1,-0.0035451122664501566,0.0019979052802715502,True
13864377000130,0.242718803421471,0.2385116856627014,0.439268941971362,0.7512906107734615,0.017800381436745,0.0123437168891714,181,572,0.9930549532174496,0.5753891597245027,oculta,True,0.2373640891909769,0.2333075151973119,0.4343282519586648,0.7428515045996896,0.0173134093058871,0.0120863529724078,189,596,0.9925764927561151,0.5767514325621426,oculta,True,-0.0053547142304941064,-0.005204170465389485,-0.004940690012697202,-0.00843910617377186,-0.0004869721308578996,-0.00025736391676360083,8,24,-0.0004784604613344845,0.0013622728376398996,True
13872416000141,0.0587414757539289,0.0333020561797108,0.1632986816043256,0.3637478132736353,0.0304,0.0041945945945946,38,50,0.6526657386394168,0.531267758306844,baixo_baixo,False,0.0434403417008751,0.026947933799166,0.128791279673226,0.2935698149936053,0.0230802728988242,0.0062368293281142,59,83,0.6658184169015472,0.5621060327293556,baixo_baixo,False,-0.015301134053053798,-0.006354122380544797,-0.03450740193109958,-0.07017799828003002,-0.0073197271011757985,0.0020422347335195996,21,33,0.013152678262130402,0.030838274422511525,True
13884310000168,0.1610013720179786,0.0847287694741585,0.2012832460452416,0.7776591281298565,0.1412742382271468,0.0632082598841601,12,19,0.7729233405380485,0.9674728069804508,baixo_baixo,False,0.1505776224761663,0.0852374395897176,0.1940790147339368,0.7498255336779076,0.1201814058956915,0.0525030525030524,14,21,0.7822831457560876,0.9679532810918272,baixo_baixo,False,-0.0104237495418123,0.0005086701155591067,-0.007204231311304793,-0.027833594451948884,-0.0210928323314553,-0.010705207381107695,2,2,0.009359805218039141,0.0004804741113764166,True
13884527000178,0.4425027719629612,0.3310033263555534,0.6333937337597847,0.9393716687387412,0.1666666666666666,3.3306690738754695e-17,6,6,0.9046271233427536,0.6815262081581945,hhi_alto,False,0.3375848634986698,0.2271823407484481,0.5395453900112983,0.8736485301057031,0.15625,0.015625,7,8,0.8905319119847338,0.6354575741572359,baixo_baixo,False,-0.10491790846429144,-0.10382098560710531,-0.09384834374848638,-0.06572313863303814,-0.010416666666666602,0.015624999999999967,1,2,-0.014095211358019832,-0.04606863400095862,False
13886006000150,0.040722211654327,0.0332859497291668,0.0865265105229226,0.2778375015607403,0.0237197834896704,0.0161517197957918,130,497,0.9555287268372064,0.9967854219209834,oculta,True,0.0406388171792806,0.0333154493714888,0.083857459029053,0.2808618412737605,0.0243969910732335,0.0169496398600521,132,531,0.9568757979742752,0.9970147935892884,oculta,True,-8.339447504639858e-05,2.9499642322003417e-05,-0.0026690514938695897,0.003024339713020241,0.0006772075835630997,0.0007979200642603025,2,34,0.0013470711370688893,0.00022937166830494515,True
13886253000156,0.4306720727724576,0.3357840849012005,0.624185486704342,0.9645046519894132,0.1428571428571428,0.0,7,7,0.7403937599084313,0.5366470178510594,hhi_alto,False,0.6683512814217332,0.6209728930534093,0.8077317586310645,0.978173991134144,0.125,0.0,8,8,0.9090097154249484,0.4208276860640335,hhi_alto,False,0.23767920864927555,0.2851888081522088,0.18354627192672246,0.013669339144730897,-0.017857142857142794,0.0,1,1,0.1686159555165171,-0.11581933178702591,True
13917262000167,0.3007695111886986,0.2887138131057451,0.4815847711153016,0.8467966946051528,0.040939836240655,0.0244043161758387,59,106,0.9569776766617804,0.8624360369841392,oculta,True,0.2569144642499761,0.2468727678209217,0.4440132809597771,0.7807327000950961,0.0306396484375,0.0175401842271959,75,128,0.9403479200889278,0.8461342571022856,oculta,True,-0.0438550469387225,-0.04184104528482341,-0.03757149015552452,-0.06606399451005673,-0.010300187803155003,-0.006864131948642799,16,22,-0.016629756572852594,-0.01630177988185355,True
13918415000190,0.7947902748856491,0.7263870331808655,0.888068667197269,1.0,0.28,0.04,4,5,0.9761409913065964,0.4229456863966145,critico,False,0.7947902748856491,0.7263870331808655,0.888068667197269,1.0,0.28,0.04,4,5,0.974720084449172,0.4202086627842387,critico,False,0.0,0.0,0.0,0.0,0.0,0.0,0,0,-0.0014209068574243533,-0.002737023612375822,True
13927758000111,0.4029678259675054,0.3486921737827332,0.5831666048870543,0.9323502736445344,0.1020408163265306,0.0204081632653061,12,14,0.9689093021960956,0.874279243577069,critico,False,0.4029678259675054,0.3486921737827332,0.5831666048870543,0.9323502736445344,0.1020408163265306,0.0204081632653061,12,14,0.9676365526451038,0.8772680902795592,critico,False,0.0,0.0,0.0,0.0,0.0,0.0,0,0,-0.0012727495509917697,0.002988846702490222,True
13953949000158,0.0129302170965492,0.0068745742566508,0.0343210177455148,0.123627429750636,0.0171613732620697,0.0111316884354566,164,337,0.4199728519350744,0.4773301067881585,baixo_baixo,False,0.0120690438568449,0.006699853877806,0.0332349081160074,0.1147692560323745,0.0178027881946462,0.0124647598696171,185,473,0.457260200568736,0.5428064988728576,baixo_baixo,False,-0.0008611732397042996,-0.00017472037884479989,-0.0010861096295073994,-0.008858173718261489,0.0006414149325764985,0.0013330714341604991,21,136,0.03728734863366162,0.06547639208469908,True
13954199000139,0.1164632390029877,0.1028703657568799,0.252057710048276,0.5376580833240443,0.0274614411271844,0.012499309452218,66,171,0.8147983617836948,0.913376062056616,baixo_baixo,False,0.0960675208131452,0.0825759912730429,0.2155872640081956,0.5218179790091033,0.0268274207802045,0.0123024569112523,68,178,0.7858624061582848,0.8507212273017531,baixo_baixo,False,-0.02039571818984251,-0.020294374483837002,-0.03647044604008037,-0.015840104314940984,-0.0006340203469799022,-0.00019685254096569842,2,7,-0.02893595562540996,-0.06265483475486289,True
13959466000160,0.9143490943302232,0.9036427311215012,0.9559403670769326,0.9887653532396328,0.1388888888888888,0.0312499999999999,9,12,0.9792611411359048,0.956719662612325,critico,False,0.9143490943302232,0.9036427311215012,0.9559403670769326,0.9887653532396328,0.1388888888888888,0.0312499999999999,9,12,0.978854087739874,0.9569593003764504,critico,False,0.0,0.0,0.0,0.0,0.0,0.0,0,0,-0.0004070533960307543,0.00023963776412538884,True
13959501000141,0.1713776786164181,0.0793085317960201,0.2486892365580104,0.7622851250735694,0.1,3.0839528461809905e-17,10,10,0.6853798321329834,0.7887121148411753,baixo_baixo,False,0.8818835429281315,0.8700718972209447,0.938744099839323,0.9774072200469164,0.0909090909090909,0.0,11,11,0.9457515894474208,0.4180867718645265,critico,False,0.7105058643117135,0.7907633654249246,0.6900548632813126,0.215122094973347,-0.009090909090909108,-3.0839528461809905e-17,1,1,0.2603717573144374,-0.37062534297664884,False
14004319000108,0.4636211786448925,0.38699563273702,0.6311304584847517,0.9825005382404148,0.1358024691358024,0.0123456790123456,8,9,0.9186434847375908,0.819706368346808,hhi_alto,False,0.4636211786448925,0.38699563273702,0.6311304584847517,0.9825005382404148,0.1358024691358024,0.0123456790123456,8,9,0.9176310452945892,0.8163069603472989,hhi_alto,False,0.0,0.0,0.0,0.0,0.0,0.0,0,0,-0.001012439443001667,-0.0033994079995091075,True
14004655000142,0.0227453238396532,0.0098867096796486,0.0509804145502973,0.1632848930865245,0.0149793388429752,0.0020185406698564,77,88,0.7757545600428656,0.4198268471794086,baixo_baixo,False,0.1584105936732816,0.1482709622717549,0.3875246246377179,0.4641703576829529,0.0139269273352368,0.0020465288693963,84,131,0.9071667476812956,0.4102272886067238,baixo_baixo,False,0.13566526983362842,0.1383842525921063,0.33654421008742064,0.3008854645964284,-0.0010524115077383996,2.7988199539899852e-05,7,43,0.13141218763843,-0.009599558572684797,True
14007211000160,0.183014403129474,0.1791606974838583,0.3658506098974743,0.6907873069743006,0.0128161616161616,0.0081596340766152,213,825,0.9593139335023552,0.5798575097926933,oculta,True,0.2037643265674114,0.2003024323350958,0.3688455789262047,0.7759566735925296,0.0126844296266278,0.0083917532337001,231,932,0.9721401383082894,0.5224023801702327,oculta,True,0.020749923437937384,0.021141734851237493,0.0029949690287303654,0.08516936661822905,-0.0001317319895337999,0.00023211915708490002,18,107,0.012826204805934216,-0.05745512962246069,True
14008675000191,0.1012665069891148,0.0413509407883892,0.1706737120775012,0.5054075298895004,0.0657439446366782,0.0034602076124567,16,17,0.7805804478050845,0.6114049671578488,baixo_baixo,False,0.0956458264029832,0.0391236905531696,0.1648606091528526,0.4881934788538848,0.0617283950617283,0.0030864197530864,17,18,0.7675664211679292,0.6017897049531893,baixo_baixo,False,-0.005620680586131591,-0.002227250235219594,-0.005813102924648594,-0.01721405103561563,-0.0040155495749498935,-0.00037378785937029974,1,1,-0.01301402663715534,-0.00961526220465947,True
14016436000183,0.130155269866349,0.088734092240937,0.2101474850588711,0.6804590741077053,0.056640625,0.0117187499999999,22,32,0.9080211166002222,0.9973378990996694,baixo_baixo,False,0.0878199171033149,0.0601780964094759,0.1611761466060932,0.5364622079855591,0.0570934256055363,0.0285204991087344,34,68,0.914524147689955,0.9976811498736048,baixo_baixo,False,-0.042335352763034115,-0.028555995831461095,-0.0489713384527779,-0.14399686612214624,0.0004528006055362979,0.016801749108734502,12,36,0.006503031089732825,0.0003432507739353774,True
14088281000190,0.3886990629450838,0.3621207613340004,0.6128754588848668,0.7671938942823181,0.0416666666666666,0.0,24,24,0.8349841294189864,0.8928838634424674,hhi_alto,False,0.3287846852116372,0.3008173804287888,0.5563173330605197,0.7538263485715059,0.04,0.0,25,25,0.8227235832681222,0.8491431086536434,baixo_baixo,False,-0.0599143777334466,-0.06130338090521159,-0.05655812582434716,-0.013367545710812223,-0.001666666666666601,0.0,1,1,-0.012260546150864138,-0.043740754788824,False
14102885000144,0.3884385260287699,0.2355481575359623,0.4623691099476439,0.9907286212914485,0.2653061224489795,0.0816326530612244,5,7,0.6880273525536562,0.784875126682356,hhi_alto,False,0.359942879318092,0.2532666925377739,0.4825645756457564,0.963560885608856,0.2361111111111111,0.1087962962962963,7,12,0.6706536726413028,0.7698007102015516,hhi_alto,False,-0.02849564671067789,0.017718535001811586,0.02019546569811248,-0.027167735682592453,-0.029195011337868393,0.027163643235071894,2,5,-0.01737367991235339,-0.015074416480804431,True
14120591000145,0.2389998665875734,0.1544442962084149,0.3649109041824545,0.9179092055624852,0.1111111111111111,0.0123456790123456,10,12,0.7859304404120696,0.8456366789761757,baixo_baixo,False,0.2281379672248867,0.1509517639473754,0.3560626746686792,0.8956520703808982,0.1005917159763313,0.0106508875739645,11,13,0.7719481964961953,0.8445635573152853,baixo_baixo,False,-0.010861899362686722,-0.003492532261039516,-0.008848229513775285,-0.022257135181587007,-0.0105193951347798,-0.0016947914383810998,1,1,-0.013982243915874326,-0.0010731216608903527,True
14153138000135,0.3543359567170387,0.3112916871648413,0.569273722918323,0.8213300416003794,0.0692520775623268,0.0072022160664819,16,19,0.9086774829494324,0.4344378423498039,baixo_baixo,False,0.3286379141333506,0.286677783766685,0.5469589201635077,0.7899683453176864,0.065,0.0065625,17,20,0.910941647750226,0.4626443782648149,baixo_baixo,False,-0.02569804258368813,-0.024613903398156278,-0.022314802754815344,-0.03136169628269292,-0.004252077562326803,-0.0006397160664819001,1,1,0.002264164800793611,0.02820653591501099,True
14158607000109,0.5008105043300639,0.2512157564950958,0.5201319266144984,1.0,0.44,0.1600000000000001,3,5,0.6094786439126247,0.6305701644559945,hhi_alto,False,0.3569698026704223,0.142626403560563,0.4113425691592353,1.0,0.3333333333333333,0.1111111111111111,4,6,0.6152168899219744,0.6995301395293476,hhi_alto,False,-0.14384070165964163,-0.10858935293453281,-0.10878935745526308,0.0,-0.10666666666666669,-0.04888888888888898,1,1,0.00573824600934969,0.06895997507335316,True
14164340000162,0.1018546169510988,0.041978258081172,0.1823891348186829,0.5243687626037135,0.0625,0.0,16,16,0.7771334693229301,0.5686915343869718,baixo_baixo,False,0.1018546169510988,0.041978258081172,0.1823891348186829,0.5243687626037135,0.0625,0.0,16,16,0.7704771536245325,0.5653361871378951,baixo_baixo,False,0.0,0.0,0.0,0.0,0.0,0.0,0,0,-0.006656315698397641,-0.0033553472490767122,True
14285358000112,0.0646480556799989,0.0239805798399989,0.1110305375955906,0.3878093087247125,0.0578512396694214,0.0168882500898311,24,33,0.6908907797012092,0.9806338013400432,baixo_baixo,False,0.1322254517963592,0.1032996335229045,0.2930561428697867,0.5689728564825676,0.0434782608695651,0.0115942028985507,31,46,0.7354358703601669,0.9774954969592436,baixo_baixo,False,0.0675773961163603,0.0793190536829056,0.1820256052741961,0.1811635477578551,-0.0143729787998563,-0.005294047191280401,7,13,0.04454509065895773,-0.0031383043807995392,True
14316553000162,0.7471782753160513,0.6629043670880684,0.8589318349150828,1.0,0.3333333333333333,0.1111111111111111,4,6,0.6953407092981395,0.4363438914126348,hhi_alto,False,0.7471782753160513,0.6629043670880684,0.8589318349150828,1.0,0.3333333333333333,0.1111111111111111,4,6,0.6893171696322614,0.4399769007734739,hhi_alto,False,0.0,0.0,0.0,0.0,0.0,0.0,0,0,-0.006023539665878097,0.003633009360839101,True
14355640000129,0.5741609035361551,0.5491115449206349,0.7533249597915942,0.8619921480186117,0.0581717451523545,0.002770083102493,18,19,0.9026894442021188,0.4223836980904047,hhi_alto,False,0.5570781150848142,0.5393612396882068,0.7419986299489963,0.8490319941523582,0.0397805212620027,0.0013717421124828,26,27,0.90429723367116,0.7774607823905654,hhi_alto,False,-0.017082788451340924,-0.009750305232428036,-0.011326329842597849,-0.012960153866253488,-0.018391223890351804,-0.0013983409900102002,8,8,0.0016077894690411654,0.35507708430016066,True
14381482000181,0.1380559270763004,0.0764884932960361,0.2631236878192042,0.6380044694965447,0.0666666666666666,0.0,15,15,0.7936833295795733,0.5545509001528462,baixo_baixo,False,0.1380559270763004,0.0764884932960361,0.2631236878192042,0.6380044694965447,0.0666666666666666,0.0,15,15,0.7877092410160322,0.5511227976721956,baixo_baixo,False,0.0,0.0,0.0,0.0,0.0,0.0,0,0,-0.005974088563541091,-0.003428102480650619,True
14387430000112,0.0660201985150494,0.0447933848449369,0.1946735893881707,0.3901822079256758,0.0346133044889129,0.0126726977727518,45,86,0.6783074888641957,0.7524764962158582,baixo_baixo,False,0.0660201985150494,0.0447933848449369,0.1946735893881707,0.3901822079256758,0.0346133044889129,0.0126726977727518,45,86,0.6739792679450625,0.7498011888915115,baixo_baixo,False,0.0,0.0,0.0,0.0,0.0,0.0,0,0,-0.004328220919133208,-0.002675307324346732,True
14426511000184,0.2662910853042703,0.1614755260620232,0.4227008595600945,0.8390132936073272,0.1358024691358024,0.0123456790123456,8,9,0.6480681074955376,0.8341245157792847,baixo_baixo,False,0.2662910853042703,0.1614755260620232,0.4227008595600945,0.8390132936073272,0.1358024691358024,0.0123456790123456,8,9,0.6491029232080706,0.8334021165977993,baixo_baixo,False,0.0,0.0,0.0,0.0,0.0,0.0,0,0,0.0010348157125330548,-0.0007223991814854225,True
14440502000148,0.3061629446407223,0.1327036808009028,0.4275100740423847,0.9601422655401984,0.2,3.4694469519536136e-17,5,5,0.7418459977295873,0.6255597122995699,baixo_baixo,False,0.3061629446407223,0.1327036808009028,0.4275100740423847,0.9601422655401984,0.2,3.4694469519536136e-17,5,5,0.7369718885865087,0.6235959838881837,baixo_baixo,False,0.0,0.0,0.0,0.0,0.0,0.0,0,0,-0.004874109143078509,-0.0019637284113861453,True
14444354000130,0.3670655896489062,0.2615765212570572,0.4677356259399942,0.9283659947139404,0.1428571428571428,0.0,7,7,0.8921965027692947,0.6092615290027087,baixo_baixo,False,0.3454514692525213,0.2636329029090865,0.4534492688087762,0.9000103009984839,0.1111111111111111,0.0,9,9,0.8777039660350278,0.6129950766064681,baixo_baixo,False,-0.021614120396384884,0.00205638165202926,-0.014286357131218008,-0.028355693715456542,-0.03174603174603169,0.0,2,2,-0.01449253673426698,0.003733547603759435,True
14454427000174,0.0788924015524875,0.0247096016438103,0.1527744062418638,0.41564660932239,0.074829931972789,0.020408163265306,18,21,0.63941484318684,0.63230651025002,baixo_baixo,False,0.0753749452174643,0.0240068866184346,0.1485819708160245,0.4042404346075335,0.0702479338842975,0.018595041322314,19,22,0.6408322857109219,0.6392345107098045,baixo_baixo,False,-0.0035174563350232058,-0.0007027150253757011,-0.004192435425839303,-0.011406174714856498,-0.00458199808849151,-0.0018131219429919979,1,1,0.0014174425240818245,0.006928000459784478,True
14464143000169,0.2572702289490319,0.1829972518439351,0.3694491233868601,0.8896862759561661,0.0972222222222222,0.0069444444444444,11,12,0.6888249915914796,0.4109807257116958,baixo_baixo,False,0.2543363486100616,0.186548743938249,0.3673123479751503,0.884540615462588,0.0887573964497041,0.0059171597633136,12,13,0.6785893168636413,0.4083236118039129,baixo_baixo,False,-0.002933880338970296,0.0035514920943139072,-0.0021367754117098126,-0.005145660493578119,-0.0084648257725181,-0.0010272846811308,1,1,-0.010235674727838262,-0.002657113907782893,True
14477036000175,0.2096841121301273,0.0516209345561528,0.3467782136587269,0.7904809380350679,0.1666666666666666,3.3306690738754695e-17,6,6,0.5260657213252382,0.501832873031664,baixo_baixo,False,0.2007047705963767,0.040845724715652,0.3031429290490817,0.8010624528115402,0.183673469387755,0.0204081632653061,6,7,0.5739912468429867,0.5550461687265364,baixo_baixo,False,-0.008979341533750601,-0.010775209840500795,-0.04363528460964522,0.01058151477647229,0.0170068027210884,0.020408163265306065,0,1,0.047925525517748535,0.05321329569487243,True
14491667000149,0.0906178878108256,0.0400966593558715,0.1410978973191564,0.4965236182476925,0.0778546712802768,0.0266243752402921,19,34,0.6167009168882978,0.700441075589508,baixo_baixo,False,0.0835938560855327,0.0377735488898093,0.1341931626033983,0.4722258510289943,0.0709876543209876,0.024537037037037,21,36,0.5985454184705375,0.6848921056641093,baixo_baixo,False,-0.007024031725292895,-0.002323110466062199,-0.006904734715758087,-0.024297767218698196,-0.006867016959289207,-0.0020873382032551013,2,2,-0.018155498417760207,-0.01554896992539867,True
14491945000168,0.6769700900047966,0.6476037345506872,0.8191383817655825,0.938396089889054,0.0887573964497041,0.0059171597633136,12,13,0.921581109438204,0.9179723387493852,hhi_alto,False,0.5751904538513389,0.5397896583389504,0.7504213782001434,0.9209299369223954,0.0816326530612245,0.0051020408163265,13,14,0.9009284339272762,0.8738540790066281,hhi_alto,False,-0.10177963615345764,-0.10781407621173678,-0.06871700356543908,-0.017466152966658544,-0.0071247433884795985,-0.0008151189469870999,1,1,-0.020652675510927865,-0.04411825974275707,True
14492062000172,0.2297553731133514,0.1869640049529821,0.3762413542238001,0.812983590215152,0.0578512396694214,0.0055096418732782,19,22,0.8802594811103984,0.7270545177380074,baixo_baixo,False,0.1904251880504855,0.1518740065290801,0.3274461266271924,0.7786885911058907,0.0495999999999999,0.0043428571428571,22,25,0.8685116339641001,0.6830784080382408,baixo_baixo,False,-0.0393301850628659,-0.03508999842390201,-0.048795227596607704,-0.03429499910926126,-0.008251239669421498,-0.0011667847304211,3,3,-0.011747847146298285,-0.04397610969976662,True
14498649000199,0.2202386778054757,0.1682545896591741,0.4043131358097684,0.7409452713243483,0.0657439446366782,0.0034602076124567,16,17,0.8201391490314146,0.7271580444244492,baixo_baixo,False,0.2202386778054757,0.1682545896591741,0.4043131358097684,0.7409452713243483,0.0657439446366782,0.0034602076124567,16,17,0.8182989925457859,0.7263513376372261,baixo_baixo,False,0.0,0.0,0.0,0.0,0.0,0.0,0,0,-0.0018401564856287411,-0.0008067067872230549,True
14499742000118,0.1050136927364236,0.0677225966004412,0.1962441620365788,0.5605398738927743,0.0459183673469387,0.0061649659863945,25,28,0.808135327448867,0.8703616612848503,baixo_baixo,False,0.1050136927364236,0.0677225966004412,0.1962441620365788,0.5605398738927743,0.0459183673469387,0.0061649659863945,25,28,0.8153165109852942,0.8920344717050779,baixo_baixo,False,0.0,0.0,0.0,0.0,0.0,0.0,0,0,0.007181183536427271,0.021672810420227617,True
14524513000106,0.1193721160458652,0.0793435758661318,0.2053053064580316,0.6233468034068556,0.0726643598615917,0.0305127398553004,23,34,0.7851902588317669,0.8828533337090596,baixo_baixo,False,0.1154734652888939,0.0786181930092644,0.2041558702777273,0.6270070757481413,0.0664718772826881,0.0275748721694667,25,37,0.7928919567382924,0.8751173691788691,baixo_baixo,False,-0.0038986507569712947,-0.000725382856867407,-0.001149436180304303,0.003660272341285742,-0.006192482578903605,-0.002937867685833699,2,3,0.007701697906525529,-0.007735964530190542,True
14552796000108,0.3706958518674805,0.2448350222409766,0.5180099857346647,0.9525883353451114,0.1666666666666666,3.3306690738754695e-17,6,6,0.907140024430204,0.8940735151632547,hhi_alto,False,0.3706958518674805,0.2448350222409766,0.5180099857346647,0.9525883353451114,0.1666666666666666,3.3306690738754695e-17,6,6,0.9042428200589092,0.8914481426082973,hhi_alto,False,0.0,0.0,0.0,0.0,0.0,0.0,0,0,-0.002897204371294815,-0.002625372554957428,True
14567169000132,0.2146342841851342,0.1024391819258677,0.3401348975003486,0.8194393896619399,0.125,0.0,8,8,0.7581622706333544,0.8028703880523586,baixo_baixo,False,0.2146342841851342,0.1024391819258677,0.3401348975003486,0.8194393896619399,0.125,0.0,8,8,0.7552295845200466,0.8077905011407988,baixo_baixo,False,0.0,0.0,0.0,0.0,0.0,0.0,0,0,-0.0029326861133077697,0.004920113088440203,True
14570950000166,0.2626385426765448,0.1151662512118537,0.3660337739363211,0.9105639177326892,0.1666666666666666,3.3306690738754695e-17,6,6,0.509670449263794,0.3965645695364238,baixo_baixo,False,0.2626385426765448,0.1151662512118537,0.3660337739363211,0.9105639177326892,0.1666666666666666,3.3306690738754695e-17,6,6,0.5059480974986643,0.3939165594559823,baixo_baixo,False,0.0,0.0,0.0,0.0,0.0,0.0,0,0,-0.0037223517651296945,-0.0026480100804415208,True
14572082000153,0.1261867258079195,0.0637714919370566,0.2175531935449104,0.6349476018839535,0.0666666666666666,0.0,15,15,0.5477941423613303,0.5753424285204798,baixo_baixo,False,0.114440459877131,0.055403157202273,0.2032045626910808,0.5930698955515179,0.0625,0.0,16,16,0.5332022208132385,0.5600786653193999,baixo_baixo,False,-0.011746265930788508,-0.0083683347347836,-0.014348630853829591,-0.041877706332435594,-0.004166666666666596,0.0,1,1,-0.014591921548091746,-0.015263763201079916,True
14601748000154,0.1515858108361009,0.1069324324590536,0.3507840667672254,0.5433976411434186,0.05,1.460819769243627e-17,20,20,0.6830666541596854,0.5476928102011206,baixo_baixo,False,0.1515858108361009,0.1069324324590536,0.3507840667672254,0.5433976411434186,0.05,1.460819769243627e-17,20,20,0.6773109693742064,0.5449360647469195,baixo_baixo,False,0.0,0.0,0.0,0.0,0.0,0.0,0,0,-0.005755684785478943,-0.002756745454201126,True
14608771000170,0.0495493657995234,0.0408296352105282,0.1376638118715815,0.3444026284123951,0.0385548387096774,0.0297342408996744,110,775,0.9555381308155504,0.9979482024609684,oculta,True,0.0485786128468069,0.0407156261761194,0.1359428379880545,0.341868478186341,0.038995031923771,0.0310528421049592,122,908,0.9574031448887794,0.9980931946121646,oculta,True,-0.0009707529527164943,-0.00011400903440880045,-0.0017209738835269883,-0.0025341502260541326,0.00044019321409359546,0.0013186012052848022,12,133,0.0018650140732290321,0.00014499215119623265,True
14621774000144,0.1652090738520649,0.1095563454422025,0.3265667243022013,0.6676986311437028,0.085,0.024,16,20,0.8103524193805208,0.9161868820056888,baixo_baixo,False,0.1628735870721005,0.1070651595435738,0.3237867586011622,0.6620147106610617,0.0839002267573695,0.0228269085411942,16,21,0.8075277098843741,0.9162340916224228,baixo_baixo,False,-0.0023354867799643964,-0.0024911858986286922,-0.002779965701039111,-0.005683920482641103,-0.0010997732426305112,-0.0011730914588058,0,1,-0.002824709496146771,4.720961673398971e-05,True
14627173000149,0.1635808291390335,0.1143797014413295,0.3102545435140443,0.7025241344423945,0.1183115338882282,0.0664475064698887,18,58,0.8182695849338054,0.8921306866093408,baixo_baixo,False,0.1328718361769122,0.0915800188520032,0.2636076695421284,0.6183380520570669,0.1020408163265306,0.0592808551992225,22,63,0.7815378914481558,0.832505888353733,baixo_baixo,False,-0.03070899296212129,-0.022799682589326298,-0.046646873971915914,-0.08418608238532754,-0.016270717561697595,-0.007166651270666201,4,5,-0.03673169348564964,-0.05962479825560785,True
14645035000192,0.3856179641195568,0.2627415569434681,0.4690612517622552,0.9843558056316776,0.3372781065088756,0.2047337278106507,6,13,0.949056851624812,0.7268429305056352,critico,False,0.3848834196487968,0.282363989590263,0.4686137389691059,0.9834166706799504,0.271111111111111,0.1496296296296295,7,15,0.9459345516164556,0.7249917550201311,critico,False,-0.0007345444707599902,0.019622432646794863,-0.00044751279314930725,-0.0009391349517271497,-0.06616699539776455,-0.05510409818102119,1,2,-0.003122300008356449,-0.001851175485504064,True
14645822000134,0.167349475733595,0.0285743883558608,0.2714748269951114,0.7006539267348105,0.1428571428571428,0.0,7,7,0.498211040737033,0.5561424027634533,baixo_baixo,False,0.167349475733595,0.0285743883558608,0.2714748269951114,0.7006539267348105,0.1428571428571428,0.0,7,7,0.4950643778101053,0.5532731896339691,baixo_baixo,False,0.0,0.0,0.0,0.0,0.0,0.0,0,0,-0.003146662926927668,-0.0028692131294841827,True
14656327000120,0.3217891557806575,0.1861469869367889,0.4405260011954572,0.9820681410639568,0.1666666666666666,3.3306690738754695e-17,6,6,0.5699776940341932,0.458415257122273,baixo_baixo,False,0.3217891557806575,0.1861469869367889,0.4405260011954572,0.9820681410639568,0.1666666666666666,3.3306690738754695e-17,6,6,0.5656691523140205,0.4554618456115612,baixo_baixo,False,0.0,0.0,0.0,0.0,0.0,0.0,0,0,-0.004308541720172698,-0.0029534115107117676,True
14657813000163,0.1558995953319427,0.071489554865137,0.2842140861685128,0.6777234792448354,0.1005917159763313,0.0106508875739645,11,13,0.6377840576853558,0.7975760728919548,baixo_baixo,False,0.1558995953319427,0.071489554865137,0.2842140861685128,0.6777234792448354,0.1005917159763313,0.0106508875739645,11,13,0.6317767091907833,0.7929479799464736,baixo_baixo,False,0.0,0.0,0.0,0.0,0.0,0.0,0,0,-0.0060073484945725175,-0.004628092945481166,True
14662198000183,0.1132764999525077,0.0729708863139853,0.2669261192122318,0.5401270327017479,0.1899063475546306,0.1530839088071138,23,62,0.6287097760692211,0.5798091675176871,baixo_baixo,False,0.1113462447017968,0.0727091249062227,0.2660255623000336,0.5378318344200135,0.2214538708045201,0.1876040391003688,24,77,0.6524950814276185,0.583248112160365,baixo_baixo,False,-0.0019302552507109022,-0.0002617614077626007,-0.0009005569121982027,-0.002295198281734412,0.03154752324988949,0.034520130293254986,1,15,0.0237853053583974,0.0034389446426779102,True
14674100000108,0.1684760868914309,0.1222803139409549,0.2930409991057039,0.763860204335535,0.0526315789473684,0.0,19,19,0.8479856520505923,0.5991957358919163,baixo_baixo,False,0.1286877553262995,0.0871966960561233,0.2324594734028394,0.6499566876343389,0.0454545454545454,0.0,22,22,0.8439444102954683,0.5538679170486122,baixo_baixo,False,-0.039788331565131396,-0.035083617884831594,-0.060581525702864514,-0.11390351670119614,-0.007177033492822997,0.0,3,3,-0.004041241755123992,-0.04532781884330417,True
14674999000169,0.6750519776478501,0.5125779664717751,0.7986416249787012,1.0,0.3600000000000001,0.0400000000000001,3,5,0.9931967186225452,0.9763389950969146,critico,False,0.6750519776478501,0.5125779664717751,0.7986416249787012,1.0,0.3600000000000001,0.0400000000000001,3,5,0.9927593187238836,0.9766067559196532,critico,False,0.0,0.0,0.0,0.0,0.0,0.0,0,0,-0.0004373998986616501,0.00026776082273860524,True
14675553000159,0.4323400682265673,0.3807346198835279,0.584775360808076,0.9381722674736735,0.0918367346938775,0.0092764378478664,12,14,0.921121003785258,0.4145652190157668,hhi_alto,False,0.4323400682265673,0.3807346198835279,0.584775360808076,0.9381722674736735,0.0918367346938775,0.0092764378478664,12,14,0.918431784747836,0.4119760093283239,hhi_alto,False,0.0,0.0,0.0,0.0,0.0,0.0,0,0,-0.0026892190374219194,-0.002589209687442917,True
14682109000160,0.2798819316394928,0.2618789799304801,0.424521632426826,0.9138431590415296,0.0404993467847292,0.0165118304543475,41,83,0.939982819809855,0.5972067735032001,oculta,True,0.5141656660192724,0.5031239766106195,0.6994577463944242,0.9461462758824908,0.0369318181818182,0.0150439049586777,45,88,0.9786105894214306,0.8207517929069353,critico,False,0.23428373437977956,0.24124499668013938,0.27493611396759815,0.03230311684096121,-0.0035675286029109993,-0.0014679254956697987,4,5,0.03862776961157566,0.22354501940373528,False
14700048000117,0.4523935043820065,0.3839426924297573,0.6214603957977712,0.9882606016486332,0.1632653061224489,0.0586734693877551,9,14,0.9878303252828744,0.8401730108711191,critico,False,0.4510164438688482,0.3900182709653869,0.6205122282893468,0.986752803889234,0.1466666666666666,0.0518518518518518,10,15,0.9873067167492908,0.8449185496459516,critico,False,-0.0013770605131582792,0.006075578535629567,-0.0009481675084244134,-0.001507797759399132,-0.0165986394557823,-0.006821617535903296,1,1,-0.000523608533583575,0.004745538774832525,True
14706049000179,0.123767612229677,0.0611795845317968,0.2732953454260766,0.5525339135473684,0.0803324099722991,0.0146418678274633,15,19,0.689937606816436,0.5139311001476772,baixo_baixo,False,0.1455964543823129,0.0921962327812074,0.3281489600073493,0.5709683820301827,0.0743801652892562,0.0165289256198347,17,22,0.6999254375190884,0.4985667458544996,baixo_baixo,False,0.02182884215263589,0.03101664824941059,0.05485361458127269,0.01843446848281438,-0.0059522446830428954,0.0018870577923714004,2,3,0.009987830702652412,-0.015364354293177562,True
14720662000140,0.3993932857619491,0.1991910476825988,0.5530005310674455,1.0,0.28,0.04,4,5,0.6791039379882039,0.5124885213816194,hhi_alto,False,0.3993932857619491,0.1991910476825988,0.5530005310674455,1.0,0.28,0.04,4,5,0.6739941259509263,0.5105159435895299,hhi_alto,False,0.0,0.0,0.0,0.0,0.0,0.0,0,0,-0.005109812037277561,-0.0019725777920894805,True
14741000000157,0.1930139342682966,0.077730210592339,0.2693327945235232,0.8168030781385274,0.1358024691358024,0.0123456790123456,8,9,0.565635269633524,0.6253316434655459,baixo_baixo,False,0.1626957889055515,0.0580327625187455,0.2183239942102931,0.7545312312035316,0.12,0.01,9,10,0.6368843076263041,0.6632268490763025,baixo_baixo,False,-0.030318145362745103,-0.019697448073593506,-0.0510088003132301,-0.06227184693499577,-0.01580246913580241,-0.0023456790123456,1,1,0.07124903799278015,0.037895205610756544,True
14745480000124,0.1931850647430359,0.1547653059212757,0.3958780614448551,0.6512604652123467,0.0520833333333333,0.0069444444444444,22,24,0.933757492944426,0.6037552065196826,oculta,True,0.1745812834055899,0.1451020435272181,0.3754013672656861,0.6175741797726717,0.0390625,0.0047433035714285,29,32,0.9221258285814496,0.6004063086762805,baixo_baixo,False,-0.018603781337446,-0.009663262394057598,-0.020476694179168975,-0.033686285439675,-0.013020833333333301,-0.0022011408730159,7,8,-0.011631664362976357,-0.0033488978434020877,False
14749903000184,0.3707956761997414,0.3008840846663793,0.5043901341289765,0.9622017793331964,0.1,3.0839528461809905e-17,10,10,0.8330556705900237,0.6391279894975851,hhi_alto,False,0.3707956761997414,0.3008840846663793,0.5043901341289765,0.9622017793331964,0.1,3.0839528461809905e-17,10,10,0.8388261308648686,0.652947173559681,hhi_alto,False,0.0,0.0,0.0,0.0,0.0,0.0,0,0,0.005770460274844846,0.013819184062095924,True
14749937000179,0.1794247494257649,0.0882497215841832,0.298370869425288,0.7563790471700992,0.1074380165289256,0.0082644628099173,10,11,0.7684665537218875,0.7447682629174505,baixo_baixo,False,0.1794247494257649,0.0882497215841832,0.298370869425288,0.7563790471700992,0.1074380165289256,0.0082644628099173,10,11,0.7642070393825869,0.7421263827302534,baixo_baixo,False,0.0,0.0,0.0,0.0,0.0,0.0,0,0,-0.004259514339300607,-0.002641880187197021,True
14752037000180,0.2957227834753195,0.2651020349307681,0.5275792217549327,0.6998823749463196,0.0452674897119341,0.0037573805689747,24,27,0.8560134993919618,0.4276727399000681,baixo_baixo,False,0.2932352316094794,0.2625063286359784,0.5252514828989158,0.6967944152018385,0.0459183673469387,0.0044365572315882,24,28,0.8514566882619439,0.4269060500495058,baixo_baixo,False,-0.0024875518658400986,-0.0025957062947897236,-0.002327738856016892,-0.0030879597444810614,0.0006508776350045986,0.0006791766626134997,0,1,-0.004556811130017935,-0.0007666898505622743,True
14755253000180,0.188753334656523,0.1263497450147171,0.3455345228122442,0.7153814188472009,0.1363265306122449,0.0698901098901099,14,35,0.2206506514876472,0.4580349726235354,baixo_baixo,False,0.1382028165779779,0.1062844023771622,0.2169677053525443,0.6732934747028707,0.1051311728395061,0.071987882944673,28,144,0.4435676258628919,0.5145875133666613,baixo_baixo,False,-0.050550518078545104,-0.020065342637554898,-0.12856681745969992,-0.04208794414433015,-0.031195357772738797,0.0020977730545631013,14,109,0.2229169743752447,0.056552540743125934,True
14756846000160,0.1226526448631337,0.0934077330252381,0.2912996371964293,0.54521321161764,0.0470637234485631,0.0152991808968485,31,49,0.803709064063711,0.99363331169397,baixo_baixo,False,0.0864529881796834,0.0610766822957857,0.2285820903974214,0.4355707747393371,0.0438888888888888,0.0173302469135802,37,60,0.8197471065213344,0.9942385596964834,baixo_baixo,False,-0.03619965668345029,-0.032331050729452394,-0.06271754679900793,-0.10964243687830294,-0.0031748345596743013,0.002031066016731701,6,11,0.016038042457623414,0.0006052480025134921,True
14761260000194,0.8515012168646021,0.8218014602375225,0.9217867827877656,0.9891472417383887,0.1666666666666666,3.3306690738754695e-17,6,6,0.4941887696287343,0.4182933850995072,hhi_alto,False,0.8515012168646021,0.8218014602375225,0.9217867827877656,0.9891472417383887,0.1666666666666666,3.3306690738754695e-17,6,6,0.4909889861815762,0.4155380841932065,hhi_alto,False,0.0,0.0,0.0,0.0,0.0,0.0,0,0,-0.0031997834471581,-0.0027553009063007172,True
14763412000198,0.252536134855472,0.1694845942838577,0.4620990097555277,0.7271062184856426,0.1,3.0839528461809905e-17,10,10,0.8193144458766655,0.6693951076823631,baixo_baixo,False,0.2434829531178686,0.1678312484296555,0.4534110242566626,0.71343579688989,0.0909090909090909,0.0,11,11,0.8069419850533561,0.6603753272157658,baixo_baixo,False,-0.009053181737603389,-0.0016533458542022095,-0.008687985498865125,-0.013670421595752602,-0.009090909090909108,-3.0839528461809905e-17,1,1,-0.01237246082330934,-0.009019780466597349,True
14764485000102,0.8322728208479798,0.7987273850175758,0.9104526225869708,0.9965359725968193,0.3422222222222221,0.2106666666666665,6,15,0.9912013405684206,0.9464741205606022,critico,False,0.6194034168460781,0.5771149076067535,0.7811140459183818,0.9302058301693504,0.2351999999999999,0.1502222222222221,10,25,0.985244864117413,0.9434446309290064,critico,False,-0.21286940400190169,-0.22161247741082224,-0.12933857666858894,-0.06633014242746882,-0.10702222222222219,-0.06044444444444441,4,10,-0.0059564764510076085,-0.003029489631595772,True
14769746000179,0.1218440340486454,0.0944016601126656,0.25936355382708,0.6300016802435562,0.0416,0.0116499999999999,33,50,0.464973769684227,0.6358430713289298,baixo_baixo,False,0.1218440340486454,0.0944016601126656,0.25936355382708,0.6300016802435562,0.0416,0.0116499999999999,33,50,0.4615107775070703,0.6323619356471502,baixo_baixo,False,0.0,0.0,0.0,0.0,0.0,0.0,0,0,-0.0034629921771566763,-0.003481135681779657,True
14773789000128,0.3033828060061314,0.1292285075076642,0.3881381980982721,0.9403461446307426,0.2,3.4694469519536136e-17,5,5,0.727283860311099,0.963421377093862,baixo_baixo,False,0.3033828060061314,0.1292285075076642,0.3881381980982721,0.9403461446307426,0.2,3.4694469519536136e-17,5,5,0.7281652189464121,0.963259400184534,baixo_baixo,False,0.0,0.0,0.0,0.0,0.0,0.0,0,0,0.0008813586353130232,-0.0001619769093279544,True
14773920000157,0.2188565378990744,0.0235706723738429,0.2866585727775529,0.8920814784837447,0.2,3.4694469519536136e-17,5,5,0.4808802584594988,0.4451167371531844,baixo_baixo,False,0.1794416077860434,0.0153299293432521,0.236097994555858,0.7724570857174602,0.183673469387755,0.0204081632653061,6,7,0.4764781890805735,0.4337076874805736,baixo_baixo,False,-0.03941493011303099,-0.008240743030590799,-0.05056057822169491,-0.11962439276628456,-0.01632653061224501,0.020408163265306065,1,2,-0.0044020693789252885,-0.011409049672610805,True
14783438000106,0.2410219341009041,0.0512774176261301,0.2847117916542886,0.9757515909178603,0.2,3.4694469519536136e-17,5,5,0.6425020909445044,0.6607894858082759,baixo_baixo,False,0.2410219341009041,0.0512774176261301,0.2847117916542886,0.9757515909178603,0.2,3.4694469519536136e-17,5,5,0.6380278515709144,0.6590279662324084,baixo_baixo,False,0.0,0.0,0.0,0.0,0.0,0.0,0,0,-0.004474239373590039,-0.001761519575867454,True
14784810000190,0.4015614415887428,0.3663591734469041,0.6177177652861965,0.8036079964108372,0.0581717451523545,0.002770083102493,18,19,0.7474501729627686,0.7963614060714475,hhi_alto,False,0.3948748610398112,0.3630261695155907,0.6125257854096802,0.7968535904661748,0.0521541950113378,0.0022675736961451,20,21,0.7396984334228717,0.7921987495597661,hhi_alto,False,-0.00668658054893162,-0.0033330039313134163,-0.005191979876516317,-0.006754405944662478,-0.006017550141016702,-0.0005025094063479001,2,2,-0.00775173953989694,-0.004162656511681351,True
14785598000186,0.5071162829265843,0.4623086722835465,0.6322309563630402,0.9900081074944144,0.1247165532879818,0.0451453308596165,12,21,0.991381275672412,0.7677215322003746,critico,False,0.5152492567143502,0.474853361440546,0.6485584772032335,0.9843056513502796,0.1266540642722117,0.053875236294896,13,23,0.9900897552730376,0.7784043852451229,critico,False,0.008132973787765896,0.012544689156999522,0.016327520840193288,-0.005702456144134782,0.0019375109842299093,0.008729905435279503,1,2,-0.0012915203993744129,0.010682853044748253,True
14787874000145,0.3491677726928122,0.1864597158660152,0.5099407905002012,0.9642772088592524,0.2,3.4694469519536136e-17,5,5,0.7109872066207654,0.5251791007015068,baixo_baixo,False,0.2580538124307571,0.1343961145025499,0.4204465280796475,0.9022293903606594,0.1428571428571428,0.0,7,7,0.7273838405604417,0.5888977024646262,baixo_baixo,False,-0.0911139602620551,-0.0520636013634653,-0.08949426242055375,-0.06204781849859298,-0.05714285714285722,-3.4694469519536136e-17,2,2,0.016396633939676275,0.0637186017631195,True
14788679000130,0.6619925543410978,0.5774906929263722,0.8067404780421377,0.9745102278557808,0.2,3.4694469519536136e-17,5,5,0.6377887898506022,0.4615840096979608,hhi_alto,False,0.6619925543410978,0.5774906929263722,0.8067404780421377,0.9745102278557808,0.2,3.4694469519536136e-17,5,5,0.6322007306908132,0.4588436627452014,hhi_alto,False,0.0,0.0,0.0,0.0,0.0,0.0,0,0,-0.005588059159788994,-0.0027403469527594315,True
14792165000158,0.1346157017788628,0.121503818472482,0.2927445114214615,0.6191235404733341,0.0168005843681519,0.0019036235252451,67,74,0.9608261924873392,0.5024521280013196,oculta,True,0.1238239506789852,0.1113071499743993,0.2795811335226175,0.5912843946948241,0.0157790927021696,0.0017187940264863,71,78,0.9580824502100987,0.5029497573697784,oculta,True,-0.010791751099877608,-0.010196668498082692,-0.01316337789884403,-0.02783914577850999,-0.0010214916659823034,-0.00018482949875879996,4,4,-0.002743742277240502,0.000497629368458874,True
14795880000144,0.2177050712139896,0.174244241836989,0.4202192416282742,0.7094864611277516,0.055,0.0025,19,20,0.710802468507286,0.6234391363542952,baixo_baixo,False,0.1897263986717783,0.1470804196545035,0.3849274737711869,0.6624984502294535,0.0521541950113378,0.0022675736961451,20,21,0.7062104864045774,0.6731509533330163,baixo_baixo,False,-0.027978672542211314,-0.027163822182485503,-0.035291767857087264,-0.04698801089829807,-0.002845804988662201,-0.0002324263038549,1,1,-0.004591982102708614,0.04971181697872118,True
14797046000198,0.4208682440131764,0.2760853050164705,0.5195481619522542,0.9906189085007496,0.2222222222222222,0.0277777777777778,5,6,0.7871522129066907,0.6811360976404022,hhi_alto,False,0.2715617785700153,0.1674991755085889,0.3658969079973264,0.9280210346814468,0.1358024691358024,0.0123456790123456,8,9,0.7378446001118603,0.6233198616557153,baixo_baixo,False,-0.14930646544316112,-0.1085861295078816,-0.1536512539549278,-0.06259787381930282,-0.0864197530864198,-0.0154320987654322,3,3,-0.049307612794830424,-0.05781623598468688,False
14798463000155,0.2344533051539919,0.1068621893463239,0.3194573386096812,0.8832959043973279,0.1428571428571428,0.0,7,7,0.9104663797978728,0.9077448894458596,baixo_baixo,False,0.2076680410113797,0.1086265461378022,0.2978246985733658,0.8234819009734606,0.1111111111111111,0.0,9,9,0.8838365665535963,0.8929083589412234,baixo_baixo,False,-0.026785264142612203,0.0017643567914783082,-0.021632640036315376,-0.059814003423867224,-0.03174603174603169,0.0,2,2,-0.02662981324427649,-0.01483653050463618,True
14801752000166,0.1254065903607267,0.0904228539751558,0.2565704748376959,0.5973834120889776,0.0444444444444444,0.0062222222222222,26,30,0.5794735304591311,0.835255938066654,baixo_baixo,False,0.0999368227271853,0.0709025266861268,0.2202028948714679,0.5245008675112108,0.0354938271604938,0.0043807248108323,32,36,0.5461916706084107,0.7899530917084956,baixo_baixo,False,-0.025469767633541404,-0.019520327289029,-0.036367579966228,-0.07288254457776677,-0.0089506172839506,-0.0018414974113899005,6,6,-0.03328185985072041,-0.0453028463581584,True
14803097000185,0.3961310089276036,0.2753572107131243,0.5366908369438201,0.990200637260733,0.1666666666666666,3.3306690738754695e-17,6,6,0.7634239860167552,0.4080059050685915,hhi_alto,False,0.3961310089276036,0.2753572107131243,0.5366908369438201,0.990200637260733,0.1666666666666666,3.3306690738754695e-17,6,6,0.7555419940473821,0.4054534529484531,hhi_alto,False,0.0,0.0,0.0,0.0,0.0,0.0,0,0,-0.007881991969373114,-0.0025524521201384376,True
14804981000134,0.2740469829402311,0.2080512541166158,0.4770551069162826,0.8170602784930322,0.0833333333333333,1.5139404881252137e-17,12,12,0.634257755840518,0.6306552649594759,baixo_baixo,False,0.2740469829402311,0.2080512541166158,0.4770551069162826,0.8170602784930322,0.0833333333333333,1.5139404881252137e-17,12,12,0.628913731742375,0.628041743115307,baixo_baixo,False,0.0,0.0,0.0,0.0,0.0,0.0,0,0,-0.005344024098143052,-0.0026135218441688535,True
14806879000178,0.3545694076704887,0.2623650373377014,0.5181010423079893,0.9547615247537604,0.125,0.0,8,8,0.8924590307467611,0.6464346447353808,baixo_baixo,False,0.3545694076704887,0.2623650373377014,0.5181010423079893,0.9547615247537604,0.125,0.0,8,8,0.8903080037721942,0.6473477778868117,hhi_alto,False,0.0,0.0,0.0,0.0,0.0,0.0,0,0,-0.0021510269745669275,0.0009131331514309338,False
14807623000185,0.6009960529182471,0.5439954890494253,0.7648891039925153,0.9769890950015238,0.125,0.0,8,8,0.9460986635582218,0.8159843729193605,critico,False,0.5687131154503916,0.5148022548816906,0.7435531051222262,0.949736728457888,0.1111111111111111,0.0,9,9,0.9348004818959056,0.799951676369762,critico,False,-0.03228293746785549,-0.029193234167734672,-0.02133599887028914,-0.02725236654363572,-0.013888888888888895,0.0,1,1,-0.01129818166231622,-0.01603269654959849,True
14808407000154,0.3871315288427092,0.2995788901059533,0.4851521788495243,0.954169667703688,0.14,0.0171428571428571,8,10,0.9650783526139628,0.6311388348120732,critico,False,0.271709283457721,0.211018390412531,0.394391553152296,0.8357348028510233,0.09375,0.0182291666666666,13,16,0.9469196686182744,0.6227695972259797,oculta,True,-0.11542224538498819,-0.08856049969342228,-0.09076062569722826,-0.11843486485266475,-0.04625000000000001,0.0010863095238094998,5,6,-0.01815868399568843,-0.008369237586093536,False
14810479000136,0.1627773455427456,0.0581245137355888,0.2315880050141914,0.7355757349561607,0.136094674556213,0.0281065088757396,9,13,0.6910232725938147,0.82139622773277,baixo_baixo,False,0.1415575048190248,0.046175005354472,0.1906653085562558,0.6861778088646502,0.1224489795918367,0.0249433106575963,10,14,0.6676641314508527,0.7435349583451454,baixo_baixo,False,-0.021219840723720795,-0.011949508381116802,-0.040922696457935615,-0.0493979260915105,-0.013645694964376287,-0.003163198218143301,1,1,-0.023359141142962003,-0.07786126938762461,True
14813630000190,0.2589910711341017,0.1848901782475118,0.4414422693992586,0.8488803112459026,0.1280276816608996,0.0408304498269896,11,17,0.5896554789593136,0.5945597223718441,baixo_baixo,False,0.2589910711341017,0.1848901782475118,0.4414422693992586,0.8488803112459026,0.1280276816608996,0.0408304498269896,11,17,0.5850695321538957,0.5918887892945872,baixo_baixo,False,0.0,0.0,0.0,0.0,0.0,0.0,0,0,-0.0045859468054179064,-0.002670933077256854,True
14814026000188,0.7665418388618435,0.7498662559234037,0.8691089897534078,0.9899674307200148,0.0666666666666666,0.0,15,15,0.9950773249217174,0.9019724590204344,critico,False,0.6924855741306546,0.6719846124060316,0.824486367494658,0.9832415725429404,0.0625,0.0,16,16,0.994161715696981,0.8782982387994003,critico,False,-0.07405626473118887,-0.07788164351737215,-0.0446226222587498,-0.006725858177074384,-0.004166666666666596,0.0,1,1,-0.0009156092247364356,-0.02367422022103416,True
14814139000183,0.5708466700784266,0.5620884388555374,0.7422085844664543,0.9109396412501728,0.0243151738996614,0.0044032386731239,50,57,0.980270120968704,0.8265644378742765,critico,False,0.3792735096081687,0.368571328739344,0.5830242719591558,0.8696077566475451,0.0202020202020202,0.0033089515848136,59,66,0.9795367780435428,0.7406357731157336,critico,False,-0.1915731604702579,-0.19351711011619338,-0.15918431250729848,-0.04133188460262771,-0.0041131536976412,-0.0010942870883102998,9,9,-0.0007333429251612511,-0.08592866475854288,True
14823518000130,0.4612626077094329,0.4397131120178101,0.6666630844869871,0.8598175391193212,0.0545693622616699,0.0167521367521367,26,39,0.6491555716848251,0.8380452224152741,hhi_alto,False,0.3719357240329238,0.3477794057264978,0.5870522854242733,0.8551768890110596,0.0525,0.0160576923076923,27,40,0.5929342439935553,0.7819766722136711,hhi_alto,False,-0.0893268836765091,-0.09193370629131231,-0.07961079906271373,-0.004640650108261646,-0.0020693622616698992,-0.0006944444444444003,1,1,-0.05622132769126975,-0.05606855020160306,True
14829853000145,0.3363336179240405,0.1704170224050506,0.4284372703931436,0.9774711577294688,0.2,3.4694469519536136e-17,5,5,0.5067994963382293,0.4083333044435233,baixo_baixo,False,0.3363336179240405,0.1704170224050506,0.4284372703931436,0.9774711577294688,0.2,3.4694469519536136e-17,5,5,0.5586790694392465,0.5993442181367213,baixo_baixo,False,0.0,0.0,0.0,0.0,0.0,0.0,0,0,0.05187957310101721,0.19101091369319806,True
14830853000165,0.3984996308168473,0.3583996062046372,0.5020213043311519,0.9510235446038312,0.0743801652892562,0.0126721763085399,16,22,0.9564481920991508,0.4351067494469845,critico,False,0.306725305443283,0.2659444410575938,0.4250864807539624,0.9261699206858464,0.0656,0.010635294117647,18,25,0.9570698711711392,0.4960844973296512,oculta,True,-0.09177432537356428,-0.09245516514704338,-0.0769348235771895,-0.024853623917984846,-0.008780165289256195,-0.0020368821908929007,2,3,0.0006216790719884013,0.06097774788266669,False
14836800000151,0.1166367453287335,0.0745718284396256,0.212442949166147,0.5645941428686755,0.0555555555555555,0.0105820105820105,22,30,0.4650675733013579,0.4253253026548599,baixo_baixo,False,0.1133247087539297,0.0711020758374501,0.2091148409795052,0.555749272298075,0.0596877869605142,0.0149110149110149,22,33,0.4635740030207834,0.4338869450851131,baixo_baixo,False,-0.003312036574803792,-0.0034697526021755104,-0.0033281081866418094,-0.00884487057060046,0.0041322314049587056,0.004329004329004399,0,3,-0.0014935702805745077,0.008561642430253202,True
14870896000174,0.2822569124575058,0.1797221856657209,0.3812646509710871,0.9376049637700888,0.125,0.0,8,8,0.9129232399216122,0.4510381979685847,baixo_baixo,False,0.2558261851800285,0.162804458327532,0.3601588880056832,0.901059693770938,0.140495867768595,0.0330578512396694,9,11,0.908821786760768,0.4707568119363733,baixo_baixo,False,-0.026430727277477306,-0.016917727338188915,-0.021105762965403896,-0.036545269999150864,0.01549586776859499,0.0330578512396694,1,3,-0.004101453160844204,0.019718613967788623,True
14871353000171,0.3616319605926951,0.2704365263916516,0.5628278230982863,0.9085144706072472,0.5536332179930797,0.489866534849234,8,34,0.7330402551142362,0.4824547692980023,baixo_baixo,False,0.3415766881097151,0.2475162149825315,0.5350957920559594,0.9130222071421564,0.5743801652892562,0.5135773317591499,8,44,0.7320197802324178,0.4901310608398079,baixo_baixo,False,-0.020055272482980002,-0.022920311409120098,-0.02773203104232691,0.0045077365349092124,0.020746947296176432,0.0237107969099159,0,10,-0.001020474881818445,0.007676291541805602,True
14873172000184,0.5082498881116996,0.4098998657340395,0.696874903211819,0.9344473007712082,0.1666666666666666,3.3306690738754695e-17,6,6,0.5054999127496212,0.5329394966696661,hhi_alto,False,0.4748101617288597,0.3697721940746317,0.6709007961356115,0.9211132480543878,0.183673469387755,0.0204081632653061,6,7,0.5135129095649401,0.5412460652036166,hhi_alto,False,-0.033439726382839874,-0.04012767165940784,-0.02597410707620751,-0.013334052716820421,0.0170068027210884,0.020408163265306065,0,1,0.008012996815318862,0.008306568533950509,True
14876872000122,0.3167855455522195,0.2029164698109228,0.3675415914993733,0.9935341687893204,0.1428571428571428,0.0,7,7,0.917958544834749,0.9146297627121656,baixo_baixo,False,0.3167855455522195,0.2029164698109228,0.3675415914993733,0.9935341687893204,0.1428571428571428,0.0,7,7,0.9148402643596332,0.911705616482528,baixo_baixo,False,0.0,0.0,0.0,0.0,0.0,0.0,0,0,-0.0031182804751158644,-0.0029241462296375476,True
14878445000183,0.2137490112300628,0.1780103299223383,0.3928756919964457,0.7476552314951563,0.0900723208415516,0.0487119717888948,23,39,0.7950503454812166,0.7900631515217673,baixo_baixo,False,0.2060329208248114,0.1715126130345858,0.385378295135721,0.7333874411998818,0.08625,0.0465217391304347,24,40,0.787196733512825,0.7891787396188849,baixo_baixo,False,-0.007716090405251397,-0.006497716887752525,-0.007497396860724648,-0.014267790295274585,-0.0038223208415516102,-0.002190232658460106,1,1,-0.007853611968391516,-0.0008844119028824649,True
14901848000104,0.382401942068743,0.176535922758324,0.5186373715831178,1.0,0.42,0.2266666666666667,4,10,0.5144284854724326,0.5034200724255531,hhi_alto,False,0.382401942068743,0.176535922758324,0.5186373715831178,1.0,0.42,0.2266666666666667,4,10,0.5110752080844956,0.5007148438853273,hhi_alto,False,0.0,0.0,0.0,0.0,0.0,0.0,0,0,-0.0033532773879370037,-0.0027052285402258125,True
14914258000108,0.0696816136514641,0.007660387894895,0.0884837456832215,0.3408864803716407,0.0657439446366782,0.0034602076124567,16,17,0.5142879864845942,0.6581882413321897,baixo_baixo,False,0.0614463060263461,0.0062372652043664,0.0756714702701693,0.2929409711128579,0.0581717451523545,0.002770083102493,18,19,0.5032977084397755,0.6167914199092335,baixo_baixo,False,-0.008235307625117996,-0.0014231226905286002,-0.012812275413052202,-0.047945509258782826,-0.007572199484323694,-0.0006901245099636996,2,2,-0.010990278044818669,-0.0413968214229562,True
14946241000132,0.763711653253831,0.7046395665672885,0.8682464700340256,0.9968870819896618,0.2,3.4694469519536136e-17,5,5,0.9148662824878024,0.4147226523636006,hhi_alto,False,0.763711653253831,0.7046395665672885,0.8682464700340256,0.9968870819896618,0.2,3.4694469519536136e-17,5,5,0.9115730611405384,0.412124179738791,hhi_alto,False,0.0,0.0,0.0,0.0,0.0,0.0,0,0,-0.0032932213472640637,-0.0025984726248096113,True
14969199000175,0.3476332603446064,0.3272467997303753,0.5565037283497394,0.8788469821358477,0.0707910126192674,0.0417532317636195,33,114,0.9409616676989137,0.9052829642279784,oculta,True,0.2811375709978879,0.2611691701922737,0.4918490476168893,0.802411652480649,0.0633673469387755,0.0373497732426303,37,140,0.9315075150969468,0.8432130419660528,oculta,True,-0.06649568934671851,-0.06607762953810159,-0.06465468073285008,-0.07643532965519861,-0.007423665680491895,-0.004403458520989202,4,26,-0.009454152601966803,-0.062069922261925536,True
14986862000140,0.1150233736182167,0.1075865952452605,0.3230085399478674,0.4296006213045735,0.0219931167733365,0.0137745715361377,120,364,0.7350153736319018,0.6259490615855775,baixo_baixo,False,0.0954682348632779,0.0882319807421842,0.2889923058011541,0.3959257359681182,0.0213519604020592,0.0135227760852756,126,389,0.7397746722909363,0.6333738113255086,baixo_baixo,False,-0.01955513875493879,-0.019354614503076295,-0.03401623414671329,-0.033674885336455296,-0.0006411563712772975,-0.00025179545086210023,6,25,0.004759298659034461,0.007424749739931125,True
14994916000119,0.1719049297749638,0.1475491924154039,0.38619776372949,0.5688672288438068,0.0411951109099139,0.0129949671131467,35,47,0.676859117678438,0.7730727266284305,baixo_baixo,False,0.1719049297749638,0.1475491924154039,0.38619776372949,0.5688672288438068,0.0411951109099139,0.0129949671131467,35,47,0.6779236030904779,0.7946612105515921,baixo_baixo,False,0.0,0.0,0.0,0.0,0.0,0.0,0,0,0.0010644854120399616,0.021588483923161594,True
14999490000196,0.2833694410034758,0.2117063851038234,0.4857870405605429,0.8145727896941788,0.1122448979591836,0.023469387755102,11,14,0.7201859639952672,0.8710681275199268,baixo_baixo,False,0.2210068213504694,0.1501892596550576,0.3723748762844081,0.8170839293897204,0.1022222222222222,0.0206060606060606,12,15,0.7062577294386239,0.7589349884498467,baixo_baixo,False,-0.06236261965300638,-0.06151712544876578,-0.11341216427613482,0.00251113969554162,-0.010022675736961403,-0.0028633271490413996,1,1,-0.013928234556643382,-0.11213313907008005,True
15071063000106,0.2425829036074893,0.0910994843289872,0.3735872750104646,0.9162829635830892,0.1666666666666666,3.3306690738754695e-17,6,6,0.6964734804803473,0.8336064041453793,baixo_baixo,False,0.2425829036074893,0.0910994843289872,0.3735872750104646,0.9162829635830892,0.1666666666666666,3.3306690738754695e-17,6,6,0.6922790228355488,0.8290517580077592,baixo_baixo,False,0.0,0.0,0.0,0.0,0.0,0.0,0,0,-0.004194457644798533,-0.004554646137620133,True
15111217000146,0.3239582888783535,0.1549478610979419,0.4328503641186492,0.9759206588086424,0.3632,0.204,5,25,0.6582595242719929,0.7254140481803368,baixo_baixo,False,0.3239582888783535,0.1549478610979419,0.4328503641186492,0.9759206588086424,0.3632,0.204,5,25,0.6524972749305735,0.7221354491944507,baixo_baixo,False,0.0,0.0,0.0,0.0,0.0,0.0,0,0,-0.005762249341419334,-0.0032785989858861164,True
15163648000156,0.1709694769445533,0.1332862713511239,0.2667513882888241,0.7487179693036919,0.068359375,0.0260120738636363,23,32,0.6022115964497542,0.4811053988822797,baixo_baixo,False,0.1589838304665823,0.1253431836852456,0.2561672312743049,0.7201872897488277,0.0720221606648199,0.0349030470914127,26,38,0.6015503623612137,0.4960845793962244,baixo_baixo,False,-0.011985646477971013,-0.007943087665878285,-0.010584157014519202,-0.028530679554864213,0.0036627856648198953,0.008890973227776402,3,6,-0.0006612340885404633,0.014979180513944701,True
15183636000193,0.2687036506217967,0.2124500852850118,0.4802144390848589,0.7768051734079121,0.078125,0.0072115384615384,14,16,0.7681795722813198,0.4210467291175337,baixo_baixo,False,0.2100691906623895,0.1661841456991889,0.3776130768640067,0.7503477996934936,0.0566893424036281,0.0042831947593852,19,21,0.7995210282588657,0.5094634101553062,baixo_baixo,False,-0.05863445995940719,-0.046265939585822896,-0.1026013622208522,-0.026457373714418475,-0.0214356575963719,-0.0029283437021532,5,5,0.031341455977545896,0.08841668103777245,True
15196311000145,0.0744451418359699,0.0165979632007181,0.0972020272863951,0.3827922472297266,0.0588235294117647,0.0,17,17,0.6755564494252602,0.8027674056585394,baixo_baixo,False,0.0694108539621247,0.0146703159598967,0.0915105543148287,0.3603786022713349,0.0555555555555555,0.0,18,18,0.6610940897331974,0.7766404060262931,baixo_baixo,False,-0.005034287873845203,-0.0019276472408213986,-0.0056914729715664,-0.02241364495839171,-0.003267973856209201,0.0,1,1,-0.014462359692062776,-0.026126999632246295,True
15224648000119,0.1981584857946228,0.1090649842162475,0.3309969806376617,0.7652886618757481,0.1,3.0839528461809905e-17,10,10,0.3122585319909436,0.491794125623975,baixo_baixo,False,0.1833420193995112,0.1091003847994667,0.3176683145710485,0.7344718338821621,0.0833333333333333,1.5139404881252137e-17,12,12,0.2996932333773054,0.4851644086656052,baixo_baixo,False,-0.01481646639511161,3.540058321920003e-05,-0.013328666066613204,-0.030816827993585982,-0.016666666666666705,-1.570012358055777e-17,2,2,-0.012565298613638198,-0.006629716958369836,True
15245503000102,0.1590358695149261,0.0749394564664187,0.2991257089679917,0.6804219623935598,0.1005917159763313,0.0106508875739645,11,13,0.577409478323964,0.5760484151289069,baixo_baixo,False,0.1590358695149261,0.0749394564664187,0.2991257089679917,0.6804219623935598,0.1005917159763313,0.0106508875739645,11,13,0.5737495175643631,0.5730613855099174,baixo_baixo,False,0.0,0.0,0.0,0.0,0.0,0.0,0,0,-0.0036599607596009553,-0.002987029618989556,True
15282487000110,0.365909290422798,0.2602275054932643,0.5644882688047977,0.9138365733705544,0.1428571428571428,0.0,7,7,0.7686770442837981,0.8685357901444106,baixo_baixo,False,0.365909290422798,0.2602275054932643,0.5644882688047977,0.9138365733705544,0.1428571428571428,0.0,7,7,0.7662457500829374,0.8677803528725332,hhi_alto,False,0.0,0.0,0.0,0.0,0.0,0.0,0,0,-0.002431294200860745,-0.0007554372718774349,False
15316822000153,0.4249081926188384,0.2811352407735479,0.5862076327689326,0.9917875149128136,0.2,3.4694469519536136e-17,5,5,0.7324995317776357,0.3965645695364238,hhi_alto,False,0.4249081926188384,0.2811352407735479,0.5862076327689326,0.9917875149128136,0.2,3.4694469519536136e-17,5,5,0.7250967513668672,0.3939165594559823,hhi_alto,False,0.0,0.0,0.0,0.0,0.0,0.0,0,0,-0.0074027804107684725,-0.0026480100804415208,True
15345471000109,0.6376623128188912,0.5470778910236139,0.7819878228204574,0.9918542935122868,0.2,3.4694469519536136e-17,5,5,0.4955367694774116,0.4899227846890512,hhi_alto,False,0.6376623128188912,0.5470778910236139,0.7819878228204574,0.9918542935122868,0.2,3.4694469519536136e-17,5,5,0.4919979905026855,0.4869891652432165,hhi_alto,False,0.0,0.0,0.0,0.0,0.0,0.0,0,0,-0.003538778974726098,-0.002933619445834701,True
15358498000136,0.2627123702393198,0.1705514165192348,0.4162418975913122,0.9182044781384552,0.1239669421487603,0.0144628099173553,9,11,0.641404301376808,0.7385430407324926,baixo_baixo,False,0.2627123702393198,0.1705514165192348,0.4162418975913122,0.9182044781384552,0.1239669421487603,0.0144628099173553,9,11,0.6522167884188805,0.740791256635372,baixo_baixo,False,0.0,0.0,0.0,0.0,0.0,0.0,0,0,0.010812487042072494,0.0022482159028794912,True
15372714000106,0.2192410261178606,0.1704435902502269,0.3764850443760309,0.7726304401541306,0.0661157024793388,0.0077479338842975,17,22,0.77384185845295,0.9200860502537762,baixo_baixo,False,0.2059526595165652,0.1592439924293043,0.363907066765913,0.7468176528407313,0.0623818525519848,0.0072278438785722,18,23,0.768341658121728,0.90633201160954,baixo_baixo,False,-0.013288366601295398,-0.011199597820922613,-0.012577977610117919,-0.02581278731339931,-0.0037338499273540035,-0.0005200900057253004,1,1,-0.005500200331221894,-0.013754038644236188,True
15404969000103,0.129846488781671,0.0210772998793798,0.188467017190588,0.6063856674663253,0.1111111111111111,0.0,9,9,0.4837325782578418,0.4711269778228438,baixo_baixo,False,0.129846488781671,0.0210772998793798,0.188467017190588,0.6063856674663253,0.1111111111111111,0.0,9,9,0.4981971959032069,0.5052079193475106,baixo_baixo,False,0.0,0.0,0.0,0.0,0.0,0.0,0,0,0.014464617645365052,0.03408094152466684,True
15408168000108,0.2023554232244985,0.1936853734769388,0.3331674584100342,0.7186074492822385,0.0181675255480828,0.007495433434475,93,214,0.9330414506580632,0.9854684766911972,oculta,True,0.1592763287576364,0.1511139630174192,0.2941569398695078,0.6344658306578764,0.0188734995383194,0.0093479995338371,104,285,0.9320397774213424,0.986963681823586,oculta,True,-0.04307909446686212,-0.04257141045951959,-0.039010518540526395,-0.08414161862436209,0.0007059739902365997,0.0018525660993621,11,71,-0.0010016732367208458,0.001495205132388766,True
15442776000139,0.4313663152037184,0.4174972009403945,0.6431911540674019,0.8292464410244075,0.0296566077003121,0.0059896956930027,42,62,0.7669639780014682,0.539437993649283,hhi_alto,False,0.384631999045814,0.3709571545801654,0.6059738078950313,0.7950708473865884,0.0272096078063426,0.0055920435353724,46,73,0.7671436973333527,0.5641547531524995,hhi_alto,False,-0.046734316157904354,-0.04654004636022907,-0.0372173461723706,-0.03417559363781908,-0.002446999893969501,-0.0003976521576303004,4,11,0.00017971933188454248,0.0247167595032165,True
15452981000185,0.6482856133657785,0.560357016707223,0.7982157568305829,0.9675602636586428,0.2,3.4694469519536136e-17,5,5,0.6284334003006137,0.4213864005505223,hhi_alto,False,0.6482856133657785,0.560357016707223,0.7982157568305829,0.9675602636586428,0.2,3.4694469519536136e-17,5,5,0.6223432099944933,0.4188029625133835,hhi_alto,False,0.0,0.0,0.0,0.0,0.0,0.0,0,0,-0.006090190306120347,-0.0025834380371387855,True
15462287000149,0.1674238270159837,0.1365876724610201,0.3165617001049739,0.7198942072111587,0.039485766758494,0.0039111655273271,28,33,0.8919941854458636,0.7505357499563875,baixo_baixo,False,0.134685479404753,0.1076444006361515,0.2165323948464994,0.6527059372023102,0.0340136054421768,0.0038265306122449,33,42,0.8924808328111472,0.7893736655310608,baixo_baixo,False,-0.032738347611230706,-0.02894327182486861,-0.10002930525847453,-0.06718827000884853,-0.005472161316317205,-8.463491508219978e-05,5,9,0.0004866473652835879,0.03883791557467331,True
15470555000174,0.4768083957350013,0.4244892353085014,0.6744770056058511,0.9168630935474152,0.0909090909090909,0.0,11,11,0.7897367716344694,0.8367134302922651,hhi_alto,False,0.3087864366225598,0.2594140392384569,0.5226709184564382,0.8056806751239687,0.0703125,0.00390625,15,16,0.7062670087585998,0.77726559739609,baixo_baixo,False,-0.1680219591124415,-0.1650751960700445,-0.1518060871494129,-0.11118241842344656,-0.020596590909090898,0.00390625,4,5,-0.0834697628758696,-0.05944783289617506,False
15487793000192,0.2624146668018524,0.170216500152084,0.4361878586699901,0.8356931541595565,0.1111111111111111,0.0,9,9,0.7308908995778136,0.3965645695364238,baixo_baixo,False,0.2624146668018524,0.170216500152084,0.4361878586699901,0.8356931541595565,0.1111111111111111,0.0,9,9,0.7243756813376994,0.3939165594559823,baixo_baixo,False,0.0,0.0,0.0,0.0,0.0,0.0,0,0,-0.006515218240114251,-0.0026480100804415208,True
15513690000150,0.1221022006687381,0.1103968966776546,0.301910046490888,0.5373316114488528,0.0149513717520685,0.001817390042096,76,83,0.8120245798126603,0.4586459511326388,baixo_baixo,False,0.1161483412298049,0.1051001954951774,0.2941611266675742,0.523540286436504,0.0139462809917355,0.0016206095041322,81,88,0.802948350401492,0.4648397861912248,baixo_baixo,False,-0.005953859438933201,-0.005296701182477187,-0.007748919823313771,-0.01379132501234881,-0.0010050907603329998,-0.00019678053796379994,5,5,-0.009076229411168257,0.006193835058586006,True
15537199000169,0.3874083403799619,0.2342604254749524,0.4365258652488306,0.9825389653900468,0.2,3.4694469519536136e-17,5,5,0.738155810008217,0.3965645695364238,hhi_alto,False,0.225380605038755,0.1147206914728629,0.3108218099126017,0.8284838629630777,0.125,0.0,8,8,0.7115060523605755,0.4665513834062544,baixo_baixo,False,-0.1620277353412069,-0.1195397340020895,-0.12570405533622886,-0.15405510242696907,-0.07500000000000001,-3.4694469519536136e-17,3,3,-0.026649757647641437,0.06998681386983058,False
15553985000150,0.2506657036447687,0.2007100838877532,0.3467849087064759,0.8722236746292349,0.074792243767313,0.0131117266851338,16,19,0.7590615396914897,0.455750225306608,baixo_baixo,False,0.2491651596495878,0.2022379821276871,0.3457390722479129,0.8695932161056745,0.07,0.011875,17,20,0.7506429741688067,0.4535329129623638,baixo_baixo,False,-0.001500543995180903,0.0015278982399339058,-0.0010458364585629876,-0.002630458523560364,-0.0047922437673129925,-0.0012367266851337991,1,1,-0.008418565522683052,-0.0022173123442442155,True
15609665000174,0.1795039318587032,0.0769419233410411,0.2288696106005163,0.8114468012200123,0.1111111111111111,0.0,9,9,0.7911847193069629,0.602908789313232,baixo_baixo,False,0.1590634183091015,0.0749697601400116,0.2142278428597095,0.7595350792298794,0.1005917159763313,0.0106508875739645,11,13,0.7881678897199097,0.6998470603670081,baixo_baixo,False,-0.02044051354960169,-0.0019721632010294976,-0.014641767740806805,-0.05191172199013294,-0.0105193951347798,0.0106508875739645,2,4,-0.0030168295870531825,0.09693827105377606,True
15710935000139,0.2510136593678165,0.0637670742097706,0.2902888595024007,0.9273324946509542,0.2222222222222222,0.0277777777777778,5,6,0.6530527576760439,0.629508257283012,baixo_baixo,False,0.2510136593678165,0.0637670742097706,0.2902888595024007,0.9273324946509542,0.2222222222222222,0.0277777777777778,5,6,0.6482979812616685,0.628347390982746,baixo_baixo,False,0.0,0.0,0.0,0.0,0.0,0.0,0,0,-0.0047547764143753835,-0.001160866300266017,True
15913253000123,0.2555876545274076,0.2217507297331989,0.4778331281225068,0.7171925807477654,0.0535714285714285,0.010551948051948,23,28,0.6449342523669017,0.752673195569145,baixo_baixo,False,0.2189380960804597,0.190009877416773,0.4369184626295695,0.6633294334315002,0.0432525951557093,0.0078175060874022,28,34,0.6556749768639804,0.7852840391008087,baixo_baixo,False,-0.03664955844694792,-0.0317408523164259,-0.04091466549293726,-0.05386314731626518,-0.010318833415719202,-0.0027344419645457998,5,6,0.010740724497078635,0.03261084353166366,True
16098402000100,0.2447682740169952,0.207006687717845,0.3712896956706955,0.7808240446837723,0.0495867768595041,0.0020661157024793,21,22,0.7642106823563118,0.4257875539424361,baixo_baixo,False,0.2407196901918447,0.2045634849628849,0.368151600680227,0.7742246155812941,0.0472589792060491,0.0018903591682419,22,23,0.7575050638433942,0.4358220839713262,baixo_baixo,False,-0.004048583825150498,-0.0024432027549601,-0.003138094990468465,-0.006599429102478238,-0.002327797653454998,-0.00017575653423739976,1,1,-0.0067056185129176216,0.010034530028890098,True
16176067000111,0.0629951866996548,0.037670732286132,0.1232875908465069,0.4048903487986018,0.0263157894736842,0.0,38,38,0.8062429945417111,0.4482943223291616,baixo_baixo,False,0.0505817144834983,0.0299421865374874,0.1101193957361723,0.3468907791550409,0.0212765957446808,0.0,47,47,0.806383646825697,0.4682861871808242,baixo_baixo,False,-0.012413472216156504,-0.0077285457486445976,-0.013168195110334596,-0.0579995696435609,-0.0050391937290034,0.0,9,9,0.00014065228398585372,0.0199918648516626,True
16236457000130,0.5430753607007291,0.4859597807883203,0.7229339000201236,0.9304349757792134,0.140495867768595,0.0330578512396694,9,11,0.833675807310933,0.3965645695364238,hhi_alto,False,0.5430753607007291,0.4859597807883203,0.7229339000201236,0.9304349757792134,0.140495867768595,0.0330578512396694,9,11,0.8294453473818573,0.3939165594559823,hhi_alto,False,0.0,0.0,0.0,0.0,0.0,0.0,0,0,-0.0042304599290757805,-0.0026480100804415208,True
16247298000179,0.4079015367784018,0.2598769209730023,0.5243196605989745,0.9664501935299618,0.2,3.4694469519536136e-17,5,5,0.8690802890614804,0.3965645695364238,hhi_alto,False,0.4079015367784018,0.2598769209730023,0.5243196605989745,0.9664501935299618,0.2,3.4694469519536136e-17,5,5,0.8639638820511112,0.3939165594559823,hhi_alto,False,0.0,0.0,0.0,0.0,0.0,0.0,0,0,-0.005116407010369195,-0.0026480100804415208,True
16501189000136,0.177712832489328,0.1585898751053589,0.3311815014823384,0.6936928290882256,0.0252758988964044,0.0026078965451579,44,53,0.5047019768471072,0.4519423985164589,baixo_baixo,False,0.1774894130168283,0.1587959905853926,0.330972886388291,0.6932558638769062,0.0246913580246913,0.0025252525252525,45,54,0.502593005756638,0.4499709085708994,baixo_baixo,False,-0.0002234194724997085,0.00020611548003368618,-0.00020861509404740408,-0.0004369652113194178,-0.000584540871713099,-8.264401990540002e-05,1,1,-0.002108971090469147,-0.0019714899455595125,True
16673998000125,0.2839851766647999,0.2553445837313919,0.4278509178740221,0.9252589106017808,0.0384615384615384,0.0,26,26,0.9950795260656948,0.4395868554239633,oculta,True,0.2839851766647999,0.2553445837313919,0.4278509178740221,0.9252589106017808,0.0384615384615384,0.0,26,26,0.9947556041356987,0.4370692160716775,oculta,True,0.0,0.0,0.0,0.0,0.0,0.0,0,0,-0.00032392192999608493,-0.0025176393522858276,True
16692121000181,0.1484938098539652,0.1437367920319203,0.2964366164810671,0.6664653245301537,0.0068370986920332,0.0012887025953407,180,232,0.9641233716551788,0.4867181405057373,oculta,True,0.1271794192761061,0.1229217579067213,0.2706805519824275,0.6200085709040475,0.007020970985349,0.0021771708438141,206,295,0.9611859007400726,0.4889323819465763,oculta,True,-0.02131439057785911,-0.020815034125199,-0.025756064498639597,-0.04645675362610624,0.00018387229331580032,0.0008884682484734002,26,63,-0.0029374709151062106,0.002214241440838982,True
16708223000148,0.9693452472115222,0.9591269962820296,0.9844579491874306,1.0,0.28,0.04,4,5,0.9795049854528004,0.3977049038393651,critico,False,0.9670356248296264,0.9587945310370328,0.9832837110138016,0.9998941896074066,0.2222222222222222,0.0277777777777778,5,6,0.9783909982179644,0.3957771739474935,critico,False,-0.002309622381895804,-0.0003324652449967491,-0.0011742381736289387,-0.0001058103925933862,-0.05777777777777782,-0.0122222222222222,1,1,-0.0011139872348360225,-0.0019277298918715657,True
16779440000129,0.2920822242145817,0.0561096322861089,0.395738203957382,1.0,0.28,0.04,4,5,0.5661486840646326,0.6460659908071003,baixo_baixo,False,0.2920822242145817,0.0561096322861089,0.395738203957382,1.0,0.28,0.04,4,5,0.5618439622271512,0.6432616721174172,baixo_baixo,False,0.0,0.0,0.0,0.0,0.0,0.0,0,0,-0.004304721837481429,-0.0028043186896830052,True
16978926000196,0.1309604648673779,0.0223305229758001,0.1692670002943773,0.6142061623000686,0.1111111111111111,0.0,9,9,0.4444997518119968,0.5060775513235286,baixo_baixo,False,0.1357977226589402,0.0397752473988225,0.2487837240159221,0.6129754533392304,0.1,3.0839528461809905e-17,10,10,0.4736443953421723,0.4761404413766396,baixo_baixo,False,0.004837257791562299,0.017444724423022404,0.07951672372154481,-0.0012307089608382116,-0.0111111111111111,3.0839528461809905e-17,1,1,0.029144643530175485,-0.02993710994688903,True
17058108000138,0.0947986916789585,0.0732462795760766,0.2282918076705334,0.4990299185207572,0.0260416666666666,0.0028521825396825,43,48,0.8755692911705298,0.5866728129653997,baixo_baixo,False,0.0912680927217996,0.0710740503378396,0.22364578123811,0.4888740298111476,0.0244082840236686,0.0027284681130834,46,52,0.8732925436174623,0.5934551492182373,baixo_baixo,False,-0.0035305989571589036,-0.0021722292382369973,-0.0046460264324234,-0.010155888709609595,-0.0016333826429979978,-0.00012371442659910026,3,4,-0.002276747553067504,0.006782336252837529,True
17228178000197,0.2708246285660967,0.0885307857076209,0.3654602319152712,0.9536672326968482,0.2222222222222222,0.0277777777777778,5,6,0.9602086854448272,0.8918615167709749,oculta,True,0.2708246285660967,0.0885307857076209,0.3654602319152712,0.9536672326968482,0.2222222222222222,0.0277777777777778,5,6,0.9581412775785992,0.8895535054877954,oculta,True,0.0,0.0,0.0,0.0,0.0,0.0,0,0,-0.002067407866227944,-0.0023080112831794786,True
17257474000116,0.0592229911627358,0.0121841407208726,0.1180503469971528,0.341131482626973,0.051039697542533,0.0035916824196597,21,23,0.6454369618020954,0.5882069633663652,baixo_baixo,False,0.0553671493066941,0.0124292924569984,0.1025794198860689,0.3361108944389187,0.0473372781065088,0.0040344271113502,23,26,0.6421244679132002,0.5611697577733084,baixo_baixo,False,-0.0038558418560417015,0.00024515173612579995,-0.015470927111083901,-0.005020588188054342,-0.0037024194360242013,0.00044274469169050014,2,3,-0.003312493888895207,-0.02703720559305689,True
17323405000163,0.1465213487710339,0.0245958271668959,0.2066189464546935,0.671143386247237,0.14,0.0171428571428571,8,10,0.6266821288622739,0.692442384840092,baixo_baixo,False,0.1465213487710339,0.0245958271668959,0.2066189464546935,0.671143386247237,0.14,0.0171428571428571,8,10,0.626267265785548,0.7035430453836895,baixo_baixo,False,0.0,0.0,0.0,0.0,0.0,0.0,0,0,-0.00041486307672589096,0.011100660543597485,True
17380242000150,0.4352844665752789,0.3546108189431759,0.6281083202187974,0.955865764791199,0.125,0.0,8,8,0.7484043632043852,0.5140818769707471,hhi_alto,False,0.4352844665752789,0.3546108189431759,0.6281083202187974,0.955865764791199,0.125,0.0,8,8,0.7414040036634004,0.5114272015024371,hhi_alto,False,0.0,0.0,0.0,0.0,0.0,0.0,0,0,-0.0070003595409847685,-0.002654675468309997,True
17387125000119,0.9875351136819024,0.9866447646591812,0.9937408102544272,0.9990590369355128,0.0666666666666666,0.0,15,15,0.998768400798766,0.8449173921510471,critico,False,0.9473060080491776,0.9440126335522512,0.9730729528362468,0.9984287733429108,0.0588235294117647,0.0,17,17,0.9981511973907614,0.8307855570649968,critico,False,-0.04022910563272475,-0.04263213110692998,-0.020667857418180335,-0.0006302635926019873,-0.007843137254901898,0.0,2,2,-0.0006172034080046407,-0.014131835086050315,True
17391027000155,0.3179455841826158,0.2654798598889709,0.5065174578027092,0.8662574362878184,0.0714285714285714,0.0,14,14,0.5912757169426229,0.4571448749703577,baixo_baixo,False,0.2260611074639262,0.1776899266804216,0.4146737471147534,0.7568788342063241,0.0775047258979206,0.0198487712665406,17,23,0.5795981792580467,0.4982574630829053,baixo_baixo,False,-0.09188447671868963,-0.08778993320854928,-0.09184371068795577,-0.1093786020814943,0.006076154469349199,0.0198487712665406,3,9,-0.011677537684576245,0.04111258811254759,True
17444886000165,0.222628647668604,0.1578477016409877,0.3068678782928323,0.8527122728200939,0.0925925925925925,0.0169753086419752,13,18,0.4890338195300001,0.8132956184204773,baixo_baixo,False,0.1364207121424533,0.0788487596186168,0.2037988110384354,0.6547847059529811,0.0748299319727891,0.0131519274376417,16,21,0.4402279142676799,0.7275015847139784,baixo_baixo,False,-0.08620793552615069,-0.07899894202237089,-0.1030690672543969,-0.19792756686711277,-0.017762660619803403,-0.0038233812043335005,3,3,-0.048805905262320204,-0.08579403370649885,True
17455641000133,0.488181777765828,0.4028787407267993,0.6808260429293034,0.9163084953969672,0.22,0.0900000000000001,7,10,0.7110624126337212,0.9353700290257966,hhi_alto,False,0.3430303771858907,0.2491775739267322,0.4284062409029552,0.9216656984948044,0.1900826446280991,0.0743801652892562,8,11,0.6811997305621657,0.7035039930023531,baixo_baixo,False,-0.1451514005799373,-0.1537011668000671,-0.2524198020263482,0.00535720309783716,-0.029917355371900906,-0.015619834710743893,1,1,-0.029862682071555513,-0.23186603602344347,False
17467454000170,0.4064610011630483,0.2580762514538103,0.5920527292590159,0.9594345509243564,0.2,3.4694469519536136e-17,5,5,0.911361772245864,0.5651037621204097,hhi_alto,False,0.4064610011630483,0.2580762514538103,0.5920527292590159,0.9594345509243564,0.2,3.4694469519536136e-17,5,5,0.9074844795899142,0.5623282767094676,hhi_alto,False,0.0,0.0,0.0,0.0,0.0,0.0,0,0,-0.0038772926559498266,-0.00277548541094208,True
17470036000131,0.0653290842872008,0.0103484421864479,0.0967741935483871,0.3387096774193548,0.0555555555555555,0.0,18,18,0.2592804522270882,0.4321839617603076,baixo_baixo,False,0.0653290842872008,0.0103484421864479,0.0967741935483871,0.3387096774193548,0.0555555555555555,0.0,18,18,0.294413532853899,0.5092195753864032,baixo_baixo,False,0.0,0.0,0.0,0.0,0.0,0.0,0,0,0.03513308062681081,0.07703561362609557,True
17509587000161,0.6552163143804739,0.6121183536780331,0.8012050683324091,0.9757230072040664,0.1388888888888888,0.0312499999999999,9,12,0.949564990152952,0.4491298726279079,critico,False,0.6549826482607375,0.616647386956375,0.801062171505709,0.97554898468851,0.1242603550295858,0.0269559500328731,10,13,0.9473246852206074,0.4468531983342527,critico,False,-0.00023366611973640872,0.004529033278341865,-0.00014289682670010073,-0.00017402251555631576,-0.014628533859303017,-0.0042940499671268,1,1,-0.0022403049323446167,-0.00227667429365519,True
17526555000174,0.0775855313024598,0.0356576009071171,0.1153912627743559,0.4469291330710213,0.0507544581618655,0.0076069335328594,23,27,0.8330205970400579,0.5764607062287064,baixo_baixo,False,0.0801059821071517,0.0401105900248539,0.1399574694286852,0.4616133507731982,0.0533333333333333,0.0121739130434782,24,30,0.8425911539293124,0.6538041567784773,baixo_baixo,False,0.00252045080469189,0.004452989117736797,0.024566206654329306,0.014684217702176927,0.0025788751714677996,0.0045669795106188,1,3,0.009570556889254456,0.07734345054977088,True
17527365000171,0.4514862606280354,0.3905402895867059,0.6005091644112042,0.9663444113300506,0.1479289940828402,0.0532544378698225,10,13,0.9046934869958874,0.931642036872256,hhi_alto,False,0.4406173510576368,0.3846790861634004,0.592792079816789,0.9655979341502554,0.1796875,0.09765625,11,16,0.901648578942167,0.9315673120264608,hhi_alto,False,-0.0108689095703986,-0.005861203423305483,-0.007717084594415113,-0.0007464771797951464,0.03175850591715981,0.0444018121301775,1,3,-0.0030449080537203743,-7.472484579518213e-05,True
17527397000177,0.5092173301314847,0.4741614251408765,0.6643494855884688,0.9571504079325313,0.085,0.0196428571428571,15,20,0.9878210440167248,0.801429756822922,critico,False,0.3465803496133902,0.3030190395876163,0.495135873221448,0.957206067370548,0.0850661625708884,0.0240705734089477,16,23,0.9874956799467888,0.6977930142466382,oculta,True,-0.16263698051809455,-0.17114238555326022,-0.16921361236702087,5.56594380167752e-05,6.616257088840061e-05,0.004427716266090599,1,3,-0.0003253640699359961,-0.10363674257628375,False
17544962000104,0.4997494706503956,0.3329992942005275,0.6562277650278884,1.0,0.3877551020408163,0.1836734693877551,4,7,0.7991356753173405,0.8272812160970814,hhi_alto,False,0.5884976607129351,0.4513302142839134,0.741157562240524,1.0,0.4814814814814814,0.3086419753086419,4,9,0.8394098840814603,0.8654833939843534,hhi_alto,False,0.08874819006253948,0.11833092008338592,0.0849297972126356,0.0,0.09372637944066509,0.12496850592088679,0,2,0.0402742087641198,0.03820217788727198,True
17572121000100,0.1983221483993011,0.1181543632392312,0.332033339370507,0.7916577365332829,0.0909090909090909,0.0,11,11,0.9940523015485248,0.3966877446113044,oculta,True,0.1917406948073532,0.1295669021002265,0.326249110225041,0.7778665619434935,0.0714285714285714,0.0,14,14,0.9930176282400094,0.480739977044715,oculta,True,-0.0065814535919478945,0.011412538860995303,-0.005784229145466002,-0.013791174589789401,-0.0194805194805195,0.0,3,3,-0.0010346733085153659,0.08405223243341059,True
17590843000198,0.3814890588000183,0.3041751911500206,0.537052929607948,0.9348354991875472,0.12,0.01,9,10,0.981904651450632,0.4670412513531652,critico,False,0.3814890588000183,0.3041751911500206,0.537052929607948,0.9348354991875472,0.12,0.01,9,10,0.9816190622551476,0.4720935576127851,critico,False,0.0,0.0,0.0,0.0,0.0,0.0,0,0,-0.00028558919548438144,0.0050523062596198876,True
17701982000141,0.1950384216693037,0.1055982462992263,0.2655717178814987,0.8311071865977228,0.1,3.0839528461809905e-17,10,10,0.8663237393167975,0.7567852090947996,baixo_baixo,False,0.1950384216693037,0.1055982462992263,0.2655717178814987,0.8311071865977228,0.1,3.0839528461809905e-17,10,10,0.8624993722636837,0.7652040887376499,baixo_baixo,False,0.0,0.0,0.0,0.0,0.0,0.0,0,0,-0.003824367053113842,0.008418879642850263,True
17710115000172,0.0830409806263764,0.0747800885599474,0.2288986706194087,0.4712827468541638,0.0225489888040552,0.013743123838326,112,309,0.9426298094076988,0.9923843132062068,oculta,True,0.0782251895724287,0.0705437328188656,0.2133034794257593,0.465429188654803,0.0218585888101557,0.0137074103835737,121,351,0.9427508171581866,0.9928447238169392,oculta,True,-0.004815791053947693,-0.004236355741081804,-0.015595191193649383,-0.005853558199360842,-0.0006903999938994987,-3.571345475229977e-05,9,42,0.00012100775048784485,0.0004604106107324313,True
17714486000122,0.3788915029837483,0.3518867857221721,0.6054322266823949,0.7459352747309401,0.0432,0.0016,24,25,0.830029132238696,0.8978213336632079,hhi_alto,False,0.365453705963626,0.3390142770454438,0.594325299746822,0.7322507560846453,0.0414201183431952,0.0014792899408284,25,26,0.8290852851736235,0.9009919390205648,hhi_alto,False,-0.013437797020122322,-0.01287250867672829,-0.011106926935572914,-0.01368451864629483,-0.001779881656804802,-0.00012071005917160013,1,1,-0.0009438470650725561,0.003170605357356915,True
17718435000179,0.2393405290133523,0.0491756612666904,0.3772466916847719,0.84754592139048,0.2839506172839506,0.1049382716049382,5,9,0.6485533562808121,0.7108831202531055,baixo_baixo,False,0.3372901978927902,0.1716127473659877,0.5313614744351962,0.8852742271105826,0.3888888888888889,0.2361111111111111,5,12,0.7233598407743776,0.7775414592806009,baixo_baixo,False,0.0979496688794379,0.1224370860992973,0.15411478275042434,0.03772830572010255,0.1049382716049383,0.13117283950617292,0,3,0.07480648449356553,0.0666583390274954,True
17718490000169,0.229534405373473,0.1332262060451572,0.3061907895556257,0.9345578033202788,0.1736111111111111,0.0703125,9,24,0.903116950972892,0.5405478689214335,baixo_baixo,False,0.229534405373473,0.1332262060451572,0.3061907895556257,0.9345578033202788,0.1736111111111111,0.0703125,9,24,0.8989894062570389,0.5386176057071874,baixo_baixo,False,0.0,0.0,0.0,0.0,0.0,0.0,0,0,-0.004127544715853082,-0.001930263214246053,True
17718507000188,0.4772622163271262,0.3465777704089077,0.6563538885139163,0.993440836807451,0.2222222222222222,0.0277777777777778,5,6,0.7615082408979744,0.8665369291547694,hhi_alto,False,0.4772622163271262,0.3465777704089077,0.6563538885139163,0.993440836807451,0.2222222222222222,0.0277777777777778,5,6,0.7617970556185315,0.864410194544167,hhi_alto,False,0.0,0.0,0.0,0.0,0.0,0.0,0,0,0.00028881472055708457,-0.002126734610602421,True
17726399000195,0.2786946707738882,0.1584771159028696,0.4455783465976552,0.8943231874639558,0.1428571428571428,0.0,7,7,0.6081347305726679,0.6504298816604605,baixo_baixo,False,0.2285274708310775,0.1183171095212315,0.3088928297277699,0.8756422654162115,0.125,0.0,8,8,0.6066270548264551,0.5699378106821842,baixo_baixo,False,-0.050167199942810714,-0.04016000638163808,-0.13668551686988534,-0.018680922047744297,-0.017857142857142794,0.0,1,1,-0.0015076757462127999,-0.08049207097827626,True
17756464000125,0.029205056076848,0.0216207205774483,0.0994260813938784,0.2460960340601303,0.0259663570493791,0.0183567192138274,129,354,0.8769129042556709,0.9938378345219816,baixo_baixo,False,0.0321189867517591,0.0253975908264241,0.0976766642685784,0.2775926167428355,0.0253956339525864,0.0186275480772572,145,438,0.8924427717720884,0.9950292140446254,baixo_baixo,False,0.0029139306749111013,0.0037768702489758,-0.0017494171252999957,0.031496582682705165,-0.000570723096792701,0.0002708288634298006,16,84,0.015529867516417495,0.0011913795226438095,True
17799033000146,0.0312672327757695,0.027757331445247,0.1011226870052705,0.2617230191596028,0.0130155626373614,0.0094395320672069,277,1361,0.859739569439415,0.7557373551191052,baixo_baixo,False,0.1640239896107138,0.161070010775416,0.3913700765543418,0.5080937171313014,0.013509767149297,0.0100239359378104,284,1465,0.90737637446185,0.6286166410679728,baixo_baixo,False,0.13275675683494428,0.133312679330169,0.2902473895490713,0.24637069797169858,0.0004942045119356014,0.0005844038706034997,7,104,0.04763680502243506,-0.12712071405113246,True
17808462000132,0.3960877879393398,0.2753053455272078,0.4445257135337242,0.9993810133125808,0.1666666666666666,3.3306690738754695e-17,6,6,0.8581805166002331,0.6027329377022592,hhi_alto,False,0.3960877879393398,0.2753053455272078,0.4445257135337242,0.9993810133125808,0.1666666666666666,3.3306690738754695e-17,6,6,0.8607500356984675,0.6314677766079396,hhi_alto,False,0.0,0.0,0.0,0.0,0.0,0.0,0,0,0.0025695190982344407,0.028734838905680404,True
17819061000188,0.1414958204434724,0.1154805422750927,0.2654902601481829,0.6650794149792442,0.0350981558596073,0.0058587060371712,34,41,0.8770173376926637,0.5259548735393471,baixo_baixo,False,0.1293387270248872,0.1058073412688031,0.2532460705918526,0.6344065065927975,0.0311111111111111,0.0049249249249249,38,45,0.8667218807142013,0.528420564460005,baixo_baixo,False,-0.012157093418585202,-0.0096732010062896,-0.012244189556330276,-0.03067290838644665,-0.003987044748496201,-0.0009337811122462998,4,4,-0.010295456978462347,0.002465690920657848,True
17844908000184,0.2014034676744179,0.0683040456201542,0.2405811114003445,0.8550783202971668,0.1851851851851851,0.0493827160493827,7,9,0.3583721270830113,0.4640898093484751,baixo_baixo,False,0.2014034676744179,0.0683040456201542,0.2405811114003445,0.8550783202971668,0.1851851851851851,0.0493827160493827,7,9,0.3556926243901014,0.4612132433696055,baixo_baixo,False,0.0,0.0,0.0,0.0,0.0,0.0,0,0,-0.0026795026929098964,-0.002876565978869594,True
17851361000144,0.0682737862911636,0.0551508818727293,0.1854734607241475,0.4375526692167517,0.0146736380502614,0.0007958019664622,72,77,0.8620825676203189,0.6815352314936214,baixo_baixo,False,0.0560926547538867,0.0447202771003191,0.164819030843772,0.3888265555721168,0.0127599243856332,0.0008654656432915,84,92,0.8538687360368686,0.6870612154049959,baixo_baixo,False,-0.012181131537276894,-0.010430604772410194,-0.020654429880375497,-0.04872611364463486,-0.0019137136646282006,6.966367682929994e-05,12,15,-0.008213831583450237,0.005525983911374488,True
17901209000129,0.5892809312385628,0.5306067785583576,0.7334611087993936,0.9972281253492716,0.1358024691358024,0.0123456790123456,8,9,0.9860366601140628,0.7469528186674452,critico,False,0.3449978167698803,0.2794975984468684,0.5439093054729112,0.8924742713644384,0.1005917159763313,0.0106508875739645,11,13,0.9800622377504008,0.7299090915726126,oculta,True,-0.24428311446868256,-0.2511091801114892,-0.18955180332648247,-0.10475385398483328,-0.0352107531594711,-0.0016947914383810998,3,4,-0.005974422363661969,-0.017043727094832595,False
17932766000107,0.0310897915181331,0.0245870384410736,0.0785082080149621,0.2629484125509563,0.0198055555555555,0.0132270693512304,150,600,0.9310485665527504,0.9893355656725288,oculta,True,0.0308977339344187,0.0248784652010921,0.0811213260585137,0.2642274868682755,0.0190357145369821,0.0129427686645409,162,653,0.9327990687636836,0.9896562082459152,oculta,True,-0.00019205758371440215,0.0002914267600185004,0.0026131180435516044,0.0012790743173192176,-0.0007698410185734,-0.0002843006866894999,12,53,0.0017505022109332025,0.00032064257338637603,True
17977824000119,0.2695168741327485,0.1234202489592982,0.3916488680533083,0.975843097818472,0.183673469387755,0.0204081632653061,6,7,0.7105097613605241,0.7731612969007622,baixo_baixo,False,0.2676210385264847,0.1211452462317816,0.3745010447680346,0.9769007755587076,0.21875,0.0625,6,8,0.7105392021697682,0.7642486176550028,baixo_baixo,False,-0.0018958356062637738,-0.0022750027275166007,-0.0171478232852737,0.0010576777402355741,0.035076530612245,0.042091836734693897,0,1,2.9440809244052346e-05,-0.008912679245759336,True
18009906000132,0.2717141959058127,0.1503332285567814,0.4374006735970373,0.9072465627597066,0.1604938271604938,0.0205761316872427,7,9,0.614495684578884,0.8025368007974018,baixo_baixo,False,0.2717141959058127,0.1503332285567814,0.4374006735970373,0.9072465627597066,0.1604938271604938,0.0205761316872427,7,9,0.6307194307487615,0.8074453470162847,baixo_baixo,False,0.0,0.0,0.0,0.0,0.0,0.0,0,0,0.01622374616987743,0.004908546218882925,True
18070772000165,0.4061025516654732,0.3944575036589139,0.5992392870202625,0.8787213755003832,0.0549501777285706,0.0364197890565817,52,131,0.9510894358517356,0.47569839795804,critico,False,0.260296063853784,0.2473188018161311,0.4577742789720952,0.8164794082311821,0.0508296576349506,0.0341775463653883,58,138,0.9440850010164998,0.5669598949282101,oculta,True,-0.1458064878116892,-0.1471387018427828,-0.1414650080481673,-0.06224196726920106,-0.004120520093620003,-0.0022422426911933996,6,7,-0.007004434835235718,0.09126149697017011,False
18091059000106,0.0519588612692404,0.0344025438853375,0.1068061528419051,0.3614547439326007,0.0254534369760707,0.0074062784015535,55,81,0.5720854663216167,0.7198518866633463,baixo_baixo,False,0.0518009155056731,0.0342416732002226,0.1066392703480188,0.3608899780694973,0.0252825698988697,0.0072322471192191,55,82,0.5684689351024229,0.7184933858536384,baixo_baixo,False,-0.00015794576356730622,-0.00016087068511489583,-0.00016688249388630005,-0.0005647658631033892,-0.0001708670772010007,-0.0001740312823344005,0,1,-0.003616531219193808,-0.0013585008097078966,True
18097936000148,0.0751418177109413,0.0395703491613621,0.143024924207916,0.4385030615883504,0.0932594644506001,0.0583848284679309,27,57,0.4950618499164914,0.6492090940342449,baixo_baixo,False,0.0751418177109413,0.0395703491613621,0.143024924207916,0.4385030615883504,0.0932594644506001,0.0583848284679309,27,57,0.4943481193802498,0.6482995915105721,baixo_baixo,False,0.0,0.0,0.0,0.0,0.0,0.0,0,0,-0.0007137305362415747,-0.0009095025236727228,True
18123264000106,0.2053887478803527,0.0464664974564232,0.2921959302803298,0.8376351636696776,0.1875,0.025,6,8,0.5445915321514645,0.3965645695364238,baixo_baixo,False,0.2053887478803527,0.0464664974564232,0.2921959302803298,0.8376351636696776,0.1875,0.025,6,8,0.5406764451186357,0.3939165594559823,baixo_baixo,False,0.0,0.0,0.0,0.0,0.0,0.0,0,0,-0.0039150870328288345,-0.0026480100804415208,True
18137082000186,0.061335654845811,0.0409299082120243,0.164000466253733,0.3900708848647722,0.0343404015762807,0.0133478016105477,47,73,0.7069591239370966,0.40136629063448,baixo_baixo,False,0.1513067872943767,0.1384477992230794,0.2618815891195436,0.7477220414011646,0.0236011080332409,0.008807185427684,67,95,0.9084404970373104,0.4654669134990029,baixo_baixo,False,0.0899711324485657,0.0975178910110551,0.09788112286581063,0.3576511565363924,-0.010739293543039805,-0.004540616182863701,20,22,0.20148137310021386,0.0641006228645229,True
18148649000110,0.4787574998167193,0.3918837497861724,0.6631902968185546,0.9395817059840876,0.1428571428571428,0.0,7,7,0.5633373906695934,0.4779258740001007,hhi_alto,False,0.4787574998167193,0.3918837497861724,0.6631902968185546,0.9395817059840876,0.1428571428571428,0.0,7,7,0.5685484436194341,0.4844586273932545,hhi_alto,False,0.0,0.0,0.0,0.0,0.0,0.0,0,0,0.0052110529498407,0.0065327533931537896,True
18180942000164,0.4673303879465775,0.4516636346508886,0.6733047923628526,0.863679034895507,0.0378071833648393,0.0095073946402757,35,46,0.9011513894144796,0.5408484292048531,hhi_alto,False,0.2862692092763602,0.271083447771602,0.428353938390591,0.8221997755076684,0.0267164607871301,0.0060083003783456,48,59,0.9172060010000128,0.694945307078823,baixo_baixo,False,-0.18106117867021732,-0.18058018687928662,-0.24495085397226157,-0.041479259387838585,-0.011090722577709197,-0.0034990942619300995,13,13,0.01605461158553323,0.15409687787396986,False
18180975000104,0.4737042081970502,0.3684450498364602,0.6646530625608787,0.9497908634760046,0.1666666666666666,3.3306690738754695e-17,6,6,0.853197620368354,0.9643671846875452,hhi_alto,False,0.2536350133501868,0.1603393900189602,0.3634354894397373,0.873768828710974,0.1111111111111111,0.0,9,9,0.8786512936294165,0.9647107259821384,baixo_baixo,False,-0.22006919484686344,-0.2081056598175,-0.30121757312114145,-0.07602203476503056,-0.0555555555555555,-3.3306690738754695e-17,3,3,0.025453673261062515,0.00034354129459313043,False
18184942000132,0.3717790889141946,0.3657960326181393,0.580740913516081,0.8600604825859715,0.0183518005540166,0.0090027700831024,106,228,0.9308680799146842,0.6375757547235152,critico,False,0.27271463804525,0.266551202774447,0.4789024205654296,0.8129319608341143,0.0169419875130072,0.0086109874071853,119,248,0.9064574994613736,0.6019949607349264,baixo_baixo,False,-0.09906445086894461,-0.09924482984369232,-0.10183849295065145,-0.04712852175185711,-0.0014098130410094,-0.0003917826759171003,13,20,-0.024410580453310682,-0.03558079398858882,False
18188762000129,0.302169177882874,0.22463241986986,0.4628059459090978,0.906130848132156,0.1,3.0839528461809905e-17,10,10,0.838374473456099,0.7800875330718018,baixo_baixo,False,0.302169177882874,0.22463241986986,0.4628059459090978,0.906130848132156,0.1,3.0839528461809905e-17,10,10,0.8341142621959681,0.7758919339875614,baixo_baixo,False,0.0,0.0,0.0,0.0,0.0,0.0,0,0,-0.004260211260130875,-0.004195599084240387,True
18196469000103,0.3431054384469441,0.2774159822916384,0.4927320991090567,0.8817573408590191,0.0909090909090909,0.0,11,11,0.8493973061872867,0.3965645695364238,baixo_baixo,False,0.3431054384469441,0.2774159822916384,0.4927320991090567,0.8817573408590191,0.0909090909090909,0.0,11,11,0.8454964833530654,0.3939165594559823,baixo_baixo,False,0.0,0.0,0.0,0.0,0.0,0.0,0,0,-0.003900822834221329,-0.0026480100804415208,True
18208903000128,0.1118366383791207,0.0230203022170328,0.186811133943583,0.5427882410882597,0.0909090909090909,0.0,11,11,0.4898469531719822,0.5584174472559401,baixo_baixo,False,0.1118366383791207,0.0230203022170328,0.186811133943583,0.5427882410882597,0.0909090909090909,0.0,11,11,0.4866227336149919,0.5549702528450041,baixo_baixo,False,0.0,0.0,0.0,0.0,0.0,0.0,0,0,-0.00322421955699026,-0.003447194410935994,True
18212310000135,0.7408047710505157,0.7084053674318301,0.8580348248878308,0.9602861749429252,0.1419753086419753,0.0347222222222222,9,18,0.8614804043729756,0.4523139581139863,hhi_alto,False,0.7408047710505157,0.7084053674318301,0.8580348248878308,0.9602861749429252,0.1419753086419753,0.0347222222222222,9,18,0.8568086146481737,0.4497219190469528,hhi_alto,False,0.0,0.0,0.0,0.0,0.0,0.0,0,0,-0.004671789724801867,-0.0025920390670334803,True
18245821000153,0.2277406877916133,0.2043388904519652,0.4481498515091515,0.6865254042558944,0.0407999999999999,0.0117333333333333,34,50,0.8611373453276608,0.9920369950179154,baixo_baixo,False,0.1867864046192551,0.1653860468460777,0.3984842204187834,0.6253069017169522,0.0342365049359378,0.0088216761184625,39,69,0.8644839298857183,0.9923144393681188,baixo_baixo,False,-0.04095428317235819,-0.03895284360588752,-0.04966563109036809,-0.06121850253894212,-0.006563495064062098,-0.0029116572148707998,5,19,0.003346584558057475,0.0002774443502033819,True
18250800000126,0.4394613498426956,0.3771792776029951,0.625530026888463,0.9503929066217204,0.1074380165289256,0.0082644628099173,10,11,0.7899643835145126,0.501592056414451,hhi_alto,False,0.3001319571507924,0.2462959538546995,0.5020433755165534,0.8409009446431346,0.0755555555555555,0.0044444444444444,14,15,0.7536031873516319,0.5179274388193703,baixo_baixo,False,-0.1393293926919032,-0.1308833237482956,-0.12348665137190962,-0.1094919619785858,-0.031882460973370094,-0.0038200183654729,4,4,-0.03636119616288069,0.016335382404919274,False
18251780000108,0.1720581601865318,0.0340678535509537,0.2494971437766514,0.762008206613565,0.1428571428571428,0.0,7,7,0.5705277932297835,0.6220375391162198,baixo_baixo,False,0.1720581601865318,0.0340678535509537,0.2494971437766514,0.762008206613565,0.1428571428571428,0.0,7,7,0.5659616537019408,0.6187746510453221,baixo_baixo,False,0.0,0.0,0.0,0.0,0.0,0.0,0,0,-0.004566139527842683,-0.003262888070897696,True
18255486000174,0.4489513138877734,0.3111891423597167,0.637485458508514,0.9576792003240668,0.2,3.4694469519536136e-17,5,5,0.915287328212473,0.919095356936692,hhi_alto,False,0.4489513138877734,0.3111891423597167,0.637485458508514,0.9576792003240668,0.2,3.4694469519536136e-17,5,5,0.9122432883096346,0.9163576496210007,hhi_alto,False,0.0,0.0,0.0,0.0,0.0,0.0,0,0,-0.0030440399028384135,-0.002737707315691229,True
18256417000185,0.1202130166907583,0.0739084386218509,0.2340750888428047,0.5871784001277185,0.0521541950113378,0.0022675736961451,20,21,0.5470735926967838,0.615260812992172,baixo_baixo,False,0.06490071268332,0.0409238078803282,0.1422240914492911,0.4185793889238371,0.0255800118976799,0.0005948839976204,40,41,0.5245307016863382,0.6550478452185503,baixo_baixo,False,-0.05531230400743831,-0.0329846307415227,-0.0918509973935136,-0.16859901120388138,-0.0265741831136579,-0.0016726896985247,20,20,-0.022542891010445598,0.03978703222637836,True
18284346000124,0.3641641501534037,0.2369969801840845,0.519612384557043,0.9297561035691404,0.183673469387755,0.0204081632653061,6,7,0.7304887267700304,0.6751009489322718,baixo_baixo,False,0.3641641501534037,0.2369969801840845,0.519612384557043,0.9297561035691404,0.183673469387755,0.0204081632653061,6,7,0.728157137945142,0.6734770685415443,hhi_alto,False,0.0,0.0,0.0,0.0,0.0,0.0,0,0,-0.0023315888248883754,-0.0016238803907274724,False
18302582000126,0.0774328822807433,0.0510738217744788,0.1724067546984804,0.4737417246409151,0.0404663923182441,0.0130511463844797,36,54,0.4840832393326417,0.6383907859701824,baixo_baixo,False,0.0774328822807433,0.0510738217744788,0.1724067546984804,0.4737417246409151,0.0404663923182441,0.0130511463844797,36,54,0.4820406160233416,0.6364745905603656,baixo_baixo,False,0.0,0.0,0.0,0.0,0.0,0.0,0,0,-0.0020426233093001067,-0.001916195409816801,True
18319753000120,0.1742188169614691,0.0562500765273932,0.2391931047699526,0.8006952273504581,0.1358024691358024,0.0123456790123456,8,9,0.6125637313747514,0.6931075550261222,baixo_baixo,False,0.1742188169614691,0.0562500765273932,0.2391931047699526,0.8006952273504581,0.1358024691358024,0.0123456790123456,8,9,0.6071034543066184,0.6905278106715378,baixo_baixo,False,0.0,0.0,0.0,0.0,0.0,0.0,0,0,-0.005460277068133013,-0.0025797443545844123,True
18325503000100,0.1815177640426484,0.0905752933807204,0.2790072905703177,0.8127055529123033,0.1,3.0839528461809905e-17,10,10,0.4926993719430002,0.6258756405338082,baixo_baixo,False,0.1231553443709405,0.0605235832545792,0.210836664382749,0.614134948054998,0.0666666666666666,0.0,15,15,0.4596995735732892,0.633378199974839,baixo_baixo,False,-0.05836241967170791,-0.030051710126141204,-0.0681706261875687,-0.19857060485730527,-0.03333333333333341,-3.0839528461809905e-17,5,5,-0.03299979836971095,0.007502559441030843,True
18346935000190,0.2348858645658068,0.1870662311011697,0.3625752789108286,0.9067099200152904,0.0697190426638917,0.011576482830385,17,31,0.913756357314923,0.5731966951209052,baixo_baixo,False,0.1917815455563353,0.1468805203094651,0.3202865617789136,0.8009564349916795,0.0612244897959183,0.0090702947845804,19,35,0.9032690118400905,0.5497328310147257,baixo_baixo,False,-0.04310431900947148,-0.040185710791704604,-0.042288717131914955,-0.10575348502361093,-0.008494552867973404,-0.002506188045804599,2,4,-0.010487345474832543,-0.02346386410617951,True
18423582000184,0.6368371376224824,0.6038223319517989,0.7921758396113168,0.9316331190526036,0.0833333333333333,1.5139404881252137e-17,12,12,0.9584370736436104,0.9120649140530008,critico,False,0.6368371376224824,0.6038223319517989,0.7921758396113168,0.9316331190526036,0.0833333333333333,1.5139404881252137e-17,12,12,0.9571251664424628,0.9132932862385568,critico,False,0.0,0.0,0.0,0.0,0.0,0.0,0,0,-0.0013119072011475996,0.001228372185555937,True
18504687000168,0.483185115473942,0.3109134872985893,0.6604773564938156,1.0,0.2777777777777778,0.037037037037037,4,6,0.8494380075114183,0.4367069661251253,hhi_alto,False,0.4786730504560035,0.3483413130700044,0.6573711098358785,0.995296967220153,0.2244897959183673,0.0306122448979591,5,7,0.8409190114580931,0.4336728852859704,hhi_alto,False,-0.004512065017938494,0.03742782577141507,-0.0031062466579370174,-0.004703032779846961,-0.0532879818594105,-0.006424792139077901,1,1,-0.008518996053325179,-0.0030340808391548513,True
18660471000191,0.6826931644373937,0.6474368493748819,0.8202290533605061,0.9552668160471044,0.1,3.0839528461809905e-17,10,10,0.93462467875245,0.4027738765991808,critico,False,0.668224714882454,0.6350471863706995,0.81142084542136,0.9450084757473606,0.0909090909090909,0.0,11,11,0.9296523847192918,0.4048820934585997,critico,False,-0.014468449554939644,-0.012389663004182427,-0.008808207939146162,-0.010258340299743818,-0.009090909090909108,-3.0839528461809905e-17,1,1,-0.004972294033158242,0.002108216859418921,True
19061464000136,0.3450473460993349,0.1813091826241686,0.5066530194472876,0.9999212660420438,0.2,3.4694469519536136e-17,5,5,0.5276968107793567,0.4711592509663159,baixo_baixo,False,0.3450473460993349,0.1813091826241686,0.5066530194472876,0.9999212660420438,0.2,3.4694469519536136e-17,5,5,0.5236924226459121,0.4687200620853651,baixo_baixo,False,0.0,0.0,0.0,0.0,0.0,0.0,0,0,-0.004004388133444614,-0.0024391888809507933,True
19110162000100,0.1164944859226998,0.0870443021201231,0.2353762017769752,0.6050346532161243,0.0354938271604938,0.0033436213991769,31,36,0.8969919418082669,0.4105943493759054,baixo_baixo,False,0.1164944859226998,0.0870443021201231,0.2353762017769752,0.6050346532161243,0.0354938271604938,0.0033436213991769,31,36,0.8928814904337605,0.4096855394917421,baixo_baixo,False,0.0,0.0,0.0,0.0,0.0,0.0,0,0,-0.004110451374506385,-0.0009088098841633085,True
19116243000118,0.128599214396201,0.1127555637488592,0.2412053484226642,0.6564186421876747,0.0240031739734179,0.006257777136571,56,71,0.7826383733470904,0.744185749832578,baixo_baixo,False,0.1049089664789055,0.0904720143253394,0.2129521800388852,0.5795301878094494,0.0208809632677945,0.0050887207398557,63,81,0.7698800706761716,0.730836620935456,baixo_baixo,False,-0.0236902479172955,-0.022283549423519802,-0.028253168383779004,-0.07688845437822522,-0.0031222107056234003,-0.0011690563967153003,7,10,-0.01275830267091882,-0.013349128897122031,True
19122075000173,0.8816185052351452,0.8520231315439314,0.9380533460223422,0.997516246763862,0.2222222222222222,0.0277777777777778,5,6,0.9899841165024366,0.9350044841992536,critico,False,0.4241056967552984,0.3281233128811814,0.5966267444500216,0.9839073341482264,0.15625,0.015625,7,8,0.9824881811854738,0.7373487975081461,critico,False,-0.45751280847984677,-0.5238998186627499,-0.34142660157232063,-0.013608912615635571,-0.06597222222222221,-0.0121527777777778,2,2,-0.0074959353169627985,-0.19765568669110756,True
19130038000107,0.8058184770584376,0.7973758021479349,0.8963122491437826,0.9675866656980768,0.0416666666666666,0.0,24,24,0.9728196366880854,0.9178710793981752,critico,False,0.7872369973182366,0.7790538049073994,0.8858521175542996,0.9595334687134076,0.037037037037037,0.0,27,27,0.9713175691604392,0.9173929672003008,critico,False,-0.018581479740200968,-0.018321997240535515,-0.010460131589483002,-0.00805319698466922,-0.004629629629629602,0.0,3,3,-0.0015020675276461448,-0.00047811219787441406,True
19153572000139,0.4290685913203187,0.3771657359858023,0.4645532006699664,0.9757406590753396,0.0833333333333333,1.5139404881252137e-17,12,12,0.96559390667625,0.878623957466419,critico,False,0.4224577221820365,0.3812047023378962,0.4609358466404352,0.9681428222725936,0.0666666666666666,0.0,15,15,0.9613261935092396,0.8716006766873082,critico,False,-0.006610869138282238,0.004038966352093942,-0.003617354029531228,-0.00759783680274595,-0.016666666666666705,-1.5139404881252137e-17,3,3,-0.004267713167010356,-0.007023280779110741,True
19164089000150,0.8240383033852803,0.8177539570776118,0.9053013661391908,0.9880119350345808,0.0431588613406795,0.008985963531418,29,33,0.9882425494612824,0.4015635575504905,critico,False,0.7181261256262114,0.7108985903858578,0.8423215768777437,0.9845582195975816,0.0311909262759924,0.0063496679753768,40,46,0.9855170482890772,0.3987975140641077,critico,False,-0.10591217775906892,-0.106855366691754,-0.0629797892614471,-0.0034537154369992384,-0.011967935064687098,-0.0026362955560411995,11,13,-0.002725501172205269,-0.0027660434863828187,True
19305362000119,0.1762209466790238,0.1075726922356092,0.2751807197238816,0.7416391406787053,0.0769230769230769,1.503427012513233e-17,13,13,0.8466084479978845,0.8950255542324295,baixo_baixo,False,0.1762209466790238,0.1075726922356092,0.2751807197238816,0.7416391406787053,0.0769230769230769,1.503427012513233e-17,13,13,0.8466859379153521,0.8987204676695831,baixo_baixo,False,0.0,0.0,0.0,0.0,0.0,0.0,0,0,7.748991746758804e-05,0.0036949134371536685,True
19313140000148,0.2498453439757235,0.156076011972689,0.3296322556735416,0.9247789261834783,0.12,0.01,9,10,0.6215172827612157,0.5827955506033192,baixo_baixo,False,0.2498453439757235,0.156076011972689,0.3296322556735416,0.9247789261834783,0.12,0.01,9,10,0.6174035128602999,0.5800874446776942,baixo_baixo,False,0.0,0.0,0.0,0.0,0.0,0.0,0,0,-0.00411376990091572,-0.0027081059256249818,True
19320403000146,0.1521011921786323,0.0107847242084043,0.1634366232816886,0.6382602738031957,0.1428571428571428,0.0,7,7,0.7155412081865452,0.7538476529327797,baixo_baixo,False,0.1521011921786323,0.0107847242084043,0.1634366232816886,0.6382602738031957,0.1428571428571428,0.0,7,7,0.7086872386423553,0.751262847688337,baixo_baixo,False,0.0,0.0,0.0,0.0,0.0,0.0,0,0,-0.006853969544189931,-0.0025848052444427116,True
19344044000167,0.3768096350224743,0.3322960375240796,0.5793231764497292,0.8683213817052413,0.0703125,0.00390625,15,16,0.9334213611754312,0.4324982605104507,critico,False,0.3768096350224743,0.3322960375240796,0.5793231764497292,0.8683213817052413,0.0703125,0.00390625,15,16,0.931661859784015,0.4308309547950876,critico,False,0.0,0.0,0.0,0.0,0.0,0.0,0,0,-0.0017595013914162294,-0.00166730571536311,True
19352701000118,0.2114384125493162,0.0537260950591795,0.2733671372748121,0.8535451829383393,0.183673469387755,0.0204081632653061,6,7,0.3769993524340589,0.4282891498691935,baixo_baixo,False,0.2114384125493162,0.0537260950591795,0.2733671372748121,0.8535451829383393,0.183673469387755,0.0204081632653061,6,7,0.3747504437611761,0.4254844926666823,baixo_baixo,False,0.0,0.0,0.0,0.0,0.0,0.0,0,0,-0.002248908672882799,-0.0028046572025111627,True
19363370000111,0.4763000298088896,0.345375037261112,0.6608147351196809,0.9756382631211432,0.2,3.4694469519536136e-17,5,5,0.7004674702829854,0.4092622173694951,hhi_alto,False,0.4763000298088896,0.345375037261112,0.6608147351196809,0.9756382631211432,0.2,3.4694469519536136e-17,5,5,0.6930578398397884,0.4066074080149662,hhi_alto,False,0.0,0.0,0.0,0.0,0.0,0.0,0,0,-0.0074096304431969795,-0.0026548093545288864,True
19406627000175,0.414180259148834,0.3555982850637174,0.6080643989409272,0.9640669292807248,0.0909090909090909,0.0,11,11,0.9100716224296396,0.808452080881917,hhi_alto,False,0.414180259148834,0.3555982850637174,0.6080643989409272,0.9640669292807248,0.0909090909090909,0.0,11,11,0.910537867794325,0.8072032470966147,hhi_alto,False,0.0,0.0,0.0,0.0,0.0,0.0,0,0,0.00046624536468542477,-0.0012488337853022724,True
19420544000130,0.4313512210721464,0.368168023413496,0.4682010800324002,0.9789703449776684,0.1,3.0839528461809905e-17,10,10,0.8322477844578489,0.93064460359094,hhi_alto,False,0.3430449030458704,0.2773493933504574,0.4070051366997241,0.9596402164537462,0.0909090909090909,0.0,11,11,0.8213983613321869,0.9385773498217312,baixo_baixo,False,-0.08830631802627603,-0.09081863006303864,-0.061195943332676084,-0.01933012852392224,-0.009090909090909108,-3.0839528461809905e-17,1,1,-0.01084942312566195,0.00793274623079121,False
19432705000106,0.0993570934920632,0.0519548352548034,0.1505646173149309,0.5269761606022585,0.05,1.460819769243627e-17,20,20,0.7612349341902998,0.4860578888547284,baixo_baixo,False,0.0991589367627357,0.0541168836008725,0.1504136375031336,0.5264477312609677,0.0476190476190476,0.0,21,21,0.7686544816845848,0.5731237055182399,baixo_baixo,False,-0.00019815672932750605,0.0021620483460691037,-0.00015097981179729159,-0.0005284293412908259,-0.0023809523809524002,-1.460819769243627e-17,1,1,0.007419547494285084,0.08706581666351149,True
19459498000183,0.2357116166981219,0.1847590578113301,0.4027226091452136,0.8339068121455135,0.0657439446366782,0.0034602076124567,16,17,0.9067997030101964,0.4010848286485226,baixo_baixo,False,0.2025091991534246,0.1526660241005136,0.3651897642289555,0.776538042487158,0.0637119113573407,0.0051939058171745,17,19,0.9030597602998433,0.3980441154300718,baixo_baixo,False,-0.0332024175446973,-0.03209303371081648,-0.03753284491625808,-0.05736876965835558,-0.0020320332793375,0.0017336982047178005,1,2,-0.0037399427103531613,-0.0030407132184507857,True
19459687000156,0.3754938391380563,0.3061042657089514,0.5063488150325848,0.9084247644995698,0.1074380165289256,0.0082644628099173,10,11,0.8986548710965943,0.6005636216681101,hhi_alto,False,0.3698399619597559,0.3068239581557315,0.5024826557760178,0.9014886076292538,0.0972222222222222,0.0069444444444444,11,12,0.8913524013934374,0.5984455206093007,hhi_alto,False,-0.005653877178300404,0.0007196924467801069,-0.00386615925656697,-0.006936156870316013,-0.010215794306703399,-0.0013200183654729003,1,1,-0.007302469703156844,-0.002118101058809385,True
19498254000100,0.3869882664274418,0.3509287526878795,0.5908604193835695,0.9179438658280455,0.0661625708884688,0.0112309574113199,18,23,0.6778788246595783,0.4763181738600677,hhi_alto,False,0.2282269180612251,0.1931463234276444,0.3272946220798143,0.8021073890505408,0.0633608815426997,0.0207863761582769,23,33,0.6810740466076179,0.4461434719731089,baixo_baixo,False,-0.15876134836621666,-0.15778242926023509,-0.2635657973037552,-0.11583647677750475,-0.002801689345769104,0.009555418746957001,5,10,0.0031952219480396726,-0.03017470188695881,False
19500817000157,0.0921664277857383,0.0759551139961979,0.1961777930871215,0.5052878388103225,0.0770664044304125,0.0605854473666698,57,278,0.9252695372796744,0.6308824609213768,oculta,True,0.0870665287079505,0.0723417953000143,0.1616684851702568,0.5061721768644291,0.0810971618968287,0.0662761483790356,63,343,0.9290538451569296,0.6695557328144439,oculta,True,-0.005099899077787809,-0.003613318696183601,-0.034509307916864684,0.0008843380541065926,0.004030757466416193,0.005690701012365802,6,65,0.003784307877255144,0.03867327189306713,True
19528940000186,0.1655932902097003,0.0728814335663337,0.302329393181993,0.699952289655358,0.1,3.0839528461809905e-17,10,10,0.3733390441871698,0.4345762219276462,baixo_baixo,False,0.1183693887659882,0.0553957736778445,0.2210346840439852,0.5910944908030518,0.0666666666666666,0.0,15,15,0.4023138969400779,0.4334466048055582,baixo_baixo,False,-0.047223901443712094,-0.0174856598884892,-0.08129470913800776,-0.10885779885230629,-0.03333333333333341,-3.0839528461809905e-17,5,5,0.02897485275290812,-0.0011296171220880336,True
19558782000107,0.2788825800936601,0.1586963434426034,0.3618755708825816,0.9420547871788458,0.1428571428571428,0.0,7,7,0.8239011425909142,0.4011979179976398,baixo_baixo,False,0.2752975525781004,0.171768631517829,0.359514293275772,0.935907776846184,0.125,0.0,8,8,0.8133166347942652,0.4014180745524202,baixo_baixo,False,-0.0035850275155597244,0.013072288075225619,-0.0023612776068095975,-0.006147010332661851,-0.017857142857142794,0.0,1,1,-0.01058450779664899,0.00022015655478035967,True
19572240000199,0.2956432845066109,0.2075986950699373,0.5035593943551104,0.8075389483634692,0.1239669421487603,0.0144628099173553,9,11,0.9432568378621996,0.4275814991855525,oculta,True,0.2884604727872427,0.2094005253191586,0.4972701510853355,0.7974531293855902,0.1111111111111111,0.0123456790123456,10,12,0.9402632557778592,0.4314331877530287,oculta,True,-0.007182811719368243,0.0018018302492212868,-0.0062892432697749245,-0.010085818977878969,-0.012855831037649201,-0.002117130905009699,1,1,-0.002993582084340418,0.003851688567476197,True
19578710000121,0.2265569441191481,0.0718683329429777,0.2769012046700826,0.9058155668649606,0.1666666666666666,3.3306690738754695e-17,6,6,0.9040704201889568,0.873135385376187,baixo_baixo,False,0.2265569441191481,0.0718683329429777,0.2769012046700826,0.9058155668649606,0.1666666666666666,3.3306690738754695e-17,6,6,0.9017625768372142,0.8718341505182917,baixo_baixo,False,0.0,0.0,0.0,0.0,0.0,0.0,0,0,-0.002307843351742611,-0.0013012348578952393,True
19607632000146,0.2190229671122724,0.1779189127497605,0.3531708456456481,0.8114943988164393,0.0537190082644628,0.0039147455415397,20,22,0.8922262597328184,0.8747076787169844,baixo_baixo,False,0.3718187918499775,0.3419054009856907,0.5781246927456701,0.8795364426967734,0.0527999999999999,0.007695238095238,22,25,0.9439234111864314,0.5961541853336,critico,False,0.15279582473770512,0.16398648823593023,0.22495384710002203,0.06804204388033419,-0.000919008264462895,0.0037804925536982998,2,3,0.05169715145361298,-0.2785534933833844,False
19620562000166,0.2555662670669671,0.2460222448498769,0.4893189643318912,0.6633656774784324,0.0254779248315721,0.0129840520730025,79,171,0.8640075494051132,0.8921218002594663,baixo_baixo,False,0.21976445142988,0.2122621865397827,0.4525150484557978,0.6227420331797373,0.02070186365946,0.0112855354254164,105,247,0.8549359786541074,0.8933469307262091,baixo_baixo,False,-0.03580181563708712,-0.03376005831009418,-0.036803915876093385,-0.04062364429869514,-0.004776061172112097,-0.0016985166475861,26,76,-0.00907157075100573,0.0012251304667427743,True
19687531000122,0.2452561980379503,0.0943074376455404,0.3425076452599388,0.9510703363914372,0.1666666666666666,3.3306690738754695e-17,6,6,0.384785299835956,0.477738559957065,baixo_baixo,False,0.2452561980379503,0.0943074376455404,0.3425076452599388,0.9510703363914372,0.1666666666666666,3.3306690738754695e-17,6,6,0.3825198529457224,0.4746897353708703,baixo_baixo,False,0.0,0.0,0.0,0.0,0.0,0.0,0,0,-0.0022654468902336133,-0.0030488245861947094,True
19724762000169,0.1680800233415231,0.1191435541263186,0.2807975965916931,0.7449881831659272,0.06,0.0047058823529411,18,20,0.9534169728491958,0.5191078643620752,oculta,True,0.1680800233415231,0.1191435541263186,0.2807975965916931,0.7449881831659272,0.06,0.0047058823529411,18,20,0.9509256058364898,0.5164998672872956,oculta,True,0.0,0.0,0.0,0.0,0.0,0.0,0,0,-0.002491367012706025,-0.0026079970747796555,True
19843891000176,0.1887428648492895,0.1149922161992249,0.3557020521044223,0.7164343975545141,0.0975056689342403,0.015460729746444,12,21,0.7030952651731454,0.4397702288455207,baixo_baixo,False,0.2159146773160045,0.1556004217249279,0.3931461543025389,0.753500545179713,0.0841836734693877,0.0137362637362637,14,28,0.7929230459950649,0.6410934815562109,baixo_baixo,False,0.02717181246671499,0.04060820552570302,0.03744410219811661,0.037066147625198886,-0.013321995464852604,-0.0017244660101803002,2,7,0.08982778082191956,0.20132325271069024,True
19844989000148,0.2785422072411573,0.1754768082756083,0.4520864850864439,0.8398860365318844,0.125,0.0,8,8,0.6701378930441687,0.7129378171009447,baixo_baixo,False,0.2785422072411573,0.1754768082756083,0.4520864850864439,0.8398860365318844,0.125,0.0,8,8,0.666891740611307,0.7124872903390974,baixo_baixo,False,0.0,0.0,0.0,0.0,0.0,0.0,0,0,-0.0032461524328617486,-0.0004505267618473141,True
19859726000102,0.3134297760663777,0.1761157312796532,0.422039463503434,0.9735606344097216,0.183673469387755,0.0204081632653061,6,7,0.885198283836924,0.8450444080777273,baixo_baixo,False,0.3134297760663777,0.1761157312796532,0.422039463503434,0.9735606344097216,0.183673469387755,0.0204081632653061,6,7,0.8859458940002264,0.8524536724659164,baixo_baixo,False,0.0,0.0,0.0,0.0,0.0,0.0,0,0,0.0007476101633023813,0.0074092643881891185,True
19864368000126,0.214940894071261,0.1027895932242983,0.2825594580639415,0.8896495136767517,0.125,0.0,8,8,0.3653169563738789,0.7654956910371619,baixo_baixo,False,0.214940894071261,0.1027895932242983,0.2825594580639415,0.8896495136767517,0.125,0.0,8,8,0.371624943531545,0.7668247007554114,baixo_baixo,False,0.0,0.0,0.0,0.0,0.0,0.0,0,0,0.006307987157666117,0.001329009718249563,True
19893791000154,0.2304306908687465,0.1534737599556212,0.3584381630520146,0.8494850468811335,0.1326530612244898,0.0459183673469387,11,14,0.8061900499857174,0.5794577919801717,baixo_baixo,False,0.2080660598035446,0.1552704637904476,0.3620030258950742,0.81141092796604,0.0858725761772853,0.0249307479224376,16,19,0.8291659077135777,0.5225648063466093,baixo_baixo,False,-0.022364631065201923,0.0017967038348263853,0.003564862843059624,-0.03807411891509349,-0.0467804850472045,-0.0209876194245011,5,5,0.02297585772786026,-0.056892985633562376,True
19958329000198,0.4493134721604099,0.3992510605386291,0.6253808762107135,0.9717565317380732,0.0887573964497041,0.0059171597633136,12,13,0.7007405956046542,0.6132935272702371,hhi_alto,False,0.7634999801471342,0.7419999783423281,0.869748701011573,0.9901800303416344,0.12,0.04,12,15,0.8279888144774508,0.4697524763215689,hhi_alto,False,0.31418650798672426,0.34274891780369904,0.2443678248008595,0.018423498603561184,0.0312426035502959,0.0340828402366864,0,2,0.12724821887279658,-0.1435410509486682,True
20067146000161,0.0844821963073289,0.0597384718832027,0.1466849908723743,0.4876492829834811,0.0269559500328731,0.0006574621959237,38,39,0.7694761758970756,0.6132319732509429,baixo_baixo,False,0.0806690364622356,0.0564761163691365,0.1426688729915478,0.4742978351406259,0.02625,0.000625,39,40,0.7598163546567586,0.6064226254507282,baixo_baixo,False,-0.0038131598450932974,-0.003262355514066201,-0.0040161178808265086,-0.01335144784285519,-0.0007059500328731004,-3.2462195923700036e-05,1,1,-0.009659821240317057,-0.0068093478002146934,True
20080606000191,0.209711578883948,0.1532624059470872,0.3422896581414423,0.8430312219659011,0.0666666666666666,0.0,15,15,0.7942148943055045,0.9316958798282268,baixo_baixo,False,0.209711578883948,0.1532624059470872,0.3422896581414423,0.8430312219659011,0.0666666666666666,0.0,15,15,0.7970076544905389,0.9305502651089526,baixo_baixo,False,0.0,0.0,0.0,0.0,0.0,0.0,0,0,0.002792760185034382,-0.0011456147192742128,True
20129840000166,0.6183351787093514,0.6064081530440186,0.7807316943275779,0.9093050001632902,0.0459238163047347,0.0161089355642577,33,53,0.94587961465986,0.990029473462243,critico,False,0.6061626602708962,0.5949101648500646,0.7729656047683812,0.900259966998631,0.0420918367346938,0.0147230320699708,36,56,0.945867868343088,0.9911198838353552,critico,False,-0.012172518438455238,-0.011497988193953979,-0.007766089559196776,-0.00904503316465921,-0.0038319795700409026,-0.0013859034942869004,3,3,-1.1746316772032195e-05,0.001090410373112194,True
20146234000159,0.2632160974571609,0.2105886758469581,0.457646956986455,0.8407218477495888,0.075,0.0089285714285714,15,20,0.6890201137627148,0.6700579197559817,baixo_baixo,False,0.2437346680829296,0.1897157158031389,0.4050754353061884,0.8590186914331208,0.0793650793650793,0.0136054421768707,15,21,0.6989983602053087,0.7029629343201639,baixo_baixo,False,-0.019481429374231307,-0.020872960043819194,-0.05257152168026663,0.018296843683532016,0.004365079365079308,0.004676870748299299,0,1,0.00997824644259393,0.032905014564182156,True
20260121000180,0.1295770288426182,0.1118132947373655,0.2402100565120207,0.6653088722249237,0.0214876033057851,0.0015179625569235,50,55,0.8385409580305639,0.4781543963625928,baixo_baixo,False,0.1156140603085167,0.0989275331445265,0.2256830813225578,0.6250735647591126,0.0198218902614191,0.0013279636625779,54,59,0.8392157289511788,0.5394295920891038,baixo_baixo,False,-0.013962968534101505,-0.012885761592838996,-0.014526975189462915,-0.040235307465811165,-0.0016657130443659997,-0.0001899988943456,4,4,0.0006747709206148533,0.06127519572651097,True
20266755000140,0.1332355051445494,0.1098094377160237,0.2256585024076854,0.6523374778153417,0.1625369822485207,0.1399028466336158,38,208,0.8893949595889538,0.7382379097991077,baixo_baixo,False,0.1298478673984485,0.1080940640834097,0.2257213434271526,0.6417293536843831,0.1539894760549538,0.1328392129563277,41,221,0.8859737868475824,0.734139718650858,baixo_baixo,False,-0.003387637746100902,-0.0017153736326139951,6.284101946721354e-05,-0.010608124130958574,-0.008547506193566895,-0.0070636336772881,3,13,-0.0034211727413713255,-0.004098191148249719,True
20267427000168,0.041099734126998,0.0317900228078426,0.0976245604426676,0.2934210564433397,0.0132444444444444,0.0036642934196332,104,150,0.8464933629306031,0.6715760077093835,baixo_baixo,False,0.0777166457913251,0.0702184071392221,0.2332122846261301,0.4301783919804917,0.0114814814814814,0.0034447455585666,124,180,0.874171022066661,0.7212608501813486,baixo_baixo,False,0.0366169116643271,0.0384283843313795,0.13558772418346252,0.13675733553715197,-0.0017629629629630009,-0.00021954786106660002,20,30,0.02767765913605791,0.04968484247196503,True
20273620000101,0.1773211007933036,0.0597955437637755,0.2892838610609793,0.7593701352850708,0.125,0.0,8,8,0.5300404688412742,0.5838871115188915,baixo_baixo,False,0.1513070108155591,0.045220387167504,0.2140588046046304,0.7089659262302712,0.12,0.01,9,10,0.5503341589072468,0.5052943170867332,baixo_baixo,False,-0.026014089977744487,-0.014575156596271503,-0.07522505645634892,-0.05040420905479959,-0.0050000000000000044,0.01,1,2,0.02029369006597259,-0.07859279443215827,True
20420399000177,0.1908893501772427,0.0290672202126912,0.2587043160396177,0.7929405842823972,0.1666666666666666,3.3306690738754695e-17,6,6,0.5750200302439251,0.6777343258236636,baixo_baixo,False,0.1908893501772427,0.0290672202126912,0.2587043160396177,0.7929405842823972,0.1666666666666666,3.3306690738754695e-17,6,6,0.5706367667514448,0.6787847961166319,baixo_baixo,False,0.0,0.0,0.0,0.0,0.0,0.0,0,0,-0.004383263492480305,0.0010504702929683418,True
20477137000149,0.1692196824974453,0.105313504228018,0.2671090286386879,0.7082909263869137,0.0917159763313609,0.0218479745106963,14,26,0.5855738489517046,0.8602499470927825,baixo_baixo,False,0.1321282204776681,0.0864507583975454,0.2272119909835459,0.6495801229439597,0.0644897959183673,0.0152524167561761,20,35,0.5629861295606776,0.8470758284134786,baixo_baixo,False,-0.0370914620197772,-0.018862745830472594,-0.03989703765514202,-0.058710803442953985,-0.0272261804129936,-0.0065955577545202,6,9,-0.022587719391026995,-0.013174118679303848,True
20516886000138,0.3224676474001758,0.2942371327085165,0.5503152652898786,0.7451130253731966,0.04,0.0,25,25,0.7196879897321005,0.5228716398682678,baixo_baixo,False,0.3224676474001758,0.2942371327085165,0.5503152652898786,0.7451130253731966,0.04,0.0,25,25,0.725075455650315,0.5293480782227523,baixo_baixo,False,0.0,0.0,0.0,0.0,0.0,0.0,0,0,0.005387465918214485,0.006476438354484526,True
20856995000102,0.2424987755282041,0.1162485714495715,0.324624380557829,0.8670837410543546,0.1428571428571428,0.0,7,7,0.8256572937188973,0.662633309902172,baixo_baixo,False,0.2424987755282041,0.1162485714495715,0.324624380557829,0.8670837410543546,0.1428571428571428,0.0,7,7,0.8203277233470134,0.6609250498810127,baixo_baixo,False,0.0,0.0,0.0,0.0,0.0,0.0,0,0,-0.005329570371883863,-0.0017082600211592025,True
20918579000183,0.372123734868536,0.3023597054094845,0.5822819403078986,0.8567814613852222,0.1111111111111111,0.0123456790123456,10,12,0.8179927494733419,0.3973791912145495,hhi_alto,False,0.3628715108259494,0.2991586619085444,0.5748692364110244,0.8458742584686736,0.1020408163265306,0.0122448979591836,11,14,0.8077256781714668,0.3947229028399612,hhi_alto,False,-0.009252224042586632,-0.0032010435009400817,-0.0074127038968742065,-0.010907202916548564,-0.009070294784580504,-0.00010078105316200028,1,2,-0.010267071301875097,-0.0026562883745883115,True
20940143000190,0.180351439306837,0.1393690112721789,0.3566336657843835,0.7003822998774435,0.054820415879017,0.0075614366729678,21,23,0.455742531209799,0.5671091179877564,baixo_baixo,False,0.1402233694164967,0.1043993431421841,0.3077396371016027,0.6043607642105794,0.0452674897119341,0.0054869684499314,25,27,0.4466801416445212,0.5867446354144309,baixo_baixo,False,-0.04012806989034029,-0.0349696681299948,-0.04889402868278081,-0.09602153566686411,-0.0095529261670829,-0.0020744682230363996,4,4,-0.009062389565277829,0.019635517426674465,True
20955386000100,0.2364201670063811,0.1273373337215784,0.3572573160083503,0.8945403957212194,0.125,0.0,8,8,0.8122886705965959,0.7190608027341675,baixo_baixo,False,0.2364201670063811,0.1273373337215784,0.3572573160083503,0.8945403957212194,0.125,0.0,8,8,0.8101585569836887,0.716627487358712,baixo_baixo,False,0.0,0.0,0.0,0.0,0.0,0.0,0,0,-0.0021301136129072695,-0.002433315375455547,True
20959219000120,0.2521222117927993,0.2053798500298492,0.4455816259469216,0.7983103059060673,0.0617283950617283,0.0030864197530864,17,18,0.8699514039107851,0.4707562464179284,baixo_baixo,False,0.2504940201312983,0.2064054330801982,0.4441311299172241,0.795711576825346,0.0581717451523545,0.002770083102493,18,19,0.8664023346204489,0.4774778083818565,baixo_baixo,False,-0.0016281916615010217,0.0010255830503489993,-0.00145049602969749,-0.0025987290807213403,-0.0035566499093738005,-0.00031633665059339986,1,1,-0.00354906929033616,0.006721561963928091,True
21161690000130,0.2421089851595941,0.1338388401823933,0.3197960132474355,0.903657761055211,0.125,0.0,8,8,0.4870273881666729,0.5552287529728253,baixo_baixo,False,0.2421089851595941,0.1338388401823933,0.3197960132474355,0.903657761055211,0.125,0.0,8,8,0.4835712821998949,0.5517973034441657,baixo_baixo,False,0.0,0.0,0.0,0.0,0.0,0.0,0,0,-0.003456105966777978,-0.0034314495286595914,True
21250048000128,0.4583641429760199,0.3809875919725942,0.6493468941755726,0.933535312148652,0.125,0.0,8,8,0.8204699184489078,0.480041638826666,hhi_alto,False,0.2963633125913432,0.2181814584348258,0.4325327911891511,0.8930435268508116,0.1,3.0839528461809905e-17,10,10,0.8317003994397616,0.5868821370299737,baixo_baixo,False,-0.16200083038467672,-0.16280613353776838,-0.21681410298642145,-0.04049178529784048,-0.024999999999999994,3.0839528461809905e-17,2,2,0.011230480990853775,0.10684049820330771,False
21260443000191,0.2094727489180476,0.1881071475374542,0.367128996106553,0.7818887238916657,0.0465205690119184,0.0207508546608892,38,51,0.9534333547008778,0.6096583052293308,oculta,True,0.2053521974225243,0.1854860023580874,0.363337291898502,0.7738133858060104,0.0433057851239669,0.0193884297520661,41,55,0.9498662247826972,0.6083018306346113,oculta,True,-0.004120551495523289,-0.0026211451793667906,-0.003791704208050972,-0.008075338085655304,-0.003214783887951503,-0.001362424908823101,3,4,-0.003567129918180534,-0.0013564745947195478,True
21337238000187,0.8051540295579055,0.7943292534222335,0.8911903387486181,0.9977460796587616,0.0566893424036281,0.0042831947593852,19,21,0.998104111863627,0.3975171793311461,critico,False,0.8044719812377052,0.7966508604872135,0.8908127560141049,0.9973233510039196,0.0408163265306122,0.0024489795918367,26,28,0.9978093136831974,0.3949844707891931,critico,False,-0.0006820483202002459,0.002321607064979969,-0.00037758273451315993,-0.0004227286548420528,-0.0158730158730159,-0.0018342151675485004,7,7,-0.0002947981804296562,-0.0025327085419530326,True
21417423000181,0.1414465037516303,0.1146167069938687,0.2758657959161586,0.6730643558702016,0.0311418685121107,0.0008650519031141,33,34,0.7552491188778048,0.6028176201683143,baixo_baixo,False,0.1278722874197043,0.102954352774553,0.2603566270712556,0.6352246929137639,0.0284879474068663,0.0007304601899196,36,37,0.7452388010467319,0.5894271892492204,baixo_baixo,False,-0.013574216331925987,-0.01166235421931569,-0.015509168844902999,-0.0378396629564377,-0.0026539211052444,-0.00013459171319450008,3,3,-0.010010317831072868,-0.013390430919093865,True
21611579000107,0.1544205177377287,0.1464433528107262,0.3709422680328999,0.5458776100777,0.0097257653061224,0.0003835555448594,107,112,0.6943269310361267,0.4678525815857738,baixo_baixo,False,0.1541698623468681,0.1462649077893622,0.3706402923839729,0.5454332235525081,0.0096327042054976,0.0003769350859229,108,113,0.6901487066372676,0.4653322590901528,baixo_baixo,False,-0.0002506553908605824,-0.00017844502136402096,-0.0003019756489270331,-0.0004443865251918533,-9.306110062480034e-05,-6.62045893650001e-06,1,1,-0.004178224398859176,-0.002520322495621008,True
21750924000185,0.0741303525388179,0.0355524505612687,0.154150606900853,0.4233148811462064,0.0813148788927335,0.0430363321799308,25,34,0.584283015853124,0.7245640522280081,baixo_baixo,False,0.0636668756371255,0.0313795265211643,0.1342605699793844,0.3872762097268738,0.0650887573964496,0.0328504386859824,30,39,0.5810898197456393,0.6450585408626435,baixo_baixo,False,-0.0104634769016924,-0.0041729240401044004,-0.019890036921468596,-0.03603867141933259,-0.0162261214962839,-0.010185893493948404,5,5,-0.003193196107484697,-0.07950551136536466,True
21786593000133,0.4253649661815906,0.3104379594179087,0.6079686105320007,0.9591445093722496,0.1666666666666666,3.3306690738754695e-17,6,6,0.743562657274957,0.491647103710399,hhi_alto,False,0.4253649661815906,0.3104379594179087,0.6079686105320007,0.9591445093722496,0.1666666666666666,3.3306690738754695e-17,6,6,0.7460682776215639,0.5040123019378172,hhi_alto,False,0.0,0.0,0.0,0.0,0.0,0.0,0,0,0.0025056203466069515,0.012365198227418217,True
21832981000103,0.3565705077218919,0.2761418211871285,0.5759140774273442,0.776844846992431,0.12,0.01,9,10,0.765352131700445,0.6556663106207168,baixo_baixo,False,0.3565705077218919,0.2761418211871285,0.5759140774273442,0.776844846992431,0.12,0.01,9,10,0.7605990122718216,0.6939295829921089,hhi_alto,False,0.0,0.0,0.0,0.0,0.0,0.0,0,0,-0.004753119428623442,0.038263272371392154,False
21857115000177,0.1131406998630929,0.0609725057373925,0.2217771893289687,0.5803169787441349,0.0555555555555555,0.0,18,18,0.7248620255197592,0.476831749892547,baixo_baixo,False,0.1131406998630929,0.0609725057373925,0.2217771893289687,0.5803169787441349,0.0555555555555555,0.0,18,18,0.7198704808062305,0.4748763620124313,baixo_baixo,False,0.0,0.0,0.0,0.0,0.0,0.0,0,0,-0.004991544713528695,-0.001955387880115733,True
21857271000138,0.1025251237716259,0.0761288038825561,0.2234593296835888,0.5557071816129326,0.0339083878643664,0.0054939286839066,35,41,0.5271333774728031,0.6142789016073228,baixo_baixo,False,0.1025251237716259,0.0761288038825561,0.2234593296835888,0.5557071816129326,0.0339083878643664,0.0054939286839066,35,41,0.5278659860541063,0.6187199706893742,baixo_baixo,False,0.0,0.0,0.0,0.0,0.0,0.0,0,0,0.0007326085813031957,0.004441069082051441,True
22040711000122,0.0915902408026322,0.0613099154960533,0.1801654649029606,0.5270491734063303,0.04163623082542,0.009690771852934,31,37,0.6887996650760684,0.7368753571242128,baixo_baixo,False,0.0867281306346865,0.0581883847170204,0.1747321693911995,0.511154818126375,0.0387902695595003,0.0087524654832347,33,39,0.6713437967225924,0.7239505085075569,baixo_baixo,False,-0.004862110167945702,-0.003121530779032905,-0.005433295511761083,-0.015894355279955308,-0.002845961265919697,-0.0009383063696993005,2,2,-0.01745586835347601,-0.012924848616655882,True
22050561000138,0.118322356593226,0.0719182700981326,0.216026819365534,0.5978501366935995,0.0537190082644628,0.0039147455415397,20,22,0.5841091323014971,0.5159787910237201,baixo_baixo,False,0.1077666967604125,0.0631550315984331,0.2022217658557485,0.5621442823518754,0.051039697542533,0.0035916824196597,21,23,0.6045042630532722,0.5445431478751589,baixo_baixo,False,-0.010555659832813494,-0.00876323849969951,-0.013805053509785503,-0.03570585434172413,-0.002679310721929798,-0.0003230631218800002,1,1,0.020395130751775126,0.028564356851438766,True
22182519000170,0.2689415457166973,0.1470984700028136,0.4189992900289807,0.8945227481697877,0.1428571428571428,0.0,7,7,0.4078145670915868,0.5810135403971178,baixo_baixo,False,0.2689415457166973,0.1470984700028136,0.4189992900289807,0.8945227481697877,0.1428571428571428,0.0,7,7,0.4054530569506981,0.5786369043612173,baixo_baixo,False,0.0,0.0,0.0,0.0,0.0,0.0,0,0,-0.0023615101408887007,-0.002376636035900548,True
22224976000180,0.2660555557414,0.235474537230625,0.4482495203428994,0.8338794109798158,0.0425240054869684,0.0026291723822587,25,27,0.7291584254175408,0.5553204873825439,baixo_baixo,False,0.2615132844300081,0.2331099492157776,0.4443742028072219,0.8266701506072927,0.0392390011890606,0.0022866550809475,27,29,0.746797942372828,0.5690479574661162,baixo_baixo,False,-0.004542271311391899,-0.002364588014847402,-0.0038753175356774916,-0.007209260372523119,-0.0032850042979077967,-0.00034251730131120003,2,2,0.017639516955287204,0.013727470083572335,True
22228688000102,0.2769136553479853,0.2343791644861021,0.4824276499066913,0.8063282767276152,0.0555555555555555,0.0,18,18,0.9413413593938704,0.7814302691726549,oculta,True,0.2445063573374264,0.2085304695915895,0.4498932922733755,0.7530064828305608,0.0454545454545454,0.0,22,22,0.9370150893476286,0.8223435524242806,oculta,True,-0.03240729801055889,-0.02584869489451261,-0.0325343576333158,-0.05332179389705438,-0.010101010101010097,0.0,4,4,-0.004326270046241865,0.04091328325162569,True
22236244000100,0.2514752931721783,0.1579097048187006,0.3389644042240252,0.8857327616505347,0.1111111111111111,0.0,9,9,0.8645686797790917,0.5618021465523688,baixo_baixo,False,0.1544271668462647,0.1015788647741563,0.2337598998867733,0.7249294367529789,0.0617283950617283,0.0030864197530864,17,18,0.8208636891867522,0.5308236507297621,baixo_baixo,False,-0.09704812632591361,-0.05633084004454429,-0.1052045043372519,-0.16080332489755578,-0.049382716049382804,0.0030864197530864,8,9,-0.043704990592339454,-0.0309784958226067,True
22257307000105,0.5710912154545443,0.5458612869518704,0.7472214086226452,0.8984245000987903,0.1056241426611796,0.0530137981118373,18,27,0.8623066200518259,0.3993108485725278,hhi_alto,False,0.5544349399154158,0.530984147279385,0.7361157057681336,0.8850715160699972,0.0939357907253269,0.046248200763502,20,29,0.8523887082699692,0.3970515652691197,hhi_alto,False,-0.016656275539128518,-0.014877139672485384,-0.011105702854511623,-0.013352984028793036,-0.0116883519358527,-0.006765597348335296,2,2,-0.009917911781856747,-0.0022592833034080773,True
22310261000140,0.0792349926917025,0.0578218529868583,0.1752511061949384,0.4534093388573363,0.0239927569035762,0.0012949140408687,44,47,0.8632986414144738,0.4649749798207286,baixo_baixo,False,0.0766716543800013,0.0570263704306397,0.172048037708986,0.4451223659756075,0.0231399074403702,0.0023556501518674,48,53,0.8572368717890998,0.4712371571087567,baixo_baixo,False,-0.002563338311701205,-0.000795482556218606,-0.003203068485952393,-0.008286972881728805,-0.0008528494632060006,0.0010607361109987,4,6,-0.0060617696253739695,0.006262177288028081,True
22405608000139,0.1739843641964387,0.1280946066517964,0.3167777864947154,0.7335739748047949,0.0566893424036281,0.0042831947593852,19,21,0.9117050838977698,0.6637105065779003,baixo_baixo,False,0.1549115233674472,0.1196995035077575,0.2596147011469737,0.7045788861550545,0.0425240054869684,0.0026291723822587,25,27,0.9165637042091428,0.5978706338518527,baixo_baixo,False,-0.019072840828991494,-0.008395103144038893,-0.05716308534774167,-0.02899508864974043,-0.0141653369166597,-0.0016540223771265004,6,6,0.004858620311372963,-0.06583987272604763,True
22431861000167,0.6611812721440498,0.5482416961920663,0.8007006289227644,1.0,0.28,0.04,4,5,0.8736265299515038,0.9357602504166148,hhi_alto,False,0.6611812721440498,0.5482416961920663,0.8007006289227644,1.0,0.28,0.04,4,5,0.8832435933610018,0.9369397803944928,hhi_alto,False,0.0,0.0,0.0,0.0,0.0,0.0,0,0,0.009617063409497972,0.0011795299778779578,True
22604896000150,0.0546687520718077,0.0482813787749956,0.1492678733340558,0.4132379606209488,0.0268974156330811,0.0203223981711425,149,747,0.6173448574891501,0.4913012681410689,baixo_baixo,False,0.1325405955947225,0.127084876070161,0.3331705005433813,0.5493278297883394,0.0252314028375128,0.0191007827295726,160,821,0.7196539551886114,0.45650824082395,baixo_baixo,False,0.0778718435229148,0.07880349729516539,0.18390262720932551,0.13608986916739058,-0.0016660127955683002,-0.001221615441569901,11,74,0.10230909769946128,-0.03479302731711892,True
22794608000178,0.3044046213089478,0.2348450834398426,0.4273237087485728,0.922298102138404,0.0909090909090909,0.0,11,11,0.8842973229930117,0.406235480813128,baixo_baixo,False,0.2467041151227496,0.1782226710429995,0.3708107926600122,0.896720188839222,0.0833333333333333,1.5139404881252137e-17,12,12,0.895608104716144,0.4809863622718329,baixo_baixo,False,-0.05770050618619821,-0.0566224123968431,-0.05651291608856057,-0.02557791329918202,-0.007575757575757597,1.5139404881252137e-17,1,1,0.01131078172313238,0.0747508814587049,True
22859490000119,0.2547946565279044,0.1305937659492217,0.3773880275744852,0.8850448113339409,0.1570247933884297,0.0165289256198347,7,11,0.2510133423931144,0.3965645695364239,baixo_baixo,False,0.2547946565279044,0.1305937659492217,0.3773880275744852,0.8850448113339409,0.1570247933884297,0.0165289256198347,7,11,0.2488162859360156,0.3939165594559823,baixo_baixo,False,0.0,0.0,0.0,0.0,0.0,0.0,0,0,-0.002197056457098806,-0.0026480100804415763,True
22936439000163,0.1201852476384102,0.0918041265944879,0.2313697827741426,0.6199194238854757,0.0360110803324099,0.0049146635689393,32,38,0.7700377909345456,0.6893481945364737,baixo_baixo,False,0.1073645345371545,0.0794696762414405,0.2084268178852453,0.5584473102601895,0.0348454963839579,0.0046844181459566,33,39,0.8007300572668734,0.7046390695353243,baixo_baixo,False,-0.012820713101255696,-0.012334450353047408,-0.0229429648888973,-0.06147211362528626,-0.0011655839484520022,-0.00023024542298269966,1,1,0.0306922663323278,0.015290874998850623,True
22988000000184,0.46960101526622,0.4033011421744975,0.6272645629500084,0.964015220309958,0.1111111111111111,0.0,9,9,0.8580636165421626,0.6865680638533767,hhi_alto,False,0.2593812331345825,0.1853193564480408,0.3338201271446265,0.9599041801327164,0.0909090909090909,0.0,11,11,0.9214088681809852,0.7020250994551422,baixo_baixo,False,-0.2102197821316375,-0.21798178572645668,-0.29344443580538193,-0.0041110401772416205,-0.020202020202020207,0.0,2,2,0.06334525163882265,0.01545703560176559,False
23090384000186,0.3055534372104368,0.131941796513046,0.4849404448905825,0.9050243191625974,0.2,3.4694469519536136e-17,5,5,0.1662629533210367,0.3965645695364238,baixo_baixo,False,0.3055534372104368,0.131941796513046,0.4849404448905825,0.9050243191625974,0.2,3.4694469519536136e-17,5,5,0.1635099468211515,0.3939165594559823,baixo_baixo,False,0.0,0.0,0.0,0.0,0.0,0.0,0,0,-0.002753006499885191,-0.0026480100804415208,True
23108791000173,0.3742023065653696,0.2490427678784435,0.5513070878489468,0.9483696536776384,0.1666666666666666,3.3306690738754695e-17,6,6,0.7033505409365106,0.7420239125778032,hhi_alto,False,0.3742023065653696,0.2490427678784435,0.5513070878489468,0.9483696536776384,0.1666666666666666,3.3306690738754695e-17,6,6,0.7204566414326198,0.755964697399516,hhi_alto,False,0.0,0.0,0.0,0.0,0.0,0.0,0,0,0.017106100496109167,0.013940784821712793,True
23109604000176,0.4939072225422291,0.3252096300563054,0.6391542535606005,1.0,0.28,0.04,4,5,0.9128003778853856,0.5562342337032666,hhi_alto,False,0.4939072225422291,0.3252096300563054,0.6391542535606005,1.0,0.28,0.04,4,5,0.9095607696062644,0.5540334977936893,hhi_alto,False,0.0,0.0,0.0,0.0,0.0,0.0,0,0,-0.0032396082791211755,-0.002200735909577367,True
23278690000140,0.186689751025799,0.170423546046315,0.3903798567456166,0.6427398584081833,0.0202919188323246,0.0006977572089711,51,53,0.8761319174251379,0.8533084147540589,baixo_baixo,False,0.148530076763903,0.1327621152224938,0.3102411829433485,0.6413099753667052,0.0190249702734839,0.0008587660192892,55,58,0.8962186226286204,0.8582737049528477,baixo_baixo,False,-0.03815967426189598,-0.0376614308238212,-0.08013867380226808,-0.0014298830414780639,-0.0012669485588406998,0.00016100881031809997,4,5,0.020086705203482547,0.004965290198788774,True
23283347000194,0.1128943855819744,0.0322484206348812,0.198864466854428,0.5718449432075098,0.0887573964497041,0.0059171597633136,12,13,0.922495126490422,0.4116032007717477,baixo_baixo,False,0.0962081359851294,0.0316515742697815,0.1650275620324859,0.5198951037893624,0.0703125,0.00390625,15,16,0.920726066752432,0.405427006669777,baixo_baixo,False,-0.016686249596845004,-0.0005968463650997055,-0.0338369048219421,-0.05194983941814735,-0.018444896449704096,-0.0020109097633136,3,3,-0.0017690597379900197,-0.006176194101970733,True
23357740000185,0.545373566000272,0.393831421333696,0.6602906513942173,1.0,0.2777777777777778,0.037037037037037,4,6,0.8901496071637978,0.9694740328500292,hhi_alto,False,0.4976753762219587,0.3720942202774484,0.6293639484935789,0.9983946897324232,0.21875,0.0234374999999999,5,8,0.8627808053918404,0.9685613822956088,hhi_alto,False,-0.047698189778313305,-0.0217372010562476,-0.03092670290063837,-0.0016053102675768205,-0.05902777777777779,-0.013599537037037101,1,2,-0.02736880177195733,-0.0009126505544203578,True
23441261000142,0.5758831599416795,0.515295039933348,0.7496866309882468,0.935448982325388,0.1358024691358024,0.0123456790123456,8,9,0.8885640825313826,0.8598245622899162,hhi_alto,False,0.5758831599416795,0.515295039933348,0.7496866309882468,0.935448982325388,0.1358024691358024,0.0123456790123456,8,9,0.8884783894572098,0.8607010619129297,hhi_alto,False,0.0,0.0,0.0,0.0,0.0,0.0,0,0,-8.569307417283234e-05,0.0008764996230135047,True
23535271000147,0.4031910384233312,0.3368789315814792,0.4530184951889375,0.9697716901566302,0.1,3.0839528461809905e-17,10,10,0.9769434027336328,0.938229872343752,critico,False,0.3838131877085145,0.3427340668890821,0.4419088695329447,0.9459894371938096,0.0625,0.0,16,16,0.9675048550757548,0.9322642464385664,critico,False,-0.01937785071481668,0.005855135307602899,-0.011109625655992772,-0.02378225296282066,-0.037500000000000006,-3.0839528461809905e-17,6,6,-0.009438547657877994,-0.005965625905185568,True
23681516000144,0.2402347957112718,0.1316969093843107,0.4162990643138882,0.8176792036414757,0.125,0.0,8,8,0.3661871981335277,0.650155828209058,baixo_baixo,False,0.200102664963531,0.1001154980839724,0.3655702177796565,0.7430823960067817,0.1111111111111111,0.0,9,9,0.3935741555259499,0.6585621863735005,baixo_baixo,False,-0.0401321307477408,-0.0315814113003383,-0.05072884653423171,-0.074596807634694,-0.013888888888888895,0.0,1,1,0.027386957392422195,0.008406358164442462,True
23782816000110,0.7968070039161359,0.7677794330470125,0.8902111638579543,0.9923931181291806,0.125,0.0,8,8,0.9808105602548544,0.9306702244150116,critico,False,0.7968070039161359,0.7677794330470125,0.8902111638579543,0.9923931181291806,0.125,0.0,8,8,0.9796793958335748,0.9297136635563706,critico,False,0.0,0.0,0.0,0.0,0.0,0.0,0,0,-0.0011311644212795846,-0.0009565608586409313,True
23802507000164,0.8663267872420511,0.8440479184490596,0.9294188985629812,0.9906559708863382,0.1428571428571428,0.0,7,7,0.9681286311102144,0.9165555955066436,critico,False,0.8663267872420511,0.8440479184490596,0.9294188985629812,0.9906559708863382,0.1428571428571428,0.0,7,7,0.9676079595831028,0.9152543757978407,critico,False,0.0,0.0,0.0,0.0,0.0,0.0,0,0,-0.0005206715271116602,-0.0013012197088028143,True
23848604000198,0.4363823189189512,0.4207262722222553,0.6515700572112365,0.8137283135898161,0.1185366698844088,0.0940515773811979,37,201,0.7604581709340725,0.7975931522409563,hhi_alto,False,0.396871669156789,0.3828454289046213,0.6200860874741619,0.7832833824315599,0.1079333771641463,0.087187641749359,44,234,0.7439907311077595,0.7949605664688831,hhi_alto,False,-0.039510649762162176,-0.03788084331763397,-0.03148396973707457,-0.030444931158256194,-0.010603292720262489,-0.006863935631838902,7,33,-0.016467439826313046,-0.0026325857720731483,True
23848859000150,0.3584475107630307,0.3427998890743241,0.5678432308749831,0.861435876547106,0.0474669763390913,0.024234463566874,42,83,0.814253963143406,0.7521029018968785,baixo_baixo,False,0.3291262552523816,0.3154349543391648,0.5437680564798204,0.8249130867514707,0.0449735449735449,0.0254832091566785,50,126,0.8061370864489901,0.8097658038194402,baixo_baixo,False,-0.029321255510649125,-0.02736493473515933,-0.024075174395162713,-0.03652278979563528,-0.002493431365546396,0.0012487455898044994,8,43,-0.008116876694415964,0.05766290192256174,True
23982047000101,0.3238871294457269,0.2718784470953981,0.487519743599902,0.9282200664291448,0.0802469135802469,0.0094966761633428,14,18,0.9147078041928012,0.3999827529799555,baixo_baixo,False,0.2983673368324478,0.2632857036740702,0.4675833330912763,0.8902618574958422,0.0527999999999999,0.0054399999999999,21,25,0.8988546267562542,0.4070491364493061,baixo_baixo,False,-0.02551979261327908,-0.008592743421327875,-0.019936410508625713,-0.037958208933302595,-0.027446913580246993,-0.0040566761633429,7,7,-0.015853177436547017,0.007066383469350623,True
24005595000136,0.373899106514049,0.0608486597710735,0.4976192537442646,1.0,0.3600000000000001,0.0400000000000001,3,5,0.9780442735670948,0.9700263258076336,critico,False,0.373899106514049,0.0608486597710735,0.4976192537442646,1.0,0.3600000000000001,0.0400000000000001,3,5,0.9767897880810849,0.9695737295130163,critico,False,0.0,0.0,0.0,0.0,0.0,0.0,0,0,-0.0012544854860099264,-0.0004525962946172468,True
24073730000180,0.1102242231353752,0.0578844715551032,0.2424151062428643,0.5012827654143702,0.0699432892249527,0.0152340709440676,18,23,0.645704027498224,0.4317486237978364,baixo_baixo,False,0.0848118759278921,0.0432124157427963,0.204574599089029,0.4230335409136789,0.0535714285714285,0.010551948051948,23,28,0.6249087184394285,0.4301709375101281,baixo_baixo,False,-0.025412347207483088,-0.014672055812306899,-0.0378405071538353,-0.07824922450069133,-0.016371860653524202,-0.004682122892119601,5,5,-0.020795309058795453,-0.0015776862877083242,True
24089583000137,0.1321894460787738,0.0532975775404805,0.2374903020950426,0.6417816181214969,0.0833333333333333,1.5139404881252137e-17,12,12,0.6271011135637928,0.7729220493958923,baixo_baixo,False,0.1321894460787738,0.0532975775404805,0.2374903020950426,0.6417816181214969,0.0833333333333333,1.5139404881252137e-17,12,12,0.627150694416431,0.775808048706447,baixo_baixo,False,0.0,0.0,0.0,0.0,0.0,0.0,0,0,4.95808526381758e-05,0.0028859993105547765,True
24121284000132,0.4543642008904992,0.3998006209795491,0.6580611063870678,0.8740956635603262,0.0909090909090909,0.0,11,11,0.8601512360922833,0.8553182462449664,hhi_alto,False,0.4543642008904992,0.3998006209795491,0.6580611063870678,0.8740956635603262,0.0909090909090909,0.0,11,11,0.8573796087313568,0.85351393612756,hhi_alto,False,0.0,0.0,0.0,0.0,0.0,0.0,0,0,-0.0027716273609265096,-0.001804310117406449,True
24513574000121,0.0129811664094752,0.0056699157902861,0.0396661017433782,0.142192893888651,0.0096602387511478,0.002324388667823,136,165,0.8529736281748291,0.4368340790711875,baixo_baixo,False,0.0148262016835941,0.0078883580334786,0.0661138981708538,0.1639564454528935,0.0095190537124309,0.0025438357808283,143,179,0.8538472125786283,0.4358413976156677,baixo_baixo,False,0.0018450352741188995,0.0022184422431925,0.026447796427475592,0.021763551564242506,-0.00014118503871689975,0.00021944711300529978,7,14,0.0008735844037991436,-0.0009926814555197838,True
24767074000116,0.8859824465118491,0.8788563494188396,0.9410610879882516,0.969189852032548,0.0699432892249527,0.0118147448015122,17,23,0.8558042203228864,0.960820778212734,hhi_alto,False,0.8579305087309342,0.8490511655266176,0.925872564034008,0.9639555291440436,0.0694444444444444,0.0112847222222222,17,24,0.8476699191303425,0.9604677895414648,hhi_alto,False,-0.02805193778091486,-0.029805183892221976,-0.015188523954243638,-0.00523432288850445,-0.0004988447805082952,-0.0005300225792900012,0,1,-0.00813430119254388,-0.0003529886712692054,True
24810277000148,0.1350178212514463,0.120104335410954,0.3140414731179098,0.6160265680049173,0.0185546875,0.0016332165948275,59,64,0.8794386966797221,0.7911325521071758,baixo_baixo,False,0.1347965574838023,0.1198792567507644,0.3083064309653474,0.62303871132501,0.0196449704142011,0.0027422974903081,59,65,0.8800216758888237,0.7936339056383408,baixo_baixo,False,-0.00022126376764400324,-0.000225078660189601,-0.005735042152562431,0.007012143320092701,0.0010902829142011017,0.0011090808954806,0,1,0.0005829792091016639,0.002501353531164985,True
24811911000167,0.3553526367145586,0.2837251519050651,0.5101897370945654,0.9496043629451388,0.1074380165289256,0.0082644628099173,10,11,0.6158663367920474,0.6375136745588386,baixo_baixo,False,0.3009846439192797,0.237437793366487,0.463932664912785,0.933602131595997,0.0887573964497041,0.0059171597633136,12,13,0.6132096444587947,0.6606167406680672,baixo_baixo,False,-0.054367992795278874,-0.0462873585385781,-0.04625707218178038,-0.016002231349141804,-0.0186806200792215,-0.0023473030466037003,2,2,-0.0026566923332527193,0.02310306610922863,True
24836603000196,0.2270732260157565,0.0724878712189078,0.3025219030734556,0.9010337523099562,0.1875,0.025,6,8,0.5605240617830052,0.424342735244536,baixo_baixo,False,0.2270732260157565,0.0724878712189078,0.3025219030734556,0.9010337523099562,0.1875,0.025,6,8,0.5562949706849438,0.4215575643358374,baixo_baixo,False,0.0,0.0,0.0,0.0,0.0,0.0,0,0,-0.004229091098061355,-0.0027851709086985643,True
24996845000147,0.3424413485659098,0.3095634159942053,0.435128217971178,0.9328200198238584,0.0559999999999999,0.0087999999999999,21,25,0.9368769318004048,0.4114505568952962,oculta,True,0.3424413485659098,0.3095634159942053,0.435128217971178,0.9328200198238584,0.0559999999999999,0.0087999999999999,21,25,0.9346519199504748,0.4090643994696074,oculta,True,0.0,0.0,0.0,0.0,0.0,0.0,0,0,-0.0022250118499299587,-0.0023861574256888174,True
25107871000130,0.1046998535169531,0.0620665132082366,0.2340924733728261,0.561638681610879,0.0454545454545454,0.0,22,22,0.8579380376300079,0.6311928830968622,baixo_baixo,False,0.1046998535169531,0.0620665132082366,0.2340924733728261,0.561638681610879,0.0454545454545454,0.0,22,22,0.8530006520007881,0.6329821578968501,baixo_baixo,False,0.0,0.0,0.0,0.0,0.0,0.0,0,0,-0.004937385629219748,0.0017892747999879166,True
25141524000123,0.0706757293560544,0.0495547232050557,0.1683254680734384,0.415707924314401,0.0274380165289256,0.0053343350864011,45,55,0.9144311793951608,0.9204942157450272,baixo_baixo,False,0.0864753089436058,0.0678319479016386,0.1977261275796452,0.5067729184859716,0.0260682612201021,0.0061921032858184,50,61,0.9337716455563334,0.8186803180421424,oculta,True,0.015799579587551404,0.018277224696582904,0.029400659506206794,0.0910649941715706,-0.0013697553088235018,0.0008577681994173005,5,6,0.019340466161172576,-0.10181389770288485,False
25234161000170,0.3175136445038114,0.2200155937186416,0.4336568382371093,0.9325663616541292,0.125,0.0,8,8,0.6493280094200259,0.4118521032536968,baixo_baixo,False,0.3175136445038114,0.2200155937186416,0.4336568382371093,0.9325663616541292,0.125,0.0,8,8,0.647124017804403,0.4096278361476974,baixo_baixo,False,0.0,0.0,0.0,0.0,0.0,0.0,0,0,-0.0022039916156229022,-0.0022242671059994334,True
25269069000146,0.783585966537165,0.773280536372268,0.8818444725803667,0.980477659966938,0.0495999999999999,0.0043428571428571,22,25,0.9836030232020876,0.9603221999169664,critico,False,0.7385874342566366,0.7267050449046656,0.8556375121317455,0.9696998029139188,0.0473372781065088,0.0040344271113502,23,26,0.9825660962038428,0.9610742965383002,critico,False,-0.0449985322805283,-0.046575491467602426,-0.02620696044862114,-0.010777857053019257,-0.002262721893491103,-0.0003084300315068997,1,1,-0.0010369269982447582,0.0007520966213337976,True
25769548000121,0.1335816310357279,0.1291155569689017,0.2984533419596776,0.5815709437454184,0.0091368179925031,0.0040292758172067,195,392,0.9782916179629774,0.6440961685624124,oculta,True,0.1261615660813778,0.1222778397084061,0.2898497355853828,0.5648058191002779,0.0079750721150138,0.0035660724355249,226,441,0.9758182558529506,0.646799885201992,oculta,True,-0.007420064954350103,-0.006837717260495604,-0.008603606374294803,-0.01676512464514046,-0.0011617458774893005,-0.0004632033816817996,31,49,-0.0024733621100268,0.0027037166395796897,True
25838855000117,0.2677701418467468,0.2329020533632586,0.4099293922828887,0.8127576583387777,0.0591999999999999,0.0143999999999999,22,25,0.9390977281830056,0.4028091205963917,oculta,True,0.2662087191358955,0.2343047504026736,0.4087266643559464,0.8103730371041876,0.0534979423868312,0.0123456790123456,24,27,0.9366927176388296,0.4220225026906107,oculta,True,-0.0015614227108513012,0.0014026970394150073,-0.0012027279269423152,-0.0023846212345900453,-0.0057020576131687,-0.0020543209876543005,2,2,-0.0024050105441760783,0.019213382094219023,True
25947276000102,0.5805242036393404,0.5482568346885205,0.7412096978505389,0.9651127730116502,0.0714285714285714,0.0,14,14,0.9038106726437024,0.5018254779871575,hhi_alto,False,0.5711794593413647,0.5425914232974557,0.7351890572863796,0.9572734299390588,0.0625,0.0,16,16,0.89829417512127,0.5025426903569868,hhi_alto,False,-0.009344744297975716,-0.005665411391064801,-0.006020640564159296,-0.007839343072591376,-0.008928571428571397,0.0,2,2,-0.00551649752243244,0.0007172123698293564,True
26063838000118,0.0637625655916763,0.046097708338689,0.1778182524159601,0.4080376214594181,0.0225777777777777,0.0041358490566037,54,75,0.640905816681202,0.5050435991314136,baixo_baixo,False,0.0627593142184454,0.0457185744769626,0.1763599270073907,0.4046912179100541,0.0217574633159048,0.003971235376194,56,77,0.6366694410704854,0.5055261482455796,baixo_baixo,False,-0.0010032513732309012,-0.0003791338617264023,-0.0014583254085694108,-0.0033464035493639965,-0.0008203144618729001,-0.00016461368040970002,2,2,-0.004236375610716547,0.00048254911416600876,True
26141515000103,0.6506331271162801,0.6287976975610475,0.80176427353102,0.9329093109025132,0.0588235294117647,0.0,17,17,0.7287980472517885,0.7642054319451393,hhi_alto,False,0.6506331271162801,0.6287976975610475,0.80176427353102,0.9329093109025132,0.0588235294117647,0.0,17,17,0.7220752792515513,0.7597421139095578,hhi_alto,False,0.0,0.0,0.0,0.0,0.0,0.0,0,0,-0.006722768000237189,-0.004463318035581532,True
26643419000155,0.1510509114083808,0.0803051540257458,0.2846168709293631,0.6724117752879556,0.1791383219954648,0.1107331821617536,13,21,0.4214858832749028,0.5404027327392724,baixo_baixo,False,0.1510509114083808,0.0803051540257458,0.2846168709293631,0.6724117752879556,0.1791383219954648,0.1107331821617536,13,21,0.4184087154536302,0.537324074064787,baixo_baixo,False,0.0,0.0,0.0,0.0,0.0,0.0,0,0,-0.0030771678212725972,-0.003078658674485424,True
26938926000116,0.2200134137149739,0.2112495194870523,0.3393490876525809,0.8026733005548123,0.0138842975206611,0.0028043458074101,90,110,0.975478715890572,0.5095067540121577,oculta,True,0.2191837439740972,0.2109646254896141,0.3387079867180556,0.8011568839153457,0.0130709566216604,0.0026822298492568,96,118,0.9736571580272538,0.5078263950301815,oculta,True,-0.0008296697408766984,-0.00028489399743822363,-0.0006411009345253516,-0.0015164166394666667,-0.0008133408990006995,-0.0001221159581533001,6,8,-0.0018215578633181684,-0.001680358981976271,True
26981455000129,0.5991141805938454,0.5322998773594863,0.7237975754051044,0.9992749326042872,0.1428571428571428,0.0,7,7,0.7316670879323568,0.9617032838606436,hhi_alto,False,0.5983985374338586,0.5410268999244099,0.7233649414201303,0.9986776381246318,0.125,0.0,8,8,0.7278436753841634,0.961858444940227,hhi_alto,False,-0.0007156431599867341,0.008727022564923637,-0.00043263398497406236,-0.000597294479655397,-0.017857142857142794,0.0,1,1,-0.0038234125481934056,0.00015516107958335468,True
27108141000189,0.2337300880816944,0.2207424624559604,0.4570042822064186,0.665165471503604,0.0184896413455112,0.0018538725547572,60,67,0.9252717530915676,0.8017377946994888,oculta,True,0.1776633645334633,0.165203718541546,0.3172136780340124,0.6747460867389291,0.0164353542731921,0.0015328596409677,67,74,0.9339331984947152,0.8094331694382494,oculta,True,-0.05606672354823111,-0.05553874391441441,-0.13979060417240619,0.009580615235325052,-0.0020542870723191005,-0.0003210129137894999,7,7,0.008661445403147616,0.007695374738760585,True
27142702001138,0.0446956946474828,0.035237236178646,0.1341047549714548,0.3488852276162135,0.0148087059414105,0.0050543366933057,102,167,0.6905284359948722,0.5524639463249983,baixo_baixo,False,0.0440302715147332,0.0346580192746816,0.1330315136874646,0.3460930967202453,0.0150233556369145,0.0053667218686489,103,178,0.6863792761811781,0.5577515187212417,baixo_baixo,False,-0.0006654231327495944,-0.0005792169039643968,-0.001073241283990195,-0.0027921308959681923,0.00021464969550400066,0.0003123851753432001,1,11,-0.0041491598136941255,0.005287572396243445,True
27142702001480,0.3714898853530471,0.3016554281700523,0.5256429877304818,0.9622525661991744,0.1,3.0839528461809905e-17,10,10,0.7504983172140903,0.5698531266465297,hhi_alto,False,0.3714898853530471,0.3016554281700523,0.5256429877304818,0.9622525661991744,0.1,3.0839528461809905e-17,10,10,0.7478298009515867,0.5718713681421235,hhi_alto,False,0.0,0.0,0.0,0.0,0.0,0.0,0,0,-0.0026685162625036396,0.00201824149559382,True
27174093002847,0.3901745336055134,0.2377181670068918,0.5419771952084661,0.9814481051383944,0.2,3.4694469519536136e-17,5,5,0.9126915113194456,0.4837527013176976,hhi_alto,False,0.3901745336055134,0.2377181670068918,0.5419771952084661,0.9814481051383944,0.2,3.4694469519536136e-17,5,5,0.9087456676423836,0.4813466466096177,hhi_alto,False,0.0,0.0,0.0,0.0,0.0,0.0,0,0,-0.0039458436770619665,-0.002406054708079919,True
27452374000102,0.1617648415292132,0.0919119116566476,0.2198696591355916,0.7669391495091433,0.0769230769230769,1.503427012513233e-17,13,13,0.7267516588499897,0.8684019088290331,baixo_baixo,False,0.1617648415292132,0.0919119116566476,0.2198696591355916,0.7669391495091433,0.0769230769230769,1.503427012513233e-17,13,13,0.7390909387236931,0.8719508843852593,baixo_baixo,False,0.0,0.0,0.0,0.0,0.0,0.0,0,0,0.012339279873703424,0.0035489755562261305,True
27562511000153,0.2746894298020611,0.1940993664467345,0.4792627486614227,0.7647525969445063,0.1111111111111111,0.0123456790123456,10,12,0.897709819933541,0.8763356881162249,baixo_baixo,False,0.3112143563534434,0.2538155527162303,0.5308511344574672,0.7574913258221336,0.09375,0.0182291666666666,13,16,0.8872326304834114,0.87416389079438,baixo_baixo,False,0.036524926551382286,0.05971618626949579,0.05158838579604452,-0.007261271122372626,-0.017361111111111105,0.005883487654320998,3,4,-0.010477189450129654,-0.002171797321844915,True
27600799000103,0.2600557162756273,0.1367316689882318,0.4222364371580899,0.867453118785305,0.18,0.0433333333333334,7,10,0.6061390004582804,0.427672235633811,baixo_baixo,False,0.2138544815793867,0.11558629177681,0.3725356433212136,0.7926126138867019,0.1349480968858131,0.0268166089965398,9,17,0.6061326962459509,0.4559188217968125,baixo_baixo,False,-0.0462012346962406,-0.021145377211421804,-0.04970079383687631,-0.07484050489860306,-0.045051903114186886,-0.016516724336793596,2,7,-6.3042123294998476e-06,0.028246586163001464,True
27611852000171,0.0397053242973501,0.0263678982459244,0.0996281374411744,0.3086864407215904,0.0278458049886621,0.0143436633912824,73,210,0.9127174549035124,0.9980335429018268,baixo_baixo,False,0.0370122994165641,0.0249749531592711,0.0870661680040202,0.3054958614548649,0.0277777777777777,0.0156249999999999,81,252,0.9190806331239136,0.9981542664901698,baixo_baixo,False,-0.002693024880786002,-0.0013929450866532987,-0.012561969437154194,-0.0031905792667255017,-6.80272108843985e-05,0.0012813366087174993,8,42,0.006363178220401222,0.00012072358834303021,True
27744234000108,0.2284896366273495,0.099904576065241,0.3819558977691628,0.7921222144682559,0.1428571428571428,0.0,7,7,0.6844785260105913,0.44531954005748,baixo_baixo,False,0.1146327166877497,0.0465275410483458,0.1786191416962226,0.6036552914613051,0.0714285714285714,0.0,14,14,0.6829443680230118,0.4168081887444734,baixo_baixo,False,-0.1138569199395998,-0.053377035016895204,-0.2033367560729402,-0.18846692300695078,-0.0714285714285714,0.0,7,7,-0.0015341579875794986,-0.028511351313006583,True
27780220000131,0.1615998267657121,0.1326894759645297,0.2937408985880942,0.701167602099571,0.0358126721763085,0.0025648332858364,30,33,0.8954251131648002,0.578880693802825,baixo_baixo,False,0.1388590422223206,0.1119483872917681,0.243303269384272,0.6999028645521737,0.0324074074074074,0.0021701388888888,33,36,0.9049753058126816,0.6204024421795733,baixo_baixo,False,-0.022740784543391512,-0.0207410886727616,-0.05043762920382222,-0.00126473754739731,-0.0034052647689011006,-0.0003946943969475999,3,3,0.009550192647881373,0.04152174837674827,True
27834977000160,0.3756981594306307,0.3507260858078559,0.4456941761322818,0.9168703290056532,0.0397805212620027,0.0013717421124828,26,27,0.9381209541766932,0.6277182797610253,critico,False,0.3754814078039084,0.3514614619502126,0.4455655409367526,0.916605704066934,0.0382653061224489,0.0012755102040816,27,28,0.9358765355009632,0.6242890986816757,critico,False,-0.0002167516267223002,0.0007353761423566918,-0.000128635195529192,-0.00026462493871926007,-0.0015152151395537994,-9.623190840119997e-05,1,1,-0.0022444186757299978,-0.0034291810793496413,True
27993108000189,0.0934899744970748,0.050322830425507,0.1961808759075232,0.4826862665299333,0.0454545454545454,0.0,22,22,0.9008005137221232,0.4737876725629555,baixo_baixo,False,0.0905286913494339,0.0672089142045476,0.1862709085484445,0.513103134316467,0.0260770975056689,0.0011047153904296,40,42,0.9198238208091912,0.5787668162488421,baixo_baixo,False,-0.0029612831476408946,0.0168860837790406,-0.009909967359078703,0.03041686778653374,-0.0193774479488765,0.0011047153904296,18,20,0.01902330708706801,0.10497914368588657,True
27998368000147,0.2403385960291022,0.1770334790315274,0.3140443471829185,0.8706264935967738,0.0769230769230769,1.503427012513233e-17,13,13,0.9182241942869698,0.8429164231106716,baixo_baixo,False,0.2548069206576934,0.2082323531987992,0.4384213976412885,0.8522397231063451,0.0617283950617283,0.0030864197530864,17,18,0.9344333362713956,0.6181285073720694,oculta,True,0.014468324628591184,0.031198874167271795,0.12437705045837,-0.018386770490428694,-0.015194681861348598,0.003086419753086385,4,5,0.0162091419844258,-0.22478791573860224,False
28052214000120,0.5143924290984165,0.4658316720082581,0.7037033147129041,0.9325564916751008,0.0909090909090909,0.0,11,11,0.6460416406486361,0.5360123275598778,hhi_alto,False,0.434969566013868,0.3784665226152548,0.6322589060056419,0.9178473419771176,0.1022222222222222,0.0124444444444444,11,15,0.6625428111433925,0.5837254237670337,hhi_alto,False,-0.07942286308454855,-0.08736514939300327,-0.07144440870726221,-0.014709149697983204,0.011313131313131303,0.0124444444444444,0,4,0.016501170494756412,0.047713096207155914,True
28164691000188,0.3104134502205985,0.2775759954691984,0.5309208249547072,0.7709655144087627,0.0747922437673129,0.0307347315657564,22,38,0.9855063034137176,0.754584913383855,oculta,True,0.3053172394512875,0.2722371079965869,0.5262855813895658,0.7642345429123745,0.0742932281393819,0.0302119532888763,22,39,0.984720562936898,0.7475006526129281,oculta,True,-0.005096210769310994,-0.00533888747261152,-0.004635243565141334,-0.006730971496388238,-0.0004990156279310043,-0.0005227782768801002,0,1,-0.000785740476819563,-0.007084260770926942,True
28199862000104,0.2504904783376955,0.2307665435571085,0.4261736863959848,0.780344690835072,0.0267697798929208,0.0011584583111556,39,41,0.8310111962597655,0.7590182244392006,baixo_baixo,False,0.1848439676839324,0.1702876099640026,0.3615525208910314,0.681671417752344,0.0190808922332706,0.001564479594579,57,61,0.8273297981289908,0.8273641441089749,baixo_baixo,False,-0.06564651065376309,-0.06047893359310588,-0.06462116550495339,-0.098673273082728,-0.007688887659650201,0.0004060212834234001,18,20,-0.0036813981307747268,0.06834591966977421,True
28455749000142,0.9117003680012724,0.88226715733503,0.954465655896142,1.0,0.28,0.04,4,5,0.9607829916276888,0.3965645695364238,critico,False,0.9117003680012724,0.88226715733503,0.954465655896142,1.0,0.28,0.04,4,5,0.9587942544015048,0.3939165594559823,critico,False,0.0,0.0,0.0,0.0,0.0,0.0,0,0,-0.0019887372261839786,-0.0026480100804415208,True
28543098000142,0.5745108809071743,0.5461449396343192,0.7504625684197955,0.9074585160588718,0.075,0.0133333333333333,16,20,0.8081157417384047,0.4669073472596746,hhi_alto,False,0.5039027984880715,0.4790979384124751,0.7018596783984177,0.8578569572833215,0.0562130177514793,0.0090236686390532,21,26,0.7903227117686618,0.4904666450078053,hhi_alto,False,-0.07060808241910277,-0.0670470012218441,-0.048602890021377854,-0.04960155877555039,-0.018786982248520698,-0.0043096646942801,5,6,-0.01779302996974297,0.023559297748130703,True
28546334000184,0.2573870111824947,0.1088644134189937,0.3267987252197326,0.9168253998339996,0.183673469387755,0.0204081632653061,6,7,0.8907911139206919,0.6965701624385604,baixo_baixo,False,0.2356462807040864,0.1082539941547675,0.311171566787887,0.8729838096689443,0.15625,0.015625,7,8,0.8748470676820643,0.8218527018417956,baixo_baixo,False,-0.02174073047840827,-0.0006104192642261974,-0.01562715843184559,-0.04384159016505529,-0.027423469387755,-0.0047831632653061,1,1,-0.01594404623862755,0.1252825394032352,True
28550176000136,0.253832782077314,0.2318866874325291,0.4874322461013405,0.6651714410212352,0.0377229080932784,0.0094206406842572,35,54,0.8630262717099296,0.4019182799290478,baixo_baixo,False,0.2420367723746528,0.2209822382739487,0.4755545381367226,0.6489625993082648,0.0366666666666666,0.0099074074074074,37,60,0.8564279387486822,0.4060398436983681,baixo_baixo,False,-0.011796009702661231,-0.01090444915858041,-0.0118777079646179,-0.016208841712970323,-0.0010562414266118009,0.00048676672315019903,2,6,-0.006598332961247455,0.004121563769320324,True
28553049000190,0.2608939746872056,0.2040396650477599,0.4474426443171925,0.8577350687664046,0.0714285714285714,0.0,14,14,0.978284548320679,0.3997183307696242,oculta,True,0.2603283364157104,0.2074946461596898,0.4469563219169648,0.8568028022900198,0.0666666666666666,0.0,15,15,0.9769505397561504,0.3975379124311931,oculta,True,-0.0005656382714951946,0.0034549811119299056,-0.0004863224002276678,-0.0009322664763847799,-0.0047619047619048005,0.0,1,1,-0.0013340085645285882,-0.0021804183384311338,True
28650418000163,0.2157850177288798,0.1177581449449898,0.3923099765735842,0.7399802658764637,0.1111111111111111,0.0,9,9,0.5828045516509957,0.4350374320359661,baixo_baixo,False,0.2157850177288798,0.1177581449449898,0.3923099765735842,0.7399802658764637,0.1111111111111111,0.0,9,9,0.5791913144188406,0.4333762477359841,baixo_baixo,False,0.0,0.0,0.0,0.0,0.0,0.0,0,0,-0.003613237232155009,-0.0016611842999820214,True
28725566000108,0.1169833813579839,0.0816627166123033,0.2313296178712308,0.5772563695186714,0.0422222222222222,0.0039111111111111,26,30,0.8156894141254037,0.4784691799670312,baixo_baixo,False,0.0935113536476541,0.0642697844104816,0.1882509454429886,0.5211764757382753,0.0780469050365244,0.0483064826183477,32,51,0.8275842197680672,0.5773539647210431,baixo_baixo,False,-0.0234720277103298,-0.017392932201821698,-0.043078672428242204,-0.05607989378039613,0.03582468281430219,0.044395371507236596,6,21,0.01189480564266343,0.09888478475401186,True
28736680000125,0.5333016192759182,0.5073739314579137,0.724393110997368,0.850880526991159,0.0591715976331361,0.0069033530571992,19,26,0.8034734135606074,0.4658285369937533,hhi_alto,False,0.2945914868575204,0.2693983256738604,0.5006176041869724,0.832599042884347,0.0422367638310529,0.0080309339678762,29,41,0.9067632197157696,0.6346222560184474,baixo_baixo,False,-0.23871013241839784,-0.23797560578405325,-0.2237755068103956,-0.018281484106811963,-0.016934833802083202,0.0011275809106769995,10,15,0.10328980615516214,0.16879371902469403,False
28841729000100,0.1618271617638914,0.1295897449086564,0.2896676930395969,0.7308773265430673,0.037037037037037,0.0,27,27,0.8511358734553566,0.5593179368781661,baixo_baixo,False,0.1597592194354348,0.1286391905256361,0.2877723870907924,0.7260951703753995,0.0357142857142857,7.195889974422309e-18,28,28,0.8547511457008057,0.6922708339065751,baixo_baixo,False,-0.0020679423284565845,-0.0009505543830203023,-0.0018953059488044932,-0.00478215616766775,-0.0013227513227513019,7.195889974422309e-18,1,1,0.003615272245449108,0.13295289702840896,True
28842189000189,0.2724357951578279,0.2118054447543136,0.4519684198219488,0.8407392679097611,0.0816326530612245,0.0051020408163265,13,14,0.8741347166088695,0.4709660129113239,baixo_baixo,False,0.2365338410544688,0.1778056749817356,0.4152042610561167,0.7850869937688081,0.0755555555555555,0.0044444444444444,14,15,0.8649615114487861,0.4628491367919521,baixo_baixo,False,-0.035901954103359085,-0.03399976977257799,-0.03676415876583211,-0.05565227414095297,-0.006077097505668996,-0.0006575963718820996,1,1,-0.009173205160083464,-0.008116876119371785,True
28842205000133,0.2241968925407722,0.1272215041083688,0.315397037654245,0.8311545525872647,0.1239669421487603,0.0144628099173553,9,11,0.8231196012000802,0.4065885395478065,baixo_baixo,False,0.1754817699313123,0.1165876106406917,0.2700962668924102,0.7562877971541369,0.074074074074074,0.0079365079365079,15,18,0.7951687477862728,0.4025231084712875,baixo_baixo,False,-0.04871512260945993,-0.010633893467677097,-0.04530077076183481,-0.07486675543312782,-0.049892868074686306,-0.0065263019808474,6,7,-0.02795085341380743,-0.004065431076518966,True
28875494000177,0.4103878693612484,0.3919624902787874,0.6190286101913097,0.8823616946638333,0.0328707085463842,0.0026479181884587,33,37,0.9823172958592136,0.4901415487932463,critico,False,0.4103282434998518,0.3924594023937867,0.6189836347844281,0.8822975868413822,0.0318559556786703,0.0025182573659027,34,38,0.9822510878440288,0.5111412682582642,critico,False,-5.962586139657278e-05,0.0004969121149993039,-4.4975406881642144e-05,-6.410782245114266e-05,-0.0010147528677139014,-0.00012966082255600007,1,1,-6.620801518475439e-05,0.02099971946501794,True
28983143000180,0.2843101359779884,0.2127411495757872,0.5007342988290467,0.7479150750773776,0.1005917159763313,0.0106508875739645,11,13,0.7405599351505927,0.5085837250775984,baixo_baixo,False,0.2843101359779884,0.2127411495757872,0.5007342988290467,0.7479150750773776,0.1005917159763313,0.0106508875739645,11,13,0.7346190936932026,0.5057333702010258,baixo_baixo,False,0.0,0.0,0.0,0.0,0.0,0.0,0,0,-0.005940841457390156,-0.0028503548765725917,True
28997560000181,0.0885626669059135,0.0632449632088556,0.2106714151068549,0.4890995971482218,0.0388038447846208,0.0121039515841936,37,53,0.886116297788165,0.8193002029814981,baixo_baixo,False,0.0837689028242468,0.0634082117758967,0.204623844098852,0.4750594173628474,0.0306971904266389,0.0091571279916753,46,62,0.8788224972754716,0.8893141313440223,baixo_baixo,False,-0.004793764081666693,0.00016324856704109936,-0.006047571008002878,-0.014040179785374418,-0.008106654357981902,-0.0029468235925182995,9,9,-0.00729380051269346,0.07001392836252418,True
29053402000136,0.6730928768048955,0.6077114521658746,0.8132751988901974,0.988034250773673,0.183673469387755,0.0204081632653061,6,7,0.9497541975777788,0.4880268557801607,critico,False,0.3086627314203864,0.2099002644804416,0.4472885512463282,0.9406541994407128,0.1358024691358024,0.0123456790123456,8,9,0.9533475009433204,0.5645205915633618,oculta,True,-0.3644301453845091,-0.397811187685433,-0.3659866476438692,-0.047380051332960194,-0.047871000251952595,-0.0080624842529605,2,2,0.0035933033655416446,0.07649373578320107,False
29063294000182,0.1874632304531205,0.1446981373190742,0.2877151166499151,0.8015864741210509,0.05,1.460819769243627e-17,20,20,0.9495075819610908,0.6148763459842596,oculta,True,0.1708516064321855,0.131368349595623,0.2727682419424205,0.7599438495157955,0.0472589792060491,0.0018903591682419,22,23,0.9477419187051156,0.6365948963966884,oculta,True,-0.016611624020934995,-0.013329787723451197,-0.014946874707494617,-0.04164262460525536,-0.002741020793950902,0.0018903591682418856,2,3,-0.0017656632559751584,0.021718550412428872,True
29112760000172,0.1722529723131229,0.1591141306038074,0.3573589943809243,0.6520854971499017,0.0278,0.0123682539682539,64,100,0.9209494318747748,0.5416045042767645,baixo_baixo,False,0.1453296313127929,0.1339340263969634,0.3263630422014499,0.5955260955274474,0.0240073868882733,0.0109941520467836,76,114,0.9107906997429654,0.5399006258346118,baixo_baixo,False,-0.026923341000330003,-0.025180104206844023,-0.030995952179474373,-0.05655940162245432,-0.0037926131117266976,-0.0013741019214703002,12,14,-0.0101587321318094,-0.0017038784421526953,True
29315648000139,0.7740703428441945,0.7288844114130334,0.8735947554609276,0.9990159172638844,0.1666666666666666,3.3306690738754695e-17,6,6,0.9759587206922008,0.9622630754006426,critico,False,0.711467772876739,0.6702488832877017,0.8364759884999422,0.995912169257584,0.125,0.0,8,8,0.9672996127056436,0.9567513519749892,critico,False,-0.0626025699674555,-0.05863552812533168,-0.03711876696098537,-0.003103748006300422,-0.0416666666666666,-3.3306690738754695e-17,2,2,-0.008659107986557224,-0.005511723425653425,True
29355454000167,0.130575605338875,0.1135280681886569,0.2151223031992619,0.6751990239916927,0.0232691755242746,0.0041175907306329,52,59,0.9142424830649404,0.5885801982935067,baixo_baixo,False,0.1006881261512969,0.0851827490159744,0.1637109625512183,0.5770154144977775,0.0203287197231833,0.0034378355804796,59,68,0.92867485517709,0.6964615955269698,oculta,True,-0.0298874791875781,-0.0283453191726825,-0.05141134064804359,-0.09818360949391525,-0.002940455801091299,-0.0006797551501532997,7,9,0.01443237211214965,0.10788139723346313,False
29505936000156,0.156537522278752,0.0721912745066272,0.2864514706481072,0.6862976527575013,0.0972222222222222,0.0069444444444444,11,12,0.7285529382252163,0.4654362205532938,baixo_baixo,False,0.156537522278752,0.0721912745066272,0.2864514706481072,0.6862976527575013,0.0972222222222222,0.0069444444444444,11,12,0.7217558950459622,0.4624481414849944,baixo_baixo,False,0.0,0.0,0.0,0.0,0.0,0.0,0,0,-0.006797043179254114,-0.0029880790682993985,True
29525069000110,0.3417359273373838,0.0126038910060757,0.4043029482407855,1.0,0.5,0.25,3,6,0.5996921429211611,0.5398271438532404,baixo_baixo,False,0.2823606142262694,0.0431474856350258,0.3982861458096426,1.0,0.3877551020408163,0.1836734693877551,4,7,0.6258190614360141,0.4796939884840812,baixo_baixo,False,-0.05937531311111438,0.0305435946289501,-0.006016802431142887,0.0,-0.11224489795918369,-0.06632653061224489,1,1,0.026126918514852937,-0.0601331553691592,True
29525140000165,0.482198425906541,0.3527480323831762,0.6721770127749868,0.9498281301143549,0.2,3.4694469519536136e-17,5,5,0.7892586633714962,0.4577384800858203,hhi_alto,False,0.482198425906541,0.3527480323831762,0.6721770127749868,0.9498281301143549,0.2,3.4694469519536136e-17,5,5,0.7821777268189659,0.4550577129002605,hhi_alto,False,0.0,0.0,0.0,0.0,0.0,0.0,0,0,-0.007080936552530281,-0.002680767185559818,True
29578965000148,0.1748686696947215,0.0923555366641936,0.2178192771367181,0.7708382196449415,0.1005917159763313,0.0106508875739645,11,13,0.6651719459455412,0.5317448836425986,baixo_baixo,False,0.1378445448868956,0.0947367721312404,0.2474177020501188,0.6330982375988335,0.0520833333333333,0.0046875,21,24,0.6901377676198006,0.4709307581603832,baixo_baixo,False,-0.03702412480782591,0.0023812354670467994,0.0295984249134007,-0.13773998204610793,-0.048508382642998005,-0.005963387573964501,10,11,0.024965821674259425,-0.06081412548221543,True
29599447000100,0.2055267994628928,0.0920306279575918,0.2824201144446995,0.8370726428914655,0.125,0.0,8,8,0.2336636107763788,0.5701532543282478,baixo_baixo,False,0.134700272844013,0.0481703001284143,0.204014004687076,0.6699671275148735,0.0909090909090909,0.0,11,11,0.2180204871849108,0.6553831244255254,baixo_baixo,False,-0.07082652661887978,-0.0438603278291775,-0.0784061097576235,-0.16710551537659202,-0.0340909090909091,0.0,3,3,-0.015643123591467994,0.08522987009727756,True
29799949000185,0.2474003599309895,0.0592504499137368,0.3230806509305877,0.9329607649319032,0.2,3.4694469519536136e-17,5,5,0.6962579517601158,0.639745219169238,baixo_baixo,False,0.2474003599309895,0.0592504499137368,0.3230806509305877,0.9329607649319032,0.2,3.4694469519536136e-17,5,5,0.6910118473600615,0.637920781587744,baixo_baixo,False,0.0,0.0,0.0,0.0,0.0,0.0,0,0,-0.005246104400054352,-0.0018244375814939762,True
29937718000190,0.0703839590968712,0.0560821738522077,0.1993169581758183,0.4215156965574367,0.0217391304347826,0.0066889632107023,66,92,0.5404480115601438,0.6587213398496157,baixo_baixo,False,0.0675808361568344,0.0536641322188767,0.1949132828925958,0.4122027997953715,0.0210502489814395,0.0064390586677297,68,94,0.5323846627778742,0.6494143561037747,baixo_baixo,False,-0.0028031229400368035,-0.0024180416333310015,-0.004403675283222497,-0.009312896762065204,-0.0006888814533431015,-0.0002499045429726005,2,2,-0.008063348782269553,-0.009306983745840935,True
29957183000110,0.1111111111111111,0.0,0.1111111111111111,0.4444444444444444,0.1111111111111111,0.0,9,9,0.0230201434878587,0.4465530721118469,baixo_baixo,False,0.1111111111111111,0.0,0.1111111111111111,0.4444444444444444,0.1111111111111111,0.0,9,9,0.0229165390348996,0.4436582327595009,baixo_baixo,False,0.0,0.0,0.0,0.0,0.0,0.0,0,0,-0.00010360445295910098,-0.0028948393523460236,True
30024283000172,0.2453085708939784,0.161453967659976,0.3824530061866175,0.9175617542998422,0.1,3.0839528461809905e-17,10,10,0.907376208574935,0.3965645695364238,baixo_baixo,False,0.2404709612532064,0.1714228668216798,0.3786236288931544,0.908374507525917,0.1171875,0.0369318181818181,12,16,0.8978359794560081,0.3939165594559823,baixo_baixo,False,-0.004837609640771984,0.009968899161703793,-0.00382937729346311,-0.00918724677392524,0.017187499999999994,0.03693181818181807,2,6,-0.009540229118926824,-0.0026480100804415208,True
30078127000194,0.2885969211566728,0.1463163053880073,0.439376503818391,0.9345468493914983,0.183673469387755,0.0204081632653061,6,7,0.6161055305241503,0.3965645695364238,baixo_baixo,False,0.2885969211566728,0.1463163053880073,0.439376503818391,0.9345468493914983,0.183673469387755,0.0204081632653061,6,7,0.6108833894415346,0.3939165594559823,baixo_baixo,False,0.0,0.0,0.0,0.0,0.0,0.0,0,0,-0.00522214108261565,-0.0026480100804415208,True
30101686000178,0.1826333635281,0.0658667011749715,0.3006073521043141,0.7518068798167632,0.125,0.0,8,8,0.702755311945782,0.6673726422807819,baixo_baixo,False,0.1678982348464188,0.0638855142022211,0.2862651188735786,0.7159375321799765,0.1111111111111111,0.0,9,9,0.6832114928284654,0.6520183371524106,baixo_baixo,False,-0.014735128681681198,-0.00198118697275039,-0.014342233230735524,-0.03586934763678673,-0.013888888888888895,0.0,1,1,-0.01954381911731662,-0.015354305128371215,True
30301779000146,0.5521826339833731,0.4402282924792163,0.7305629437743862,0.9471378986347716,0.2,3.4694469519536136e-17,5,5,0.8781956440407768,0.4624007601291179,hhi_alto,False,0.5521826339833731,0.4402282924792163,0.7305629437743862,0.9471378986347716,0.2,3.4694469519536136e-17,5,5,0.8738752032175405,0.459837588694839,hhi_alto,False,0.0,0.0,0.0,0.0,0.0,0.0,0,0,-0.004320440823236238,-0.0025631714342789214,True
30391653000100,0.1784242015042991,0.1099595516296574,0.3020968368111742,0.734825237019217,0.0816326530612245,0.0051020408163265,13,14,0.978045629068929,0.7409400711938448,oculta,True,0.1543338393749151,0.0979560953332428,0.2437130910553749,0.707872385409927,0.0679012345679012,0.0057613168724279,16,18,0.9779368609972956,0.7039012427596554,oculta,True,-0.024090362129384008,-0.012003456296414597,-0.05838374575579933,-0.02695285160928995,-0.013731418493323294,0.0006592760561013999,3,4,-0.00010876807163340274,-0.037038828434189375,True
30465693000159,0.0991344594820096,0.0562361004097243,0.1941050840558202,0.5468217510829677,0.0454545454545454,0.0,22,22,0.7399146692656695,0.5889166885351661,baixo_baixo,False,0.0991344594820096,0.0562361004097243,0.1941050840558202,0.5468217510829677,0.0454545454545454,0.0,22,22,0.7348785745371759,0.5857642727842446,baixo_baixo,False,0.0,0.0,0.0,0.0,0.0,0.0,0,0,-0.005036094728493645,-0.003152415750921511,True
30497215000120,0.2751275435077593,0.1715743354374392,0.3621422255838492,0.9515700136465084,0.1358024691358024,0.0123456790123456,8,9,0.9574142771662512,0.8699977781855708,oculta,True,0.2162490246642094,0.1182801527472356,0.2769470675308912,0.8820618031894162,0.12,0.01,9,10,0.951427422657801,0.7550214829816194,oculta,True,-0.058878518843549915,-0.053294182690203584,-0.08519515805295796,-0.06950821045709221,-0.01580246913580241,-0.0023456790123456,1,1,-0.005986854508450157,-0.11497629520395136,True
30497230000179,0.2917958043491386,0.1501549652189664,0.4685752157793107,0.9180589825014795,0.1666666666666666,3.3306690738754695e-17,6,6,0.8319557137646535,0.4965121115341776,baixo_baixo,False,0.3729029255531509,0.2474835106637811,0.5430386223044309,0.9558503803431774,0.183673469387755,0.0204081632653061,6,7,0.8906290898342939,0.6879457958254669,hhi_alto,False,0.08110712120401231,0.0973285454448147,0.07446340652512018,0.03779139784169783,0.0170068027210884,0.020408163265306065,0,1,0.058673376069640404,0.19143368429128926,False
30499757000132,0.4578520192985255,0.3223150241231568,0.6398311928828149,0.999589320253479,0.2,3.4694469519536136e-17,5,5,0.9557297691064026,0.4704341738603231,critico,False,0.4526291369919764,0.3431549643903717,0.6361480464188635,0.9938352496310277,0.1666666666666666,3.3306690738754695e-17,6,6,0.952553131671813,0.4669982903871468,critico,False,-0.005222882306549104,0.020839940267214863,-0.0036831464639514033,-0.005754070622451368,-0.03333333333333341,-1.3877787807814407e-18,1,1,-0.0031766374345896242,-0.0034358834731763044,True
30499841000156,0.200982400938382,0.1477145610009408,0.3816968862880091,0.7335022043447186,0.0679012345679012,0.0057613168724279,16,18,0.9034603430120032,0.3965645695364238,baixo_baixo,False,0.1981030668440098,0.1479845085217605,0.3789015709080449,0.7281304812138798,0.0637119113573407,0.0051939058171745,17,19,0.8967165734348806,0.3939165594559823,baixo_baixo,False,-0.002879334094372188,0.0002699475208197133,-0.0027953153799641917,-0.005371723130838779,-0.004189323210560508,-0.0005674110552533994,1,1,-0.006743769577122527,-0.0026480100804415208,True
30543746000102,0.4818974973341072,0.395547080223125,0.6802886071909129,0.8757850627444618,0.1428571428571428,0.0,7,7,0.8681640050028191,0.7904919728191824,hhi_alto,False,0.4248955872590342,0.3427378140103248,0.6347069765876077,0.8486707320272017,0.1358024691358024,0.0123456790123456,8,9,0.8519071925712366,0.7784577752948868,hhi_alto,False,-0.05700191007507299,-0.05280926621280019,-0.04558163060330522,-0.027114330717260104,-0.007054673721340388,0.0123456790123456,1,2,-0.0162568124315825,-0.012034197524295576,True
30597659000138,0.2629542928380013,0.1401133416443348,0.3446937118762946,0.9545797522866556,0.1428571428571428,0.0,7,7,0.5199994122574617,0.6801498957098507,baixo_baixo,False,0.0418022277698811,0.0108926222140708,0.0899504557603028,0.2625017166545222,0.0348574015391579,0.0037237693307437,32,47,0.3838178422477641,0.467554905531095,baixo_baixo,False,-0.2211520650681202,-0.129220719430264,-0.2547432561159918,-0.6920780356321334,-0.1079997413179849,0.0037237693307437,25,40,-0.1361815700096976,-0.21259499017875572,True
30613786000183,0.5541117567490502,0.5198126611143618,0.7365774455612063,0.8994332800002532,0.0714285714285714,0.0,14,14,0.9142282580432672,0.7814066881089495,hhi_alto,False,0.5541117567490502,0.5198126611143618,0.7365774455612063,0.8994332800002532,0.0714285714285714,0.0,14,14,0.9123660987714456,0.7777120557927684,hhi_alto,False,0.0,0.0,0.0,0.0,0.0,0.0,0,0,-0.0018621592718216506,-0.003694632316181168,True
30629684000156,0.424116885374814,0.3281363662706163,0.6316457055556569,0.8631871289930629,0.1428571428571428,0.0,7,7,0.7625001977005468,0.3965645695364239,hhi_alto,False,0.424116885374814,0.3281363662706163,0.6316457055556569,0.8631871289930629,0.1428571428571428,0.0,7,7,0.756725970080033,0.3939165594559823,hhi_alto,False,0.0,0.0,0.0,0.0,0.0,0.0,0,0,-0.005774227620513828,-0.0026480100804415763,True
30638611000120,0.2599082895684482,0.2277303891149024,0.3425949542929024,0.8766533175090269,0.0598958333333333,0.0190217391304347,24,48,0.9411136357908582,0.74345753105455,oculta,True,0.2599082895684482,0.2277303891149024,0.3425949542929024,0.8766533175090269,0.0598958333333333,0.0190217391304347,24,48,0.9398391364785676,0.7412640614711934,oculta,True,0.0,0.0,0.0,0.0,0.0,0.0,0,0,-0.0012744993122905113,-0.002193469583356644,True
30649011000168,0.5851165237124135,0.5532024101518299,0.7499052863979655,0.9591300122204336,0.078125,0.0072115384615384,14,16,0.9225839756167312,0.953525149083929,hhi_alto,False,0.5476480367499158,0.5193760390467855,0.7251710745762799,0.9304441899290996,0.0702947845804988,0.01218820861678,17,21,0.9142221288587816,0.955576293495079,hhi_alto,False,-0.037468486962497716,-0.033826371105044384,-0.02473421182168556,-0.028685822291333984,-0.0078302154195012,0.004976670155241599,3,5,-0.008361846757949598,0.002051144411149952,True
30695182000123,0.2900996203156757,0.2112218003507508,0.4303637599042609,0.939691074530601,0.1412742382271468,0.0458602646968297,10,19,0.6888223516199703,0.5410662306253605,baixo_baixo,False,0.2900996203156757,0.2112218003507508,0.4303637599042609,0.939691074530601,0.1412742382271468,0.0458602646968297,10,19,0.6820435736698025,0.5378716245655266,baixo_baixo,False,0.0,0.0,0.0,0.0,0.0,0.0,0,0,-0.006778777950167791,-0.0031946060598339043,True
30704185000186,0.4998316926365236,0.4720445644496638,0.6847618002856459,0.9152481237666908,0.0526315789473684,0.0,19,19,0.9457616444751522,0.4394942583500063,critico,False,0.4990451782269721,0.4726791349757601,0.6842224064371621,0.9145271734923178,0.05,1.460819769243627e-17,20,20,0.945590911614134,0.51557183467953,critico,False,-0.0007865144095515197,0.0006345705260962786,-0.0005393938484837824,-0.0007209502743730223,-0.0026315789473683945,1.460819769243627e-17,1,1,-0.00017073286101820795,0.07607757632952378,True
30714308000160,0.47130017559419,0.3831835381932216,0.5106603155020222,0.984701787265404,0.1428571428571428,0.0,7,7,0.9758324738456278,0.3965645695364239,critico,False,0.4455477592921341,0.3663402963338675,0.4960569111295695,0.9779431493916634,0.125,0.0,8,8,0.9746819252265944,0.4067187681380814,critico,False,-0.025752416302055936,-0.016843241859354097,-0.014603404372452666,-0.006758637873740647,-0.017857142857142794,0.0,1,1,-0.001150548619033409,0.010154198601657505,True
30746224000108,0.3375746543675169,0.1719683179593961,0.4391419620974842,0.9710191261744954,0.2,3.4694469519536136e-17,5,5,0.8381568394349057,0.4872268580590911,baixo_baixo,False,0.3983550747699155,0.323149459116155,0.5934067299275231,0.932265032035286,0.1111111111111111,0.0,9,9,0.8980714018542516,0.705954959803785,hhi_alto,False,0.060780420402398616,0.1511811411567589,0.1542647678300389,-0.03875409413920938,-0.0888888888888889,-3.4694469519536136e-17,4,4,0.059914562419345896,0.21872810174469387,False
30746268000138,0.1943782979883684,0.1048647755426316,0.3065397558959934,0.7320304829297333,0.1074380165289256,0.0082644628099173,10,11,0.7440052799730159,0.6213253204585626,baixo_baixo,False,0.1857874174845029,0.1117680918012759,0.3385031039627129,0.6971036034153719,0.1020408163265306,0.0204081632653061,12,14,0.7448637439938578,0.6258109006412661,baixo_baixo,False,-0.0085908805038655,0.006903316258644307,0.031963348066719466,-0.03492687951436135,-0.005397200202394994,0.0121437004553888,2,3,0.000858464020841887,0.004485580182703508,True
30747548000160,0.173137599733323,0.1642466061820684,0.3670186020421167,0.6426626517149495,0.0165630070308274,0.0059884157085783,94,172,0.9324194962693958,0.6443331364347673,oculta,True,0.1659424217119074,0.1575175976887953,0.3589171671658167,0.6284767505335661,0.0163434903047091,0.0064075659643526,100,190,0.9374058499743404,0.6994398121439778,oculta,True,-0.007195178021415588,-0.006729008493273098,-0.008101434876300051,-0.014185901181383409,-0.00021951672611830036,0.00041915025577430026,6,18,0.004986353704944602,0.05510667570921046,True
30753960000193,0.1400162994470132,0.1279038529603514,0.2968343365389761,0.6199498538570416,0.0225921521997621,0.0088258444842658,72,116,0.8532880930817278,0.7172782553647108,baixo_baixo,False,0.1322002140488572,0.1210745757674323,0.2267754657798694,0.6414982676167479,0.0202821869488536,0.0077217021661466,79,126,0.8614838306950499,0.6461727918326435,baixo_baixo,False,-0.00781608539815598,-0.006829277192919092,-0.07005887075910672,0.021548413759706286,-0.0023099652509084995,-0.0011041423181192,7,10,0.00819573761332204,-0.07110546353206726,True
30753994000188,0.1212597360761255,0.0846455584126308,0.2021201959725688,0.606096296787246,0.0463733650416171,0.0066389219183511,25,29,0.9556890747658262,0.689131754886303,oculta,True,0.1446452852445758,0.1104310966543589,0.2847418868053129,0.6490434666211797,0.0486685032139577,0.010615243342516,26,33,0.9674131010942344,0.6014814129370739,oculta,True,0.023385549168450287,0.025785538241728106,0.08262169083274412,0.04294716983393376,0.0022951381723406022,0.0039763214241649,1,4,0.011724026328408188,-0.08765034194922905,True
30755320000112,0.1978375497106769,0.1405402318328681,0.3538973046498442,0.7588085334110789,0.0703125,0.00390625,15,16,0.7772137775369373,0.3965645695364237,baixo_baixo,False,0.1978375497106769,0.1405402318328681,0.3538973046498442,0.7588085334110789,0.0703125,0.00390625,15,16,0.7704925850961098,0.3939165594559823,baixo_baixo,False,0.0,0.0,0.0,0.0,0.0,0.0,0,0,-0.006721192440827473,-0.0026480100804414097,True
30773502000116,0.1379957717069145,0.1207556871410528,0.2563042071281575,0.693465850164718,0.022633744855967,0.0030864197530864,51,54,0.8854379938879551,0.6785986999600289,baixo_baixo,False,0.1222310591586368,0.1076015768112808,0.2405580705184213,0.6508625385248875,0.019242213846459,0.0028962507439,61,71,0.8677039391834617,0.6791207022301977,baixo_baixo,False,-0.015764712548277687,-0.013154110329771998,-0.0157461366097362,-0.04260331163983044,-0.0033915310095079983,-0.00019016900918639992,10,17,-0.017734054704493407,0.0005220022701688531,True
30784957000137,0.2385182941109453,0.2004442088164926,0.4212000339118514,0.8194800187546185,0.051039697542533,0.0035916824196597,21,23,0.938177820192304,0.8769002874195655,oculta,True,0.2385182941109453,0.2004442088164926,0.4212000339118514,0.8194800187546185,0.051039697542533,0.0035916824196597,21,23,0.9393134827313826,0.892024313176294,oculta,True,0.0,0.0,0.0,0.0,0.0,0.0,0,0,0.0011356625390785968,0.015124025756728554,True
30799633000172,0.0309952691080214,0.0040784710276887,0.0496057056758421,0.1925019198568211,0.027027027027027,0.0,37,37,0.6244073434615972,0.4153147254288889,baixo_baixo,False,0.0299979716809042,0.0044716025146122,0.0485571572329691,0.1884328801049232,0.0256410256410256,0.0,39,39,0.6162116422852276,0.412256591158235,baixo_baixo,False,-0.0009972974271172004,0.00039313148692350034,-0.0010485484428729985,-0.004069039751897902,-0.0013860013860014023,0.0,2,2,-0.008195701176369585,-0.003058134270653934,True
30899445000116,0.236925854478552,0.1920391400361139,0.3283468284832156,0.8630557262796539,0.0612244897959183,0.0060024009603841,18,21,0.9616486837922448,0.4730252387697788,oculta,True,0.1773494823046159,0.1415820684917731,0.3226174733639827,0.7599035653376858,0.0530697190426638,0.0118988372619101,24,31,0.966872127594998,0.4801129104786893,oculta,True,-0.059576372173936104,-0.05045707154434079,-0.005729355119232893,-0.10315216094196811,-0.008154770753254499,0.005896436301526,6,10,0.0052234438027531915,0.0070876717089105035,True
30920620000100,0.4631079124692763,0.38640904282203,0.496233778600227,0.9844574066833758,0.1358024691358024,0.0123456790123456,8,9,0.9351826927633632,0.6755140734457004,critico,False,0.4358759138275546,0.3731954598083939,0.4810927090774122,0.96807789511035,0.1074380165289256,0.0082644628099173,10,11,0.927030633289746,0.6804189586868625,critico,False,-0.02723199864172171,-0.013213583013636065,-0.015141069522814798,-0.01637951157302575,-0.02836445260687681,-0.0040812162024283,2,2,-0.00815205947361719,0.004904885241162171,True
30935256000151,0.1632532877902897,0.0437180431889025,0.2173472404542809,0.7369542700948442,0.1358024691358024,0.0123456790123456,8,9,0.6783809491939959,0.5436431011803833,baixo_baixo,False,0.1632532877902897,0.0437180431889025,0.2173472404542809,0.7369542700948442,0.1358024691358024,0.0123456790123456,8,9,0.6719600601859608,0.5405037232891257,baixo_baixo,False,0.0,0.0,0.0,0.0,0.0,0.0,0,0,-0.006420889008035169,-0.003139377891257622,True
30957190000109,0.4013035146299287,0.3468765614144677,0.6192485886486994,0.8005745698967306,0.0833333333333333,1.5139404881252137e-17,12,12,0.8222806304244706,0.548816250210487,hhi_alto,False,0.2766270985370831,0.2209830291937818,0.4049282597490037,0.8208044573493055,0.0755555555555555,0.0044444444444444,14,15,0.8360677770069189,0.5054465011612652,baixo_baixo,False,-0.12467641609284558,-0.12589353222068592,-0.21432032889969566,0.020229887452574924,-0.0077777777777778,0.0044444444444443855,2,3,0.013787146582448284,-0.04336974904922175,False
30985841000166,0.4245300705796275,0.3885631999908542,0.6382066960136816,0.8490509520441242,0.0617283950617283,0.0030864197530864,17,18,0.8504722139964965,0.4029619926380839,hhi_alto,False,0.4177699484536982,0.383521121892151,0.633055611488435,0.8421981044517408,0.0581717451523545,0.002770083102493,18,19,0.8426378985720486,0.4003712335635099,hhi_alto,False,-0.006760122125929302,-0.005042078098703218,-0.0051510845252465964,-0.00685284759238336,-0.0035566499093738005,-0.00031633665059339986,1,1,-0.007834315424447902,-0.0025907590745740117,True
31010615000122,0.0552249560885836,0.0327303121859308,0.1708920735062377,0.3341110102431662,0.0301783264746227,0.007087334247828,43,54,0.816418031613074,0.4730892023546997,baixo_baixo,False,0.0553304206431434,0.0328382878013135,0.1651096627866765,0.3566424451623354,0.0307438016528925,0.0076662731208185,43,55,0.8171239283816965,0.4949889068550554,baixo_baixo,False,0.00010546455455980042,0.0001079756153826994,-0.005782410719561204,0.022531434919169202,0.000565475178269801,0.0005789388729904995,0,1,0.0007058967686224271,0.02189970450035572,True
31015782000166,0.398065350640561,0.3120746864463554,0.5197067011738256,0.9785256804365352,0.125,0.0,8,8,0.9565468023736778,0.3965645695364239,critico,False,0.398065350640561,0.3120746864463554,0.5197067011738256,0.9785256804365352,0.125,0.0,8,8,0.9541683417616716,0.3939165594559824,critico,False,0.0,0.0,0.0,0.0,0.0,0.0,0,0,-0.0023784606120061946,-0.0026480100804414652,True
31030781000190,0.1539211767765381,0.0770049201198597,0.1999640220337265,0.7383564468511084,0.0887573964497041,0.0059171597633136,12,13,0.8293142051454677,0.4076738318270285,baixo_baixo,False,0.1521785809676066,0.0815267960482405,0.1988069957833546,0.7340841893597384,0.0816326530612245,0.0051020408163265,13,14,0.8197072068730654,0.4079212163796632,baixo_baixo,False,-0.0017425958089314908,0.0045218759283807974,-0.001157026250371923,-0.004272257491369946,-0.0071247433884795985,-0.0008151189469870999,1,1,-0.0096069982724023,0.0002473845526347329,True
31030892000105,0.0566637229415355,0.0423707490467103,0.1300975674502847,0.3627660560323028,0.0465497076023391,0.0321034910508594,67,285,0.9079378717639364,0.9842783320765792,baixo_baixo,False,0.0533756513703565,0.0402280909727225,0.1220497474353978,0.3572115930370165,0.0448351364085697,0.0315689577475776,73,329,0.8954316523028333,0.9728327165633612,baixo_baixo,False,-0.0032880715711790034,-0.0021426580739878007,-0.008047820014886894,-0.00555446299528628,-0.0017145711937694014,-0.0005345333032817992,6,44,-0.012506219461103085,-0.011445615513217988,True
31049535000180,0.2966420498425509,0.2596232103605799,0.4751630338707553,0.8665731491874294,0.0537190082644628,0.0039147455415397,20,22,0.8092054051401848,0.7083635192253676,baixo_baixo,False,0.2615975317728642,0.236984116165293,0.4455687389270309,0.8126008922160666,0.0434265318262938,0.0115407495538369,31,41,0.8042637572768098,0.7241137760694037,baixo_baixo,False,-0.03504451806968667,-0.022639094195286896,-0.029594294943724397,-0.053972256971362875,-0.010292476438168996,0.007626004012297199,11,19,-0.004941647863375032,0.015750256844036192,True
31178434000100,0.1464668708512404,0.0962590397248427,0.2982665285730891,0.6287832530438161,0.0581717451523545,0.002770083102493,18,19,0.8700632063757312,0.546382687574889,baixo_baixo,False,0.1068407870989726,0.0621828264539212,0.2269549276585007,0.5588058765730191,0.0534979423868312,0.0061728395061728,21,27,0.8777821889432836,0.5629037504372315,baixo_baixo,False,-0.03962608375226781,-0.0340762132709215,-0.07131160091458841,-0.06997737647079705,-0.004673802765523302,0.0034027564036798,3,8,0.007718982567552435,0.01652106286234256,True
31294097000116,0.1638476146264833,0.099528200366982,0.3058126652233234,0.7165576243303773,0.0795847750865051,0.0087836039393132,14,17,0.8022702294803594,0.724945201974291,baixo_baixo,False,0.1472369727763537,0.0863253279746647,0.2855366478953486,0.6690483598046416,0.074074074074074,0.0079365079365079,15,18,0.7914782925473456,0.7229547924301649,baixo_baixo,False,-0.016610641850129615,-0.013202872392317294,-0.020276017327974794,-0.04750926452573567,-0.0055107010124311046,-0.0008470960028052997,1,1,-0.010791936933013835,-0.001990409544126104,True
31417180000135,0.2265482949409413,0.0976396774310982,0.2950210540892434,0.8789678042244335,0.3456790123456791,0.2366255144032922,7,18,0.2124276379595997,0.4414939049115712,baixo_baixo,False,0.2265482949409413,0.0976396774310982,0.2950210540892434,0.8789678042244335,0.3456790123456791,0.2366255144032922,7,18,0.2094976648399254,0.438624046314642,baixo_baixo,False,0.0,0.0,0.0,0.0,0.0,0.0,0,0,-0.0029299731196743006,-0.0028698585969291757,True
31442430000197,0.2802216131054513,0.1902493147436328,0.3670035336843004,0.920401220392296,0.1239669421487603,0.0144628099173553,9,11,0.9426341611356024,0.7361017830360779,oculta,True,0.2802216131054513,0.1902493147436328,0.3670035336843004,0.920401220392296,0.1239669421487603,0.0144628099173553,9,11,0.9403828544290712,0.7337977436471652,oculta,True,0.0,0.0,0.0,0.0,0.0,0.0,0,0,-0.0022513067065311754,-0.00230403938891266,True
31724255000120,0.0646833611866554,0.0300420041935686,0.09619851291865,0.3588501473719942,0.039485766758494,0.0039111655273271,28,33,0.6465608737509988,0.6329767671964682,baixo_baixo,False,0.0646833611866554,0.0300420041935686,0.09619851291865,0.3588501473719942,0.039485766758494,0.0039111655273271,28,33,0.6492523574862135,0.6322341470966075,baixo_baixo,False,0.0,0.0,0.0,0.0,0.0,0.0,0,0,0.0026914837352146614,-0.0007426200998607024,True
31790223000123,0.231280534022336,0.0391006675279199,0.2928163501367437,0.9453814061921102,0.2,3.4694469519536136e-17,5,5,0.4344268372943901,0.5151106272263068,baixo_baixo,False,0.231280534022336,0.0391006675279199,0.2928163501367437,0.9453814061921102,0.2,3.4694469519536136e-17,5,5,0.4352777710386608,0.513544430117259,baixo_baixo,False,0.0,0.0,0.0,0.0,0.0,0.0,0,0,0.0008509337442706988,-0.0015661971090478177,True
32001836000105,0.0729229006053611,0.0572097294291808,0.1886396302377459,0.4537946632491874,0.0319576333089846,0.0155501355684589,60,148,0.8441672572392229,0.5811278313710265,baixo_baixo,False,0.1246712666848774,0.1125139231666118,0.310513583478859,0.5392657874530068,0.0276853575898171,0.0141809875563423,73,181,0.8869255261645511,0.5046025086427923,baixo_baixo,False,0.0517483660795163,0.05530419373743099,0.12187395324111308,0.08547112420381942,-0.004272275719167502,-0.0013691480121166,13,33,0.04275826892532819,-0.0765253227282342,True
32257384000119,0.6219840095384966,0.5589813444615794,0.7809439944767504,0.9491172103594744,0.1428571428571428,0.0,7,7,0.951692583584635,0.4771388571950921,critico,False,0.5539682209663673,0.490249395390134,0.7346695286705768,0.912762782233958,0.125,0.0,8,8,0.9402223554204158,0.4695960648534137,critico,False,-0.06801578857212931,-0.06873194907144542,-0.04627446580617367,-0.03635442812551637,-0.017857142857142794,0.0,1,1,-0.011470228164219276,-0.007542792341678373,True
32370759000152,0.1433249099738741,0.131259063635478,0.2978536739780325,0.6722677981504612,0.0153482880755608,0.001479954104794,72,77,0.9454450098726314,0.7035822331292417,oculta,True,0.1022491253785692,0.0908851902567789,0.1915171397206288,0.5547781864721113,0.0141366098559915,0.0016573264364471,80,87,0.9541836950765232,0.7391888993422041,oculta,True,-0.04107578459530489,-0.04037387337869912,-0.10633653425740366,-0.11748961167834993,-0.001211678219569301,0.00017737233165310002,8,10,0.008738685203891872,0.03560666621296238,True
32402447000183,0.1517865691506301,0.0746762572552328,0.2263016459215871,0.7215346817558813,0.0887573964497041,0.0059171597633136,12,13,0.5173363253401233,0.5474505317378695,baixo_baixo,False,0.1517865691506301,0.0746762572552328,0.2263016459215871,0.7215346817558813,0.0887573964497041,0.0059171597633136,12,13,0.5131519606636988,0.5441408101664345,baixo_baixo,False,0.0,0.0,0.0,0.0,0.0,0.0,0,0,-0.004184364676424468,-0.0033097215714350536,True
32467800000103,0.3199360075398688,0.2065920087965135,0.4967571651639551,0.9375409258046644,0.2066115702479339,0.0743801652892562,7,11,0.8486921874119147,0.9840648195945498,baixo_baixo,False,0.3199360075398688,0.2065920087965135,0.4967571651639551,0.9375409258046644,0.2066115702479339,0.0743801652892562,7,11,0.8488793724112995,0.9848429979463188,baixo_baixo,False,0.0,0.0,0.0,0.0,0.0,0.0,0,0,0.00018718499938485955,0.0007781783517689655,True
32504706000187,0.0862148879541185,0.0806088443219352,0.1571272709932999,0.5580683456772482,0.0083161865569272,0.0022322367812029,164,216,0.8795642664463384,0.7003935050998831,baixo_baixo,False,0.0660476094389465,0.0612334218587348,0.1342081045072185,0.4722807671013446,0.0076019157941635,0.0024864617518653,195,268,0.8739338660154256,0.683661593722778,baixo_baixo,False,-0.020167278515172,-0.019375422463200398,-0.022919166486081388,-0.08578757857590358,-0.0007142707627637006,0.0002542249706624002,31,52,-0.005630400430912896,-0.016731911377105058,True
32531313000162,0.2162662313106259,0.186122624822573,0.3617223103188174,0.7672015606788467,0.0723155588020453,0.0366353879867393,27,37,0.9739379938921242,0.6165025515883866,oculta,True,0.1906342650661721,0.1606577563649192,0.3345446104407539,0.7184468930747676,0.0692520775623268,0.0347799322868574,28,38,0.9734392475792596,0.6308561307999923,oculta,True,-0.025631966244453797,-0.025464868457653805,-0.02717769987806351,-0.048754667604079094,-0.003063481239718488,-0.0018554556998819013,1,1,-0.0004987463128646175,0.014353579211605627,True
32538167000105,0.3321506712112123,0.2208424497464143,0.4090268750237964,0.9548112330093392,0.1604938271604938,0.0205761316872427,7,9,0.517442018444896,0.6230214760812104,baixo_baixo,False,0.3014270225328234,0.2016308828946553,0.3879268097662637,0.9055563293457344,0.14,0.0171428571428571,8,10,0.6492714878050834,0.8067136572096955,baixo_baixo,False,-0.030723648678388893,-0.019211566851758982,-0.02110006525753272,-0.049254903663604854,-0.020493827160493777,-0.0034332745443856026,1,1,0.13182946936018736,0.18369218112848507,True
32556060000181,0.577064729014703,0.5506312745781219,0.7540478364122344,0.8833258983505045,0.0588235294117647,0.0,17,17,0.9462181541977528,0.8223690983224434,critico,False,0.5754084165397123,0.554178837366698,0.7529643731470458,0.8820566802507535,0.0476190476190476,0.0,21,21,0.9454636928346964,0.8231284243638417,critico,False,-0.001656312474990651,0.003547562788576153,-0.0010834632651886,-0.0012692180997510016,-0.011204481792717096,0.0,4,4,-0.0007544613630563468,0.0007593260413982783,True
32557811000184,0.1596045950038415,0.0662273277820462,0.2677250880550603,0.6886792836948337,0.1074380165289256,0.0082644628099173,10,11,0.4364999458936203,0.4027991382410068,baixo_baixo,False,0.1596045950038415,0.0662273277820462,0.2677250880550603,0.6886792836948337,0.1074380165289256,0.0082644628099173,10,11,0.4337122383699017,0.4001856327030322,baixo_baixo,False,0.0,0.0,0.0,0.0,0.0,0.0,0,0,-0.0027877075237185966,-0.0026135055379746253,True
32579624000100,0.1051817214492224,0.0743259187405749,0.1836100265286776,0.584668627085226,0.0415512465373961,0.0085012895214442,30,38,0.8595692274175769,0.9958031808919224,baixo_baixo,False,0.1051817214492224,0.0743259187405749,0.1836100265286776,0.584668627085226,0.0415512465373961,0.0085012895214442,30,38,0.8655531028686618,0.9962480014576662,baixo_baixo,False,0.0,0.0,0.0,0.0,0.0,0.0,0,0,0.005983875451084919,0.0004448205657437976,True
32951498000164,0.5148050574546568,0.3935063218183209,0.6868146987150842,0.996057419469876,0.2,3.4694469519536136e-17,5,5,0.5150995021373376,0.3965645695364238,hhi_alto,False,0.5148050574546568,0.3935063218183209,0.6868146987150842,0.996057419469876,0.2,3.4694469519536136e-17,5,5,0.511167096087214,0.3939165594559823,hhi_alto,False,0.0,0.0,0.0,0.0,0.0,0.0,0,0,-0.003932406050123571,-0.0026480100804415208,True
32988237000119,0.2735383951840955,0.1697581659246805,0.4572981518621833,0.8367467373954474,0.1358024691358024,0.0123456790123456,8,9,0.5430897336110637,0.4871393132482822,baixo_baixo,False,0.2735383951840955,0.1697581659246805,0.4572981518621833,0.8367467373954474,0.1358024691358024,0.0123456790123456,8,9,0.539933429057974,0.4842781956779668,baixo_baixo,False,0.0,0.0,0.0,0.0,0.0,0.0,0,0,-0.003156304553089684,-0.0028611175703153746,True
33002067000114,0.1162559158678833,0.0426105755235402,0.2025266150542236,0.5655460193966999,0.0933333333333333,0.0177777777777777,13,15,0.4010054405398003,0.7370784473544931,baixo_baixo,False,0.1365305070542271,0.0701097768276292,0.2744708811347014,0.6154801576959972,0.0859375,0.015625,14,16,0.398598917459684,0.6408030760182916,baixo_baixo,False,0.020274591186343796,0.027499201304088998,0.07194426608047783,0.04993413829929727,-0.007395833333333296,-0.0021527777777777014,1,1,-0.0024065230801162962,-0.09627537133620157,True
33098125000155,0.1135089522830469,0.0396346983066341,0.1901579264748672,0.5558925013154967,0.0933333333333333,0.0177777777777777,13,15,0.5171193187780616,0.6084717845836307,baixo_baixo,False,0.0830934036426711,0.0321541482894862,0.147839287901535,0.4490546061805152,0.0702479338842975,0.018595041322314,19,22,0.5710247936934021,0.6360330858708371,baixo_baixo,False,-0.03041554864037581,-0.007480550017147904,-0.04231863857333221,-0.10683789513498154,-0.0230853994490358,0.0008172635445363001,6,7,0.05390547491534048,0.027561301287206352,True
33103241000115,0.0943753380205516,0.0120458232951472,0.1511627906976744,0.4418604651162791,0.0833333333333333,1.5139404881252137e-17,12,12,0.1712685776990605,0.4593408285846295,baixo_baixo,False,0.0943753380205516,0.0120458232951472,0.1511627906976744,0.4418604651162791,0.0833333333333333,1.5139404881252137e-17,12,12,0.1686608566311767,0.456382846860401,baixo_baixo,False,0.0,0.0,0.0,0.0,0.0,0.0,0,0,-0.002607721067883817,-0.002957981724228509,True
33318128000157,0.6146561134262223,0.5596069867728255,0.7772702269629063,0.930481338727578,0.1358024691358024,0.0123456790123456,8,9,0.6594969646059812,0.8229508073683793,hhi_alto,False,0.6146561134262223,0.5596069867728255,0.7772702269629063,0.930481338727578,0.1358024691358024,0.0123456790123456,8,9,0.6748132939696492,0.8755424414073281,hhi_alto,False,0.0,0.0,0.0,0.0,0.0,0.0,0,0,0.015316329363668002,0.05259163403894873,True
33840043000134,0.8631907715376059,0.8608719710551924,0.9289011083222322,0.951299772915887,0.0183654729109274,0.0017275995704347,60,66,0.9653326865691324,0.9220688687949176,critico,False,0.831630855835317,0.8291907233111913,0.9117139660271258,0.933698195723306,0.0156856130882104,0.0014201871909381,70,77,0.9578500402743392,0.917333050228956,critico,False,-0.03155991570228889,-0.03168124774400116,-0.017187142295106317,-0.01760157719258093,-0.002679859822717002,-0.0003074123794965999,10,11,-0.007482646294793227,-0.004735818565961614,True
34481804000171,0.4909269321785254,0.3636586652231567,0.5194709823252536,0.9999999848369648,0.2,3.4694469519536136e-17,5,5,0.8891011428747424,0.7033629992244392,hhi_alto,False,0.4804757182841461,0.3938883379981704,0.5138748381402506,0.9923798589180424,0.1428571428571428,0.0,7,7,0.8800344094572852,0.7048147294685265,hhi_alto,False,-0.010451213894379308,0.030229672775013705,-0.0055961441850029825,-0.007620125918922471,-0.05714285714285722,-3.4694469519536136e-17,2,2,-0.009066733417457229,0.0014517302440872903,True
34550730000188,0.076271306423964,0.0464736066311886,0.2014725967886947,0.4254328932556208,0.0348454963839579,0.0037114801382791,32,39,0.5327047302258672,0.6354219052066725,baixo_baixo,False,0.0708083215316925,0.0417710815795579,0.1886230439200898,0.4087786212546209,0.0339083878643664,0.0037180249851279,33,41,0.523771954545958,0.6181853772512327,baixo_baixo,False,-0.005462984892271497,-0.004702525051630699,-0.012849552868604897,-0.016654272000999892,-0.0009371085195914938,6.544846848800107e-06,1,2,-0.008932775679909133,-0.01723652795543984,True
34833539000143,0.3329888481264298,0.306308402051487,0.55996624077873,0.755502297858849,0.046712802768166,0.0085813148788927,26,34,0.8672899432284548,0.487243669263554,baixo_baixo,False,0.2836701503073298,0.2589691210075825,0.5133216482110233,0.7148697362691733,0.0401662049861495,0.0070684879167064,30,38,0.8541748158363719,0.4788989765021157,baixo_baixo,False,-0.04931869781910003,-0.0473392810439045,-0.0466445925677067,-0.040632561589675764,-0.006546597782016501,-0.0015128269621862995,4,4,-0.01311512739208287,-0.008344692761438288,True
34906284000100,0.7139655389309136,0.685362092824005,0.8391830465829168,0.9867017943638924,0.0909090909090909,0.0,11,11,0.9801060608339662,0.4431032276711923,critico,False,0.7006435391026289,0.6734293153846861,0.8312641242578876,0.9773908163843552,0.0833333333333333,1.5139404881252137e-17,12,12,0.976334300230466,0.4402092454844674,critico,False,-0.013321999828284747,-0.011932777439318865,-0.00791892232502911,-0.009310977979537172,-0.007575757575757597,1.5139404881252137e-17,1,1,-0.0037717606035002627,-0.0028939821867249305,True
35001011000170,0.2185692999647847,0.1208904624603827,0.3411390205472296,0.8638435991303797,0.1239669421487603,0.0144628099173553,9,11,0.4851979191239866,0.6427198386415727,baixo_baixo,False,0.2185692999647847,0.1208904624603827,0.3411390205472296,0.8638435991303797,0.1239669421487603,0.0144628099173553,9,11,0.4824103263549568,0.640522982605422,baixo_baixo,False,0.0,0.0,0.0,0.0,0.0,0.0,0,0,-0.0027875927690297897,-0.0021968560361507183,True
35182004000112,0.2542934400731622,0.1714371556368469,0.3390268926888741,0.9417271051743964,0.1,3.0839528461809905e-17,10,10,0.4979988651821804,0.4202277995618594,baixo_baixo,False,0.2360927519394756,0.1597020271334231,0.298371430038829,0.9017447663395722,0.0972222222222222,0.0069444444444444,11,12,0.5188366295544063,0.4394023238927176,baixo_baixo,False,-0.018200688133686582,-0.011735128503423786,-0.040655462650045104,-0.03998233883482416,-0.0027777777777778095,0.006944444444444369,1,2,0.020837764372225953,0.0191745243308582,True
35250517000113,0.3787162817041553,0.1716217089388737,0.5390985334053803,1.0,0.34375,0.125,4,8,0.6314589590630233,0.4237050767510422,hhi_alto,False,0.383075571431397,0.2596906857176764,0.4426914646893655,0.9699945466419372,0.24,0.088,6,10,0.8752327017166297,0.3975111598147244,hhi_alto,False,0.0043592897272417,0.08806897677880268,-0.09640706871601479,-0.030005453358062817,-0.10375000000000001,-0.037000000000000005,2,2,0.2437737426536064,-0.026193916936317785,True
35306813000199,0.3331481342490215,0.2220061566238584,0.5030281273707164,0.9468204372167484,0.15625,0.015625,7,8,0.4720041679216175,0.4718450700464839,baixo_baixo,False,0.3331481342490215,0.2220061566238584,0.5030281273707164,0.9468204372167484,0.15625,0.015625,7,8,0.4689791950389112,0.4689405018553936,baixo_baixo,False,0.0,0.0,0.0,0.0,0.0,0.0,0,0,-0.003024972882706256,-0.0029045681910903065,True
35607532000176,0.3444698510743624,0.3276613857172948,0.5776853765243268,0.7036194105749722,0.025,3.5584071302088355e-18,40,40,0.9564730667365337,0.4652386681922381,oculta,True,0.2955772799705901,0.2809018066366441,0.5338040174924181,0.6547376695035478,0.0204081632653061,0.0,49,49,0.9477239502938816,0.4606815434834712,oculta,True,-0.04889257110377232,-0.046759579080650704,-0.04388135903190871,-0.0488817410714244,-0.004591836734693901,-3.5584071302088355e-18,9,9,-0.008749116442652083,-0.004557124708766902,True
36330231000100,0.2334549092816458,0.1376367729418516,0.3765966169435489,0.8895008679779658,0.1239669421487603,0.0144628099173553,9,11,0.4649923624145262,0.6116139114398468,baixo_baixo,False,0.2073090969718209,0.1192323299686899,0.3508626950253454,0.8287187343823512,0.1224489795918367,0.0249433106575963,10,14,0.522704264281897,0.869308479738432,baixo_baixo,False,-0.026145812309824906,-0.018404442973161683,-0.025733921918203506,-0.060782133595614574,-0.0015179625569236022,0.010480500740241,1,3,0.057711901867370796,0.25769456829858517,True
36975571000199,0.0984862597468279,0.0788881349587155,0.2380000374006055,0.5230945452491255,0.0224,0.0011478260869565,47,50,0.8972759675605649,0.5690572247856094,baixo_baixo,False,0.0189799240281469,0.0102983304354757,0.0672955300971165,0.1877114600216123,0.0097041420118343,0.000940461852647,114,130,0.8907113561160005,0.526017250599172,baixo_baixo,False,-0.079506335718681,-0.06858980452323979,-0.170704507303489,-0.33538308522751314,-0.0126958579881657,-0.0002073642343095,67,80,-0.006564611444564439,-0.043039974186437346,True
37382116000142,0.3857350949260563,0.34478410125446,0.607404063428078,0.7911129298186736,0.0679012345679012,0.0057613168724279,16,18,0.8887400621163425,0.849192357808697,hhi_alto,False,0.5071438887280522,0.4763403817735554,0.705983298536392,0.836889117141707,0.07,0.011875,17,20,0.9121482701793672,0.8778822582791995,hhi_alto,False,0.12140879380199587,0.1315562805190954,0.09857923510831401,0.045776187323033346,0.0020987654320988036,0.0061136831275721,1,2,0.023408208063024682,0.028689900470502572,True
37622644000121,0.1613796300979348,0.1014781751049301,0.3000022030718707,0.6915723530941651,0.0703125,0.00390625,15,16,0.58218609425701,0.6245878755304252,baixo_baixo,False,0.1613796300979348,0.1014781751049301,0.3000022030718707,0.6915723530941651,0.0703125,0.00390625,15,16,0.580435651951382,0.6225520960308862,baixo_baixo,False,0.0,0.0,0.0,0.0,0.0,0.0,0,0,-0.0017504423056279306,-0.0020357794995389256,True
39157029000117,0.3207698658599334,0.2075648435032556,0.3873560719202398,0.9805534271797288,0.15625,0.015625,7,8,0.9853956866818162,0.4755017484473984,oculta,True,0.3207698658599334,0.2075648435032556,0.3873560719202398,0.9805534271797288,0.15625,0.015625,7,8,0.984423444519888,0.4732248264715825,oculta,True,0.0,0.0,0.0,0.0,0.0,0.0,0,0,-0.0009722421619282606,-0.0022769219758159154,True
39215827000158,0.3589877387905509,0.2877641542117232,0.504782232307455,0.9439427162887298,0.1124260355029586,0.0138067061143984,10,13,0.9434910929151196,0.3980542059250992,oculta,True,0.3359472201332014,0.2806094884776348,0.4879041580221633,0.9123807193187624,0.0859375,0.0097656249999999,13,16,0.9333488261236034,0.4004217235665872,oculta,True,-0.023040518657349518,-0.007154665734088406,-0.0168780742852917,-0.03156199696996742,-0.0264885355029586,-0.004041081114398501,3,3,-0.010142266791516197,0.0023675176414879595,True
39223581000166,0.3081735397337255,0.2793474372226308,0.4905839526766896,0.9358963310058424,0.0463733650416171,0.0066389219183511,25,29,0.9852336353210672,0.6232427219592646,oculta,True,0.2053689440061977,0.1812892150366885,0.3434704647475246,0.7595001370181648,0.0348454963839579,0.0055983902137748,34,39,0.9879397685172414,0.6879758589119891,oculta,True,-0.10280459572752781,-0.09805822218594229,-0.147113487929165,-0.17639619398767759,-0.011527868657659202,-0.0010405317045763,9,10,0.0027061331961741875,0.06473313695272453,True
39250220000109,0.4345241331886729,0.3214289598264075,0.6191498334427058,0.9717968315351384,0.1666666666666666,3.3306690738754695e-17,6,6,0.8261179219158896,0.7889761972530234,hhi_alto,False,0.4345241331886729,0.3214289598264075,0.6191498334427058,0.9717968315351384,0.1666666666666666,3.3306690738754695e-17,6,6,0.825951851762881,0.7882783644558271,hhi_alto,False,0.0,0.0,0.0,0.0,0.0,0.0,0,0,-0.00016607015300862393,-0.0006978327971962628,True
39563911000162,0.1339229669015902,0.1127991368260193,0.3247971387074737,0.5584930030248626,0.0287603305785123,0.005071558153598,42,55,0.95034162039808,0.438075120177878,oculta,True,0.0887868610754076,0.0725151978803256,0.2271595948418247,0.4978250096777099,0.0212191358024691,0.003740906084656,57,72,0.9508896410173812,0.5136391903155707,oculta,True,-0.04513610582618259,-0.04028393894569371,-0.09763754386564896,-0.06066799334715273,-0.0075411947760431995,-0.001330652068942,15,17,0.0005480206193011483,0.07556407013769273,True
39750948000108,0.3989915519420918,0.3131332022195335,0.596208785541623,0.9002306845041324,0.1358024691358024,0.0123456790123456,8,9,0.7385030780534755,0.7205569598375717,hhi_alto,False,0.3932274234696044,0.317380851403305,0.5918461832333192,0.8936434812332917,0.12,0.01,9,10,0.7327292068803753,0.7523416699809854,hhi_alto,False,-0.0057641284724874176,0.004247649183771518,-0.004362602308303876,-0.006587203270840614,-0.01580246913580241,-0.0023456790123456,1,1,-0.005773871173100131,0.031784710143413664,True
39754247000139,0.198269135139269,0.1448204108152203,0.368277709758022,0.7145330665996432,0.0625,0.0,16,16,0.717937211889238,0.7189569505113409,baixo_baixo,False,0.1761873914662973,0.1277278262584324,0.3434235857473592,0.671024158700734,0.0555555555555555,0.0,18,18,0.6959988610027126,0.694469395422398,baixo_baixo,False,-0.022081743672971693,-0.017092584556787888,-0.02485412401066278,-0.043508907898909266,-0.006944444444444503,0.0,2,2,-0.021938350886525404,-0.024487555088942847,True
39758701000120,0.1796029721285013,0.1112365531392098,0.3200138660382144,0.7253286258373353,0.2052892561983471,0.1390633608815427,13,55,0.9139136154847136,0.5567461819556384,baixo_baixo,False,0.160175884941966,0.0955740299375018,0.3021838753619521,0.676597122556426,0.1939097960356219,0.1319028572691313,14,59,0.9055014313312127,0.5440955517850978,baixo_baixo,False,-0.019427087186535297,-0.015662523201707995,-0.017829990676262286,-0.04873150328090925,-0.011379460162725202,-0.007160503612411384,1,4,-0.008412184153500868,-0.012650630170540578,True
39844436000100,0.3655244856256585,0.2069056070320731,0.5196409903843437,0.9988698543053842,0.2,3.4694469519536136e-17,5,5,0.5679850135321226,0.8725939312376824,baixo_baixo,False,0.3119411335253129,0.1972646557795317,0.4763000662793952,0.9323221596413211,0.1428571428571428,0.0,7,7,0.528056879976471,0.8370183155508631,baixo_baixo,False,-0.053583352100345594,-0.009640951252541413,-0.04334092410494855,-0.06654769466406307,-0.05714285714285722,-3.4694469519536136e-17,2,2,-0.03992813355565161,-0.03557561568681922,True
39966763000127,0.2322338471325776,0.1042728216546739,0.3049655049553659,0.8796549656566839,0.1428571428571428,0.0,7,7,0.5426270530725882,0.6371075223442428,baixo_baixo,False,0.2322338471325776,0.1042728216546739,0.3049655049553659,0.8796549656566839,0.1428571428571428,0.0,7,7,0.5498520717087638,0.637181842180253,baixo_baixo,False,0.0,0.0,0.0,0.0,0.0,0.0,0,0,0.00722501863617564,7.431983601013936e-05,True
40475427000160,0.9416621527335458,0.9222162036447278,0.9701916194444704,1.0,0.28,0.04,4,5,0.9656956187220724,0.3965645695364238,critico,False,0.9416621527335458,0.9222162036447278,0.9701916194444704,1.0,0.28,0.04,4,5,0.9650679984205878,0.4001384962996198,critico,False,0.0,0.0,0.0,0.0,0.0,0.0,0,0,-0.000627620301484666,0.003573926763195956,True
40637159000136,0.0495283938845608,0.0382132557165199,0.1420912104624693,0.3534556390214595,0.0133659830629527,0.0016203400041783,85,99,0.8943617480548666,0.5953558930821724,baixo_baixo,False,0.0447468662989643,0.0343636800630835,0.1340645559823415,0.333489123997454,0.0121407983229976,0.0014031983047693,93,107,0.8877560357445711,0.6194060360183499,baixo_baixo,False,-0.004781527585596496,-0.003849575653436403,-0.00802665448012782,-0.019966515024005482,-0.0012251847399550996,-0.0002171416994089998,8,8,-0.006605712310295497,0.024050142936177465,True
40933406000141,0.4118420366029358,0.2648025457536697,0.6082742716321722,0.9336516165638988,0.28,0.1,5,10,0.7956070473867763,0.750463632186442,hhi_alto,False,0.4118420366029358,0.2648025457536697,0.6082742716321722,0.9336516165638988,0.28,0.1,5,10,0.7922484431371651,0.7474638566637638,hhi_alto,False,0.0,0.0,0.0,0.0,0.0,0.0,0,0,-0.003358604249611208,-0.002999775522678161,True
41090291000133,0.1905037969280841,0.1230457800054244,0.3242589799966864,0.740237371446975,0.0769230769230769,1.503427012513233e-17,13,13,0.9384262744290672,0.4418667250565472,oculta,True,0.4224789207748046,0.3839775154931249,0.6158611983629226,0.9079260896601024,0.0625,0.0,16,16,0.984915495068776,0.4070852007132295,critico,False,0.23197512384672048,0.26093173548770054,0.29160221836623623,0.16768871821312736,-0.0144230769230769,-1.503427012513233e-17,3,3,0.04648922063970873,-0.034781524343317716,False
41102337000197,0.5788357470921118,0.5261902154786259,0.7062297157017954,0.9931148261611028,0.1111111111111111,0.0,9,9,0.5608364992297925,0.4030799869412373,hhi_alto,False,0.5788357470921118,0.5261902154786259,0.7062297157017954,0.9931148261611028,0.1111111111111111,0.0,9,9,0.5569474267050024,0.4004627333443514,hhi_alto,False,0.0,0.0,0.0,0.0,0.0,0.0,0,0,-0.0038890725247900937,-0.0026172535968859156,True
41256744000159,0.2020605158033131,0.1222665673836444,0.342606999393139,0.8114941097555962,0.0972222222222222,0.0069444444444444,11,12,0.5810474269725864,0.5657674334570065,baixo_baixo,False,0.2020605158033131,0.1222665673836444,0.342606999393139,0.8114941097555962,0.0972222222222222,0.0069444444444444,11,12,0.5763181659119301,0.5627775032912359,baixo_baixo,False,0.0,0.0,0.0,0.0,0.0,0.0,0,0,-0.004729261060656298,-0.002989930165770649,True
41464724000173,0.2123908780964179,0.1139397378584701,0.2851247961088335,0.8699074028657579,0.1111111111111111,0.0,9,9,0.8133543494937524,0.9773195938838842,baixo_baixo,False,0.2123559188504385,0.1139004087067433,0.2850993705240461,0.8698298301511759,0.12,0.01,9,10,0.8082564631152237,0.9773955450010936,baixo_baixo,False,-3.4959245979404585e-05,-3.93291517268024e-05,-2.542558478740853e-05,-7.75727145819749e-05,0.00888888888888889,0.01,0,1,-0.005097886378528704,7.595111720937187e-05,True
41593983000102,0.4331906201072473,0.4142969741108222,0.648979192253998,0.8011330912124736,0.032258064516129,0.0,31,31,0.9228468505042297,0.439347276963008,hhi_alto,False,0.4248601115924634,0.4068869900797279,0.6426534881922908,0.7933243187440532,0.0318367346938775,0.0015816326530612,33,35,0.9244692183806428,0.4638119117855996,hhi_alto,False,-0.008330508514783896,-0.00740998403109433,-0.0063257040617071825,-0.007808772468420377,-0.0004213298222514941,0.0015816326530612,2,4,0.0016223678764131222,0.02446463482259159,True
41683884000103,0.1192785608702538,0.0809863243863518,0.2299950891103326,0.6271118494756418,0.0459183673469387,0.0044365572315882,24,28,0.8586948707067965,0.8258723739741963,baixo_baixo,False,0.1186390613475217,0.0871618849670761,0.2225471900817664,0.6296940950907856,0.04,0.0057142857142857,29,35,0.8752472727076126,0.848198694176247,baixo_baixo,False,-0.0006394995227321093,0.006175560580724299,-0.007447899028566185,0.0025822456151437523,-0.005918367346938701,0.0012777284826975006,5,7,0.01655240200081609,0.02232632020205072,True
41714199000105,0.201129192040092,0.1511997665425978,0.3804145746756847,0.7517547218687977,0.0617283950617283,0.0030864197530864,17,18,0.6542131610759575,0.6353914558878054,baixo_baixo,False,0.2011284409512627,0.1511989685107166,0.3804129245659822,0.7517557986728143,0.0637119113573407,0.0051939058171745,17,19,0.6869740730013826,0.7022201970725245,baixo_baixo,False,-7.510888292983076e-07,-7.98031881216188e-07,-1.6501097024890221e-06,1.0768040166198034e-06,0.0019835162956123933,0.0021074860640881003,0,1,0.032760911925425074,0.06682874118471904,True
41761645000124,0.5060076642054999,0.3825095802568748,0.6876306900434294,0.9941826175540188,0.2,3.4694469519536136e-17,5,5,0.8448731238022854,0.9648431821563108,hhi_alto,False,0.2942385838941802,0.1934155244504916,0.435331578825438,0.880422052692772,0.125,0.0,8,8,0.8782140607251168,0.9655467774713892,baixo_baixo,False,-0.21176908031131975,-0.18909405580638322,-0.25229911121799137,-0.11376056486124686,-0.07500000000000001,-3.4694469519536136e-17,3,3,0.033340936922831355,0.0007035953150783536,False
41779117000100,0.3815292296138355,0.3622020180392679,0.6051891002347504,0.7869327798094065,0.0303030303030303,3.5778671692021654e-18,33,33,0.8775527759543225,0.9054814277273474,hhi_alto,False,0.3019313992057237,0.2807778052422607,0.5207073767437812,0.7766628525558552,0.0294117647058823,0.0,34,34,0.8815711518243676,0.9071938530616046,baixo_baixo,False,-0.0795978304081118,-0.08142421279700718,-0.08448172349096916,-0.010269927253551248,-0.0008912655971479999,-3.5778671692021654e-18,1,1,0.0040183758700451655,0.001712425334257195,False
41851556000179,0.4772288262880179,0.4398880281657334,0.674071374762441,0.8973108773604074,0.0666666666666666,0.0,15,15,0.8166460311471739,0.9190908451133316,hhi_alto,False,0.3937565492810826,0.3533403192331548,0.6037736953731175,0.8647685973275879,0.0625,0.0,16,16,0.8027052670190576,0.9212285751451356,hhi_alto,False,-0.08347227700693527,-0.08654770893257863,-0.07029767938932341,-0.03254228003281945,-0.004166666666666596,0.0,1,1,-0.01394076412811629,0.0021377300318039527,True
41863890000142,0.1561643191573448,0.1065269261666004,0.3263659861369248,0.6216252142201739,0.0612244897959183,0.0060024009603841,18,21,0.5642915574822235,0.6482565761184284,baixo_baixo,False,0.1410110150203175,0.0958010684424394,0.3059611754390941,0.5827604263441496,0.0590277777777777,0.0095029239766081,20,24,0.5532501007193519,0.6559174082434406,baixo_baixo,False,-0.015153304137027312,-0.010725857724161,-0.020404810697830678,-0.03886478787602432,-0.0021967120181405966,0.0035005230162239998,2,3,-0.011041456762871604,0.007660832125012229,True
41923828000107,0.1115968553409181,0.077427503623261,0.2487061625068479,0.550540276710569,0.04,0.003076923076923,27,30,0.8778833882959329,0.6814220682152385,baixo_baixo,False,0.1393472858230556,0.1096696060238506,0.291781358016091,0.6258602170342686,0.0383673469387755,0.0052076002814919,30,35,0.9026978974283538,0.7633451833369127,baixo_baixo,False,0.027750430482137517,0.03224210240058961,0.0430751955092431,0.0753199403236996,-0.0016326530612245024,0.0021306772045688997,3,5,0.024814509132420892,0.08192311512167416,True
42399307000157,0.2608181954008862,0.1552207947438699,0.4501518575228535,0.823568859438008,0.125,0.0,8,8,0.8208493083591183,0.982655902945934,baixo_baixo,False,0.2608181954008862,0.1552207947438699,0.4501518575228535,0.823568859438008,0.125,0.0,8,8,0.8147425113494613,0.9831191617769997,baixo_baixo,False,0.0,0.0,0.0,0.0,0.0,0.0,0,0,-0.006106797009656995,0.00046325883106568266,True
43008975000179,0.6288963715422617,0.6070667463388654,0.7781092068565421,0.992088683788766,0.065,0.01,18,20,0.9782657125945108,0.4370883648284006,critico,False,0.3470632026904346,0.3126981080951944,0.4538987995203327,0.9610960052595408,0.0578512396694214,0.0082644628099173,20,22,0.9826465158149896,0.4125964305023144,oculta,True,-0.28183316885182713,-0.294368638243671,-0.32421040733620937,-0.03099267852922527,-0.007148760330578603,-0.0017355371900827001,2,2,0.004380803220478846,-0.02449193432608615,False
43077787000100,0.2395967373969321,0.0494959217461652,0.3207721185724501,0.9516430475199896,0.2,3.4694469519536136e-17,5,5,0.7123833766851191,0.9815719459848438,baixo_baixo,False,0.9758696097961842,0.971043531755421,0.9878432063651874,0.9972635755340477,0.1666666666666666,3.3306690738754695e-17,6,6,0.9824987414271156,0.9657209377168126,critico,False,0.7362728723992521,0.9215476100092558,0.6670710877927373,0.045620528014058026,-0.03333333333333341,-1.3877787807814407e-18,1,1,0.2701153647419965,-0.015851008268031208,False
43355376000121,0.1652393591938593,0.136454509510889,0.2798181745361863,0.6698786875918523,0.0363321799307958,0.0031022551008232,30,34,0.8913072718905369,0.8321458597374519,baixo_baixo,False,0.1468810011848105,0.1238237309465621,0.2810758493657064,0.6754584832108503,0.028344671201814,0.0020837163694306,38,42,0.9086998579274068,0.8378027521621079,baixo_baixo,False,-0.01835835800904878,-0.0126307785643269,0.0012576748295201057,0.005579795618998018,-0.0079875087289818,-0.0010185387313926,8,8,0.017392586036869884,0.005656892424655946,True
43467992000174,0.2347387984657929,0.1497097760731032,0.3308886163500929,0.8664281793486509,0.1,3.0839528461809905e-17,10,10,0.8355213704747357,0.7686976081491912,baixo_baixo,False,0.2347387984657929,0.1497097760731032,0.3308886163500929,0.8664281793486509,0.1,3.0839528461809905e-17,10,10,0.8313412362925534,0.764614173163886,baixo_baixo,False,0.0,0.0,0.0,0.0,0.0,0.0,0,0,-0.004180134182182327,-0.004083434985305168,True
43939047000128,0.5500998367432062,0.5236351212575124,0.737265614706072,0.8414868728003495,0.1001890359168242,0.0472589792060491,18,23,0.8443308065275532,0.4769980311853195,hhi_alto,False,0.5463619310234243,0.5211598160802812,0.7347490057352941,0.8386145112380577,0.1072,0.0576,19,25,0.838159574148408,0.4748893471152834,hhi_alto,False,-0.003737905719781831,-0.0024753051772312684,-0.0025166089707778783,-0.0028723615622917587,0.007010964083175808,0.010341020793950897,1,2,-0.006171232379145186,-0.0021086840700361154,True
44239770000167,0.1218457776906836,0.1072098739855284,0.2095809331739524,0.6328155011105843,0.0212191358024691,0.0049061213991769,61,72,0.95349959167792,0.6523130791725966,oculta,True,0.1049091890678776,0.0939934474711444,0.1935258526103905,0.5843382675267041,0.014998469543924,0.0029862557578743,83,99,0.9426848421828145,0.6682551000206383,oculta,True,-0.01693658862280599,-0.013216426514384011,-0.01605508056356192,-0.04847723358388012,-0.006220666258545102,-0.0019198656413026002,22,27,-0.010814749495105525,0.015942020848041638,True
44318534000136,0.1930018347775224,0.1746609673861024,0.3443858592767138,0.7506770313998932,0.0305190465582535,0.0084853885254865,45,67,0.809266197609666,0.8494970305053935,baixo_baixo,False,0.1765653698445607,0.1582668225077732,0.3277809884946184,0.7144824700678422,0.0297959183673469,0.008235827664399,46,70,0.7961266276942984,0.8304194913189485,baixo_baixo,False,-0.016436464932961692,-0.016394144878329187,-0.016604870782095382,-0.03619456133205101,-0.0007231281909065995,-0.0002495608610874993,1,3,-0.013139569915367577,-0.019077539186444947,True
44392215000170,0.2601235807421532,0.2511006975804722,0.4428487770057722,0.7521672990812386,0.0174932718185313,0.0055114824504646,83,102,0.8450288371457896,0.4382238782924946,baixo_baixo,False,0.2434931603259307,0.2350875287739966,0.4281852564113309,0.7272616851262537,0.0167107750472589,0.0057853392144507,91,115,0.8377665349698069,0.4465313963615163,baixo_baixo,False,-0.01663042041622248,-0.016013168806475603,-0.014663520594441315,-0.024905613954984918,-0.0007824967712724007,0.0002738567639860995,8,13,-0.007262302175982671,0.008307518069021691,True
44405967000129,0.4901366504422825,0.4437854368461265,0.6844943684046881,0.9116386679832604,0.0833333333333333,1.5139404881252137e-17,12,12,0.9587844464937398,0.4664478295018029,critico,False,0.4901366504422825,0.4437854368461265,0.6844943684046881,0.9116386679832604,0.0833333333333333,1.5139404881252137e-17,12,12,0.957960379495556,0.4637810264312406,critico,False,0.0,0.0,0.0,0.0,0.0,0.0,0,0,-0.0008240669981838256,-0.002666803070562329,True
44483469000102,0.1854708851383727,0.0949676501537474,0.3481207943952789,0.7138374245138182,0.1074380165289256,0.0082644628099173,10,11,0.7179637493064381,0.4001866191238689,baixo_baixo,False,0.1854708851383727,0.0949676501537474,0.3481207943952789,0.7138374245138182,0.1074380165289256,0.0082644628099173,10,11,0.7117898122977555,0.3975607790125474,baixo_baixo,False,0.0,0.0,0.0,0.0,0.0,0.0,0,0,-0.006173937008682628,-0.002625840111321498,True
44490662000162,0.3975506361683896,0.3427825121836977,0.5657610906941724,0.950322418623186,0.0887573964497041,0.0059171597633136,12,13,0.9421461902986584,0.8408606352273967,critico,False,0.3684446240170302,0.3383705584940317,0.5443635940327178,0.9143805323495204,0.0472589792060491,0.0018903591682419,22,23,0.9257975900364014,0.8364375789408802,hhi_alto,False,-0.029106012151359384,-0.004411953689666015,-0.021397496661454518,-0.03594188627366557,-0.041498417243654995,-0.0040268005950717,10,10,-0.01634860026225704,-0.0044230562865165135,False
44497659000170,0.0428179520454822,0.0291439227889891,0.1061838988213186,0.2881539528798138,0.0192369008396216,0.0052259994230448,71,97,0.444964828840691,0.466207658558488,baixo_baixo,False,0.0366099645787508,0.0239337799021555,0.0954214252705381,0.2589475540674995,0.0180498866213151,0.0051294903926482,77,105,0.4321878230740522,0.4719731278349688,baixo_baixo,False,-0.006207987466731402,-0.0052101428868336006,-0.0107624735507805,-0.02920639881231435,-0.001187014218306498,-9.65090303966e-05,6,8,-0.012777005766638816,0.005765469276480806,True
44534082000120,0.34062650950251,0.2307309277529283,0.5288734455435513,0.9430072769375676,0.15625,0.015625,7,8,0.9641260385434968,0.770092440117011,oculta,True,0.2998385052740439,0.1998154345989073,0.4922059520031671,0.8776273386422988,0.1358024691358024,0.0123456790123456,8,9,0.9561349893112604,0.7515043599835529,oculta,True,-0.040788004228466124,-0.030915493154021007,-0.03666749354038423,-0.06537993829526878,-0.020447530864197594,-0.0032793209876543997,1,1,-0.007991049232236369,-0.01858808013345803,True
44544005000150,0.3579371111335205,0.2776792500252106,0.4567798859614431,0.9459240658534476,0.1875,0.0859375,9,16,0.8864228284642086,0.4088156540668539,baixo_baixo,False,0.3579371111335205,0.2776792500252106,0.4567798859614431,0.9459240658534476,0.1875,0.0859375,9,16,0.8825982584383177,0.4062007417181356,hhi_alto,False,0.0,0.0,0.0,0.0,0.0,0.0,0,0,-0.003824570025890872,-0.0026149123487183012,False
44552129000188,0.2525581149044554,0.1030697378853464,0.3339552708117021,0.9192534006069863,0.1666666666666666,3.3306690738754695e-17,6,6,0.6035378354809064,0.7343281621446398,baixo_baixo,False,0.2525581149044554,0.1030697378853464,0.3339552708117021,0.9192534006069863,0.1666666666666666,3.3306690738754695e-17,6,6,0.5994588232519922,0.7305058999362899,baixo_baixo,False,0.0,0.0,0.0,0.0,0.0,0.0,0,0,-0.004079012228914269,-0.0038222622083499136,True
44616474000138,0.0395428987690246,0.0249905184473431,0.1213675892031065,0.2902917659074079,0.0220834778587119,0.0072665608565712,67,93,0.4582569721974489,0.5870368184636088,baixo_baixo,False,0.0366453172476558,0.0230769414342425,0.1149616073196793,0.2749696868785585,0.0212724242721301,0.0074875288393432,72,101,0.4643058789153964,0.6009357345427403,baixo_baixo,False,-0.0028975815213687986,-0.0019135770131006,-0.0064059818834271975,-0.015322079028849411,-0.0008110535865817996,0.00022096798277199993,5,8,0.0060489067179475,0.013898916079131518,True
44621400000190,0.493745185732357,0.3671814821654462,0.6730689527896339,0.9992540407864638,0.25,0.0624999999999999,5,8,0.8786463998036586,0.9843604352410416,hhi_alto,False,0.493745185732357,0.3671814821654462,0.6730689527896339,0.9992540407864638,0.25,0.0624999999999999,5,8,0.8766533327207792,0.9841368002141904,hhi_alto,False,0.0,0.0,0.0,0.0,0.0,0.0,0,0,-0.001993067082879385,-0.00022363502685118775,True
44699908000100,0.0985555333366318,0.0884269438235603,0.2090021086070516,0.560244253834015,0.0191308864265927,0.008109885150487,90,152,0.7271274211888816,0.5801911666976947,baixo_baixo,False,0.0965980519322309,0.0866705579974203,0.2068095764040305,0.5543670233300968,0.0189386056191467,0.008157711175401,92,155,0.7192186461498615,0.5762242157615891,baixo_baixo,False,-0.0019574814044009126,-0.0017563858261400028,-0.002192532203021097,-0.005877230503918196,-0.00019228080744599849,4.7826024914000495e-05,2,3,-0.0079087750390201,-0.003966950936105551,True
44707469000130,0.1691139779144434,0.0306329742335173,0.2271662891717334,0.7659497609581873,0.1428571428571428,0.0,7,7,0.6214905641521261,0.7102780559521208,baixo_baixo,False,0.1691139779144434,0.0306329742335173,0.2271662891717334,0.7659497609581873,0.1428571428571428,0.0,7,7,0.6274182347376001,0.7103828654651675,baixo_baixo,False,0.0,0.0,0.0,0.0,0.0,0.0,0,0,0.005927670585473943,0.00010480951304669972,True
44761693000100,0.1853777391488275,0.0835499565424309,0.2852867918643209,0.7813825006443418,0.12,0.01,9,10,0.7003043149986384,0.4502692075796844,baixo_baixo,False,0.1853777391488275,0.0835499565424309,0.2852867918643209,0.7813825006443418,0.12,0.01,9,10,0.6933490566835543,0.4476852813056806,baixo_baixo,False,0.0,0.0,0.0,0.0,0.0,0.0,0,0,-0.006955258315084145,-0.002583926274003834,True
44798711000129,0.57804533780216,0.5177661003453258,0.7496108487058896,0.9491156480403764,0.1570247933884297,0.0365997638724911,8,11,0.8214194854978729,0.4469496431287167,hhi_alto,False,0.57804533780216,0.5177661003453258,0.7496108487058896,0.9491156480403764,0.1570247933884297,0.0365997638724911,8,11,0.8155675284454553,0.4442437374375639,hhi_alto,False,0.0,0.0,0.0,0.0,0.0,0.0,0,0,-0.005851957052417589,-0.00270590569115281,True
44848243000150,0.1526226227503508,0.102776894676842,0.2032060223598092,0.710785465659151,0.0661157024793388,0.011181332036947,18,22,0.8890073638128566,0.5535724820404965,baixo_baixo,False,0.1350235610050938,0.102987396597875,0.1868532057286404,0.6637276639751707,0.0465306122448979,0.0112169312169312,28,35,0.8813819311523994,0.583992552840676,baixo_baixo,False,-0.017599061745256994,0.00021050192103298782,-0.016352816631168804,-0.04705780168398033,-0.019585090234440904,3.559917998420016e-05,10,13,-0.007625432660457232,0.0304200708001795,True
44956238000160,0.2328250520928157,0.2215430675647689,0.4519400741904825,0.7058961758799163,0.0278487947406866,0.0135524534868731,69,148,0.8906504663729148,0.6139520371585804,baixo_baixo,False,0.2078255223253661,0.1974021739349104,0.4170226301713403,0.7023950843764355,0.0276708918062471,0.0148770877510662,77,188,0.903116027346967,0.6329772268048778,baixo_baixo,False,-0.024999529767449596,-0.024140893629858495,-0.03491744401914221,-0.003501091503480769,-0.00017790293443949862,0.0013246342641930996,8,40,0.01246556097405227,0.019025189646297402,True
44963013000131,0.2655703193230668,0.0819628991538334,0.3163605307158409,0.9538931591546076,0.2,3.4694469519536136e-17,5,5,0.8032643675727575,0.9961909618637113,baixo_baixo,False,0.2655703193230668,0.0819628991538334,0.3163605307158409,0.9538931591546076,0.2,3.4694469519536136e-17,5,5,0.8062091104176727,0.9964972425211772,baixo_baixo,False,0.0,0.0,0.0,0.0,0.0,0.0,0,0,0.0029447428449151936,0.00030628065746596267,True
44978239000106,0.3323553805145423,0.1654442256431779,0.499981302503217,0.9398965918729416,0.2,3.4694469519536136e-17,5,5,0.5907441762782445,0.621504419187033,baixo_baixo,False,0.0691611596601278,0.0248355005963244,0.1026205875667964,0.3899582327538265,0.0472589792060491,0.0018903591682419,22,23,0.7115146723699516,0.5128123544483264,baixo_baixo,False,-0.26319422085441446,-0.1406087250468535,-0.39736071493642056,-0.5499383591191151,-0.1527410207939509,0.0018903591682418654,17,18,0.12077049609170709,-0.10869206473870663,True
44984638000180,0.2642527650640667,0.0803159563300834,0.4149153848005585,0.909727738860403,0.2,3.4694469519536136e-17,5,5,0.6024912244601242,0.6271618223741613,baixo_baixo,False,0.4026394111325035,0.3173021841514326,0.4805088573058195,0.9472098403424636,0.125,0.0,8,8,0.8854178412880458,0.4235031714698546,hhi_alto,False,0.1383866460684368,0.23698622782134918,0.06559347250526099,0.03748210148206055,-0.07500000000000001,-3.4694469519536136e-17,3,3,0.28292661682792164,-0.20365865090430668,False
44988742000142,0.1852494610169727,0.1111812302003338,0.3094063475336809,0.7743208337285057,0.0833333333333333,1.5139404881252137e-17,12,12,0.8799430290293179,0.6796968081474194,baixo_baixo,False,0.1852494610169727,0.1111812302003338,0.3094063475336809,0.7743208337285057,0.0833333333333333,1.5139404881252137e-17,12,12,0.8785441263345287,0.6782076225959143,baixo_baixo,False,0.0,0.0,0.0,0.0,0.0,0.0,0,0,-0.0013989026947891503,-0.0014891855515051233,True
45018125000187,0.2007539235210713,0.1008481639612052,0.2672745853313418,0.8352330791604433,0.12,0.01,9,10,0.8945956531568231,0.631751416414741,baixo_baixo,False,0.1984418534590121,0.1093798371766801,0.2657080337605502,0.8303376055017193,0.1074380165289256,0.0082644628099173,10,11,0.899137488057832,0.7177720862388133,baixo_baixo,False,-0.0023120700620591905,0.008531673215474891,-0.0015665515707916078,-0.004895473658724003,-0.0125619834710744,-0.0017355371900827001,1,1,0.004541834901008901,0.0860206698240723,True
45084018000157,0.1429138831641835,0.0572052714806018,0.2427022687952983,0.6709449884517189,0.1005917159763313,0.0106508875739645,11,13,0.8291715763478053,0.9953925670994408,baixo_baixo,False,0.5334885238790045,0.4910783896861867,0.7228491823370998,0.8740330888229042,0.0918367346938775,0.0092764378478664,12,14,0.5001324150645091,0.5608567350350996,hhi_alto,False,0.39057464071482095,0.43387311820558494,0.4801469135418015,0.2030881003711853,-0.008754981282453805,-0.0013744497260980999,1,1,-0.32903916128329613,-0.4345358320643412,False
45102052000107,0.1336679900231792,0.071787132167692,0.3008501058070169,0.5351197303293016,0.0726643598615916,0.0064260998517053,15,17,0.7718053637736293,0.8701263809871497,baixo_baixo,False,0.1336679900231792,0.071787132167692,0.3008501058070169,0.5351197303293016,0.0726643598615916,0.0064260998517053,15,17,0.764316426575364,0.8659574308947403,baixo_baixo,False,0.0,0.0,0.0,0.0,0.0,0.0,0,0,-0.007488937198265266,-0.0041689500924093625,True
45123212000102,0.4630191350519156,0.1945287025778735,0.5120494862409701,1.0,0.3888888888888889,0.0833333333333333,3,6,0.950363173166656,0.3965645695364238,critico,False,0.4630191350519156,0.1945287025778735,0.5120494862409701,1.0,0.3888888888888889,0.0833333333333333,3,6,0.9472975850097732,0.3939165594559823,critico,False,0.0,0.0,0.0,0.0,0.0,0.0,0,0,-0.003065588156882737,-0.0026480100804415208,True
45138345000144,0.624955142507179,0.5499461710086148,0.7699304151624011,0.9858911439585708,0.1666666666666666,3.3306690738754695e-17,6,6,0.2692065754373194,0.3965645695364237,hhi_alto,False,0.5277390721801143,0.4490289175434666,0.6813963097468632,0.9912461394640326,0.1428571428571428,0.0,7,7,0.4197332997262237,0.3939165594559823,hhi_alto,False,-0.0972160703270647,-0.10091725346514818,-0.08853410541553797,0.005354995505461813,-0.023809523809523808,-3.3306690738754695e-17,1,1,0.1505267242889043,-0.0026480100804414097,True
45193699000191,0.3199930082720896,0.304178892185394,0.5011038418587854,0.7998875980154536,0.143982356647763,0.1240749695930598,44,138,0.9090140923689012,0.6377185513512427,baixo_baixo,False,0.3189286860775123,0.303449792579274,0.5002676079906744,0.7985527587181508,0.1419698773355416,0.1224691927295312,45,139,0.9077964422319053,0.6362934386700755,baixo_baixo,False,-0.0010643221945773051,-0.0007290996061199984,-0.000836233868111047,-0.0013348392973028256,-0.002012479312221399,-0.001605776863528599,1,1,-0.0012176501369959292,-0.0014251126811671844,True
45253346000130,0.2218721407976755,0.0662465689572106,0.3087634020470011,0.9026767904468356,0.183673469387755,0.0204081632653061,6,7,0.6986063020230111,0.411855259843445,baixo_baixo,False,0.2068043877263364,0.0746051190140591,0.29705691244834,0.8684526032916817,0.15625,0.015625,7,8,0.6808974782206345,0.408554878247078,baixo_baixo,False,-0.01506775307133909,0.008358550056848504,-0.011706489598661107,-0.03422418715515385,-0.027423469387755,-0.0047831632653061,1,1,-0.017708823802376594,-0.00330038159636703,True
45271342000184,0.1504455587326675,0.0796493552937231,0.2676478272541445,0.6645083430226596,0.0859375,0.0097656249999999,13,16,0.699659461595869,0.6058644550360559,baixo_baixo,False,0.1504455587326675,0.0796493552937231,0.2676478272541445,0.6645083430226596,0.0859375,0.0097656249999999,13,16,0.6942210630013853,0.6021829805450807,baixo_baixo,False,0.0,0.0,0.0,0.0,0.0,0.0,0,0,-0.0054383985944836954,-0.003681474490975223,True
45289329000152,0.3056745205456636,0.1668094246547963,0.3751029492719642,0.9774567921570226,0.1666666666666666,3.3306690738754695e-17,6,6,0.8645373597018416,0.5975764840126561,baixo_baixo,False,0.3056745205456636,0.1668094246547963,0.3751029492719642,0.9774567921570226,0.1666666666666666,3.3306690738754695e-17,6,6,0.8624487515743696,0.5959723335087477,baixo_baixo,False,0.0,0.0,0.0,0.0,0.0,0.0,0,0,-0.0020886081274720247,-0.0016041505039083859,True
45310125000156,0.4022145890492219,0.3357939878324688,0.6131175604824863,0.8678799017590623,0.1111111111111111,0.0123456790123456,10,12,0.2826904891684934,0.5035899968210781,hhi_alto,False,0.4022145890492219,0.3357939878324688,0.6131175604824863,0.8678799017590623,0.1111111111111111,0.0123456790123456,10,12,0.2843525875809939,0.5068575043836674,hhi_alto,False,0.0,0.0,0.0,0.0,0.0,0.0,0,0,0.0016620984125005345,0.0032675075625893113,True
45316509000186,0.1397144559395381,0.130363526112794,0.2783762093826211,0.6342892511034086,0.0266658057851239,0.0160860862827883,93,176,0.9635889664531024,0.4748045086325002,oculta,True,0.1422140394725294,0.1336361798672546,0.2889372673430763,0.6346465198781344,0.0256903576278859,0.0159472612041647,101,188,0.9606267362774016,0.4769962011158606,oculta,True,0.0024995835329912897,0.0032726537544605916,0.0105610579604552,0.0003572687747257497,-0.0009754481572380007,-0.00013882507862359936,8,12,-0.002962230175700853,0.00219169248336043,True
45359973000150,0.1767306581558407,0.1437998844820744,0.3602411449436239,0.670974576730626,0.0444444444444444,0.0062222222222222,26,30,0.9203150534583316,0.5171305988158165,baixo_baixo,False,0.1657531122513194,0.1369859781910201,0.3481562802705368,0.6484656627082134,0.0385802469135802,0.0054278416347382,30,36,0.915703819594509,0.5170698500843911,baixo_baixo,False,-0.010977545904521296,-0.0068139062910543,-0.012084864673087115,-0.02250891402241262,-0.005864197530864194,-0.0007943805874840006,4,6,-0.004611233863822672,-6.074873142536408e-05,True
45374865000156,0.8369978843646795,0.7962473554558493,0.9136679957692826,0.9909245634564956,0.2,3.4694469519536136e-17,5,5,0.9870813937754356,0.4455956405048656,critico,False,0.8369978843646795,0.7962473554558493,0.9136679957692826,0.9909245634564956,0.2,3.4694469519536136e-17,5,5,0.9864838661710555,0.4431528805493897,critico,False,0.0,0.0,0.0,0.0,0.0,0.0,0,0,-0.0005975276043800326,-0.0024427599554758817,True
45400604000163,0.0629144110258771,0.0182912877413951,0.0833715768964929,0.3168989754081616,0.0472589792060491,0.0018903591682419,22,23,0.6519639913475593,0.6260215333275685,baixo_baixo,False,0.0629144110258771,0.0182912877413951,0.0833715768964929,0.3168989754081616,0.0472589792060491,0.0018903591682419,22,23,0.6471886115510146,0.625817909465451,baixo_baixo,False,0.0,0.0,0.0,0.0,0.0,0.0,0,0,-0.004775379796544743,-0.00020362386211747463,True
45509650000103,0.3040257446839977,0.2761867744713576,0.437784033819568,0.8345466207405604,0.0408163265306122,0.0024489795918367,26,28,0.7356082801279339,0.4907111492684015,baixo_baixo,False,0.2372115625119105,0.2078735456854455,0.3602384781356469,0.8358633959396703,0.04,0.003076923076923,27,30,0.722390655677482,0.4727850796393057,baixo_baixo,False,-0.06681418217208718,-0.06831322878591209,-0.07754555568392107,0.0013167751991098875,-0.0008163265306121992,0.0006279434850863003,1,2,-0.013217624450451937,-0.017926069629095764,True
45519461000103,0.2562948388289542,0.1990867495081045,0.4687301598442586,0.7485214934948954,0.1172839506172839,0.0493827160493827,14,18,0.7323853504056007,0.5438955837264348,baixo_baixo,False,0.2102080921711102,0.1537943844690466,0.4060326835944458,0.7377473404674274,0.1080332409972299,0.0443213296398891,15,19,0.7585371955446497,0.5814296261410529,baixo_baixo,False,-0.04608674665784401,-0.0452923650390579,-0.06269747624981281,-0.010774153027467981,-0.009250709620054004,-0.0050613864094936,1,1,0.026151845139049,0.03753404241461811,True
45557047000199,0.6880739221553556,0.6534154690615062,0.8251331314749437,0.9555199711217248,0.1,3.0839528461809905e-17,10,10,0.9252787632197592,0.4215718833687514,critico,False,0.687140669398387,0.6558547363382257,0.8245730903162216,0.9548714327327104,0.0909090909090909,0.0,11,11,0.9214347976099786,0.418965040611312,hhi_alto,False,-0.0009332527569685389,0.0024392672767195034,-0.0005600411587221021,-0.0006485383890144636,-0.009090909090909108,-3.0839528461809905e-17,1,1,-0.0038439656097806196,-0.002606842757439387,False
45561894000127,0.6584826821679132,0.6157930174389025,0.7967968374231353,0.9860993935458356,0.1111111111111111,0.0,9,9,0.8730587400646568,0.5087464284058514,hhi_alto,False,0.6554360829862198,0.6123655933594973,0.7949434112460725,0.9838056313929956,0.12,0.01,9,10,0.8672588011415878,0.5116054916468071,hhi_alto,False,-0.0030465991816933657,-0.003427424079405217,-0.0018534261770628557,-0.002293762152840051,0.00888888888888889,0.01,0,1,-0.005799938923068959,0.0028590632409557504,True
45579061000193,0.1577099690488816,0.1109160784404862,0.333522548804996,0.620424904407924,0.1492561983471074,0.1019926538108356,19,110,0.72630710327859,0.5357419651058367,baixo_baixo,False,0.1621605670850953,0.1156139319231561,0.3396012203619079,0.6319996061579551,0.1353717957771343,0.0873368955425307,19,119,0.7290269458166324,0.5406874226896802,baixo_baixo,False,0.004450598036213699,0.004697853482669892,0.006078671556911885,0.011574701750031169,-0.013884402569973114,-0.014655758268304897,0,9,0.0027198425380423608,0.00494545758384346,True
45704567000187,0.0760852921358985,0.0217373681438925,0.1525105887208106,0.4133922241361634,0.065398335315101,0.0104217668042246,18,29,0.6594418673583882,0.6671197504224454,baixo_baixo,False,0.0760852921358985,0.0217373681438925,0.1525105887208106,0.4133922241361634,0.065398335315101,0.0104217668042246,18,29,0.6535183319323862,0.6637126388017258,baixo_baixo,False,0.0,0.0,0.0,0.0,0.0,0.0,0,0,-0.005923535426001991,-0.003407111620719605,True
45742707000101,0.0293069822278808,0.0184003191068457,0.0708213844504167,0.2332013398216805,0.0124951941560938,0.0013996345398701,90,102,0.7791438256400735,0.6729770084570905,baixo_baixo,False,0.0306652706771005,0.0210678971194481,0.0808795263715261,0.2477894333910958,0.0109264389042782,0.001133631368677,102,114,0.7851912969154481,0.6560359831917338,baixo_baixo,False,0.0013582884492196988,0.0026675780126023986,0.01005814192110939,0.014588093569415289,-0.0015687552518156012,-0.0002660031711931002,12,12,0.0060474712753746385,-0.01694102526535668,True
45743580000145,0.1110016661006162,0.0122240734451292,0.1110562531832123,0.4442250127328492,0.1,3.0839528461809905e-17,10,10,0.9803912661556656,0.8066283956142747,oculta,True,0.108220134854059,0.0190421483394649,0.1095645294771888,0.4382581179087555,0.0909090909090909,0.0,11,11,0.9777639664978026,0.8057735561405579,oculta,True,-0.002781531246557195,0.0068180748943357,-0.001491723706023504,-0.0059668948240936825,-0.009090909090909108,-3.0839528461809905e-17,1,1,-0.0026272996578630137,-0.0008548394737167841,True
45767829000152,0.0784095592396782,0.0714278134763425,0.2543406142573174,0.3719572851194375,0.009449778997104,0.001945610656173,133,162,0.8565969366816637,0.6592714977240459,baixo_baixo,False,0.0744277412676579,0.0678165108481412,0.2473356897390247,0.3617130199087909,0.0090547629389555,0.0019765826742337,141,173,0.8502876316966108,0.7748852654751345,baixo_baixo,False,-0.003981817972020296,-0.0036113026282012933,-0.00700492451829271,-0.010244265210646586,-0.0003950160581485014,3.097201806069984e-05,8,11,-0.006309304985052888,0.11561376775108856,True
45788709000131,0.1049291328253643,0.0660130081655976,0.1635164249466839,0.5839767913608833,0.070154577883472,0.0297265160523186,24,58,0.6375873404572611,0.6709520786692814,baixo_baixo,False,0.1106971136069332,0.0736428266738887,0.201219323626518,0.6002289767351053,0.0794306703397612,0.0410736149372512,25,66,0.6474265297385868,0.6881903024322559,baixo_baixo,False,0.005767980781568899,0.0076298185082911,0.03770289867983412,0.016252185374222017,0.0092760924562892,0.011347098884932603,1,8,0.009839189281325766,0.01723822376297446,True
45806848000140,0.659872863196049,0.6258601495156538,0.8073393871469681,0.947134182318118,0.1124260355029586,0.0236686390532544,11,13,0.915665891540398,0.8741702861240978,hhi_alto,False,0.3890929279764306,0.3569399241857164,0.5699314684419973,0.8897932353143291,0.0578512396694214,0.0082644628099173,20,22,0.8904002419817305,0.7437044196273485,hhi_alto,False,-0.2707799352196184,-0.2689202253299374,-0.2374079187049708,-0.05734094700378889,-0.0545747958335372,-0.015404176243337099,9,9,-0.025265649558667502,-0.1304658664967493,True
45812676000118,0.3030164581369652,0.2158935154040858,0.4538552516119186,0.9067662431803442,0.12,0.01,9,10,0.5765562399109013,0.7760047583151606,baixo_baixo,False,0.259744832861231,0.1774942587347011,0.413878282349462,0.8806655591410009,0.1074380165289256,0.0082644628099173,10,11,0.5633702456033234,0.7474643787616734,baixo_baixo,False,-0.043271625275734193,-0.03839925666938471,-0.039976969262456585,-0.02610068403934329,-0.0125619834710744,-0.0017355371900827001,1,1,-0.013185994307577942,-0.028540379553487205,True
45845902000167,0.2184408269051956,0.1533108958139618,0.4126777684889549,0.7348194008102497,0.109375,0.0351562499999999,13,16,0.775001986968832,0.5893515472833012,baixo_baixo,False,0.217497424481919,0.1573049186728359,0.4117811994797317,0.7332229583739277,0.1003460207612456,0.0311418685121107,14,17,0.7665741080526319,0.5861816534311541,baixo_baixo,False,-0.0009434024232765903,0.003994022858874097,-0.0008965690092231915,-0.0015964424363219543,-0.009028979238754398,-0.004014381487889202,1,1,-0.008427878916200116,-0.0031698938521470543,True
45875880000188,0.2466662330948937,0.0583327913686171,0.3147101233663683,0.94069716875329,0.2,3.4694469519536136e-17,5,5,0.5428147060497555,0.5381515598481267,baixo_baixo,False,0.1981974762228934,0.0645637222600423,0.3073950465483928,0.8285028397447158,0.1428571428571428,0.0,7,7,0.5845769075928646,0.5139228608647713,baixo_baixo,False,-0.04846875687200028,0.0062309308914252,-0.007315076817975497,-0.11219432900857418,-0.05714285714285722,-3.4694469519536136e-17,2,2,0.04176220154310917,-0.024228698983355335,True
45916929000101,0.3264361193228137,0.2590797312550951,0.5352202176062374,0.8385459588143813,0.3458434978419967,0.2804278476261964,11,73,0.8965735245734362,0.4041093011421682,baixo_baixo,False,0.3335530623020712,0.2965282324299641,0.5423712664519617,0.8387117858078836,0.1627983539094649,0.1162871513488797,19,135,0.8975392078968709,0.4031278169261554,baixo_baixo,False,0.007116942979257523,0.03744850117486903,0.007151048845724262,0.000165826993502316,-0.1830451439325318,-0.1641406962773167,8,62,0.0009656833234347184,-0.0009814842160127957,True
45959954000164,0.2241330797469537,0.1644510089582578,0.4287761584090732,0.7145381913678832,0.0755555555555555,0.0044444444444444,14,15,0.6347324842439067,0.4811523192121902,baixo_baixo,False,0.175757312915158,0.1345451785609159,0.3746510100180654,0.6243408124316887,0.0559999999999999,0.0087999999999999,21,25,0.5972949831031902,0.4732886646694084,baixo_baixo,False,-0.0483757668317957,-0.029905830397341876,-0.054125148391007794,-0.0901973789361945,-0.019555555555555604,0.0043555555555555,7,10,-0.037437501140716534,-0.007863654542781817,True
45960936000100,0.301712747396533,0.2318840221361863,0.4473601252985964,0.8992927309127813,0.0972222222222222,0.0069444444444444,11,12,0.87228827966756,0.7433439206738749,baixo_baixo,False,0.301712747396533,0.2318840221361863,0.4473601252985964,0.8992927309127813,0.0972222222222222,0.0069444444444444,11,12,0.874438036840605,0.7390406951792504,baixo_baixo,False,0.0,0.0,0.0,0.0,0.0,0.0,0,0,0.002149757173044997,-0.004303225494624474,True
45965982000194,0.3481618084076503,0.3271347699691874,0.5740713321983493,0.7778995678877276,0.0373961218836565,0.0063443838799034,32,38,0.8997252272733306,0.4852066588727645,baixo_baixo,False,0.2718974076743826,0.252736813139498,0.501719087384293,0.694633101386782,0.0302457466918714,0.0047258979206049,39,46,0.8887294217653526,0.5032195062157409,baixo_baixo,False,-0.07626440073326773,-0.07439795682968942,-0.07235224481405622,-0.0832664665009456,-0.007150375191785099,-0.0016184859592984994,7,8,-0.010995805507977963,0.018012847342976368,True
46008811000130,0.1701101594405299,0.1009526727272407,0.3088261567611781,0.7493926175842527,0.1024930747922437,0.0277008310249307,13,19,0.4732064494469061,0.5419071594510309,baixo_baixo,False,0.1089632490337895,0.0702225207309108,0.2219259231181701,0.5744178276474021,0.0533333333333333,0.0121739130434782,24,30,0.4611975460852474,0.5426951102057256,baixo_baixo,False,-0.061146910406740404,-0.030730151996329905,-0.08690023364300797,-0.17497478993685056,-0.0491597414589104,-0.015526917981452499,11,11,-0.012008903361658718,0.0007879507546947329,True
46077256000106,0.8699402017522231,0.8439282421026677,0.931630395096916,0.9976684523755122,0.183673469387755,0.0204081632653061,6,7,0.8997151598812227,0.4020095608960432,hhi_alto,False,0.8699402017522231,0.8439282421026677,0.931630395096916,0.9976684523755122,0.183673469387755,0.0204081632653061,6,7,0.8966785522782397,0.3993346650968589,hhi_alto,False,0.0,0.0,0.0,0.0,0.0,0.0,0,0,-0.003036607602983077,-0.0026748957991843403,True
46139952000191,0.0818454742972678,0.0749420568107812,0.1771529467661516,0.4956243750326992,0.0116244731402185,0.0041930782014231,134,193,0.9013653182324776,0.6446804374487956,baixo_baixo,False,0.0726256755077555,0.0664431800111406,0.1583077507470661,0.4630382157683621,0.0124122476847394,0.005828329335971,151,239,0.9004516822980819,0.633035026127089,baixo_baixo,False,-0.00921979878951229,-0.008498876799640592,-0.01884519601908549,-0.032586159264337056,0.0007877745445209004,0.0016352511345479005,17,46,-0.0009136359343956402,-0.0116454113217066,True
46190305000104,0.1888742418671123,0.1685960979137901,0.383947961271347,0.676128527885288,0.1666503793603684,0.1458166388443776,41,1497,0.9154327057415752,0.5509344048532594,baixo_baixo,False,0.2152916156202741,0.2004857970470718,0.3879136135931481,0.7370702507824698,0.1621228975735551,0.1463138956409806,54,1714,0.9361331251347016,0.4925409579864251,oculta,True,0.026417373753161805,0.03188969913328171,0.003965652321801072,0.060941722897181805,-0.004527481786813281,0.0004972567966030073,13,217,0.02070041939312639,-0.05839344686683429,False
46251021000180,0.2260078198227034,0.206658015318271,0.4230468038456607,0.7653623185808706,0.0295710120783007,0.0053102873802582,41,49,0.9573964273962884,0.5894241590311247,oculta,True,0.2003625929742291,0.183349031122617,0.397316751781365,0.7188123573800753,0.0249307479224376,0.004184593622915,48,57,0.9509507505655138,0.5958792660879728,oculta,True,-0.025645226848474312,-0.023308984195653998,-0.025730052064295683,-0.04654996120079524,-0.004640264155863098,-0.0011256937573432,7,8,-0.0064456768307745715,0.006455107056848153,True
46335839000181,0.1961971955663295,0.1627054120482599,0.3922074036348985,0.6857640749995897,0.0459183673469387,0.0061649659863945,25,28,0.6524403970979562,0.6688789995342093,baixo_baixo,False,0.167952953209178,0.1402180516494839,0.3610344140384998,0.6312589428235382,0.0422367638310529,0.0103113226254213,31,41,0.6250684561919708,0.6539193989176619,baixo_baixo,False,-0.028244242357151506,-0.022487360398775996,-0.031172989596398692,-0.05450513217605146,-0.003681603515885805,0.0041463566390268,6,13,-0.02737194090598538,-0.01495960061654733,True
46378766000105,0.4067713142680494,0.3408570158533883,0.6107816210760831,0.8811860058472386,0.1,3.0839528461809905e-17,10,10,0.909329565013076,0.8928754204072873,hhi_alto,False,0.4067713142680494,0.3408570158533883,0.6107816210760831,0.8811860058472386,0.1,3.0839528461809905e-17,10,10,0.926618521292489,0.9066417811077672,hhi_alto,False,0.0,0.0,0.0,0.0,0.0,0.0,0,0,0.01728895627941296,0.013766360700479874,True
46392072000122,0.279095621297256,0.2135588595970066,0.4787651962580314,0.8007493078673115,0.0887573964497041,0.0059171597633136,12,13,0.7322394920901225,0.8130003219591808,baixo_baixo,False,0.189686761716819,0.1318072446965917,0.3141746777312501,0.7433941940072951,0.0726643598615916,0.0064260998517053,15,17,0.7501534651403263,0.8592730958567424,baixo_baixo,False,-0.08940885958043701,-0.08175161490041491,-0.1645905185267813,-0.05735511386001635,-0.016093036588112494,0.0005089400883917005,3,4,0.017913973050203813,0.04627277389756157,True
46392114000125,0.8998340369863058,0.8993040583460217,0.9484625167143048,0.9737140886839464,0.007876468494126,0.0026271376395975,190,424,0.9962356374626944,0.3989677425304898,critico,False,0.810852597865298,0.8099254047175788,0.9000308013901215,0.9380581637544824,0.0073909468243402,0.0025252161715183,205,452,0.995912706788819,0.4037220609663745,critico,False,-0.08898143912100787,-0.08937865362844288,-0.04843171532418333,-0.03565592492946401,-0.0004855216697857998,-0.00010192146807920001,15,28,-0.00032293067387534347,0.004754318435884697,True
46392122000171,0.2356277765848438,0.1768299132452163,0.3463921681204207,0.9069115239222854,0.0859375,0.015625,14,16,0.9637274876552536,0.5586962519198944,oculta,True,0.2356277765848438,0.1768299132452163,0.3463921681204207,0.9069115239222854,0.0859375,0.015625,14,16,0.96414731113413,0.634029633476932,oculta,True,0.0,0.0,0.0,0.0,0.0,0.0,0,0,0.00041982347887636884,0.07533338155703762,True
46392130000118,0.1560621858929929,0.0997996649525257,0.2759268077672674,0.7004872253808868,0.07,0.008,16,20,0.7376304359245615,0.6759132675236388,baixo_baixo,False,0.1221298070223076,0.0733592407457691,0.2177926737836754,0.6160592625261494,0.0625,0.0104166666666666,19,24,0.7527378890650037,0.7271286082408983,baixo_baixo,False,-0.0339323788706853,-0.026440424206756588,-0.05813413398359202,-0.08442796285473742,-0.007500000000000007,0.0024166666666666,3,4,0.015107453140442262,0.05121534071725953,True
46392171000104,0.9055558296938112,0.8920638053643557,0.951124740989415,0.9996631961145908,0.1900826446280991,0.0743801652892562,8,11,0.9992983194588394,0.828562910021986,critico,False,0.9055558296938112,0.8920638053643557,0.951124740989415,0.9996631961145908,0.1900826446280991,0.0743801652892562,8,11,0.9992702343665736,0.8345725929999782,critico,False,0.0,0.0,0.0,0.0,0.0,0.0,0,0,-2.8085092265817124e-05,0.006009682977992203,True
46395000000139,0.3712060982847825,0.3228373366143812,0.5755383771555946,0.8915979087251004,0.0755555555555555,0.0044444444444444,14,15,0.9687395903174142,0.4076927589183624,critico,False,0.3712060982847825,0.3228373366143812,0.5755383771555946,0.8915979087251004,0.0755555555555555,0.0044444444444444,14,15,0.9674149279353592,0.4063299733418615,critico,False,0.0,0.0,0.0,0.0,0.0,0.0,0,0,-0.0013246623820549752,-0.00136278557650088,True
46439865000150,0.4199601316045983,0.3672292344777437,0.6154146459361468,0.8976787714539373,0.0887573964497041,0.0059171597633136,12,13,0.9646787879595572,0.4732689232564452,critico,False,0.4122819274975681,0.3633054214556987,0.6096990375614925,0.8893416603082206,0.0816326530612245,0.0051020408163265,13,14,0.9596854436563068,0.4698354094444492,critico,False,-0.007678204107030184,-0.003923813022044975,-0.005715608374654346,-0.008337111145716669,-0.0071247433884795985,-0.0008151189469870999,1,1,-0.00499334430325038,-0.003433513811996025,True
46497148000184,0.3407378081747472,0.2308607762038717,0.4581741080407441,0.969549043896369,0.1428571428571428,0.0,7,7,0.9067460334570512,0.6577909179883379,baixo_baixo,False,0.3407378081747472,0.2308607762038717,0.4581741080407441,0.969549043896369,0.1428571428571428,0.0,7,7,0.9023830374853968,0.6549829834232573,baixo_baixo,False,0.0,0.0,0.0,0.0,0.0,0.0,0,0,-0.004362995971654349,-0.00280793456508055,True
46561593000166,0.073427089290683,0.0403351996224931,0.1432396908827787,0.4668469994691676,0.0401662049861495,0.0058864265927977,29,38,0.4708152317469814,0.4670381836008188,baixo_baixo,False,0.1108257190891029,0.0861264335082447,0.2775650150009212,0.5312767998696726,0.035755478662053,0.0089709086248878,37,51,0.5748779334984148,0.4481503614744417,baixo_baixo,False,0.03739862979841989,0.0457912338857516,0.1343253241181425,0.064429800400505,-0.004410726324096496,0.003084482032090099,8,13,0.10406270175143334,-0.018887822126377074,True
46622085000140,0.3491902881301172,0.2407220028184701,0.5551444060133737,0.8718542896440034,0.1428571428571428,0.0,7,7,0.6292790774686895,0.4029945326827847,baixo_baixo,False,0.1943667476108562,0.1048519417898402,0.3363434389401279,0.7474298643113955,0.1,3.0839528461809905e-17,10,10,0.6585008994344824,0.5146185837705032,baixo_baixo,False,-0.154823540519261,-0.1358700610286299,-0.21880096707324576,-0.12442442533260789,-0.04285714285714279,3.0839528461809905e-17,3,3,0.029221821965792927,0.1116240510877185,True
46634242000138,0.2116119825922641,0.1824124263919776,0.391154331210489,0.7399072096789143,0.0377777777777777,0.0021399176954732,28,30,0.8832745884649716,0.4604504830630645,baixo_baixo,False,0.1229097445281368,0.0971129723083761,0.2499060327361442,0.619916313471971,0.0325,0.0040441176470588,35,40,0.8878148043936809,0.4582693223455637,baixo_baixo,False,-0.0887022380641273,-0.08529945408360151,-0.14124829847434478,-0.11999089620694336,-0.005277777777777701,0.0019041999515855995,7,10,0.004540215928709235,-0.0021811607175007963,True
46675997000180,0.0512864959373219,0.045986420495631,0.1295673863849113,0.4051652544663547,0.0122385652604395,0.0067203449546319,180,313,0.7191374681514898,0.5681160812254092,baixo_baixo,False,0.0945491437968268,0.0899529465572168,0.2174288606202865,0.5398206148448945,0.0126369768932572,0.0076249818521062,198,362,0.8261437433580244,0.6224896213860138,baixo_baixo,False,0.0432626478595049,0.043966526061585805,0.08786147423537519,0.1346553603785398,0.0003984116328177006,0.0009046368974743001,18,49,0.1070062752065346,0.05437354016060458,True
46709309000156,0.2275575411243983,0.2226994124522247,0.4585697707535406,0.6431313105188303,0.0119231844241899,0.0057088648293735,160,383,0.8113235967180771,0.7134175198771285,baixo_baixo,False,0.2021550022552106,0.1973195780264543,0.4188444211093838,0.6626514602135734,0.012254944246042,0.0062686105748059,166,417,0.8314203687698066,0.6873604338621817,baixo_baixo,False,-0.025402538869187696,-0.02537983442577038,-0.039725349644156804,0.019520149694743028,0.00033175982185209944,0.0005597457454324002,6,34,0.02009677205172955,-0.02605708601494683,True
46711362000191,0.0553150499068707,0.0248413418393504,0.1171716744609179,0.373803113633472,0.03125,0.0,32,32,0.4669001121186811,0.6955752642789532,baixo_baixo,False,0.0480191225844341,0.0208196689439894,0.106267090087117,0.3390151189192267,0.0277777777777777,0.0,36,36,0.4572983046216787,0.6819416174801581,baixo_baixo,False,-0.007295927322436599,-0.004021672895361001,-0.010904584373800902,-0.03478799471424532,-0.0034722222222223,0.0,4,4,-0.009601807497002401,-0.013633646798795085,True
46712907000184,0.072199893335408,0.0515821131873059,0.165041089463329,0.4641866568804583,0.0495380990761981,0.0284167235001136,46,127,0.4042567162408745,0.4872306197949604,baixo_baixo,False,0.0610719783034293,0.0433563552525506,0.1430242007111705,0.4145718921857669,0.046398891966759,0.0284064182302827,54,152,0.4036803901786522,0.4741681317089242,baixo_baixo,False,-0.011127915031978693,-0.008225757934755301,-0.022016888752158487,-0.04961476469469139,-0.0031392071094391016,-1.0305269830902797e-05,8,25,-0.0005763260622222988,-0.013062488086036217,True
46755690000190,0.3150947584840569,0.2528306456189712,0.4448514928469523,0.8938015794046914,0.0833333333333333,1.5139404881252137e-17,12,12,0.9561765155321272,0.9250955631545958,oculta,True,0.3150947584840569,0.2528306456189712,0.4448514928469523,0.8938015794046914,0.0833333333333333,1.5139404881252137e-17,12,12,0.954671400966887,0.9257499881852512,oculta,True,0.0,0.0,0.0,0.0,0.0,0.0,0,0,-0.001505114565240273,0.0006544250306553812,True
46854998000192,0.3516728272144182,0.3402986662883554,0.5337518223915945,0.8745876086245987,0.018210197710718,0.0009858152144148,58,62,0.9595408126762838,0.4321509224258171,oculta,True,0.337197297267274,0.3268410050370751,0.5225007893901586,0.8561520480616543,0.0161730728838479,0.000800777147658,65,69,0.9570857153686344,0.4390764179961702,oculta,True,-0.014475529947144239,-0.01345766125128034,-0.011251033001435817,-0.018435560562944375,-0.002037124826870098,-0.00018503806675680007,7,7,-0.0024550973076493676,0.006925495570353102,True
46965083000154,0.1669028183606794,0.1465833749060618,0.3515430246500267,0.6603626189740013,0.0243374797187669,0.0005408328826392,42,43,0.9169398444679436,0.7117397007852287,baixo_baixo,False,0.1540228385635145,0.1347960848945034,0.3366559748515802,0.6323977597551746,0.0226843100189035,0.0004725897920604,45,46,0.9107144103231464,0.7164448460952674,baixo_baixo,False,-0.012879979797164903,-0.011787290011558399,-0.014887049798446461,-0.027964859218826632,-0.0016531696998633993,-6.82430905788e-05,3,3,-0.006225434144797259,0.004705145310038628,True
46969952000119,0.4293196554958125,0.3151835865949751,0.5689239369166843,0.9559578116623708,0.8086785009861933,0.770414201183432,6,78,0.8505199371142123,0.5405099463388574,hhi_alto,False,0.3947648727163151,0.3191104818058545,0.5451151594471622,0.9159521354528748,0.7325996430696013,0.6991745984533015,9,82,0.8253874650234072,0.5311569790815907,hhi_alto,False,-0.03455478277949742,0.003926895210879411,-0.023808777469522147,-0.04000567620949602,-0.07607885791659197,-0.07123960273013041,3,4,-0.025132472090805047,-0.009352967257266753,True
47018676000176,0.2237629578973018,0.184951105792167,0.4196412997766714,0.7597291342553135,0.0476190476190476,0.0,21,21,0.9851682176716824,0.4754971236618943,oculta,True,0.1964248056202452,0.1614867536906907,0.3016972778851617,0.7619115827912818,0.0416666666666666,0.0,24,24,0.9876283334683452,0.5858654881318506,oculta,True,-0.027338152277056604,-0.023464352101476293,-0.11794402189150971,0.0021824485359682733,-0.005952380952381001,0.0,3,3,0.0024601157966628318,0.11036836446995629,True
47223323000108,0.1111111111111111,0.0,0.1111111111111111,0.4444444444444444,0.1111111111111111,0.0,9,9,0.0820226269315673,0.4465530721118469,baixo_baixo,False,0.1111111111111111,0.0,0.1111111111111111,0.4444444444444444,0.1111111111111111,0.0,9,9,0.1119892176683207,0.4517980763340072,baixo_baixo,False,0.0,0.0,0.0,0.0,0.0,0.0,0,0,0.02996659073675341,0.005245004222160288,True
47987136000109,0.1553859245537242,0.1169943756698026,0.3296500108313575,0.6430995825589862,0.0577777777777777,0.0149494949494949,23,30,0.2114817116725791,0.4158772844070298,baixo_baixo,False,0.1553859245537242,0.1169943756698026,0.3296500108313575,0.6430995825589862,0.0577777777777777,0.0149494949494949,23,30,0.2092441979049141,0.4134228824368104,baixo_baixo,False,0.0,0.0,0.0,0.0,0.0,0.0,0,0,-0.0022375137676649837,-0.0024544019702193998,True
48128296000157,0.4489789892029198,0.1734684838043797,0.6085917526743809,1.0,0.3888888888888889,0.0833333333333333,3,6,0.9663995311990144,0.3965645695364238,critico,False,0.3557258116311607,0.1409677488415476,0.5282933716552235,1.0,0.3061224489795918,0.0748299319727891,4,7,0.9596607098866768,0.3939165594559823,critico,False,-0.0932531775717591,-0.032500734962832095,-0.08029838101915743,0.0,-0.08276643990929711,-0.0085034013605442,1,1,-0.006738821312337606,-0.0026480100804415208,True
48197395000190,0.0989490345082124,0.078925679719506,0.2162771426983813,0.5513997523465586,0.0296888888888888,0.0081264197530864,46,75,0.9019298886908712,0.786867813497815,baixo_baixo,False,0.0989490345082124,0.078925679719506,0.2162771426983813,0.5513997523465586,0.0296888888888888,0.0081264197530864,46,75,0.8990565717395844,0.791208411581226,baixo_baixo,False,0.0,0.0,0.0,0.0,0.0,0.0,0,0,-0.002873316951286786,0.004340598083411029,True
48211262000121,0.2345274261390611,0.2132642990873684,0.4574717496676015,0.6820339481074289,0.0282708744247205,0.0012783987142961,37,39,0.8643608563088435,0.7108591757769898,baixo_baixo,False,0.1551690377427296,0.1359683340550644,0.34318577990856,0.6196278851384485,0.0251479289940828,0.0029922001075847,45,52,0.8641683219859011,0.7254720375908827,baixo_baixo,False,-0.0793583883963315,-0.07729596503230401,-0.11428596975904154,-0.062406062968980436,-0.003122945430637701,0.0017138013932885999,8,13,-0.000192534322942417,0.014612861813892986,True
48344022000103,0.112653813438472,0.0443964144722006,0.1719621181704674,0.5655432663339786,0.0755555555555555,0.0044444444444444,14,15,0.6263902727577033,0.7344924878322959,baixo_baixo,False,0.112653813438472,0.0443964144722006,0.1719621181704674,0.5655432663339786,0.0755555555555555,0.0044444444444444,14,15,0.6355582742892918,0.7339318363988047,baixo_baixo,False,0.0,0.0,0.0,0.0,0.0,0.0,0,0,0.009168001531588477,-0.000560651433491266,True
48626721000138,0.2364654624362808,0.1410236452408159,0.370327731159481,0.8412770149150967,0.1111111111111111,0.0,9,9,0.8417135415053278,0.4849557717370325,baixo_baixo,False,0.2364654624362808,0.1410236452408159,0.370327731159481,0.8412770149150967,0.1111111111111111,0.0,9,9,0.8356925094923434,0.4820956417605907,baixo_baixo,False,0.0,0.0,0.0,0.0,0.0,0.0,0,0,-0.006021032012984429,-0.0028601299764418053,True
48962625000160,0.2774863667433334,0.2710924407853098,0.4730316077561861,0.7912184095079948,0.0123186682520808,0.0035781254932497,114,145,0.8964630161395333,0.534214749316655,baixo_baixo,False,0.2224512984327624,0.2159717259197021,0.3370149277272544,0.8701252453532939,0.0115533816832518,0.0033163265306122,121,154,0.949249633896612,0.457351596847988,oculta,True,-0.05503506831057098,-0.05512071486560771,-0.1360166800289317,0.07890683584529912,-0.000765286568829,-0.0002617989626374998,7,9,0.05278661775707871,-0.07686315246866704,False
48971139000109,0.5527260855878809,0.5183203998638718,0.7364702651894155,0.8892119283521484,0.0714285714285714,0.0,14,14,0.5943495944648589,0.4136295242299909,hhi_alto,False,0.5527260855878809,0.5183203998638718,0.7364702651894155,0.8892119283521484,0.0714285714285714,0.0,14,14,0.5904059056929171,0.4114400859996329,hhi_alto,False,0.0,0.0,0.0,0.0,0.0,0.0,0,0,-0.0039436887719418445,-0.0021894382303579984,True
49032506000171,0.5613553613075921,0.4736264335691105,0.7343579560583655,0.9794093131361804,0.183673469387755,0.0204081632653061,6,7,0.903870897640478,0.5165200891812949,hhi_alto,False,0.5307210467594542,0.4525078878860298,0.7134960420245408,0.9515858889790512,0.15625,0.015625,7,8,0.8904904361845543,0.5179382753831384,hhi_alto,False,-0.03063431454813792,-0.02111854568308069,-0.020861914033824758,-0.02782342415712924,-0.027423469387755,-0.0047831632653061,1,1,-0.013380461455923753,0.0014181862018435298,True
49095809000133,0.2246894362035719,0.1471583798239291,0.3981208694959789,0.787394608558714,0.0909090909090909,0.0,11,11,0.8186265724602539,0.7549688688668367,baixo_baixo,False,0.2246894362035719,0.1471583798239291,0.3981208694959789,0.787394608558714,0.0909090909090909,0.0,11,11,0.8137795593078966,0.7517519188984447,baixo_baixo,False,0.0,0.0,0.0,0.0,0.0,0.0,0,0,-0.00484701315235736,-0.0032169499683919467,True
49123521000125,0.1528864631553645,0.1083015401635416,0.2813862811105524,0.7117068567486144,0.0578512396694214,0.0082644628099173,20,22,0.8095628966262124,0.4258816880461541,baixo_baixo,False,0.1459502939660219,0.103247808664323,0.2739999917609892,0.6930248060272145,0.0555555555555555,0.0083333333333333,21,24,0.8024221255124518,0.4261010473008957,baixo_baixo,False,-0.006936169189342589,-0.005053731499218603,-0.007386289349563202,-0.018682050721399945,-0.002295684113865902,6.887052341600017e-05,1,2,-0.007140771113760547,0.00021935925474159124,True
49139093000129,0.5126511073220948,0.5043909565987406,0.7112164611186149,0.8316532420520427,0.034792899408284,0.0184334570253735,60,130,0.9019684746243762,0.4875762132184295,hhi_alto,False,0.3147248479094173,0.3038474645429002,0.5423535901022214,0.7528696339143223,0.0318070932632764,0.016438951886503,64,146,0.8946638355563222,0.499471761083064,baixo_baixo,False,-0.19792625941267755,-0.20054349205584038,-0.16886287101639352,-0.07878360813772045,-0.0029858061450075968,-0.001994505138870499,4,16,-0.0073046390680540085,0.011895547864634537,False
49269236000117,0.3421957245183729,0.3010829573007712,0.4276421770481879,0.9341255895201406,0.07,0.011875,17,20,0.9905311535797608,0.6071335706988503,oculta,True,0.1538228429363531,0.1236022301840799,0.3073612249771798,0.6281567045625981,0.0415224913494809,0.0072911517548195,29,34,0.9976176207409352,0.520080047922201,oculta,True,-0.18837288158201979,-0.17748072711669133,-0.12028095207100808,-0.3059688849575425,-0.02847750865051911,-0.0045838482451805,12,14,0.007086467161174337,-0.08705352277664935,True
49269244000163,0.0087452437538311,0.0072613294480733,0.0573559227484745,0.1100904793916239,0.0043879345009054,0.0028974972771044,669,1011,0.7666151128769819,0.4708431498813,baixo_baixo,False,0.007383066572649,0.0062970524222909,0.045525010063438,0.108126522055182,0.0030560729071539,0.0019653246280589,915,1598,0.7629269450802028,0.4816664783496392,baixo_baixo,False,-0.0013621771811820997,-0.0009642770257824,-0.011830912685036499,-0.0019639573364419044,-0.0013318615937515,-0.0009321726490454998,246,587,-0.0036881677967791626,0.010823328468339222,True
49269251000165,0.8273029620663012,0.8197943951996186,0.9090710634646698,0.9412187071446388,0.0416666666666666,0.0,24,24,0.9877758627708088,0.8958577677317184,critico,False,0.8236484729323591,0.8195472746284604,0.9070605608559824,0.9391371067702436,0.0232098765432098,0.0004938271604938,44,45,0.9858166098233068,0.893777540044273,critico,False,-0.0036544891339420627,-0.0002471205711581659,-0.0020105026086874034,-0.0020816003743951983,-0.0184567901234568,0.0004938271604938,20,21,-0.001959252947501988,-0.002080227687445424,True
49286753000102,0.128950640564021,0.0874720996384982,0.2386643678763541,0.6389125240584786,0.0527999999999999,0.007695238095238,22,25,0.8263636010008022,0.7577122837994573,baixo_baixo,False,0.128950640564021,0.0874720996384982,0.2386643678763541,0.6389125240584786,0.0527999999999999,0.007695238095238,22,25,0.8263111553221463,0.7565365781142569,baixo_baixo,False,0.0,0.0,0.0,0.0,0.0,0.0,0,0,-5.244567865592131e-05,-0.0011757056852004233,True
49381616000149,0.6502452681541164,0.6113836312823516,0.8001519661394736,0.9572360214218948,0.1111111111111111,0.0123456790123456,10,12,0.9133482973175656,0.922556445076141,hhi_alto,False,0.6502452681541164,0.6113836312823516,0.8001519661394736,0.9572360214218948,0.1111111111111111,0.0123456790123456,10,12,0.916468828782345,0.9234955168734948,hhi_alto,False,0.0,0.0,0.0,0.0,0.0,0.0,0,0,0.003120531464779419,0.0009390717973538631,True
49413800000123,0.4291839571152983,0.3476388081317694,0.571593770382482,0.9456245487262468,0.125,0.0,8,8,0.8894789784243029,0.3996661265441494,hhi_alto,False,0.4291839571152983,0.3476388081317694,0.571593770382482,0.9456245487262468,0.125,0.0,8,8,0.8859731921059268,0.3970261849205956,hhi_alto,False,0.0,0.0,0.0,0.0,0.0,0.0,0,0,-0.0035057863183760585,-0.0026399416235537987,True
49576082000106,0.5960089455842723,0.5455100637823064,0.7503120745853288,0.9947401604534852,0.12,0.01,9,10,0.970679770244776,0.4446848677836554,critico,False,0.5960089455842723,0.5455100637823064,0.7503120745853288,0.9947401604534852,0.12,0.01,9,10,0.9695699853352756,0.442309925377842,critico,False,0.0,0.0,0.0,0.0,0.0,0.0,0,0,-0.001109784909500422,-0.0023749424058134294,True
49962743000131,0.5803704403685759,0.5337449337428621,0.753650371518859,0.9368333342272464,0.1,3.0839528461809905e-17,10,10,0.833003881376546,0.4668325476538539,hhi_alto,False,0.5662072163574431,0.5267715087535744,0.7443475364602513,0.9252693433966472,0.0833333333333333,1.5139404881252137e-17,12,12,0.8223668404084242,0.466579762587099,hhi_alto,False,-0.014163224011132791,-0.006973424989287769,-0.009302835058607739,-0.011563990830599113,-0.016666666666666705,-1.570012358055777e-17,2,2,-0.010637040968121791,-0.0002527850667549125,True
50062751000100,0.0418844059167234,0.0347342895429676,0.1242135140253355,0.3125293669475132,0.014828303850156,0.0074762762669482,135,248,0.6140052701146248,0.4737493618034748,baixo_baixo,False,0.1158676034498929,0.1096848594180739,0.3106434097704593,0.4882709596751555,0.014940712478,0.0080521859918321,144,279,0.7087658451083364,0.4472342781858222,baixo_baixo,False,0.07398319753316951,0.0749505698751063,0.1864298957451238,0.17574159272764228,0.00011240862784400035,0.0005759097248839006,9,31,0.0947605749937116,-0.026515083617652646,True
50457753000107,0.2028184545053057,0.188832813356276,0.3979408292000643,0.7263489866313001,0.0188246097337006,0.0016110063956953,58,66,0.7827603769113842,0.4105662660628931,baixo_baixo,False,0.2009325954052859,0.1871555711881356,0.3960645167925742,0.722924212102575,0.0184896413455112,0.0015670489549166,59,67,0.7769047986516286,0.4079187032054067,baixo_baixo,False,-0.0018858591000197877,-0.001677242168140386,-0.0018763124074900883,-0.0034247745287251385,-0.00033496838818939875,-4.3957440778700065e-05,1,1,-0.005855578259755578,-0.0026475628574864074,True
50525166000108,0.0806751130235246,0.0536361457595107,0.2330605723390632,0.4259157220217616,0.0325,0.0040441176470588,35,40,0.8798583053358232,0.5295780661222708,baixo_baixo,False,0.076251588777058,0.0498587770278311,0.2246271274024789,0.4105036909208064,0.0329908058409951,0.0053619717221664,36,43,0.8751082178510605,0.5227369598749088,baixo_baixo,False,-0.004423524246466609,-0.003777368731679602,-0.008433444936584295,-0.015412031100955181,0.0004908058409950969,0.0013178540751076,1,3,-0.004750087484762688,-0.0068411062473620055,True
50563382000130,0.1930947346292595,0.1124042080921854,0.3515802119604941,0.7542049909115687,0.2856099342585829,0.2141709276844411,11,37,0.9074898634932006,0.4044998396434375,baixo_baixo,False,0.1906787966135662,0.1232353629980301,0.3493551897305143,0.7494319041061926,0.2583826429980276,0.1965811965811965,13,39,0.9007049124503285,0.4145696161394214,baixo_baixo,False,-0.0024159380156932864,0.0108311549058447,-0.0022250222299797784,-0.004773086805376026,-0.027227291260555286,-0.017589731103244605,2,2,-0.006784951042872134,0.010069776495983895,True
50634611000160,0.4407285263122406,0.400780563905972,0.5681826692844316,0.991159715919048,0.0666666666666666,0.0,15,15,0.9910446368239214,0.545900293556317,critico,False,0.2632211014134963,0.2263821564841711,0.4441631064080025,0.8611634212974555,0.0476190476190476,0.0,21,21,0.9940528923040955,0.4506786645316238,oculta,True,-0.17750742489874427,-0.1743984074218009,-0.12401956287642912,-0.12999629462159246,-0.019047619047618994,0.0,6,6,0.003008255480174138,-0.09522162902469317,False
50727113000161,0.4095659479742151,0.335761691470992,0.5406164415864319,0.930414785098014,0.1239669421487603,0.0144628099173553,9,11,0.907424084475196,0.5823160364405384,hhi_alto,False,0.4095659479742151,0.335761691470992,0.5406164415864319,0.930414785098014,0.1239669421487603,0.0144628099173553,9,11,0.9047605893158042,0.5801512442080329,hhi_alto,False,0.0,0.0,0.0,0.0,0.0,0.0,0,0,-0.0026634951593917933,-0.0021647922325055413,True
50765274000140,0.99108645251678,0.9896008612695766,0.9955300585907642,0.99964352354973,0.1604938271604938,0.0205761316872427,7,9,0.9988149125091096,0.396581359342556,critico,False,0.99108645251678,0.9896008612695766,0.9955300585907642,0.99964352354973,0.1604938271604938,0.0205761316872427,7,9,0.9987683871771306,0.3939332663587385,critico,False,0.0,0.0,0.0,0.0,0.0,0.0,0,0,-4.652533197901931e-05,-0.0026480929838175182,True
50797752000101,0.7263408098897155,0.7035358773805251,0.8498332216671639,0.9446111118838526,0.0816326530612245,0.0051020408163265,13,14,0.9370360650259528,0.8045794900901225,critico,False,0.6296794026132118,0.6011932028142281,0.7886248928327346,0.93187269945356,0.0802469135802469,0.0094966761633428,14,18,0.9331966793385754,0.782991678908375,critico,False,-0.09666140727650374,-0.10234267456629709,-0.06120832883442928,-0.012738412430292612,-0.001385739480977602,0.0043946353470163,1,4,-0.0038393856873774057,-0.021587811181747574,True
50818947000182,0.3078446059106693,0.1924853735624475,0.4286177051533311,0.9181348425805314,0.1604938271604938,0.0205761316872427,7,9,0.5550080419087603,0.684779008038305,baixo_baixo,False,0.3078446059106693,0.1924853735624475,0.4286177051533311,0.9181348425805314,0.1604938271604938,0.0205761316872427,7,9,0.5577853146333742,0.6860462864773653,baixo_baixo,False,0.0,0.0,0.0,0.0,0.0,0.0,0,0,0.0027772727246139217,0.001267278439060271,True
51139746000111,0.1024408284023668,0.0383294590025359,0.1794871794871795,0.5384615384615384,0.0666666666666666,0.0,15,15,0.330971607552216,0.3965645695364238,baixo_baixo,False,0.0948505514412062,0.0345072548706199,0.170316301703163,0.510948905109489,0.0625,0.0,16,16,0.3247839576147758,0.3939165594559823,baixo_baixo,False,-0.0075902769611606025,-0.0038222041319160016,-0.009170877784016485,-0.027512633352049454,-0.004166666666666596,0.0,1,1,-0.006187649937440198,-0.0026480100804415208,True
51337970000118,0.140354037991682,0.0973717398912661,0.3223765102526805,0.572075798147497,0.0476190476190476,0.0,21,21,0.7756135367649156,0.7015364428010192,baixo_baixo,False,0.1321845931750113,0.09273843831933,0.3121254167798359,0.553884638761332,0.0434782608695651,0.0,23,23,0.7662362183653467,0.6900134582597556,baixo_baixo,False,-0.008169444816670701,-0.004633301571936102,-0.010251093472844586,-0.018191159386165,-0.004140786749482504,0.0,2,2,-0.009377318399568901,-0.011522984541263659,True
51426849000162,0.518352430747705,0.4839490329439696,0.657593040489426,0.971806562506544,0.0795847750865051,0.0138408304498269,15,17,0.9794304480678084,0.5630363627376107,critico,False,0.5067436429393585,0.4759151206230683,0.6501425726933224,0.9607960848217312,0.0692520775623268,0.0110803324099723,17,19,0.9781711534450778,0.5734592642880917,critico,False,-0.01160878780834651,-0.008033912320901337,-0.007450467796103588,-0.01101047768481278,-0.0103326975241783,-0.0027604980398546006,2,2,-0.0012592946227306667,0.010422901550480979,True
51482339000102,0.255087969773706,0.1619739659954192,0.3801367911121794,0.8738669983764569,0.1833648393194706,0.0812854442344045,9,23,0.5121671796452006,0.8431020322170868,baixo_baixo,False,0.255087969773706,0.1619739659954192,0.3801367911121794,0.8738669983764569,0.1833648393194706,0.0812854442344045,9,23,0.5180869914270991,0.8616277241190365,baixo_baixo,False,0.0,0.0,0.0,0.0,0.0,0.0,0,0,0.0059198117818984874,0.018525691901949748,True
51501559000136,0.0963643444390092,0.0587128587906346,0.1807122534510896,0.5378912767243451,0.04,0.0,25,25,0.7067695190550058,0.7415103011913764,baixo_baixo,False,0.0748298095821302,0.0417880170672063,0.1489449335907481,0.4725347552391349,0.0344827586206896,0.0,29,29,0.6851067774888601,0.6814525963380939,baixo_baixo,False,-0.021534534856878992,-0.0169248417234283,-0.03176731986034151,-0.0653565214852102,-0.005517241379310402,0.0,4,4,-0.021662741566145782,-0.060057704853282545,True
52156114000129,0.3394851440957557,0.3342429626996903,0.5754465556581587,0.6983731305564176,0.0132559020325716,0.0054245996677507,127,267,0.7915690640979923,0.4998585701888465,baixo_baixo,False,0.2988844342285201,0.2939119834074458,0.5391047376617528,0.6542679935029281,0.0124548663231774,0.0054510001268878,142,314,0.7706011699369466,0.495405224784232,baixo_baixo,False,-0.040600709867235574,-0.040330979292244495,-0.0363418179964059,-0.04410513705348951,-0.0008010357093941999,2.6400459137100075e-05,15,47,-0.02096789416104572,-0.004453345404614506,True
52193342000179,0.076370862728052,0.0103973529229129,0.0895183621823415,0.3542300078791889,0.0666666666666666,0.0,15,15,0.7153190120997663,0.9088165592195904,baixo_baixo,False,0.076370862728052,0.0103973529229129,0.0895183621823415,0.3542300078791889,0.0666666666666666,0.0,15,15,0.7148667929449574,0.9090416468093658,baixo_baixo,False,0.0,0.0,0.0,0.0,0.0,0.0,0,0,-0.0004522191548089749,0.0002250875897754634,True
52350980000156,0.3224892290491755,0.2902268113848504,0.5325773084341463,0.8310727953640472,0.0486111111111111,0.0033068783068783,22,24,0.611877955967388,0.5257956043188097,baixo_baixo,False,0.3224892290491755,0.2902268113848504,0.5325773084341463,0.8310727953640472,0.0486111111111111,0.0033068783068783,22,24,0.6203680432280431,0.5358445108057829,baixo_baixo,False,0.0,0.0,0.0,0.0,0.0,0.0,0,0,0.008490087260655033,0.010048906486973208,True
52561214000130,0.2271053580211172,0.1816409673164771,0.3601950694616244,0.8664052874148338,0.0555555555555555,0.0,18,18,0.9578925759178126,0.5933252986973258,oculta,True,0.2263528702638424,0.1833724741673892,0.3595956417673052,0.8649634372402677,0.0526315789473684,0.0,19,19,0.9552412388748686,0.5928911789592454,oculta,True,-0.0007524877572747946,0.0017315068509120846,-0.000599427694319199,-0.001441850174566106,-0.0029239766081870996,0.0,1,1,-0.0026513370429440686,-0.0004341197380803852,True
52742236000105,0.2813334203539798,0.2334223150442451,0.5053247880660385,0.7219820902339741,0.0625,0.0,16,16,0.7998083872088129,0.477932525064217,baixo_baixo,False,0.1582311520809412,0.1181469212276526,0.2956616760168654,0.6865700460733068,0.0454545454545454,0.0,22,22,0.8097915870838515,0.4419233536859531,baixo_baixo,False,-0.12310226827303858,-0.1152753938165925,-0.20966311204917315,-0.03541204416066723,-0.0170454545454546,0.0,6,6,0.009983199875038595,-0.03600917137826393,True
53855592000190,0.2079549479402149,0.1359508522984162,0.2829290512964516,0.833768218862597,0.1020408163265306,0.0204081632653061,12,14,0.2945734728060119,0.5586659087138691,baixo_baixo,False,0.3345953745547431,0.290235066191726,0.5171758763105624,0.9244518789051304,0.0858725761772853,0.0249307479224376,16,19,0.7808762732688597,0.6385575885681124,baixo_baixo,False,0.12664042661452818,0.15428421389330982,0.23424682501411082,0.09068366004253336,-0.016168240149245297,0.004522584657131502,4,5,0.48630280046284774,0.07989167985424328,True
54010863000179,0.187192661156754,0.158163827626638,0.3217725178584694,0.7240208370797223,0.0344827586206896,0.0,29,29,0.932657810388836,0.7997776754194846,oculta,True,0.1528011367023742,0.1263261722243234,0.2851515451305492,0.6754222504511069,0.0303030303030303,3.5778671692021654e-18,33,33,0.9272471834152678,0.7874821903003644,oculta,True,-0.03439152445437982,-0.03183765540231459,-0.0366209727279202,-0.04859858662861538,-0.004179728317659299,3.5778671692021654e-18,4,4,-0.0054106269735682,-0.012295485119120264,True
54136866000153,0.2185229465184066,0.1316921627982295,0.3016221185191728,0.8527841978798124,0.113573407202216,0.0150815635580178,10,19,0.2140800823141194,0.3965645695364239,baixo_baixo,False,0.1971092204850994,0.1353483912916455,0.2858181793381976,0.8081013023947038,0.0868055555555555,0.016559829059829,14,24,0.201905848385752,0.3939165594559823,baixo_baixo,False,-0.021413726033307184,0.003656228493415986,-0.015803939180975224,-0.04468289548510862,-0.026767851646660498,0.0014782655018112014,4,5,-0.01217423392836739,-0.0026480100804415763,True
54675103000180,0.1878523295485684,0.1745384333116597,0.4078999978783682,0.5840465295312819,0.0216049382716049,0.005565674964582,62,72,0.8379349115720525,0.5030332893927718,baixo_baixo,False,0.1598932223458999,0.1473543152167342,0.3738885675780218,0.5353476868378927,0.0193951347797501,0.0047592412690001,68,78,0.8250992678874651,0.5181223172652883,baixo_baixo,False,-0.027959107202668504,-0.02718411809492549,-0.034011430300346424,-0.0486988426933892,-0.0022098034918547997,-0.0008064336955818999,6,6,-0.012835643684587339,0.015089027872516536,True
54758896000100,0.1948308647320652,0.1474679744221867,0.2737945096762177,0.804558661860189,0.1505078485687903,0.1005377220140133,18,57,0.6504667777893641,0.4081399842351131,baixo_baixo,False,0.1913262441600831,0.1437571996989115,0.2711556507017231,0.7968042446957694,0.1633333333333333,0.1141176470588235,18,60,0.6416277421388125,0.4054345001386804,baixo_baixo,False,-0.0035046205719821144,-0.0037107747232752175,-0.002638858974494618,-0.0077544171644196025,0.01282548476454301,0.013579925044810204,0,3,-0.008839035650551663,-0.002705484096432731,True
54782228000100,0.2353856978619507,0.0442321223274384,0.2823321381207328,0.9593370429364336,0.2,3.4694469519536136e-17,5,5,0.865129916055526,0.9831741686003036,baixo_baixo,False,0.8357697967674976,0.8029237561209972,0.913234781094579,0.9793517615994516,0.1666666666666666,3.3306690738754695e-17,6,6,0.9748291274699457,0.967094966860131,critico,False,0.6003840989055469,0.7586916337935588,0.6309026429738462,0.02001471866301796,-0.03333333333333341,-1.3877787807814407e-18,1,1,0.10969921141441963,-0.016079201740172633,False
55262249000167,0.084265538344182,0.0624623368761863,0.1581296409123306,0.5160920116640343,0.0241975308641975,0.0009641387419165,43,45,0.740316952170114,0.5851063834726997,baixo_baixo,False,0.0724533285032932,0.0518411802478108,0.126606981013439,0.438193441881285,0.024,0.0023111111111111,46,50,0.7478832273199436,0.551882200683072,baixo_baixo,False,-0.011812209840888807,-0.010621156628375497,-0.03152265989889158,-0.07789856978274928,-0.0001975308641974996,0.0013469723691946001,3,5,0.00756627514982966,-0.03322418278962769,True
55555957000196,0.0296563640873377,0.0183732985534695,0.0621345920360877,0.2216872283764359,0.0156087408949011,0.0041623309053069,87,124,0.3665582699494485,0.4007179139240528,baixo_baixo,False,0.0275873360589588,0.0167827509040584,0.0588526584974584,0.2099777646775057,0.0169609204522912,0.0060382640128722,91,142,0.3633167104489627,0.4079020449412212,baixo_baixo,False,-0.0020690280283789005,-0.001590547649411099,-0.0032819335386292947,-0.011709463698930195,0.0013521795573900978,0.0018759331075652993,4,18,-0.0032415595004858244,0.00718413101716836,True
55905225000189,0.6532065472964426,0.5376087297285901,0.7960690939956128,1.0,0.28,0.04,4,5,0.7244722244854921,0.8904127255942618,hhi_alto,False,0.3359930396357222,0.2253252129083426,0.5290169668430568,0.9191631687977208,0.15625,0.015625,7,8,0.6590377989430679,0.8593255755134438,baixo_baixo,False,-0.3172135076607204,-0.31228351682024746,-0.267052127152556,-0.08083683120227925,-0.12375000000000003,-0.024375,3,3,-0.06543442554242418,-0.03108715008081797,False
56024573000100,0.313877822218903,0.1423472777736287,0.4489784088056681,0.9400899482859764,0.2,3.4694469519536136e-17,5,5,0.592734059848022,0.5059191173914558,baixo_baixo,False,0.313877822218903,0.1423472777736287,0.4489784088056681,0.9400899482859764,0.2,3.4694469519536136e-17,5,5,0.5888305243163245,0.5041411605018766,baixo_baixo,False,0.0,0.0,0.0,0.0,0.0,0.0,0,0,-0.003903535531697422,-0.0017779568895791575,True
56401177000154,0.2328071417254799,0.0793685700705759,0.3576548043818166,0.8568879263315948,0.183673469387755,0.0204081632653061,6,7,0.9226888180823184,0.8653716536483135,baixo_baixo,False,0.2328071417254799,0.0793685700705759,0.3576548043818166,0.8568879263315948,0.183673469387755,0.0204081632653061,6,7,0.927794877185636,0.8664958210711842,oculta,True,0.0,0.0,0.0,0.0,0.0,0.0,0,0,0.005106059103317628,0.0011241674228706922,False
57500902000104,0.3473739003234153,0.3256196970008625,0.5188303077297401,0.9200657421422196,0.0565866908103214,0.0251395805039987,31,47,0.9887174711183224,0.5390390249569915,oculta,True,0.2726754931055459,0.2512835958439443,0.4403582694909663,0.8805456826069786,0.0488165680473372,0.0208405847546119,35,52,0.9885670971081766,0.5151512651658847,oculta,True,-0.07469840721786941,-0.07433610115691824,-0.07847203823877386,-0.03952005953524096,-0.007770122762984201,-0.004298995749386799,4,5,-0.0001503740101458373,-0.0238877597911068,True
57522468000163,0.559333856174544,0.555864044018438,0.7461167270286431,0.8192740153176188,0.0104938271604938,0.0027024399727811,128,180,0.8240065323383111,0.4249434548073577,hhi_alto,False,0.5316220302403809,0.5283694054503836,0.7273524226617939,0.7986698572464109,0.0098261856930736,0.0029499786492755,145,214,0.8106525924084741,0.4269797727537331,hhi_alto,False,-0.027711825934163103,-0.027494638568054452,-0.01876430436684917,-0.020604158071207856,-0.0006676414674201998,0.00024753867649439983,17,34,-0.013353939929837022,0.002036317946375432,True
57538696000121,0.0688500508425801,0.0443461048121216,0.1982409048880639,0.3855687851976798,0.02625,0.000625,39,40,0.571017550061431,0.5219178156806312,baixo_baixo,False,0.062820782685242,0.0387905463438379,0.185690075472784,0.361158040837906,0.0276143051154368,0.0026813385799352,40,47,0.5653919781334696,0.5212934886362753,baixo_baixo,False,-0.006029268157338105,-0.005555558468283706,-0.012550829415279907,-0.024410744359773806,0.0013643051154368022,0.0020563385799351997,1,7,-0.005625571927961315,-0.0006243270443558879,True
57602096000185,0.768627123448337,0.7493460504023649,0.8732045923948489,0.9701768730622716,0.0769230769230769,1.503427012513233e-17,13,13,0.8647144328644379,0.4067229071428335,hhi_alto,False,0.755091938059198,0.7346829328974646,0.8653960252983642,0.9669935186683922,0.0816326530612245,0.0051020408163265,13,14,0.8595859272170688,0.4093787059493163,hhi_alto,False,-0.013535185389138893,-0.014663117504900347,-0.007808567096484698,-0.0031833543938794007,0.004709576138147598,0.005102040816326485,0,1,-0.005128505647369108,0.002655798806482812,True
57604530000166,0.276079571541209,0.1956439683791211,0.3962942855707804,0.9675876754576258,0.1,3.0839528461809905e-17,10,10,0.904822032574404,0.5758270260979099,baixo_baixo,False,0.2641562441555067,0.1972613572605528,0.3873764262673542,0.9458139303706076,0.0833333333333333,1.5139404881252137e-17,12,12,0.8946373297824831,0.5789207892948134,baixo_baixo,False,-0.011923327385702287,0.0016173888814317028,-0.008917859303426201,-0.021773745087018237,-0.016666666666666705,-1.570012358055777e-17,2,2,-0.010184702791920852,0.003093763196903465,True
57614976000171,0.2708362017615741,0.2586834717909336,0.3864739588386703,0.8860633266022842,0.0220408163265306,0.0057414965986394,61,70,0.8518989047101219,0.4244995717322251,baixo_baixo,False,0.258405789008432,0.2490185205148678,0.3774473624158935,0.8653681778830904,0.0173611111111111,0.0049226441631504,80,96,0.8351394717684768,0.4248287770277981,baixo_baixo,False,-0.012430412753142106,-0.009664951276065786,-0.009026596422776811,-0.020695148719193757,-0.0046797052154194975,-0.000818852435489,19,26,-0.016759432941645058,0.0003292052955730096,True
58854069000162,0.1804911489465436,0.0780525425648616,0.2566537672483248,0.8052819931936888,0.140495867768595,0.0330578512396694,9,11,0.701590274047992,0.6505260627441373,baixo_baixo,False,0.1267451578293585,0.0595717084316169,0.2540565868057163,0.6023002408639735,0.0859375,0.015625,14,16,0.6512208219017628,0.5266404967652486,baixo_baixo,False,-0.053745991117185116,-0.0184808341332447,-0.002597180442608482,-0.20298175232971527,-0.05455836776859499,-0.0174328512396694,5,5,-0.05036945214622923,-0.12388556597888867,True
59006460000170,0.1864245739707425,0.1355761098439139,0.2678904847523812,0.8036714542571438,0.0617283950617283,0.0030864197530864,17,18,0.8215108467779794,0.4519368298685789,baixo_baixo,False,0.195109374616904,0.1567812495986614,0.3613965764842806,0.7630418863235209,0.0472589792060491,0.0018903591682419,22,23,0.8664952756847298,0.421972215515877,baixo_baixo,False,0.008684800646161506,0.0212051397547475,0.09350609173189939,-0.040629567933622934,-0.0144694158556792,-0.0011960605848445,5,5,0.04498442890675047,-0.029964614352701924,True
59045351000161,0.3627404344194169,0.2352885213033003,0.4430017768131084,0.991214627637766,0.1666666666666666,3.3306690738754695e-17,6,6,0.9619639703389186,0.6312091966867376,oculta,True,0.1516061855521647,0.1223512264332739,0.2249646148975247,0.7371367887290945,0.0679327976625274,0.0357925493060628,30,37,0.9430938604216692,0.6148957311642055,oculta,True,-0.21113424886725218,-0.1129372948700264,-0.21803716191558373,-0.2540778389086715,-0.0987338690041392,0.035792549306062765,24,31,-0.018870109917249356,-0.0163134655225321,True
59097984000113,0.1473607968584841,0.0864579966340901,0.2681840415522851,0.6935657908009676,0.0703125,0.00390625,15,16,0.5331152255361594,0.7176750724909611,baixo_baixo,False,0.1093465452428657,0.0624700476240692,0.2220712981672813,0.5743110389271989,0.0555555555555555,0.0058479532163742,20,24,0.4853594919288055,0.6606394760933114,baixo_baixo,False,-0.0380142516156184,-0.023987949010020895,-0.04611274338500379,-0.11925475187376866,-0.014756944444444503,0.0019417032163742002,5,8,-0.04775573360735391,-0.05703559639764966,True
59108100000189,0.2299872232839621,0.1529859456123583,0.3472386109195672,0.8892157911373173,0.1005917159763313,0.0106508875739645,11,13,0.7969077705534303,0.7011573952289542,baixo_baixo,False,0.1892969047799856,0.121738313511651,0.2672512279914509,0.8166917600755378,0.0844444444444444,0.0081481481481481,13,15,0.7892908361820737,0.6289560169943574,baixo_baixo,False,-0.0406903185039765,-0.031247632100707287,-0.0799873829281163,-0.07252403106177951,-0.0161472715318869,-0.0025027394258164,2,2,-0.007616934371356576,-0.07220137823459671,True
59118862000166,0.1059338983299736,0.0165272881629709,0.1605821307603841,0.529297896093324,0.1005917159763313,0.0106508875739645,11,13,0.654216564412907,0.7764788806772953,baixo_baixo,False,0.0967005125989855,0.0214255553155676,0.1505496445574251,0.4962296224649514,0.0844444444444444,0.0081481481481481,13,15,0.6466850311077476,0.7859388206462851,baixo_baixo,False,-0.0092333857309881,0.0048982671525967005,-0.010032486202959018,-0.03306827362837261,-0.0161472715318869,-0.0025027394258164,2,2,-0.007531533305159432,0.00945993996898975,True
59314518000142,0.227211409682927,0.0984133112967481,0.3062880621129819,0.893685618826901,0.1428571428571428,0.0,7,7,0.5004510671916502,0.5996549442189405,baixo_baixo,False,0.227211409682927,0.0984133112967481,0.3062880621129819,0.893685618826901,0.1428571428571428,0.0,7,7,0.5019433943146415,0.5960041305590544,baixo_baixo,False,0.0,0.0,0.0,0.0,0.0,0.0,0,0,0.0014923271229912993,-0.003650813659886065,True
59426431000167,0.3553406562612475,0.309293560279908,0.5796303659480376,0.7738065385406302,0.0703125,0.00390625,15,16,0.7185655087916608,0.4721889385833997,baixo_baixo,False,0.3553406562612475,0.309293560279908,0.5796303659480376,0.7738065385406302,0.0703125,0.00390625,15,16,0.7247446439319667,0.4734138069372902,hhi_alto,False,0.0,0.0,0.0,0.0,0.0,0.0,0,0,0.00617913514030588,0.0012248683538904626,False
59593430000107,0.2226693273274052,0.2022132569939159,0.3927836814329798,0.7830048566547536,0.0281481481481481,0.0025730994152046,39,45,0.9246039249423932,0.8129806683629575,oculta,True,0.2099450870735045,0.1915717170054465,0.3790581817102171,0.7704526581641027,0.0267489711934156,0.0041152263374485,44,54,0.9263798084863484,0.8374933206138742,baixo_baixo,False,-0.012724240253900676,-0.010641539988469395,-0.013725499722762713,-0.012552198490650923,-0.0013991769547325,0.0015421269222439002,5,9,0.0017758835439551923,0.0245126522509167,False
59754648000104,0.2372503296703584,0.2236297998430434,0.4421961876646529,0.7415316417311338,0.019742883379247,0.0022382920110192,57,66,0.868661073409723,0.4802573887547234,baixo_baixo,False,0.1145088530139028,0.1039672917402588,0.2254553693541991,0.6091125365570734,0.0142243918862048,0.0024889679800882,85,109,0.8843681156469332,0.4431077501905114,baixo_baixo,False,-0.12274147665645559,-0.1196625081027846,-0.2167408183104538,-0.13241910517406041,-0.005518491493042201,0.0002506759690690001,28,43,0.0157070422372102,-0.037149638564211995,True
59989830000136,0.3334591777095959,0.2890231228902357,0.5042546995723576,0.8742370721126178,0.1058263971462544,0.0462148236226714,16,29,0.5761233555417091,0.5945841559564488,baixo_baixo,False,0.3178781505820828,0.275245534993463,0.4752542521624055,0.8635153265677825,0.107421875,0.0516357421875,17,32,0.5800580601253011,0.6080758302863063,baixo_baixo,False,-0.01558102712751308,-0.013777587896772692,-0.029000447409952057,-0.010721745544835293,0.0015954778537456,0.005420918564828597,1,3,0.003934704583592019,0.01349167432985754,True
60269453000140,0.1045483524384903,0.0405875204698111,0.1680033340463245,0.4977256918260814,0.074074074074074,0.0079365079365079,15,18,0.9498713668866954,0.4035383123695095,oculta,True,0.0942826052032712,0.0376752680284756,0.1700041685684825,0.4732721809412115,0.065,0.0065625,17,20,0.9523595179741308,0.3992632106394909,oculta,True,-0.0102657472352191,-0.0029122524413355,0.0020008345221579904,-0.02445351088486991,-0.009074074074073998,-0.0013740079365078999,2,2,0.0024881510874353863,-0.0042751017300186045,True
63761126000107,0.718396942932755,0.5775954143991325,0.839948863913165,1.0,0.5510204081632654,0.326530612244898,3,7,0.818051789401101,0.9203858845927766,hhi_alto,False,0.718396942932755,0.5775954143991325,0.839948863913165,1.0,0.5510204081632654,0.326530612244898,3,7,0.8184799389516089,0.9254149586796055,hhi_alto,False,0.0,0.0,0.0,0.0,0.0,0.0,0,0,0.0004281495505078503,0.005029074086828955,True
63761902000160,0.3121458908956322,0.2496136991588715,0.410739407779335,0.9824087714024484,0.0887573964497041,0.0059171597633136,12,13,0.9789705572428554,0.6293704538924688,oculta,True,0.2041139128455644,0.1472649066202475,0.3093416483084827,0.8230449401264297,0.0802469135802469,0.0145502645502645,15,18,0.9734530742461482,0.5697303994243178,oculta,True,-0.10803197805006781,-0.102348792538624,-0.10139775947085228,-0.15936383127601872,-0.0085104828694572,0.0086331047869509,3,5,-0.005517482996707179,-0.059640054468151016,True
65700239000110,0.439529175255354,0.3694703221622732,0.6363254037958447,0.927069473434992,0.12,0.01,9,10,0.9785590941237312,0.4061354195125303,critico,False,0.4296426682015536,0.3979561497683066,0.6290742759007496,0.9165052255212434,0.055,0.0025,19,20,0.973782258476344,0.4039535353266155,critico,False,-0.009886507053800397,0.02848582760603341,-0.0072511278950950775,-0.010564247913748659,-0.065,-0.0075,10,10,-0.004776835647387179,-0.0021818841859148064,True
66228909000100,0.190788016750035,0.028945620100042,0.2423712467777925,0.7882385864719721,0.183673469387755,0.0204081632653061,6,7,0.6027431086978027,0.6951648958850208,baixo_baixo,False,0.1613881024309932,0.0415864027782779,0.2229233348933145,0.6900137125874575,0.1358024691358024,0.0123456790123456,8,9,0.5829254998805776,0.6220931586821454,baixo_baixo,False,-0.02939991431904182,0.012640782678235901,-0.019447911884478003,-0.09822487388451462,-0.047871000251952595,-0.0080624842529605,2,2,-0.019817608817225052,-0.07307173720287541,True
66489741000196,0.194160710103864,0.1209025928405789,0.3363210767279626,0.7721476463526827,0.0833333333333333,1.5139404881252137e-17,12,12,0.3793297424952733,0.6586581015661578,baixo_baixo,False,0.194160710103864,0.1209025928405789,0.3363210767279626,0.7721476463526827,0.0833333333333333,1.5139404881252137e-17,12,12,0.3858931865496461,0.6570719220559534,baixo_baixo,False,0.0,0.0,0.0,0.0,0.0,0.0,0,0,0.006563444054372813,-0.0015861795102043441,True
66493396000164,0.2152559750627932,0.1171629719456424,0.3279838165879973,0.8879298718813216,0.12,0.01,9,10,0.4458312758578087,0.8074816146645053,baixo_baixo,False,0.1670890230988471,0.0913698433805605,0.2818927490817622,0.7631504358364812,0.0933333333333333,0.0109090909090909,12,15,0.4003395275648048,0.7826823002573325,baixo_baixo,False,-0.0481669519639461,-0.025793128565081896,-0.046091067506235095,-0.12477943604484032,-0.0266666666666667,0.0009090909090908993,3,5,-0.0454917482930039,-0.024799314407172757,True
67165936000143,0.4470457059772303,0.4193979912760919,0.658994036035058,0.8210648561790034,0.06,0.013,21,30,0.6947281894851549,0.8267216466785295,hhi_alto,False,0.4309146411433561,0.4098374056301471,0.6469467366572216,0.8060546837189866,0.0440499671268901,0.008644410353812,28,39,0.6866905185884458,0.8209463140572543,hhi_alto,False,-0.01613106483387422,-0.009560585645944808,-0.01204729937783644,-0.01501017246001679,-0.0159500328731099,-0.004355589646187999,7,9,-0.008037670896709148,-0.005775332621275275,True
67652750000119,0.1197812923585848,0.0464297333884669,0.1900149972488748,0.6069862519835996,0.0816326530612245,0.0051020408163265,13,14,0.4513897786171801,0.5057402654098745,baixo_baixo,False,0.1197812923585848,0.0464297333884669,0.1900149972488748,0.6069862519835996,0.0816326530612245,0.0051020408163265,13,14,0.4509702356154285,0.5073822623654825,baixo_baixo,False,0.0,0.0,0.0,0.0,0.0,0.0,0,0,-0.00041954300175162107,0.0016419969556079606,True
68004118000121,0.1348189760057674,0.0627205573395813,0.2324051844948557,0.6339379600698314,0.12,0.0466666666666666,13,25,0.5278015383968842,0.7785798019572513,baixo_baixo,False,0.1181250688419636,0.0740313222840618,0.2098186296509426,0.6146059303911755,0.0737764791818846,0.0274653031409788,21,37,0.5293402433419007,0.6717393338629731,baixo_baixo,False,-0.016693907163803798,0.011310764944480495,-0.022586554843913087,-0.019332029678655882,-0.0462235208181154,-0.019201363525687798,8,12,0.0015387049450165113,-0.10684046809427816,True
71203822000118,0.2713036507803334,0.1255643809364001,0.383297235251489,0.9337427288514472,0.183673469387755,0.0204081632653061,6,7,0.3799494558966287,0.6301069156277597,baixo_baixo,False,0.2487497635665879,0.1235413908276859,0.3801430985337247,0.9175260540576158,0.15625,0.015625,7,8,0.4669896726870493,0.7392747276861373,baixo_baixo,False,-0.022553887213745516,-0.0020229901087141927,-0.003154136717764322,-0.016216674793831376,-0.027423469387755,-0.0047831632653061,1,1,0.08704021679042057,0.10916781205837767,True
71480560000139,0.16765430774208,0.1569832091233887,0.308698045449462,0.7410463679266337,0.0179394177041466,0.0053488974183023,79,101,0.946913591215938,0.6501511999596403,oculta,True,0.1206957170006236,0.1108158935961362,0.2423385244241528,0.6093132786923513,0.0155432440751,0.0044819322107753,90,114,0.94687493499116,0.6493029664559294,oculta,True,-0.046958590741456405,-0.046167315527252506,-0.0663595210253092,-0.1317330892342824,-0.002396173629046601,-0.0008669652075269998,11,13,-3.865622477794428e-05,-0.0008482335037108824,True
72311392000110,0.4337572112998097,0.3771329324297907,0.6364264741726344,0.9046934919212783,0.1072664359861591,0.017993079584775,11,17,0.7732991833441893,0.9377245676313386,hhi_alto,False,0.2966265794928036,0.2425209317614807,0.4987020866765023,0.8324168996775284,0.0826446280991735,0.0120788302606483,14,22,0.7283924935713393,0.8266331113923162,baixo_baixo,False,-0.13713063180700613,-0.13461200066830997,-0.13772438749613214,-0.07227659224374994,-0.024621807886985606,-0.005914249324126701,3,5,-0.04490668977285006,-0.11109145623902239,False
72519622000131,0.2015711256172522,0.0684996465534609,0.2940755329263542,0.8353242246912448,0.1428571428571428,0.0,7,7,0.5128331003431843,0.4487562159476599,baixo_baixo,False,0.2015711256172522,0.0684996465534609,0.2940755329263542,0.8353242246912448,0.1428571428571428,0.0,7,7,0.5403141216728772,0.5378553819917964,baixo_baixo,False,0.0,0.0,0.0,0.0,0.0,0.0,0,0,0.02748102132969288,0.08909916604413648,True
72962806000171,0.0754356345968826,0.0657033781189551,0.1585849308898353,0.4753673471521498,0.075028138206375,0.0652915922927579,96,217,0.8474366597632892,0.6227533934933438,baixo_baixo,False,0.05739704016775,0.0485045594146156,0.1213946056411989,0.3744168326971916,0.0684214910453977,0.059633014545826,107,245,0.8431939920033166,0.6695020119434625,baixo_baixo,False,-0.018038594429132603,-0.0171988187043395,-0.0371903252486364,-0.10095051445495817,-0.006606647160977294,-0.005658577746931896,11,28,-0.004242667759972618,0.046748618450118684,True
73802134000108,0.8014155434291155,0.7517694292863943,0.8927973087608063,0.9913686463349328,0.2222222222222222,0.0277777777777778,5,6,0.950813475855522,0.4077194670656415,critico,False,0.7901525557034192,0.7376906946292741,0.8862695596307741,0.9914317550728572,0.2653061224489795,0.0816326530612244,5,7,0.9478948161018584,0.4082084272223211,critico,False,-0.011262987725696227,-0.014078734657120284,-0.006527749130032179,6.310873792436666e-05,0.04308390022675729,0.053854875283446596,0,1,-0.002918659753663566,0.0004889601566795965,True
74047341000159,0.2833132652220221,0.263943353471266,0.4616099911446225,0.8735796165748411,0.0594082840236686,0.0339868862945786,38,65,0.9240714042781568,0.98003167279853,oculta,True,0.2794976347703607,0.260537046211686,0.4584485672917953,0.8675967403586327,0.0566608996539792,0.0318361864869787,39,68,0.9257486312906348,0.980837266592581,baixo_baixo,False,-0.0038156304516613893,-0.0034063072595800215,-0.0031614238528271943,-0.00598287621620841,-0.0027473843696894026,-0.0021506998075998957,1,3,0.0016772270124779665,0.000805593794050985,False
74077025000120,0.2740949184705881,0.170394192537815,0.3942036821822053,0.9457536732463868,0.1358024691358024,0.0123456790123456,8,9,0.9463056346765996,0.4541279766632893,oculta,True,0.2740949184705881,0.170394192537815,0.3942036821822053,0.9457536732463868,0.1358024691358024,0.0123456790123456,8,9,0.9435520501890844,0.4521996970725632,oculta,True,0.0,0.0,0.0,0.0,0.0,0.0,0,0,-0.0027535844875151705,-0.0019282795907261119,True
74097114000138,0.1313635001770088,0.1058153678292738,0.1866109628258008,0.6358887710672106,0.0315288518738845,0.0030444063407635,35,41,0.6312141847306637,0.5048587792127223,baixo_baixo,False,0.1282940109738296,0.1040799557231026,0.184331522798884,0.6281214336316787,0.0301234567901234,0.0031824417009602,37,45,0.6258057523198296,0.5077255472778832,baixo_baixo,False,-0.0030694892031792043,-0.0017354121061712025,-0.002279440026916796,-0.007767337435531929,-0.0014053950837611025,0.00013803536019670005,2,4,-0.0054084324108341075,0.0028667680651609517,True
74125063000100,0.6258500456717896,0.5323125570897369,0.7803129136349487,0.99020948853671,0.2,3.4694469519536136e-17,5,5,0.9580745026370836,0.9669568249552024,critico,False,0.6258500456717896,0.5323125570897369,0.7803129136349487,0.99020948853671,0.2,3.4694469519536136e-17,5,5,0.9557353467757388,0.9705702913447932,critico,False,0.0,0.0,0.0,0.0,0.0,0.0,0,0,-0.0023391558613448105,0.0036134663895908137,True
74130709000148,0.2512001091911224,0.1888001182903826,0.4243157312140176,0.8508869657367698,0.115,0.04125,13,20,0.5466724388256361,0.7453775299285419,baixo_baixo,False,0.2512001091911224,0.1888001182903826,0.4243157312140176,0.8508869657367698,0.115,0.04125,13,20,0.5437627975822854,0.742330271698307,baixo_baixo,False,0.0,0.0,0.0,0.0,0.0,0.0,0,0,-0.0029096412433506913,-0.003047258230234884,True
75123125000108,0.0745311715722234,0.0663411819401192,0.2019742523336987,0.4626262510144285,0.0247290748241101,0.016098358672111,114,317,0.8115333471029966,0.4215613706758664,baixo_baixo,False,0.0745311715722234,0.0663411819401192,0.2019742523336987,0.4626262510144285,0.0247290748241101,0.016098358672111,114,317,0.8071287675444643,0.4202931727782634,baixo_baixo,False,0.0,0.0,0.0,0.0,0.0,0.0,0,0,-0.004404579558532351,-0.0012681978976030184,True
75658435000127,0.1485246052356011,0.0711177511661103,0.2357333694807657,0.6763935746289879,0.0833333333333333,1.5139404881252137e-17,12,12,0.8009245619170271,0.8125719726868433,baixo_baixo,False,0.1485246052356011,0.0711177511661103,0.2357333694807657,0.6763935746289879,0.0833333333333333,1.5139404881252137e-17,12,12,0.7979879260760713,0.811832664465961,baixo_baixo,False,0.0,0.0,0.0,0.0,0.0,0.0,0,0,-0.0029366358409558257,-0.0007393082208823065,True
75967745000123,0.8794077673078169,0.8593090618591197,0.9368526369533992,0.991785305336534,0.1428571428571428,0.0,7,7,0.8898315939534586,0.4177459456540877,hhi_alto,False,0.8794077673078169,0.8593090618591197,0.9368526369533992,0.991785305336534,0.1428571428571428,0.0,7,7,0.8855721772994058,0.4150125765481637,hhi_alto,False,0.0,0.0,0.0,0.0,0.0,0.0,0,0,-0.004259416654052717,-0.0027333691059239773,True
76568930000108,0.8956888314612391,0.8696110393265488,0.9459058841678214,0.9928757747169742,0.3271604938271605,0.1589506172839506,5,18,0.948038215723967,0.3965645695364238,critico,False,0.8923439104787024,0.8708126925744429,0.9441361528374504,0.9910181656301792,0.2963988919667589,0.1556786703601106,6,19,0.9447622918259674,0.3948911940578455,critico,False,-0.003344920982536692,0.0012016532478941189,-0.0017697313303709494,-0.001857609086794998,-0.03076160186040161,-0.0032719469238400023,1,1,-0.0032759238979995775,-0.0016733754785783206,True
76582337000116,0.7522125597412351,0.7246806219347057,0.8619314705706295,0.979226944266805,0.1074380165289256,0.0082644628099173,10,11,0.948391079336896,0.4424861988562814,critico,False,0.7522125597412351,0.7246806219347057,0.8619314705706295,0.979226944266805,0.1074380165289256,0.0082644628099173,10,11,0.9482814311425252,0.4437096976695893,critico,False,0.0,0.0,0.0,0.0,0.0,0.0,0,0,-0.00010964819437087048,0.0012234988133079105,True
76878669000142,0.4695450916757449,0.4589359935092598,0.5727454000748832,0.9671105569222684,0.0196078431372549,3.5388358909926865e-18,51,51,0.9803497861558884,0.6627791406143204,critico,False,0.4614021617406348,0.4537079069083581,0.5677453086513224,0.9586676410984662,0.0148891966759002,0.0008161851998417,71,76,0.9769616888475172,0.6584870869810135,critico,False,-0.008142929935110066,-0.005228086600901682,-0.005000091423560726,-0.008442915823802188,-0.004718646461354701,0.0008161851998416964,20,25,-0.0033880973083711963,-0.004292053633306869,True
77651602000133,0.6398843288041247,0.5884392329189997,0.7864954615842954,0.9829714681785584,0.125,0.0,8,8,0.9705405511162684,0.973242322243531,critico,False,0.638919223373032,0.5873362552834651,0.7859016025490325,0.982229256028208,0.1358024691358024,0.0123456790123456,8,9,0.9695365876401552,0.974584277907652,critico,False,-0.0009651054310927387,-0.0011029776355345744,-0.0005938590352628781,-0.0007422121503504187,0.010802469135802406,0.0123456790123456,0,1,-0.001003963476113201,0.0013419556641209862,True
78009149000129,0.2671954535760467,0.2366619308083819,0.4486265508965051,0.8223217580993156,0.04,0.0,25,25,0.805491229521988,0.7927594836465975,baixo_baixo,False,0.1972003988046826,0.1695176539358786,0.3721574828319976,0.7256369272450871,0.0333333333333333,0.0,30,30,0.7653831843204427,0.7301532282124952,baixo_baixo,False,-0.06999505477136408,-0.06714427687250332,-0.07646906806450748,-0.09668483085422852,-0.006666666666666703,0.0,5,5,-0.04010804520154532,-0.06260625543410236,True
78074804000122,0.5922222528266655,0.5106667033919986,0.7416327012497351,0.9983670770639912,0.1666666666666666,3.3306690738754695e-17,6,6,0.9782672476875904,0.9445454457053236,critico,False,0.5749624039469655,0.5446025756574631,0.7307242300228806,0.9836823705837624,0.09297052154195,0.0281827016520893,15,21,0.9699645635987904,0.9457896706409622,critico,False,-0.0172598488797,0.03393587226546446,-0.010908471226854566,-0.014684706480228793,-0.0736961451247166,0.028182701652089266,9,15,-0.008302684088800083,0.0012442249356385826,True
78079639000100,0.2511724259831461,0.2373052486865376,0.4883258745082408,0.6314408919602954,0.0190249702734839,0.0008587660192892,55,58,0.8207827473220889,0.5782781148527736,baixo_baixo,False,0.1863560082633703,0.1727952750677598,0.4113510848458926,0.5732509172541541,0.0172781065088757,0.0008994082840236,61,65,0.8040427652367967,0.5509092607261022,baixo_baixo,False,-0.06481641771977581,-0.0645099736187778,-0.07697478966234816,-0.05818997470614129,-0.001746863764608201,4.0642264734400005e-05,6,7,-0.01673998208529215,-0.027368854126671338,True
78499936000104,0.2151620819444159,0.1860940109053201,0.3980326642515197,0.7281873609025117,0.0416326530612245,0.0061375661375661,28,35,0.8444254832711819,0.9616758577163546,baixo_baixo,False,0.1712736357111722,0.1445405271857262,0.3260594204104066,0.7136387709912492,0.0427257977285018,0.0118459847520019,32,43,0.7913922720332374,0.9557513372191032,baixo_baixo,False,-0.0438884462332437,-0.041553483719593914,-0.07197324384111309,-0.01454858991126251,0.0010931446672773001,0.005708418614435801,4,8,-0.05303321123794458,-0.00592452049725134,True
78501053000183,0.3589440277677772,0.3360491716166264,0.5796103338605695,0.8189190773062478,0.0416666666666666,0.0074404761904762,29,36,0.6903156658988452,0.6204259349691262,baixo_baixo,False,0.2939142536418356,0.2703780620965635,0.5178974933695641,0.7438701194840756,0.0459707950243374,0.0141698215251487,31,43,0.6808788275152702,0.6203105755824287,baixo_baixo,False,-0.06502977412594158,-0.06567110952006289,-0.06171284049100534,-0.07504895782217225,0.0043041283576708,0.0067293453346725,2,7,-0.009436838383575008,-0.00011535938669748891,True
78634771000128,0.4616717215143601,0.3270896518929501,0.6489690455883361,0.9565150733323282,0.2,3.4694469519536136e-17,5,5,0.952379690870025,0.9658587207988938,critico,False,0.4577641797163629,0.3493170156596354,0.6462039924789661,0.9524396632713148,0.1666666666666666,3.3306690738754695e-17,6,6,0.9481166453823784,0.968647146290494,critico,False,-0.003907541797997183,0.022227363766685326,-0.0027650531093700303,-0.004075410061013418,-0.03333333333333341,-1.3877787807814407e-18,1,1,-0.004263045487646666,0.0027884254916001883,True
79356713000142,0.1535375465897117,0.1006336432515686,0.2731086033646634,0.6677908677207698,0.0617283950617283,0.0030864197530864,17,18,0.4929058917085703,0.566547124222851,baixo_baixo,False,0.1085521738074123,0.0680318180713856,0.1883541885997271,0.5797541925099601,0.0451388888888888,0.0017361111111111,23,24,0.496395265762374,0.5336444985555434,baixo_baixo,False,-0.04498537278229939,-0.032601825180182994,-0.08475441476493631,-0.08803667521080971,-0.016589506172839504,-0.0013503086419753001,6,6,0.0034893740538037288,-0.03290262566730762,True
79369757000107,0.0787569947812226,0.0368823127258236,0.1446225058831983,0.4483297682379148,0.0434782608695651,0.0,23,23,0.4816980812357186,0.4342388894523074,baixo_baixo,False,0.0787569947812226,0.0368823127258236,0.1446225058831983,0.4483297682379148,0.0434782608695651,0.0,23,23,0.4784783580189235,0.4316997331800736,baixo_baixo,False,0.0,0.0,0.0,0.0,0.0,0.0,0,0,-0.0032197232167950895,-0.002539156272233778,True
79373940000186,0.2457694989968759,0.2038678044967023,0.4013823435273514,0.8957213850642953,0.0566893424036281,0.0042831947593852,19,21,0.5510992693727206,0.5422313074579125,baixo_baixo,False,0.2361265375771304,0.1959226711338214,0.3930719920229209,0.8771760761339027,0.0537190082644628,0.0039147455415397,20,22,0.549105814895954,0.5496189485693237,baixo_baixo,False,-0.009642961419745494,-0.007945133362880913,-0.008310351504430491,-0.018545308930392634,-0.0029703341391653024,-0.0003684492178455002,1,1,-0.0019934544767665763,0.007387641111411214,True
79376760000158,0.0418325237570033,0.0290569574070967,0.1040906907442204,0.3206805102697678,0.0432643189257938,0.0305078431781377,76,219,0.8760430523877136,0.9933899519232168,baixo_baixo,False,0.0395205549628408,0.027807390998973,0.0972603827999487,0.3057096134121673,0.0394597857250641,0.0277458806729307,83,282,0.8879454898764795,0.9953113754360952,baixo_baixo,False,-0.0023119687941624972,-0.001249566408123702,-0.006830307944271696,-0.014970896857600502,-0.0038045332007296956,-0.0027619625052069975,7,63,0.011902437488765849,0.001921423512878384,True
80636475000108,0.0556032192755197,0.0515325434965349,0.1339594794874479,0.3928954958661346,0.0143973573765568,0.0101490701238696,233,1113,0.9524649661797936,0.6941892090788655,oculta,True,0.0725104381102904,0.0687705608446061,0.1987870940335529,0.4531707435556739,0.0137159319711461,0.009738980083933,249,1274,0.9574356960051013,0.6382528767611002,oculta,True,0.0169072188347707,0.017238017348071205,0.064827614546105,0.06027524768953929,-0.0006814254054106992,-0.0004100900399365993,16,161,0.004970729825307663,-0.05593633231776529,True
80889108000116,0.1110933914181189,0.0814631711320562,0.2642359546338702,0.5433189639934162,0.032258064516129,0.0,31,31,0.6339195919476422,0.6123477656670954,baixo_baixo,False,0.1110933914181189,0.0814631711320562,0.2642359546338702,0.5433189639934162,0.032258064516129,0.0,31,31,0.6290711619487918,0.6129031170330593,baixo_baixo,False,0.0,0.0,0.0,0.0,0.0,0.0,0,0,-0.00484842999885049,0.0005553513659639631,True
80909245000175,0.2734005457301882,0.1825756139464618,0.361844078036366,0.8782640374003825,0.12,0.01,9,10,0.5655790139265247,0.6418490835618287,baixo_baixo,False,0.2280775673475014,0.1637506979597932,0.3269129908966839,0.7934796800369371,0.0816326530612245,0.0051020408163265,13,14,0.5372412720993855,0.6300217286303885,baixo_baixo,False,-0.045322978382686785,-0.018824915986668606,-0.03493108713968207,-0.08478435736344536,-0.0383673469387755,-0.0048979591836735,4,4,-0.028337741827139107,-0.01182735493144016,True
80910201000165,0.4129977139554079,0.2662471424442598,0.5452760914609764,0.9991275582536624,0.2222222222222222,0.0277777777777778,5,6,0.8380922249046008,0.4699428057440081,hhi_alto,False,0.3884785386255442,0.2661742463506531,0.5281721136861132,0.967787369644188,0.183673469387755,0.0204081632653061,6,7,0.8164846698354096,0.4652832249642851,hhi_alto,False,-0.024519175329863696,-7.289609360666693e-05,-0.017103977774863277,-0.031340188609474406,-0.03854875283446721,-0.0073696145124717005,1,1,-0.02160755506919121,-0.004659580779723005,True
80991094000147,0.2982867687536523,0.2544296918007555,0.4615980711868905,0.8719533355619107,0.0588235294117647,0.0,17,17,0.9153813680124464,0.621133217347667,baixo_baixo,False,0.3069927528042254,0.2684923501822379,0.4172918036935586,0.8786663051834689,0.055,0.0025,19,20,0.9212832063571704,0.6824645964939761,baixo_baixo,False,0.008705984050573101,0.014062658381482407,-0.044306267493331886,0.006712969621558207,-0.003823529411764698,0.0025,2,3,0.00590183834472402,0.06133137914630904,True
81285751000101,0.4844796669973855,0.312639555996514,0.6453394039980841,1.0,0.28,0.04,4,5,0.9414194552689064,0.9852086440651466,critico,False,0.4844796669973855,0.312639555996514,0.6453394039980841,1.0,0.28,0.04,4,5,0.9452370727505868,0.986456967759518,critico,False,0.0,0.0,0.0,0.0,0.0,0.0,0,0,0.003817617481680413,0.0012483236943713338,True
81286254000110,0.0569285035712488,0.0443542169521988,0.1614988501218575,0.3575525460226996,0.0358699960364645,0.0230149293169507,76,174,0.9172746488520156,0.9961464812320996,baixo_baixo,False,0.0558810152776141,0.0442252253427698,0.1512706250895684,0.35507051976329,0.0371209319526627,0.0252335360508437,82,208,0.9243536365325709,0.9967239158855504,baixo_baixo,False,-0.001047488293634699,-0.00012899160942900223,-0.010228225032289096,-0.0024820262594095754,0.0012509359161982023,0.0022186067338930034,6,34,0.00707898768055526,0.0005774346534508368,True
81650525000174,0.3698498532415131,0.3304654690691077,0.5334289237964777,0.8949751943696459,0.0588235294117647,0.0,17,17,0.9327249225352084,0.398163848356769,oculta,True,0.3492254054910396,0.3166866757655915,0.518075779059331,0.8692160293106554,0.0476190476190476,0.0,21,21,0.9220845892055244,0.3954621383459409,hhi_alto,False,-0.020624447750473507,-0.013778793303516168,-0.015353144737146662,-0.025759165058990452,-0.011204481792717096,0.0,4,4,-0.01064033332968406,-0.0027017100108280845,False
82559154000182,0.677840111547107,0.6644167828615698,0.8214821084083856,0.8993003744696391,0.0637738330046022,0.0247644093797939,25,39,0.9311139639919054,0.9853912074012048,critico,False,0.5699889057473003,0.5546313666668468,0.7496401084702548,0.8744068930795591,0.0577777777777777,0.0241269841269841,29,45,0.93019603295579,0.9863882616545864,critico,False,-0.10785120579980667,-0.10978541619472304,-0.0718419999381309,-0.024893481390079963,-0.005996055226824497,-0.0006374252528097979,4,6,-0.0009179310361153714,0.0009970542533815907,True
82568221000125,0.1515078479019027,0.1249924681488372,0.213379447792424,0.6997757357391732,0.035,0.00484375,33,40,0.8661191843599929,0.4927578958674563,baixo_baixo,False,0.1767365080828595,0.1532146940280841,0.3071032240675957,0.7141561188400584,0.0319091400757166,0.004249401220737,36,43,0.9060258721843064,0.4345158745170294,baixo_baixo,False,0.02522866018095682,0.0282222258792469,0.09372377627517173,0.014380383100885186,-0.003090859924283401,-0.0005943487792630002,3,3,0.0399066878243135,-0.05824202135042689,True
82636028000184,0.1628483973820247,0.1529995549982838,0.3062401978922137,0.7207143197818834,0.020718527062241,0.0091975685570909,86,153,0.9214212986716476,0.8769985718967229,baixo_baixo,False,0.1574713920313486,0.1484119446338362,0.3001550612933971,0.7063933876678714,0.0204818069430986,0.0099493532543147,94,173,0.9212012679483532,0.8783258531078347,baixo_baixo,False,-0.0053770053506760895,-0.004587610364447603,-0.006085136598816598,-0.014320932114011975,-0.0002367201191424001,0.0007517846972238014,8,20,-0.00022003072329435103,0.0013272812111118082,True
82662958000102,0.1143716832898357,0.1030174741012438,0.2823407280051621,0.5368421844060625,0.0246730083234244,0.0121688161224427,79,116,0.7935494882650027,0.716722235658777,baixo_baixo,False,0.0862281685876427,0.0779959899262701,0.23540460387356,0.4843892739433727,0.0188820573640023,0.0100431569798942,112,179,0.7686275352512602,0.711396869956001,baixo_baixo,False,-0.028143514702192993,-0.0250214841749737,-0.046936124131602086,-0.05245291046268974,-0.0057909509594221,-0.002125659142548501,33,63,-0.02492195301374256,-0.005325365702775975,True
82702879000188,0.0994803514098269,0.071339112391384,0.2132046860953889,0.5388712453295523,0.0361570247933884,0.0060369318181818,33,44,0.6569554769593837,0.9886726785417308,baixo_baixo,False,0.4425184505967698,0.4282240518941229,0.65784410015808,0.809370989206752,0.03125,0.0064102564102564,40,56,0.8841947483526374,0.994412281660774,hhi_alto,False,0.3430380991869429,0.35688493950273886,0.44463941406269114,0.27049974387719966,-0.0049070247933883995,0.0003733245920745998,7,12,0.22723927139325373,0.005739603119043202,False
82780008000182,0.7571910264344929,0.7456286943599449,0.868661054537147,0.9375639732672456,0.0586734693877551,0.0138483965014577,22,28,0.9725545658034536,0.9962814168741272,critico,False,0.7553352032727794,0.7442140761488149,0.8675950222603193,0.9364133824218596,0.055885850178359,0.0129715706410117,23,29,0.972051439118142,0.9966820287028748,critico,False,-0.0018558231617135101,-0.001414618211130092,-0.0010660322768277775,-0.0011505908453860458,-0.002787619209396096,-0.0008768258604460004,1,1,-0.0005031266853116056,0.00040061182874762125,True
82782079000114,0.3176389473941866,0.2418210526602073,0.506877038360929,0.8904977695453823,0.1,3.0839528461809905e-17,10,10,0.9294838699205936,0.9027073579325722,oculta,True,0.299074130840339,0.2406636417437005,0.4913952450787727,0.8632988606524015,0.0769230769230769,1.503427012513233e-17,13,13,0.9234580781315838,0.91392348800267,baixo_baixo,False,-0.018564816553847563,-0.0011574109165067847,-0.01548179328215632,-0.027198908892980822,-0.023076923076923106,-1.5805258336677575e-17,3,3,-0.00602579178900986,0.011216130070097807,False
82985003000196,0.083547884725831,0.0730139523663578,0.228890672693482,0.4569368365936979,0.0119088912012949,0.0005515221346431,88,93,0.913075035690016,0.6414340175917334,baixo_baixo,False,0.0809205352458153,0.0713467908212925,0.2251628063059385,0.4494948580529244,0.0107650903498654,0.0004605600410098,97,102,0.9077505150433622,0.6414711823916862,baixo_baixo,False,-0.002627349480015695,-0.0016671615450652988,-0.0037278663875435214,-0.007441978540773497,-0.0011438008514295002,-9.09620936333e-05,9,9,-0.005324520646653785,3.716479995286015e-05,True
83108035000176,0.2418549325581782,0.2320088927212714,0.4510629434283828,0.7508360865432353,0.0152025303540455,0.0024129528261759,78,99,0.9428218318486096,0.5069031146235268,oculta,True,0.2205730616135416,0.2121921267921818,0.4296432302566413,0.7151809881870954,0.0127777777777777,0.0021624850657108,94,120,0.9372504632760452,0.5076382500964938,oculta,True,-0.0212818709446366,-0.019816765929089597,-0.021419713171741517,-0.03565509835613989,-0.0024247525762677996,-0.00025046776046510006,16,21,-0.00557136857256435,0.0007351354729669968,True
83145375000177,0.0435900515275195,0.033194291218036,0.1004595095977989,0.3311706632370145,0.0355090589507842,0.0250254617654666,93,344,0.922661047026186,0.9971417025220544,baixo_baixo,False,0.0430193657600361,0.0339912465690931,0.0924487194509876,0.3338290672180253,0.0340900482311052,0.0249776901955496,107,398,0.9232174981418296,0.9972855275302543,baixo_baixo,False,-0.0005706857674833976,0.000796955351057102,-0.008010790146811303,0.002658403981010804,-0.0014190107196789953,-4.777156991699755e-05,14,54,0.0005564511156436192,0.00014382500819998256,True
83156455000128,0.1982674841631939,0.1928135214704265,0.3013152421595607,0.7538826480521139,0.027156946929997,0.0205389669771398,148,706,0.9441594284215146,0.6407970294734708,oculta,True,0.1524668445430078,0.1472989594487579,0.2606384690495038,0.6638319515338147,0.026320357366985,0.0203832863753203,165,821,0.9336963768425596,0.6729734094273202,oculta,True,-0.0458006396201861,-0.04551456202166859,-0.04067677311005691,-0.09005069651829922,-0.0008365895630120003,-0.0001556806018194988,17,115,-0.010463051578954996,0.032176379953849366,True
83158105000109,0.126250518044574,0.1162074205508335,0.282293864018735,0.6085082763086266,0.0155044054367871,0.0041883641199685,88,121,0.8555378679235943,0.7758890964080153,baixo_baixo,False,0.0903779870960684,0.0808030185391849,0.1809262518801297,0.5417610731279795,0.0140434706602179,0.0036649808776939,96,131,0.8540803719633158,0.7380236695313364,baixo_baixo,False,-0.03587253094850559,-0.0354044020116486,-0.10136761213860532,-0.06674720318064709,-0.0014609347765692,-0.0005233832422746002,8,10,-0.0014574959602785542,-0.03786542687667893,True
83222034000158,0.2382340896714216,0.1689826432779144,0.4392743105147708,0.7412098758829774,0.1022222222222222,0.0206060606060606,12,15,0.8726942725827109,0.9937536958386022,baixo_baixo,False,0.2277159390050193,0.1683094727746362,0.4292159197229802,0.724237841753258,0.0865051903114186,0.0162363587969124,14,17,0.8696312610742561,0.9944181575359572,baixo_baixo,False,-0.010518150666402298,-0.0006731705032781976,-0.010058390791790606,-0.01697203412971937,-0.015717031910803606,-0.0043697018091482,2,2,-0.0030630115084547826,0.0006644616973550121,True
83684324000113,0.0643067769610977,0.0534266232048314,0.1832631541644794,0.3970471773549537,0.028095733610822,0.0167945212109478,87,217,0.8239794356694442,0.8871334018166507,baixo_baixo,False,0.0531328531318011,0.042840818926712,0.1577415488195574,0.3492578530380585,0.0273420546841093,0.0167696857132844,93,254,0.836706587309569,0.9017539751671848,baixo_baixo,False,-0.011173923829296599,-0.0105858042781194,-0.02552160534492201,-0.0477893243168952,-0.0007536789267126968,-2.4835497663400902e-05,6,37,0.012727151640124834,0.014620573350534127,True
83779462000186,0.2981635673159613,0.2676489398079596,0.4547951059224963,0.8525114455285515,0.0416666666666666,0.0,24,24,0.9846573852406668,0.5831927177167744,oculta,True,0.2980708928057899,0.2688238466726979,0.4547244028132018,0.8523789128580739,0.04,0.0,25,25,0.9838416826752552,0.6069690973480185,oculta,True,-9.267451017136441e-05,0.0011749068647382566,-7.070310929446766e-05,-0.0001325326704776364,-0.001666666666666601,0.0,1,1,-0.0008157025654116357,0.023776379631244127,True
83788281000116,0.327969231958269,0.3133598674356228,0.5603037558344821,0.7222527074415344,0.0321597317482091,0.0111197259166484,47,81,0.7243401028653047,0.8349829973033613,baixo_baixo,False,0.2892894378626119,0.2768208315093244,0.5249679735094199,0.676703549171426,0.0335097001763668,0.0165537300040223,58,126,0.7298493373393844,0.8423028208179092,baixo_baixo,False,-0.03867979409565708,-0.03653903592629837,-0.03533578232506218,-0.0455491582701083,0.0013499684281576968,0.005434004087373899,11,45,0.005509234474079694,0.007319823514547852,True
83820076000190,0.0738053467011619,0.050650480368691,0.1741547253144563,0.4364816598830438,0.0296,0.00534,41,50,0.610106019578571,0.7502559842708014,baixo_baixo,False,0.0719166143473817,0.049280434209513,0.1716680634177006,0.4302493724139323,0.0288350634371395,0.0051481137648746,42,51,0.6184201439251449,0.7530325219061199,baixo_baixo,False,-0.0018887323537802037,-0.001370046159177997,-0.0024866618967556986,-0.00623228746911153,-0.000764936562860502,-0.00019188623512540054,1,1,0.008314124346573859,0.002776537635318488,True
83820894000193,0.1610902147975522,0.1288244538282273,0.3064741025394537,0.7268555211941136,0.0575,0.02125,27,40,0.862632134723689,0.9941249118139052,baixo_baixo,False,0.1610902147975522,0.1288244538282273,0.3064741025394537,0.7268555211941136,0.0575,0.02125,27,40,0.8719086227183614,0.9953215642722452,baixo_baixo,False,0.0,0.0,0.0,0.0,0.0,0.0,0,0,0.0092764879946724,0.0011966524583399973,True
83871277000117,0.2882461159993542,0.2507853852624782,0.4524259639868833,0.899525173312556,0.0537190082644628,0.0039147455415397,20,22,0.8977044821702649,0.9688554434719652,baixo_baixo,False,0.2600628155703858,0.2211187532319851,0.4008429679788006,0.910980732888004,0.054820415879017,0.0050741219779126,20,23,0.9082106059213934,0.9716323252587168,baixo_baixo,False,-0.028183300428968383,-0.02966663203049308,-0.05158299600808269,0.011455559575447971,0.0011014076145542048,0.0011593764363728998,0,1,0.010506123751128471,0.002776881786751617,True
84438381000185,0.3842279121145197,0.3780701912356649,0.5028489695321593,0.9533307755505536,0.0159504597485456,0.0061099643460311,101,146,0.9855815861756496,0.4144213564666579,critico,False,0.3785269335049307,0.3727187740049768,0.4990927246338,0.9462094646220608,0.015149717178909,0.0059455089282446,108,159,0.9839257228580884,0.4153927096016124,critico,False,-0.005700978609588958,-0.005351417230688049,-0.0037562448983592955,-0.0071213109284927745,-0.0008007425696366002,-0.0001644554177865007,7,13,-0.0016558633175611792,0.0009713531349545002,True
84591890000143,0.2265017471636918,0.2189184309594143,0.3549692054182561,0.7304711639692653,0.0168384380897082,0.0071995992474504,103,166,0.9218354764487834,0.6923902404186251,baixo_baixo,False,0.1948642366605768,0.1876107613151766,0.3265101180394345,0.697456057587547,0.0188706989510832,0.0100316962389308,112,202,0.9169844739008984,0.713284621291779,baixo_baixo,False,-0.031637510503115,-0.0313076696442377,-0.02845908737882158,-0.03301510638171823,0.002032260861375,0.0028320969914804005,9,36,-0.004851002547884953,0.020894380873153984,True
84703248000109,0.0501733184925615,0.0476803350765315,0.1887773553589542,0.3371821777839513,0.0099935664120112,0.0073951243291031,382,1494,0.9145366740316456,0.7253918122580363,baixo_baixo,False,0.0404059196934439,0.0381102400754856,0.1637457590125365,0.3053265267100775,0.0095979756778305,0.0072285928445239,419,1731,0.9121765572090458,0.7331050657899907,baixo_baixo,False,-0.009767398799117602,-0.0095700950010459,-0.025031596346417717,-0.031855651073873836,-0.0003955907341807001,-0.00016653148457919983,37,237,-0.002360116822599845,0.0077132535319544004,True
85448116000140,0.2435280059269857,0.11744934024815,0.3734528026853366,0.9159818124312435,0.15625,0.015625,7,8,0.604104659983255,0.7277735153872154,baixo_baixo,False,0.2275207560730122,0.1502728316803134,0.3283917806592694,0.8280428935533012,0.0972222222222222,0.0069444444444444,11,12,0.6137697470113167,0.4766051119459486,baixo_baixo,False,-0.016007249853973504,0.03282349143216341,-0.04506102202606721,-0.08793891887794236,-0.059027777777777804,-0.008680555555555601,4,4,0.00966508702806168,-0.25116840344126673,True
85461804000140,0.1321480074591756,0.0839340078735743,0.2317088694682174,0.6410808273235455,0.0725308641975308,0.0210048010973937,19,36,0.8511566413946559,0.9956119449411496,baixo_baixo,False,0.3156401891298926,0.2858854147442357,0.4621314764050372,0.8752373383560957,0.0588935157644259,0.0179758425367922,24,41,0.8175938147250409,0.8665652375288787,baixo_baixo,False,0.18349218167071701,0.20195140687066138,0.23042260693681982,0.2341565110325502,-0.0136373484331049,-0.003028958560601501,5,5,-0.033562826669614965,-0.12904670741227087,True
85908309000137,0.1735959861143937,0.1573919858421269,0.3743506490230971,0.6307480418699254,0.0318859157186348,0.0129032866150786,52,79,0.7884272303140288,0.983710008515288,baixo_baixo,False,0.2696422838386645,0.2568289905726763,0.4769525483562721,0.7466152666367672,0.0308204914618908,0.0138173421892924,58,98,0.8747370288861771,0.9865658176549548,baixo_baixo,False,0.09604629772427081,0.09943700473054937,0.10260189933317498,0.11586722476684186,-0.001065424256744,0.0009140555742137985,6,19,0.08630979857214827,0.002855809139666765,True
86050978000183,0.2163450750977833,0.204288845483903,0.426408121101966,0.6833793548377546,0.0187471422039323,0.0036509443916851,66,81,0.9255418880964664,0.8572725637055874,oculta,True,0.1588035116607296,0.1466122582065373,0.3385712840681094,0.6429404803079045,0.0175778546712802,0.0033398525650669,70,85,0.9230264644907232,0.7609607402922783,baixo_baixo,False,-0.05754156343705372,-0.05767658727736569,-0.08783683703385664,-0.040438874529850066,-0.001169287532652101,-0.0003110918266182,4,4,-0.0025154236057431945,-0.09631182341330902,False
86446630000100,0.3613902313058945,0.3461852368131777,0.5223875115323818,0.861793733435974,0.0362805697393173,0.0133348690188249,43,61,0.8952840493133439,0.964410314607172,baixo_baixo,False,0.3567915879325725,0.3421732149310401,0.5190408394063787,0.8562726576016879,0.0343195266272189,0.0123722431414739,45,65,0.8910091454191271,0.9641544656316045,hhi_alto,False,-0.004598643373321998,-0.0040120218821376175,-0.0033466721260031473,-0.005521075834286071,-0.0019610431120984026,-0.0009626258773509991,2,4,-0.004274903894216808,-0.0002558489755675186,False
86532520000160,0.7978112661330161,0.7472640826662702,0.8890645065691989,0.9994265654402076,0.2653061224489795,0.0816326530612244,5,7,0.8724154949922767,0.4617937537107182,hhi_alto,False,0.7978112661330161,0.7472640826662702,0.8890645065691989,0.9994265654402076,0.2653061224489795,0.0816326530612244,5,7,0.8730523026924557,0.8575190133276727,hhi_alto,False,0.0,0.0,0.0,0.0,0.0,0.0,0,0,0.0006368077001790429,0.3957252596169545,True
86754348000190,0.262882439551937,0.1154589274623244,0.3604415939645717,0.9458003794490072,0.1666666666666666,3.3306690738754695e-17,6,6,0.4673464201379705,0.4694719236566451,baixo_baixo,False,0.2792821310343313,0.1763224354678072,0.4489719132829983,0.8869783387719247,0.125,0.0,8,8,0.6753291335845301,0.6976463283735754,baixo_baixo,False,0.016399691482394285,0.060863508005482805,0.08853031931842659,-0.05882204067708252,-0.0416666666666666,-3.3306690738754695e-17,2,2,0.20798271344655955,0.22817440471693035,True
86813953000194,0.2763686956134444,0.2040055651747889,0.4390511976971723,0.8377090799474863,0.0909090909090909,0.0,11,11,0.6729803067104116,0.679747666974361,baixo_baixo,False,0.4536063604573447,0.4115760804925251,0.6489443490131103,0.9165963745114606,0.0755555555555555,0.0044444444444444,14,15,0.830456606651498,0.8700316359146951,hhi_alto,False,0.1772376648439003,0.20757051531773618,0.20989315131593794,0.07888729456397425,-0.015353535353535397,0.0044444444444444,3,4,0.15747629994108636,0.19028396894033417,False
87620415000146,0.3066500009064423,0.1333125011330529,0.4048645084116736,0.9539926694986736,0.2,3.4694469519536136e-17,5,5,0.3704561121551063,0.3965645695364238,baixo_baixo,False,0.3066500009064423,0.1333125011330529,0.4048645084116736,0.9539926694986736,0.2,3.4694469519536136e-17,5,5,0.3680460856413309,0.3939165594559823,baixo_baixo,False,0.0,0.0,0.0,0.0,0.0,0.0,0,0,-0.0024100265137754207,-0.0026480100804415208,True
88368386000130,0.370768066249322,0.3393064695617881,0.5343729795137966,0.9043669652856176,0.2314098750743605,0.1929803688280786,21,41,0.9749213156796892,0.5679649098989403,critico,False,0.366785836772152,0.3392547861970281,0.5266532198742939,0.9030368262158384,0.2128395061728394,0.1786151368760064,24,45,0.9726044428629256,0.5697512603308048,critico,False,-0.0039822294771700295,-5.168336476002455e-05,-0.007719759639502666,-0.0013301390697791904,-0.01857036890152111,-0.014365231952072205,3,4,-0.0023168728167636266,0.0017863504318644807,True
88659313000105,0.164418235669525,0.1578902531356932,0.3262987045905017,0.689410389928246,0.0113636363636363,0.0036399147727272,129,176,0.9701349846062908,0.4950130869253266,oculta,True,0.1486259876964241,0.1430614516682961,0.3097206116445526,0.6543838655769564,0.0099135295659009,0.0034423761643708,154,214,0.9657320970621304,0.5076174511637165,oculta,True,-0.015792247973100887,-0.014828801467397096,-0.016578092945949086,-0.03502652435128961,-0.0014501067977354,-0.00019753860835640012,25,38,-0.004402887544160405,0.012604364238389898,True
88892393000136,0.2860615539716831,0.2667659202952421,0.3885772975888256,0.8599489513498173,0.0345689296126613,0.0084761979805711,38,49,0.8537113513545386,0.5052117987368304,baixo_baixo,False,0.2841063964049282,0.2652670910471631,0.3872375242283937,0.856983938459206,0.0340236686390532,0.0086032388663967,39,52,0.8489598314560369,0.5035950268371417,baixo_baixo,False,-0.001955157566754906,-0.001498829248078981,-0.001339773360431895,-0.0029650128906113515,-0.0005452609736081027,0.0001270408858256005,1,3,-0.004751519898501644,-0.0016167718996886737,True
89421259000110,0.0454026584772403,0.0297535217309656,0.086272254769282,0.3103512368181729,0.0175985742927155,0.001493632887678,62,67,0.8629694144014108,0.6988422603825436,baixo_baixo,False,0.0444290969388438,0.0299507499227657,0.0814315871880232,0.3010583473700126,0.0163257646838055,0.0014216096032571,67,73,0.8629588529134707,0.706683283237478,baixo_baixo,False,-0.0009735615383964988,0.0001972281918001008,-0.004840667581258812,-0.009292889448160313,-0.0012728096089099986,-7.202328442090008e-05,5,6,-1.0561487940097258e-05,0.007841022854934376,True
89525901000100,0.313215074196167,0.1987509198955281,0.4118433705574775,0.942420761770454,0.1428571428571428,0.0,7,7,0.9243567464840384,0.6011698228935697,oculta,True,0.313215074196167,0.1987509198955281,0.4118433705574775,0.942420761770454,0.1428571428571428,0.0,7,7,0.9211613367262754,0.5994836735828214,baixo_baixo,False,0.0,0.0,0.0,0.0,0.0,0.0,0,0,-0.0031954097577630014,-0.0016861493107482861,False
89985378000103,0.1083625752187698,0.0804989056943563,0.2214016378061392,0.5758471529655314,0.0437878248487006,0.0139061943752225,33,53,0.395317936367113,0.5162220615533608,baixo_baixo,False,0.1077684935870032,0.0807311752108518,0.2207859818666342,0.5742458833295736,0.0425240054869684,0.0135095814108159,34,54,0.3919693417395508,0.5151092677475031,baixo_baixo,False,-0.0005940816317665937,0.00023226951649549243,-0.0006156559395049943,-0.0016012696359577472,-0.0012638193617321991,-0.00039661296440660077,1,1,-0.003348594627562207,-0.0011127938058577147,True
90896275000148,0.0605449760897458,0.0413724245813733,0.1712802245999427,0.3896378779218156,0.0244394053917863,0.0045300055018227,50,63,0.4597772554600545,0.5249056898835479,baixo_baixo,False,0.0587336183272771,0.0402774147650668,0.1651228347436021,0.3756307015372358,0.0251726442414791,0.0060583823638611,52,67,0.4931650880515086,0.5491189225085787,baixo_baixo,False,-0.0018113577624686988,-0.0010950098163065025,-0.006157389856340595,-0.014007176384579767,0.0007332388496928029,0.0015283768620384004,2,4,0.033387832591454114,0.024213232625030834,True
92032226000192,0.1718281731508577,0.1584705630403877,0.3490249033593677,0.6923854622449094,0.02,0.0041935483870967,63,80,0.9025949562945418,0.6710831049256301,baixo_baixo,False,0.3264001080870205,0.316346378356976,0.5390625802997755,0.828657247577556,0.0186587344510546,0.0040118498906226,68,86,0.9469239653944966,0.7629219337561876,oculta,True,0.15457193493616284,0.15787581531658829,0.1900376769404078,0.1362717853326466,-0.0013412655489454008,-0.00018169849647410065,5,6,0.04432900909995485,0.0918388288305575,False
93592368000177,0.2946187993035101,0.1182734991293876,0.3708512282341102,0.9332551220276069,0.2,3.4694469519536136e-17,5,5,0.7709159700687798,0.3965645695364238,baixo_baixo,False,0.133676176823021,0.047043794505323,0.2379228309841804,0.6042674855087455,0.0972222222222222,0.0069444444444444,11,12,0.8061046960913729,0.3939165594559823,baixo_baixo,False,-0.1609426224804891,-0.07122970462406461,-0.1329283972499298,-0.3289876365188613,-0.10277777777777782,0.006944444444444365,6,7,0.03518872602259315,-0.0026480100804415208,True
93856862000100,0.1658836507704764,0.1241778333090002,0.2907768908772157,0.7531559058559537,0.0476190476190476,0.0,21,21,0.8159050411036433,0.3997033773560751,baixo_baixo,False,0.1355822337870561,0.1035667609643545,0.2589531991915785,0.6707277553008344,0.0357142857142857,7.195889974422309e-18,28,28,0.7985889593831837,0.4786655777656954,baixo_baixo,False,-0.030301416983420287,-0.020611072344645695,-0.0318236916856372,-0.08242815055511932,-0.011904761904761904,7.195889974422309e-18,7,7,-0.01731608172045951,0.07896220040962032,True
94707684000100,0.1768442396382573,0.1219671889474744,0.3228338043888487,0.7440396808864709,0.0657439446366782,0.0034602076124567,16,17,0.9429328758960224,0.3992947696783913,oculta,True,0.1433776658250501,0.1025861261024334,0.2873675090389055,0.6623000033320947,0.0495999999999999,0.0043428571428571,22,25,0.9318404239707492,0.4073390103874791,oculta,True,-0.033466573813207195,-0.019381062845041,-0.03546629534994317,-0.08173967755437617,-0.016143944636678294,0.0008826495304003999,6,8,-0.011092451925273195,0.008044240709087824,True
94707817000148,0.7514446281719217,0.689305785214902,0.8631373937677054,0.9840651558073654,0.2222222222222222,0.0277777777777778,5,6,0.7383612613267546,0.8854955543074499,hhi_alto,False,0.3204621426450759,0.2072058330859218,0.4191980380667612,0.9777817448830752,0.15625,0.015625,7,8,0.779252606210386,0.5553072968684963,baixo_baixo,False,-0.4309824855268458,-0.48209995212898027,-0.44393935570094417,-0.006283410924290189,-0.06597222222222221,-0.0121527777777778,2,2,0.04089134488363133,-0.3301882574389535,False
95289500000100,0.2911650198814172,0.2025606473665943,0.4947152764816257,0.8155398703026773,0.1111111111111111,0.0,9,9,0.713870363439588,0.4589569627927384,baixo_baixo,False,0.2128671320258905,0.1636713277775086,0.4185109591958095,0.692026168145488,0.0588235294117647,0.0,17,17,0.660622405702571,0.4464376120864552,baixo_baixo,False,-0.07829788785552669,-0.0388893195890857,-0.07620431728581623,-0.12351370215718926,-0.05228758169934641,0.0,8,8,-0.05324795773701696,-0.012519350706283183,True
95778502000154,0.2796403607262648,0.2483203764100155,0.5075858335000766,0.7099166355472192,0.044378698224852,0.0028299459737586,24,26,0.8643097450090091,0.979485891157742,baixo_baixo,False,0.2598911783085982,0.2277125338872329,0.4822410752997519,0.7244010680210249,0.0452674897119341,0.0037573805689747,24,27,0.8538405918673597,0.9791266465848704,baixo_baixo,False,-0.0197491824176666,-0.02060784252278261,-0.02534475820032467,0.014484432473805708,0.0008887914870821037,0.0009274345952160999,0,1,-0.010469153141649423,-0.0003592445728716198,True
95785267000148,0.15532742966546,0.1186025353030887,0.2587848903889602,0.7090859062906509,0.052734375,0.0115489130434782,24,32,0.779613498180338,0.8012348137437258,baixo_baixo,False,0.1214505519617385,0.0939958817105428,0.2262269349898849,0.6198751827572001,0.0460069444444444,0.0161946614583333,33,48,0.761690735485741,0.8020726355703588,baixo_baixo,False,-0.03387687770372151,-0.024606653592545907,-0.0325579553990753,-0.08921072353345083,-0.006727430555555601,0.0046457484148551016,9,16,-0.017922762694597028,0.0008378218266329451,True
95994059000159,0.3502590085499039,0.2852849094048943,0.4752470655038258,0.9414181952236056,0.0909090909090909,0.0,11,11,0.788858036999921,0.7539575352108341,baixo_baixo,False,0.328478871509824,0.2674314961925353,0.459460111396104,0.9101457752068433,0.0833333333333333,1.5139404881252137e-17,12,12,0.7808417315143416,0.7649459917206441,baixo_baixo,False,-0.02178013704007986,-0.017853413212359004,-0.015786954107721796,-0.03127242001676234,-0.007575757575757597,1.5139404881252137e-17,1,1,-0.008016305485579411,0.010988456509810063,True
96041330000102,0.3554399249199433,0.2480132457399338,0.4820800437207625,0.9461685796375572,0.1428571428571428,0.0,7,7,0.8366559767700534,0.3965645695364237,baixo_baixo,False,0.2656769670143757,0.1607736765878579,0.331360032015746,0.9380419488570704,0.125,0.0,8,8,0.8635651277536092,0.5338800180593088,baixo_baixo,False,-0.0897629579055676,-0.0872395691520759,-0.15072001170501653,-0.00812663078048681,-0.017857142857142794,0.0,1,1,0.02690915098355573,0.13731544852288513,True
96484134000102,0.1040872967333414,0.0769384269373821,0.1874387184677319,0.581919918532708,0.0432,0.0142060606060606,34,50,0.5706591858835576,0.7547781365624474,baixo_baixo,False,0.1486318900371395,0.1235916515088201,0.3181805313128453,0.6256402279200507,0.0423638305446778,0.0141980608548154,35,53,0.6087529114315012,0.6361709825432769,baixo_baixo,False,0.044544593303798105,0.04665322457143799,0.13074181284511338,0.043720309387342726,-0.0008361694553222013,-7.999751245201317e-06,1,3,0.03809372554794366,-0.11860715401917055,True
97536097000193,0.3123467818169083,0.2594503804182089,0.4262034180263929,0.9594947068660974,0.0714285714285714,0.0,14,14,0.8313357903225425,0.6484225948743966,baixo_baixo,False,0.0983390217272692,0.0636597533321642,0.136210949461556,0.4716821726714333,0.037037037037037,0.0,27,27,0.7989452472600707,0.5417640973349813,baixo_baixo,False,-0.21400776008963907,-0.1957906270860447,-0.28999246856483685,-0.4878125341946641,-0.0343915343915344,0.0,13,13,-0.0323905430624718,-0.10665849753941525,True
97552692000112,0.2420087614404534,0.0904105137285441,0.3829193908984181,0.8803913870279372,0.1666666666666666,3.3306690738754695e-17,6,6,0.7254691135705923,0.9631624241549094,baixo_baixo,False,0.2420087614404534,0.0904105137285441,0.3829193908984181,0.8803913870279372,0.1666666666666666,3.3306690738754695e-17,6,6,0.7365654723247733,0.96317712623288,baixo_baixo,False,0.0,0.0,0.0,0.0,0.0,0.0,0,0,0.011096358754181024,1.4702077970607519e-05,True
