orgao_cnpj,valor_total,n_instrumentos,n_fornecedores,portfolio_hhi,count_hhi,portfolio_cr1,portfolio_cr4,portfolio_neff,portfolio_hhi_norm,count_hhi_norm,hhi_gap_value_count,hhi_norm_gap_value_count,exposicao_degree_global,exposicao_strength_global
00057011000108,109046.4,6,4,0.4829648133554434,0.2777777777777778,0.6602693899110837,1.0,2.0705442142925614,0.3106197511405912,0.037037037037037056,0.2051870355776656,0.27358271410355417,0.8745091341638249,0.6582900729954776
00084514000172,33600.0,1,1,1.0,1.0,1.0,1.0,1.0,,,0.0,,0.3965645695364238,0.48135347682119206
00091238000170,533264.85,12,10,0.2668056756418174,0.11111111111111112,0.3750480272607504,0.9573969294994785,3.7480462047684657,0.18533963960201932,0.012345679012345682,0.1556945645307063,0.17299396058967365,0.5377384278693538,0.7614376167298197
00094350000164,238365.99,1,1,1.0,1.0,1.0,1.0,1.0,,,0.0,,0.3965645695364238,0.8080298013245033
00118735000114,139563.09999999998,9,9,0.3472008824465827,0.1111111111111111,0.5409313063410027,0.8621480176350339,2.8801770115139362,0.26560099275240556,0.0,0.2360897713354716,0.26560099275240556,0.5674112546915033,0.6109139021220154
00124346000100,237840.84,19,13,0.176032943458608,0.08587257617728532,0.2606785277078571,0.7620894712615378,5.680754865268374,0.10736902208015867,0.009695290858725756,0.09016036728132269,0.09767373122143291,0.6003556009175872,0.5264768812189782
00135676000192,8130.0,1,1,1.0,1.0,1.0,1.0,1.0,,,0.0,,0.3965645695364238,0.2537665562913907
00202770000117,3232560.62,6,6,0.5160285226261689,0.16666666666666669,0.6929491085614969,0.9699696273599966,1.9378773772248221,0.41923422715140274,3.3306690738754695e-17,0.34936185595950225,0.4192342271514027,0.493195754213683,0.9396358846640819
00204125000133,4804272.49,29,27,0.7356784225748761,0.03923900118906064,0.853407047275955,0.9668244275628087,1.3592895609198348,0.7255122080585251,0.0022866550809475875,0.6964394213858155,0.7232255529775775,0.7972526806434582,0.9507892946653722
00237347000152,10600.0,1,1,1.0,1.0,1.0,1.0,1.0,,,0.0,,0.3965645695364238,0.28967301324503314
00262940000159,38486.0,1,1,1.0,1.0,1.0,1.0,1.0,,,0.0,,0.3965645695364238,0.5072847682119205
00282872000190,215000.0,1,1,1.0,1.0,1.0,1.0,1.0,,,0.0,,0.3965645695364238,0.7960471854304636
00282876000178,7320.0,1,1,1.0,1.0,1.0,1.0,1.0,,,0.0,,0.3965645695364238,0.2367342715231788
00324208000166,20395.239999999998,5,3,0.4662282745721222,0.44000000000000006,0.5740074644868116,1.0,2.144872060618252,0.19934241185818327,0.1600000000000001,0.026228274572122123,0.039342411858183185,0.8541177229514182,0.48015882298747253
00343828000142,34178.64,2,2,0.5748191396902845,0.5,0.6934155367211803,1.0,1.7396776324093959,0.14963827938056906,0.0,0.07481913969028453,0.14963827938056906,0.9677392516697194,0.7270025232094532
00421772000105,8079803.59,29,22,0.15193751879276832,0.06302021403091558,0.21225268422644913,0.7219680447702566,6.581652826409038,0.11155359111623347,0.0184021289847687,0.08891730476185274,0.09315146213146477,0.5054402150770875,0.935230356642287
00426641000102,62633.64,5,5,0.28075083867594613,0.20000000000000004,0.335283084297831,0.9817989182809749,3.561877160246848,0.10093854834493265,3.469446951953614e-17,0.0807508386759461,0.10093854834493263,0.5502010380132731,0.44821222658267157
00444435000125,319910.04000000004,10,8,0.2852700824257914,0.14,0.40511388764166323,0.923778572251124,3.505449963404889,0.18316580848661873,0.017142857142857158,0.14527008242579137,0.16602295134376158,0.629388131740605,0.7187495217819516
00460408000146,703617.64,41,34,0.09947407559443057,0.032718619869125526,0.19999214346018954,0.5545606275590247,10.052870499416722,0.07218541121850423,0.0034070628954626634,0.06675545572530504,0.06877834832304157,0.6946318885575589,0.6484331446256635
00465786000112,3528.0,1,1,1.0,1.0,1.0,1.0,1.0,,,0.0,,0.3965645695364238,0.1540562913907285
00483887000116,77013.11,5,5,0.5722704426829528,0.20000000000000004,0.7379926612494938,0.9859764136261996,1.747425562137614,0.46533805335369094,3.469446951953614e-17,0.37227044268295273,0.4653380533536909,0.3965645695364238,0.4932092004878406
00536717000152,548712.75,15,15,0.08631237716955865,0.06666666666666667,0.12028151341480584,0.4476101202313961,11.585823873620388,0.021048975538812846,0.0,0.01964571050289199,0.021048975538812846,0.510150775984881,0.6257631067353209
00569168000112,126661.17,17,16,0.8938056379258097,0.06574394463667821,0.9450410098059255,0.984457193945074,1.1188114703780878,0.8867260137875304,0.003460207612456756,0.8280616932891315,0.8832658061750736,0.9904899095716266,0.9711452731344746
00634997000131,15431841.680000002,12,12,0.14025450490564131,0.08333333333333334,0.26244476090296437,0.646379870714174,7.129895761086374,0.062095823533426894,1.5139404881252137e-17,0.05692117157230797,0.06209582353342688,0.4364803513269076,0.9534125834835867
00652007000198,22067.76,3,3,0.8258317123530239,0.3333333333333333,0.9062995066105487,1.0000000000000002,1.2109004595509203,0.7387475685295358,0.0,0.49249837901969057,0.7387475685295358,0.9929172100862517,0.9543052051997728
00663808000159,55076.3,4,4,0.8897853551832867,0.25,0.9421729491632517,1.0,1.1238665529553586,0.8530471402443823,0.0,0.6397853551832867,0.8530471402443823,0.9298080617703701,0.7706482896430505
00675468000186,11810136.98,63,52,0.18839418347182948,0.024439405391786333,0.2871310490083749,0.7882854615289993,5.308019502361811,0.17248034393206144,0.0053107662818213585,0.16395477808004316,0.16716957765024007,0.6896972575471141,0.9298654304631044
00708056000103,72474.0,3,3,0.7586499031224613,0.3333333333333333,0.8643099594337279,0.9999999999999999,1.3181310587191626,0.6379748546836919,0.0,0.42531656978912796,0.6379748546836919,0.45279385532550875,0.5736310939186776
00715411000163,115095.85,5,4,0.4584775801243349,0.28,0.5317307270418525,1.0,2.181131735446713,0.27797010683244655,0.040000000000000036,0.1784775801243349,0.23797010683244652,0.635788374899893,0.6969186663386437
00734500000157,10719.0,3,3,0.411744406364238,0.3333333333333333,0.46646142364026494,1.0,2.428691160203348,0.11761660954635698,0.0,0.07841107303090467,0.11761660954635698,0.7329902563622557,0.47758074030208164
00734571000150,52355.95,2,2,0.6804963311464498,0.5,0.8004133245600549,1.0,1.4695156376747456,0.3609926622928996,0.0,0.1804963311464498,0.3609926622928996,0.9610791507744596,0.884650626239885
00801529000104,10812.0,2,2,0.9977827078311063,0.5,0.9988901220865705,1.0,1.0022222194787413,0.9955654156622127,0.0,0.49778270783110634,0.9955654156622127,0.9879190983528235,0.8118913587551726
00879976000186,14094482.969999999,175,151,0.01516111726299925,0.007673469387755101,0.049664822859408514,0.1465112274352551,65.95819969287507,0.008595524711419245,0.0010579591836734684,0.00748764787524415,0.007537565527745776,0.3966925126380303,0.736920777158308
00898427000159,2504.56,2,2,0.9040432717902411,0.5,0.9494681700578146,1.0,1.1061417425514817,0.8080865435804823,0.0,0.40404327179024113,0.8080865435804823,0.9934272403691957,0.6920565127617821
00941254000104,37992.0,2,2,0.5678180478065868,0.5,0.6841440303221731,1.0,1.7611275370039405,0.1356360956131737,0.0,0.06781804780658685,0.1356360956131737,0.3965645695364238,0.392237408119381
00955107000193,23401188.35,344,104,0.27556869187105304,0.024743104380746353,0.45834648820302326,0.8576661582231143,3.6288592626768006,0.2685353781998982,0.01527459083104486,0.2508255874903067,0.2532607873688533,0.7140346407005964,0.9590152631728508
00956081000106,106151.38,6,6,0.23207393264667553,0.16666666666666669,0.31015046624923764,0.8874422546367273,4.308971665173896,0.07848871917601065,3.3306690738754695e-17,0.06540726598000884,0.07848871917601062,0.564690481601535,0.5275432254770474
00999472000108,26941823.0,80,80,0.027245707315073357,0.012500000000000004,0.053448499012112134,0.21379399604844854,36.70302952446245,0.014932361838048969,3.513364001978343e-18,0.014745707315073353,0.014932361838048965,0.5496924152913737,0.8944289009067024
01017786000112,8900.0,1,1,1.0,1.0,1.0,1.0,1.0,,,0.0,,0.9447433774834437,0.6951986754966888
01031661000147,9629.28,1,1,1.0,1.0,1.0,1.0,1.0,,,0.0,,0.9447433774834437,0.5330298013245033
01071994000108,4164548.53,68,62,0.08264814634104935,0.01730103806228374,0.15605206550444498,0.5224510614599562,12.09948491613446,0.06760959136303377,0.0011912190141244558,0.06534710827876561,0.06641837234890931,0.541106706817092,0.8344831687863988
01072472000112,1016942.7,1,1,1.0,1.0,1.0,1.0,1.0,,,0.0,,0.3965645695364238,0.9343956953642384
01072474000101,1307571.0,3,3,0.6046843699288883,0.3333333333333333,0.7571290583838277,1.0,1.6537553304339607,0.40702655489333245,0.0,0.271351036595555,0.40702655489333245,0.4761198376842475,0.907818198813977
01134736000115,779078.28,6,6,0.20165960187586862,0.16666666666666669,0.25029577258911645,0.830171109378123,4.958851404534405,0.04199152225104236,3.3306690738754695e-17,0.034992935209201936,0.04199152225104232,0.3965645695364238,0.7415034314673175
01164577000100,5000.0,1,1,1.0,1.0,1.0,1.0,1.0,,,0.0,,0.9966887417218543,0.9962748344370861
01197548000136,397905.48000000004,6,6,0.3065160449241463,0.16666666666666669,0.48862822899548913,0.9049804491257574,3.2624719539476983,0.16781925390897556,3.3306690738754695e-17,0.13984937825747962,0.16781925390897554,0.430427890215509,0.6864489786207753
01203660000132,40790.14,3,3,0.4523196069933349,0.3333333333333333,0.6008682490425382,1.0,2.2108261161774827,0.17847941049000235,0.0,0.11898627366000158,0.17847941049000235,0.7406102294156063,0.6326848180217114
01210830000106,2289623.78,19,19,0.31026087788305917,0.05263157894736842,0.4192828570290269,0.8826126229349349,3.223094083995054,0.27194203776545134,0.0,0.25762929893569075,0.27194203776545134,0.47600684884011185,0.877954650545361
01280363000190,18058930.59,61,46,0.5044772792878855,0.030368180596613815,0.6512967056040941,0.9620819911462986,1.982249827805107,0.4934656632720608,0.008820806832094123,0.4741090986912717,0.4846448564399667,0.4035782491288652,0.9717672676714363
01282378000198,312958.26000000007,106,39,0.2590112650380457,0.05962976148095405,0.38397932043717264,0.8207468305837334,3.8608359364335434,0.23951156148641536,0.034883176256768636,0.19938150355709167,0.20462838522964671,0.9830574411587909,0.9410889616622353
01294821000140,108830.32,5,5,0.29080902865346125,0.20000000000000004,0.411833761032771,0.9356796892630656,3.438682783097621,0.11351128581682655,3.469446951953614e-17,0.09080902865346122,0.11351128581682651,0.7196380979592758,0.7347850900690516
01335616000186,310326.42000000004,12,9,0.5535920426713189,0.125,0.732583451966481,0.9314990325348387,1.8063843460873668,0.49779104800523377,0.015625000000000007,0.4285920426713189,0.48216604800523377,0.8675976743983244,0.7579722373727578
01349236000109,1182055.527,226,31,0.08343053429660943,0.07455556425718533,0.1626103576435458,0.4817151411195931,11.986019368458479,0.05287821877316308,0.04370741639909151,0.008874970039424099,0.009170802374071571,0.9989498873030307,0.9710655875721863
01357325000199,2534631.12,2,2,0.9664931885560877,0.5,0.9829560997420406,1.0,1.0346684403373505,0.9329863771121754,0.0,0.4664931885560877,0.9329863771121754,0.9647343515272184,0.9843968827700657
01357347000159,20087.489999999998,2,2,0.7783412856831853,0.5,0.8730558173271027,1.0,1.2847834470482378,0.5566825713663706,0.0,0.2783412856831853,0.5566825713663706,0.9268515150445404,0.6742281382847357
01377043000153,7430747.12,8,8,0.3229552938340086,0.125,0.48744573614288195,0.9482990614811826,3.0964038029176146,0.22623462152458126,0.0,0.19795529383400862,0.22623462152458126,0.504491655572284,0.9640419549245899
01393989000103,483228.67,12,11,0.12022539804637569,0.09722222222222224,0.1845755343945135,0.5667167471665123,8.31771003672835,0.03224793785101326,0.006944444444444459,0.023003175824153455,0.0253034934065688,0.5055562902266147,0.6002645584789678
01397083000167,211192.34000000003,111,48,0.17231624728285808,0.04488272055839623,0.36222904675425255,0.6537261247259252,5.803283298982797,0.15470595467185505,0.024561076314957856,0.12743352672446184,0.1301448783568972,0.9194661619421932,0.8180866376469936
01404511000131,2943448.49,83,49,0.3093135654275184,0.04049934678472927,0.5335754457180938,0.7593695481995678,3.232965222905267,0.29492426470725835,0.02050974984274447,0.26881421864278915,0.2744145148645139,0.7083747592689894,0.8522110036172884
01420402000108,705808.5800000001,26,22,0.4891427550036187,0.05029585798816569,0.6866827263562028,0.8730363691526675,2.0443929502596885,0.4648162195276005,0.005071851225697386,0.438846897015453,0.45974436830190313,0.5367948879517941,0.8237484835757944
01455352000102,8200.0,2,2,0.785841760856633,0.5,0.8780487804878049,1.0,1.2725208175624525,0.5716835217132661,0.0,0.28584176085663304,0.5716835217132661,0.9270220885155871,0.4894706024874818
01465988000127,12730469.66,231,129,0.2399551027646711,0.016285301999587713,0.47440705577236336,0.62697973783946,4.167446278401175,0.2340172520050201,0.008600030921459492,0.2236698007650834,0.2254172210835606,0.5070322344648266,0.8937717885850849
01494665000161,652834.33,21,17,0.16113069682779943,0.06575963718820861,0.285830556735581,0.6870948866920036,6.206142092643596,0.1087013653795369,0.00736961451247165,0.09537105963959082,0.10133175086706525,0.5491604263725715,0.6882958851327828
01600293000100,115493.88,83,39,0.32893131172498913,0.04572506895050078,0.5472151424820085,0.8076162996688654,3.040148396805938,0.3112716094019625,0.020612570764987646,0.28320624277448836,0.2906590386369749,0.6682455783885296,0.711389606909265
01605008000144,30598.879999999997,3,3,0.389865269437376,0.3333333333333333,0.4738369508949347,1.0,2.5649886727359026,0.08479790415606399,0.0,0.05653193610404267,0.08479790415606399,0.4803534271245283,0.38538227813506437
01610999000153,21492.719999999998,16,15,0.26543545740125546,0.0703125,0.36805020490659157,0.8228925887463289,3.7673941898738588,0.21296656150134516,0.003906250000000001,0.19512295740125546,0.20906031150134516,0.9942795574678679,0.860909121859534
01630571000172,118174.08,3,3,0.355440757786915,0.3333333333333333,0.4264894636793449,1.0,2.8134083615686394,0.03316113668037248,0.0,0.02210742445358166,0.03316113668037248,0.3965645695364238,0.5203783215741854
01648573000199,7932955.46,61,48,0.22882131902813843,0.026068261220102123,0.45844292437260203,0.6562425071273501,4.370222163945436,0.21241326198618393,0.005346309331168127,0.20275305780803632,0.20706695265501582,0.780452156839487,0.8953183676997208
01650166000116,1693953.47,139,74,0.05253514920752909,0.021272190880389216,0.14168039692377146,0.3536114719845286,19.034875032898636,0.03955617864872812,0.00786496061847674,0.03126295832713987,0.03169121803025138,0.510983740757693,0.635516415711089
01655283000172,34700.0,2,2,0.535915089403616,0.5,0.6340057636887608,1.0,1.8659672395357128,0.07183017880723197,0.0,0.035915089403615985,0.07183017880723197,0.6097759055861977,0.5574286218676642
01671721000196,20289.989999999998,3,3,0.41231173930730536,0.3333333333333333,0.5613605526666106,1.0,2.425349328350501,0.11846760896095805,0.0,0.07897840597397204,0.11846760896095805,0.505213857366342,0.3429659484669584
01683480000103,114811.7,1,1,1.0,1.0,1.0,1.0,1.0,,,0.0,,0.8464610927152317,0.7764486754966887
01705182000169,132000.0,1,1,1.0,1.0,1.0,1.0,1.0,,,0.0,,0.3965645695364238,0.7249793046357615
01739381000198,100000.0,2,1,1.0,1.0,1.0,1.0,1.0,,,0.0,,0.9966887417218543,0.9962748344370861
01743462000161,14979.960000000001,17,14,0.17148656605793214,0.07958477508650517,0.2285720389106513,0.7782464038622267,5.831360572362134,0.10775476344700384,0.008783603939313269,0.09190179097142696,0.09897115950769057,0.9911711217544256,0.8232610368998237
01744089000163,8958.0,1,1,1.0,1.0,1.0,1.0,1.0,,,0.0,,0.8464610927152317,0.5463576158940397
01746653000187,2168648.6492999997,952,197,0.048164736968198306,0.019417325753830945,0.16651959740761313,0.3260136519247641,20.762077464686858,0.04330843460579115,0.014414352926044368,0.02874741121436736,0.028894081679746785,0.9683184512602583,0.9204695199055926
01746656000110,6672.51,1,1,1.0,1.0,1.0,1.0,1.0,,,0.0,,0.8464610927152317,0.7492963576158941
01796840000175,89000.0,3,2,0.8550688044438834,0.5555555555555556,0.9213483146067416,1.0,1.16949653034106,0.7101376088877669,0.11111111111111116,0.29951324888832787,0.5990264977766557,0.9926031512761366,0.983689262593943
01814099000128,52572.0,1,1,1.0,1.0,1.0,1.0,1.0,,,0.0,,0.3965645695364238,0.5701572847682119
01815216000178,52284371.5,180,154,0.10875799729824637,0.007962962962962963,0.29592016803721166,0.4894767674504799,9.194726133635086,0.10293288616947673,0.0014790607601065117,0.1007950343352834,0.10145382540937022,0.4610263202452327,0.9254817197530335
01823752000115,257629.05,24,14,0.1755447589749557,0.09722222222222218,0.29111623863846103,0.7450982721086774,5.696552866854123,0.11212512504995228,0.027777777777777738,0.07832253675273351,0.08434734727217455,0.8659338484717435,0.7655452500069693
01824828000127,603530.6900000001,155,50,0.23645612735482371,0.04049947970863684,0.3578939788463782,0.8670036315800279,4.229114344325744,0.22087359934165687,0.020917836437384534,0.19595664764618687,0.19995576290427233,0.7331400406243535,0.8292151695398913
01834835000100,6830000.0,24,24,0.058214663153900746,0.041666666666666664,0.08784773060029283,0.3206442166910688,17.17780273599322,0.017267474595374692,0.0,0.016547996487234082,0.017267474595374692,0.644960269748771,0.8824764503117334
01842192000146,9900.0,1,1,1.0,1.0,1.0,1.0,1.0,,,0.0,,0.3965645695364238,0.27783526490066224
01842685000186,43549.99,5,5,0.3669854646107463,0.20000000000000004,0.5510908268865274,0.9425947055326535,2.7249035627628433,0.20873183076343288,3.469446951953614e-17,0.1669854646107463,0.20873183076343285,0.5194701024636529,0.3949423727751436
01850671000104,556392.51,247,80,0.13287046428508476,0.03637168286646232,0.28695569607865495,0.620480638749073,7.526127084604867,0.12189414104818709,0.024173856067303615,0.09649878141862243,0.09772028498088348,0.9256901013310074,0.8093039845363639
01851875000160,144277.86999999997,6,6,0.5417573636026664,0.16666666666666669,0.7152864122543534,0.9830167994578795,1.8458447769865778,0.45010883632319965,3.3306690738754695e-17,0.37509069693599967,0.4501088363231996,0.4389972757083259,0.6095602972548966
01873642000168,188400.0,2,2,0.6754432228487972,0.5,0.7961783439490446,1.0,1.4805093399002942,0.3508864456975944,0.0,0.1754432228487972,0.3508864456975944,0.3965645695364238,0.6959624267094108
01877528000106,14087730.833599998,82,58,0.16396234371491492,0.02260559190957763,0.2811250489364972,0.7275749473828306,6.098961367243707,0.1492950164116678,0.005458321592201799,0.1413567518053373,0.143836694819466,0.7055957742903465,0.9404230832283931
01896727000161,102182.32999999999,56,36,0.21518266867058358,0.038903061224489784,0.41102996966305233,0.727240609995877,4.647214416375088,0.19275931634688598,0.011443148688046635,0.1762796074460938,0.18131616765883934,0.6464129894633361,0.6433056701014628
01905501000180,320.0,1,1,1.0,1.0,1.0,1.0,1.0,,,0.0,,0.9829263245033113,0.71341059602649
01906118000146,682688.6599999999,11,11,0.5652689291943386,0.09090909090909091,0.7468169165135978,0.8616212989388164,1.7690694611948174,0.5217958221137724,0.0,0.47435983828524764,0.5217958221137724,0.39656456953642377,0.7616034748147118
01933030000113,1445260.8699999999,10,9,0.5264971854984669,0.12000000000000002,0.6768673879615934,0.9690581811711265,1.8993453859648635,0.4673093336857753,0.010000000000000033,0.4064971854984669,0.4573093336857753,0.8103061668702252,0.9149384035072194
01935036000120,68952.62,105,52,0.0972928705528326,0.03746031746031747,0.21681090580749507,0.5293881508780958,10.278245408094662,0.07959273075975089,0.018586990351696246,0.05983255309251513,0.06100574040805464,0.9900312281012049,0.831794574680315
01941360000150,1680076.2163999998,439,147,0.07240608564255689,0.01885108524758589,0.189866386349733,0.4630834459802666,13.810993801496805,0.06605270266750592,0.012130887201336477,0.053555000394971006,0.05392181546616944,0.9880080761569139,0.9425085913676786
01977854000195,736596.42,37,24,0.21090469658888886,0.0635500365230095,0.29324063236690723,0.8527057462484001,4.741478099699574,0.17659620513623187,0.02283482071966209,0.14735466006587936,0.15376138441656978,0.6297684772467842,0.7427725379577912
01990043000124,34800.0,1,1,1.0,1.0,1.0,1.0,1.0,,,0.0,,0.9885761589403973,0.8127897350993377
01996270000167,750000.0,2,1,1.0,1.0,1.0,1.0,1.0,,,0.0,,0.9966887417218543,0.9962748344370861
02061040000179,8829.67,13,10,0.3172775189270758,0.1124260355029586,0.5039825950460209,0.8852448619257571,3.15181486347239,0.24141946547452864,0.013806706114398437,0.2048514834241172,0.2276127593601302,0.9941717677856861,0.7980709654126934
02073207000111,2796921.0458,493,143,0.11832365050591188,0.021110969393003054,0.250275209252387,0.5790438748465869,8.451395775268415,0.11211466212919295,0.01421738467041857,0.09721268111290883,0.09789727745877438,0.5742288552719745,0.8746362744817029
02101116000142,10152.0,2,2,0.8306786490730962,0.5,0.9066193853427896,1.0,1.2038349620708793,0.6613572981461924,0.0,0.3306786490730962,0.6613572981461924,0.8935541034552942,0.35879858762700984
02150482000191,181046.78,3,3,0.42883363545057207,0.3333333333333333,0.47245728424443667,1.0,2.331906635423567,0.1432504531758581,0.0,0.09550030211723876,0.1432504531758581,0.6397143828571187,0.7240273376700528
02179215000147,118231.70000000001,10,9,0.2701814206853613,0.12000000000000002,0.44471321988942053,0.8513872337114327,3.7012167508162825,0.17895409827103145,0.010000000000000033,0.15018142068536125,0.16895409827103142,0.6172412644931562,0.49245573944358567
02180700000130,112064.0,12,10,0.2278114605072247,0.11111111111111112,0.374785836664763,0.820711289977156,4.389594789364367,0.14201273389691632,0.012345679012345682,0.11670034939611358,0.12966705488457064,0.720080216870959,0.6529929263199233
02205357000131,18000.0,1,1,1.0,1.0,1.0,1.0,1.0,,,0.0,,0.9177773178807948,0.651055463576159
02212723000180,97000.0,4,4,0.3346795621213732,0.25,0.4948453608247423,1.0,2.9879326770403303,0.11290608282849757,0.0,0.08467956212137318,0.11290608282849757,0.5634664948453608,0.5176439714617328
02236374000136,1200.0,1,1,1.0,1.0,1.0,1.0,1.0,,,0.0,,0.8464610927152317,0.6936465231788079
02246138000109,2802578.56,44,16,0.19335659506559008,0.1621900826446281,0.34331505055116096,0.7846471536555248,5.171791526742503,0.13958036806996274,0.10633608815426995,0.031166512420961995,0.03324427991569279,0.40748057525087517,0.8411020174465251
02246328000118,90000.0,1,1,1.0,1.0,1.0,1.0,1.0,,,0.0,,0.9177773178807948,0.8442052980132451
02247113000111,346784.02,46,37,0.19113117247972194,0.03686200378071832,0.2804320395155463,0.7940854656451586,5.232008923641668,0.168662593937492,0.01010817055240494,0.15426916869900362,0.15855442338508707,0.8602527641904544,0.8299520352095587
02256983000157,22380.0,1,1,1.0,1.0,1.0,1.0,1.0,,,0.0,,0.9177773178807948,0.8081125827814569
02264804000123,27600.0,1,1,1.0,1.0,1.0,1.0,1.0,,,0.0,,0.9585264900662251,0.7479304635761589
02299772000100,17680.64,9,9,0.19826365334839863,0.1111111111111111,0.343878954607978,0.7806844096141317,5.043788829225047,0.09804661001694846,0.0,0.08715254223728752,0.09804661001694846,0.9943921240238097,0.7322738997699448
02307876000100,2100497.0799999996,7,7,0.953088516604506,0.14285714285714285,0.9760546774956717,0.9994301444113409,1.0492204895749053,0.9452699360385903,0.0,0.8102313737473632,0.9452699360385903,0.9076745598256862,0.9570051614664935
02310729000190,460105.0,4,4,0.6416182024234651,0.25,0.7843861727214441,1.0000000000000002,1.5585592743829366,0.5221576032312868,0.0,0.3916182024234651,0.5221576032312868,0.837359729595987,0.8966993834584692
02316487000141,17511032.28,91,48,0.5049703598952365,0.03248399951696655,0.6788863049254797,0.9171460153347395,1.9803142509343807,0.4944378143610927,0.011898552698178608,0.47248636037826997,0.48253926166291405,0.5733246583995085,0.9727899069985193
02318116000107,199553.0,3,2,0.8232337377951966,0.5555555555555556,0.9020160057729024,1.0,1.2147218391197412,0.6464674755903932,0.11111111111111116,0.267678182239641,0.535356364479282,0.4406472278663674,0.7543486764524673
02318396000145,1165091.9100000001,11,11,0.3480740944928857,0.09090909090909091,0.5372001939314813,0.8768973342197528,2.8729515233155025,0.28288150394217426,0.0,0.2571650035837948,0.28288150394217426,0.4415890193732066,0.8105349654612597
02318953000128,17910.0,1,1,1.0,1.0,1.0,1.0,1.0,,,0.0,,0.9585264900662251,0.6890728476821192
02345707000165,194921.71,2,2,0.8100008162548156,0.5,0.8937009120225756,1.0,1.234566657134594,0.6200016325096311,0.0,0.31000081625481557,0.6200016325096311,0.7986375026171103,0.8910173034814272
02362976000130,2913056.5,189,163,0.06973214594435558,0.006802721088435373,0.25368423166526294,0.31609290791304595,14.34058835358335,0.06398975178351826,0.0006718736877467023,0.06292942485592021,0.06331787809577157,0.5332693783237311,0.5144988565257945
02371916000183,265795080.7,16,16,0.13533222549360088,0.0625,0.2407104173692858,0.6510435613566268,7.389223049814432,0.07768770719317428,0.0,0.07283222549360088,0.07768770719317428,0.6804405737897941,0.9959047136996264
02396675000127,933062.13,44,29,0.27772652959959626,0.04545454545454544,0.42521530693781345,0.8612501291848593,3.6006642989480317,0.25193104851386755,0.01136363636363635,0.23227198414505082,0.2405674121502312,0.8891215682579895,0.8839322591106624
02399408000103,9000.0,1,1,1.0,1.0,1.0,1.0,1.0,,,0.0,,0.9885761589403973,0.8127897350993377
02406542000194,892918.3714999999,74,56,0.3130953135125228,0.024835646457268087,0.41437577421375743,0.8965385493807146,3.193915580470684,0.3006061373945687,0.007105385483763872,0.2882596670552547,0.2935007519108048,0.7176768209637691,0.8572765551512526
02441185000103,84000.0,1,1,1.0,1.0,1.0,1.0,1.0,,,0.0,,0.9177773178807948,0.8112168874172185
02454641000141,182273.88,3,3,0.7961245121461024,0.3333333333333333,0.8887388582500136,1.0,1.2560849273492574,0.6941867682191535,0.0,0.46279117881276904,0.6941867682191535,0.8599609590331322,0.7624593717693847
02458148000108,133264.0,7,7,0.14986510959044846,0.14285714285714285,0.207107696001921,0.653319726257654,6.672667192068928,0.008175961188856551,0.0,0.007007966733305615,0.008175961188856551,0.5568020573512795,0.4953661205979427
02460655000178,23700.0,1,1,1.0,1.0,1.0,1.0,1.0,,,0.0,,0.9585264900662251,0.6890728476821192
02482295000105,12857828.200000001,526,138,0.33475221477727013,0.018917434110656505,0.5648115978093408,0.7484065038293168,2.98728419366951,0.3298963915274692,0.01175624749832553,0.31583478066661363,0.31814014402914365,0.870851704055721,0.9389516719754104
02524947000127,66818.89000000001,9,9,0.1944331650736125,0.1111111111111111,0.3126193805374498,0.8184643594049528,5.143155488012549,0.09373731070781408,0.0,0.08332205396250139,0.09373731070781408,0.6251789530555869,0.49746886801567997
02533645000115,32158.059999999998,9,9,0.19354593579664256,0.1111111111111111,0.3097015180642116,0.7695899566080789,5.1667321035906095,0.0927391777712229,0.0,0.08243482468553145,0.0927391777712229,0.5754464935866676,0.24696054601214723
02548293000171,147726.13999999998,21,9,0.15035419619690724,0.1473922902494331,0.20328155870044393,0.6919560749370423,6.650961697739234,0.04414847072152065,0.04081632653061224,0.0029619059474741416,0.0033321441909084093,0.9071697935651749,0.6339627644562722
02555079000142,37452244.56,9,9,0.4247397468133206,0.1111111111111111,0.5781018396724898,0.9592291458645756,2.3543829074219293,0.3528322151649857,0.0,0.3136286357022095,0.3528322151649857,0.6571551038580495,0.9872259316815941
02571926000162,35796.0,8,8,0.20903226295652022,0.125,0.27827131523075205,0.8863001452676278,4.78395050532465,0.09603687195030883,0.0,0.08403226295652022,0.09603687195030883,0.806791414224387,0.4909530674280822
02581343000112,117848.40000000001,29,25,0.1314317937060912,0.04399524375743162,0.25100043785066234,0.6558935038574981,7.608509111853162,0.09524145177717834,0.004161712247324604,0.08743654994865958,0.09107973952985374,0.543216451667906,0.41385528841102753
02624843000194,37200.0,1,1,1.0,1.0,1.0,1.0,1.0,,,0.0,,0.3965645695364238,0.5013451986754967
02642921000183,10160.0,2,1,1.0,1.0,1.0,1.0,1.0,,,0.0,,0.9885761589403973,0.8127897350993377
02694244000147,7359.0,2,2,0.5037699371918111,0.5,0.5434162250305749,1.0,1.9850330997803243,0.007539874383622136,0.0,0.003769937191811068,0.007539874383622136,0.7061723649646466,0.38636432817768757
02701029000126,235772.2,11,11,0.2635776430394602,0.09090909090909091,0.4525554751578006,0.8194227733379932,3.793948486937073,0.18993540734340622,0.0,0.17266855213036927,0.18993540734340622,0.7463455573382523,0.6626495596471357
02762633000162,51299741.57999999,93,75,0.32299280697068355,0.01653370331830269,0.55053688634975,0.7522167744221997,3.0960441793701152,0.31384406111893604,0.003243618228009482,0.3064591036523809,0.31060044289092653,0.4652489934291576,0.9584224471147318
02888096000100,10900.0,4,4,0.2892854136857167,0.25,0.3486238532110092,1.0,3.45679371544952,0.052380551580955594,0.0,0.0392854136857167,0.052380551580955594,0.8105538762986816,0.3731347590983657
02920909000193,3386135.3699999996,246,134,0.026044493304139896,0.01698724304316214,0.06158448414305421,0.2239236141347769,38.39583240581015,0.018721519569584556,0.00959616968258441,0.009057250260977756,0.009125349887000145,0.8095419630911156,0.7315362043480491
02925027000110,250000.0,1,1,1.0,1.0,1.0,1.0,1.0,,,0.0,,0.3965645695364238,0.8161423841059603
02936023000138,25297.0,1,1,1.0,1.0,1.0,1.0,1.0,,,0.0,,0.3965645695364238,0.4285182119205298
02983473000181,5352157.1,8,7,0.8343440184782401,0.15625,0.9119747437906858,0.9890442304094549,1.198546376378295,0.8067346882246134,0.015625000000000007,0.6780940184782401,0.7911096882246134,0.39656456953642377,0.9600141714457163
02994421000100,638255.4099999999,29,28,0.08764344135656678,0.036860879904875146,0.15354354771548273,0.5253382811122588,11.409866893879949,0.05385245770310629,0.0011890606420927462,0.05078256145169163,0.05266339706101354,0.4540100400681257,0.5533193363212578
03061303000102,4896817.21,40,36,0.23534353504132538,0.03375000000000001,0.4239284071622514,0.7403215465336922,4.249107585744405,0.21349620747107753,0.006142857142857154,0.20159353504132538,0.2073533503282204,0.4063209725660231,0.8509989457076574
03078786000158,197200.0,2,2,0.542067648910302,0.5,0.6450304259634888,1.0,1.8447881957358312,0.08413529782060403,0.0,0.042067648910302013,0.08413529782060403,0.8862408990771462,0.8062340901763765
03130778000103,219634.8,7,7,0.2837917295305102,0.14285714285714285,0.4370892044430118,0.9242615468951186,3.5237108623790636,0.16442368445226188,0.0,0.14093458667336733,0.16442368445226188,0.6295861725361753,0.6299674898244995
03133862000180,27087.739999999998,14,13,0.16442778265002284,0.0816326530612245,0.27646270969818815,0.7045866506397358,6.081697289128171,0.09479676453752472,0.005102040816326534,0.08279512958879834,0.08969472372119819,0.42477966754107477,0.17569203251560683
03167814000103,263420.0,4,4,0.5557898662899106,0.25,0.7288740414547111,1.0,1.7992411532713715,0.40771982171988075,0.0,0.30578986628991056,0.40771982171988075,0.3965645695364238,0.682192511920379
03183869000107,446354.55,8,7,0.2187594090025405,0.15625,0.31385005484989453,0.8939897666552297,4.571231950934676,0.08855264383629727,0.015625000000000007,0.06250940900254051,0.07292764383629727,0.5253859785089207,0.6652457262269504
03230443000167,15130141.93,296,123,0.28059290129500786,0.016412527392257122,0.48045629139712903,0.7943990833402579,3.5638820347369613,0.274696121797426,0.008350334993833,0.26418037390275073,0.266345786803593,0.48041505552083014,0.9681512453885498
03247529000100,130000.0,1,1,1.0,1.0,1.0,1.0,1.0,,,0.0,,0.8464610927152317,0.7233029801324503
03264792000108,5237498.6145,386,147,0.09003780353010263,0.018483717683696204,0.252028706288453,0.472366301549119,11.106445968172322,0.08380518574606224,0.011761003421255767,0.07155408584640642,0.07204418232480647,0.7132314241478966,0.8934877465474182
03311730000100,28699.12,2,2,0.569491063951254,0.5,0.6864015342630715,1.0,1.7559538038433482,0.13898212790250808,0.0,0.06949106395125404,0.13898212790250808,0.7728353443617598,0.613822233356801
03324132000167,6460.7,3,2,0.5612529795895349,0.5555555555555556,0.6750042565047132,1.0,1.7817277348466587,0.12250595917906981,0.11111111111111116,0.005697424033979326,0.011394848067958652,0.9776554227716288,0.6051693058704299
03331692000149,589992.7699999999,15,12,0.10077743009094985,0.10222222222222224,0.14034070281912098,0.47673829969136733,9.922856725930773,0.019029923735581655,0.020606060606060635,-0.001444792131272396,-0.0015761368704789794,0.48940246325248293,0.6060789376262328
03333619000106,26400.0,1,1,1.0,1.0,1.0,1.0,1.0,,,0.0,,0.3965645695364238,0.4345405629139073
03347877000141,93940.96999999999,74,36,0.27023758155177985,0.06026296566837108,0.4294385080332894,0.8001109632996126,3.7004475626880615,0.24938722673897354,0.033413336116038826,0.20997461588340877,0.2159738906229347,0.9953525764333073,0.8884700465452996
03347885000198,597648.7381,702,149,0.036616793624369835,0.031594711081890575,0.08894965154449141,0.29992158532761404,27.309873449281557,0.030107447635345307,0.02505143210271416,0.00502208254247926,0.005056015532631148,0.9971054981955655,0.9311655670764615
03383321000100,8765.250000000002,13,11,0.2632191712114213,0.10059171597633138,0.42782578933858134,0.8356635577992642,3.799115373692846,0.18954108833256345,0.01065088757396451,0.16262745523508992,0.17889020075859893,0.992539643725949,0.8848181399929093
03387174000147,110417.20999999999,16,13,0.10817225423881886,0.09375,0.1693576571985472,0.5571828884283527,9.244514751372709,0.033853275425387096,0.01822916666666666,0.014422254238818863,0.015624108758720435,0.6303867894207076,0.47074871882779623
03405084000131,18629.870000000003,5,5,0.6662336825704975,0.20000000000000004,0.8050941847688685,0.9999994632276017,1.5009748473564828,0.5827921032131219,3.469446951953614e-17,0.46623368257049747,0.5827921032131219,0.4241252385300119,0.2912454844421906
03406339000180,33290.95,3,3,0.3340076120755602,0.3333333333333333,0.35445068404476293,1.0000000000000002,2.9939437421377604,0.0010114181133402953,0.0,0.0006742787422268637,0.0010114181133402953,0.3965645695364238,0.2953801127753144
03532661000156,1714218.28,9,7,0.7092110910972237,0.18518518518518517,0.838632989026345,0.9605826161181761,1.4100174300050714,0.6607462729467609,0.049382716049382706,0.5240259059120385,0.6113635568973782,0.48480692932999503,0.9422929763977448
03567122000152,91200.0,1,1,1.0,1.0,1.0,1.0,1.0,,,0.0,,0.8464610927152317,0.7902317880794701
03570696000180,4799.68,3,3,0.3457669940624661,0.3333333333333333,0.4166944462964197,1.0,2.892121044437632,0.018650491093699147,0.0,0.012433660729132767,0.018650491093699147,0.5320541692293834,0.21610361496505948
03587269000104,4236954.539999999,26,23,0.2013374528621637,0.04733727810650889,0.3943290455979261,0.7299125966076568,4.966785790642755,0.16503460981044388,0.004034427111350203,0.1540001747556548,0.16100018269909366,0.4528571037380008,0.8805680275244959
03587308000173,6207.0,2,2,0.5126427287110866,0.5,0.5795070082165297,1.0,1.9506762585207298,0.025285457422173252,0.0,0.012642728711086626,0.025285457422173252,0.3965645695364238,0.14375012003111204
03587439000150,703.54,2,1,1.0,1.0,1.0,1.0,1.0,,,0.0,,0.3965645695364238,0.045033112582781455
03598106000127,182223.0,3,3,0.383337020571172,0.3333333333333333,0.47898454091964243,1.0,2.608670559681401,0.07500553085675805,0.0,0.05000368723783871,0.07500553085675805,0.9616120015490808,0.9478248903361368
03608586000160,1542509.1500000001,6,6,0.259380115553935,0.16666666666666669,0.3241471857719612,0.954647724455962,3.8553456492391067,0.11125613866472198,3.3306690738754695e-17,0.09271344888726829,0.11125613866472195,0.9591758079808084,0.9431418843402837
03632431000169,1830.0,3,2,0.5358475917465437,0.5555555555555556,0.6338797814207651,1.0,1.8662022847589854,0.07169518349308746,0.11111111111111116,-0.019707963809011853,-0.039415927618023705,0.72695079253067,0.3346487894908262
03688948000170,25040.0,3,3,0.3386763287366412,0.3333333333333333,0.38937699680511184,1.0,2.952671666574052,0.008014493104961854,0.0,0.005342995403307904,0.008014493104961854,0.9710262007939615,0.8208639190540169
03752747000194,38181.8,3,3,0.8909452844785267,0.3333333333333333,0.9428575918369484,0.9999999999999999,1.1224033814661283,0.8364179267177899,0.0,0.5576119511451934,0.8364179267177899,0.429283208776457,0.4956803857938765
03838193000142,21950.27,10,9,0.6808700447162989,0.12000000000000002,0.8200354710898773,0.960523947996995,1.4687090550689073,0.6409788003058363,0.010000000000000033,0.5608700447162989,0.6309788003058363,0.5045154398351968,0.4530317903857068
03842931000125,214211.3,15,13,0.32210272718551497,0.08444444444444445,0.5377867554139301,0.8029481171161373,3.104599606274213,0.26561128778430787,0.008148148148148146,0.23765828274107054,0.25746313963615974,0.5213712217270599,0.6236780856929491
03845124000166,10297.89,11,9,0.1806129590165865,0.12396694214876033,0.2763672946593914,0.7318071954546029,5.536701272405185,0.07818957889365982,0.014462809917355383,0.056646016867826166,0.06372676897630444,0.9943865323566671,0.8336572360843496
03852808000195,173912.72,7,6,0.197300961544354,0.18367346938775508,0.23460043635681163,0.8237621721976404,5.068399019308359,0.036761153853224815,0.02040816326530611,0.01362749215659892,0.016352990587918705,0.8486608740117091,0.7574101404931263
03869208000130,14001504.48,4,4,0.3231079957932971,0.25,0.4070991091094519,0.9999999999999998,3.0949404317426215,0.0974773277243961,0.0,0.07310799579329708,0.0974773277243961,0.3965645695364238,0.9782391639848049
03918310000188,397492.48,20,17,0.15670354939939707,0.06500000000000002,0.23086851856920665,0.7282741550230083,6.381476385396077,0.10399752123685939,0.006562500000000018,0.09170354939939705,0.09743502123685938,0.7263583439656252,0.654161910705283
03937163000193,237632.0,9,9,0.3403729380036591,0.1111111111111111,0.4671088068946943,0.9540401545246431,2.937953898054168,0.2579195552541165,0.0,0.22926182689254798,0.2579195552541165,0.4748796465461148,0.6615356887111219
03999531000128,176799.2,4,4,0.3341952092493661,0.25,0.4524907352521957,0.9999999999999999,2.9922631214435844,0.11226027899915476,0.0,0.08419520924936608,0.11226027899915476,0.8334159944881833,0.765465058852713
04015843000112,4309.9,3,3,0.48516621995090126,0.3333333333333333,0.5568574676906657,1.0,2.0611492698341607,0.22774932992635188,0.0,0.15183288661756794,0.22774932992635188,0.6470928081566096,0.16088884915969687
04073373000143,44707.93,11,7,0.44928454901687953,0.256198347107438,0.6441810211298085,0.9326788334865872,2.2257609396721767,0.35749864051969277,0.13223140495867766,0.19308620190944153,0.2252672355610151,0.8209498467561519,0.6790081742695059
04095458000122,7140.0,1,1,1.0,1.0,1.0,1.0,1.0,,,0.0,,0.9885761589403973,0.8127897350993377
04106469000160,32801.1,5,5,0.4235726420430801,0.20000000000000004,0.49388587577855625,0.9832322696494935,2.3608701335774502,0.27946580255385006,3.469446951953614e-17,0.22357264204308006,0.27946580255385,0.425764738728981,0.35847771411659773
04122069000149,205945.0,3,3,0.3495011703336488,0.3333333333333333,0.43700988127898227,1.0,2.8612207479744836,0.02425175550047323,0.0,0.016167837000315488,0.02425175550047323,0.5534627697084944,0.7010556811364957
04124168000160,104319.43,7,7,0.46945167451200864,0.14285714285714285,0.6609308543959643,0.9682417743271796,2.1301447077369406,0.3810269535973434,0.0,0.3265945316548658,0.3810269535973434,0.44751728244633165,0.5301634887223897
04189915000148,66651.52,3,3,0.7099606458892771,0.3333333333333333,0.8251874825960458,1.0,1.4085287766161005,0.5649409688339156,0.0,0.3766273125559438,0.5649409688339156,0.47318711889155785,0.5291401459391707
04200511000108,47420.07000000001,18,14,0.5748533477776676,0.08641975308641975,0.7437357220265597,0.9663638202136776,1.7395741085372676,0.5421497591451805,0.01614434947768281,0.48843359469124786,0.5260054096674976,0.9487990911941767,0.8218442788769335
04230654000162,38000.0,1,1,1.0,1.0,1.0,1.0,1.0,,,0.0,,0.9447433774834437,0.5886175496688741
04239044000120,110844.0,2,2,0.5000232589023844,0.5,0.5034101981162715,1.0,1.9999069687180733,4.651780476883083e-05,0.0,2.3258902384415414e-05,4.651780476883083e-05,0.3965645695364238,0.5806381727102418
04244520000109,27423.9,6,6,0.28960971967071353,0.16666666666666669,0.39928675352520976,0.9450515790970649,3.45292278566134,0.14753166360485623,3.3306690738754695e-17,0.12294305300404684,0.1475316636048562,0.7332641907627873,0.44108414346803265
04244525000123,3331767.29,296,152,0.035429737536085006,0.01691471877282688,0.08791530275213187,0.29075461629854704,28.22487744882403,0.029041855003211395,0.010404220221653548,0.018515018763258125,0.018637634781557846,0.7269755477472232,0.7322858704979179
04249257000132,12665262.490000002,16,10,0.5934273838837714,0.140625,0.7570357430468068,0.9832537943712211,1.685126145435614,0.548252648759746,0.04513888888888888,0.45280238388377136,0.5031137598708572,0.7421672793470951,0.9740448760540837
04250030000107,348700.0,1,1,1.0,1.0,1.0,1.0,1.0,,,0.0,,0.9447433774834437,0.9730960264900662
04272905000171,50673.0,3,3,0.8515995539538144,0.3333333333333333,0.9209638268900598,1.0,1.1742608311115132,0.7773993309307216,0.0,0.5182662206204811,0.7773993309307216,0.8558233037618294,0.9386100194037266
04312658000190,54000.0,1,1,1.0,1.0,1.0,1.0,1.0,,,0.0,,0.3965645695364238,0.574648178807947
04316867000101,375717.48,1,1,1.0,1.0,1.0,1.0,1.0,,,0.0,,0.3965645695364238,0.8647350993377484
04326257000199,4330446.57,60,57,0.2606725349363036,0.018333333333333333,0.45926525078913516,0.8323396771525116,3.836230772238257,0.2474702587744519,0.0008035714285714297,0.24233920160297026,0.24666668734588046,0.49472644406909894,0.8933874873840121
04332948000103,2564.7799999999997,2,1,1.0,1.0,1.0,1.0,1.0,,,0.0,,0.8464610927152317,0.1545115894039735
04336959000153,4500.0,1,1,1.0,1.0,1.0,1.0,1.0,,,0.0,,0.9663079470198676,0.4755173841059603
04338442000101,317583.65,8,2,0.8794598109872505,0.5,0.9355799645227328,1.0,1.1370616229494732,0.7589196219745009,0.0,0.37945981098725046,0.7589196219745009,0.9961345829699603,0.9841948447966032
04339964000110,52632.0,1,1,1.0,1.0,1.0,1.0,1.0,,,0.0,,0.9585264900662251,0.9489652317880795
04380911000142,40000.0,1,1,1.0,1.0,1.0,1.0,1.0,,,0.0,,0.9806084437086092,0.9382864238410596
04394880000189,188215.54,6,6,0.23832810546890568,0.16666666666666669,0.32834695796106955,0.9081295837740073,4.1958962331887815,0.08599372656268682,3.3306690738754695e-17,0.07166143880223899,0.08599372656268679,0.6309057930813812,0.6800939497916144
04395067000123,368033.0,2,2,0.6304246562530754,0.5,0.7553670458899067,1.0,1.586232375401516,0.26084931250615084,0.0,0.13042465625307542,0.26084931250615084,0.3965645695364238,0.7884438191171059
04402872000137,2772290.04,25,25,0.627480557007259,0.04,0.7556929360825464,0.9999924250350083,1.5936748777833947,0.6119589135492282,0.0,0.587480557007259,0.6119589135492282,0.7403291598476538,0.9602297391689701
04407139000105,265117.6,21,19,0.15538480298869045,0.05668934240362811,0.2527180390890684,0.7508386089795623,6.43563579427252,0.10846173648806214,0.004283194759385226,0.09869546058506234,0.10417854172867691,0.6116092616729644,0.6099228698633916
04413256000181,189243.56,8,7,0.21246968749586934,0.15625,0.33026222926687704,0.7930550450435409,4.706553729079313,0.08121463541184756,0.015625000000000007,0.056219687495869336,0.06558963541184756,0.5801441530747974,0.5459334293614232
04465992000183,177980.52,4,4,0.4208977544492974,0.25,0.5559372452670663,1.0000000000000002,2.375873925268145,0.22786367259906318,0.0,0.1708977544492974,0.22786367259906318,0.8676517538797902,0.7919653282209859
04467885000194,585000.0,1,1,1.0,1.0,1.0,1.0,1.0,,,0.0,,0.3965645695364238,0.9002069536423841
04510687000166,4900.0,2,2,0.8167430237401083,0.5,0.8979591836734694,1.0,1.2243753187149413,0.6334860474802166,0.0,0.3167430237401083,0.6334860474802166,0.8888067644276254,0.48197560481146096
04515660000166,46286.24,18,16,0.23412736336159873,0.06790123456790123,0.4207503137001407,0.779275871187636,4.271179522299351,0.1830691875857053,0.0057613168724279795,0.1662261287936975,0.17730787071327733,0.9936781000962635,0.810898111810149
04529388000173,1675000.0,7,7,0.30756890175985746,0.14285714285714285,0.4937313432835821,0.9164179104477611,3.2513039981551075,0.1921637187198337,0.0,0.1647117589027146,0.1921637187198337,0.5468781506375407,0.8701396535534249
04533821000144,13840.0,1,1,1.0,1.0,1.0,1.0,1.0,,,0.0,,0.9177773178807948,0.4858029801324503
04537740000112,3255062.0,3,3,0.9238789014023494,0.3333333333333333,0.9604646547439035,1.0,1.0823929396830114,0.8858183521035241,0.0,0.5905455680690161,0.8858183521035241,0.39780232615817235,0.9632632540323409
04539825000130,10468.39,15,15,0.1825927898800646,0.06666666666666667,0.35994073587246944,0.7069931479434756,5.476667510567347,0.12420656058578351,0.0,0.11592612321339794,0.12420656058578351,0.7994495647624177,0.25401822500311866
04543783000100,205045.44,2,2,0.5004504678422508,0.5,0.5150077953452659,1.0,1.9981997505399764,0.0009009356845015581,0.0,0.00045046784225077907,0.0009009356845015581,0.3965645695364238,0.6860861753149168
04575640000180,33120.0,1,1,1.0,1.0,1.0,1.0,1.0,,,0.0,,0.9585264900662251,0.7479304635761589
04587036000174,206436.0,6,6,0.2538140653871196,0.16666666666666669,0.31971167819566354,0.9190257513224438,3.93989197751823,0.10457687846454351,3.3306690738754695e-17,0.0871473987204529,0.10457687846454349,0.4210371222599785,0.5711386622366421
04603063000193,3784794.0,8,7,0.4202710641850375,0.15625,0.6045243149296897,0.9688506164404191,2.3794167270095916,0.32364957488254376,0.015625000000000007,0.2640210641850375,0.30802457488254376,0.3984790560324686,0.925190991568292
04621712000189,315490.58999999997,19,17,0.3026197949529722,0.06371191135734071,0.4754499967812036,0.8899364320184637,3.3044764971683436,0.25903353213753294,0.005193905817174504,0.23890788359563148,0.25383962632035845,0.5559926250606023,0.7151938331213867
04644392000182,10230.0,1,1,1.0,1.0,1.0,1.0,1.0,,,0.0,,0.9745860927152318,0.7392798013245033
04664584000150,52730.0,3,3,0.3476740598626936,0.3333333333333333,0.42419874834060306,1.0,2.8762571484192074,0.021511089794040452,0.0,0.014340726529360304,0.021511089794040452,0.7310050003265416,0.49677748020969004
04672956000190,13000.0,1,1,1.0,1.0,1.0,1.0,1.0,,,0.0,,0.9966887417218543,0.9962748344370861
04691691000178,43987885.0201,279,187,0.1413921745260896,0.00998188615254172,0.3044019960014336,0.6501276375741283,7.072527198564872,0.13677600342139115,0.004659208121103772,0.13141028837354787,0.1321167953002874,0.538471680594863,0.9426861094863369
04704773000100,90530.5,16,12,0.18797121288227625,0.1171875,0.3018540712798449,0.7653829372421449,5.319963544770475,0.11415041405339228,0.03693181818181819,0.07078371288227625,0.07721859587157409,0.7287547560212685,0.5320737395278332
04729502000109,402416.07999999996,52,36,0.30290269145455756,0.03846153846153848,0.496998032484189,0.8935798986958969,3.301390275530197,0.28298562549611633,0.010989010989011007,0.26444115299301907,0.2719966145071053,0.827154610403532,0.7004872081699717
04739716000166,105018.9,6,6,0.2553823000123483,0.16666666666666669,0.35707858299791756,0.9181204526042456,3.915698151170413,0.10645876001481797,3.3306690738754695e-17,0.08871563334568161,0.10645876001481794,0.7355401479089804,0.550752695364724
04755519000130,7845185.88,6,6,0.9892777891772816,0.16666666666666669,0.9946198852843497,0.9993690398066133,1.0108384226756322,0.9871333470127379,3.3306690738754695e-17,0.822611122510615,0.9871333470127379,0.39761160791713823,0.9876417534324236
04755973000191,26694827.8,203,102,0.05480213169284898,0.019825766216117834,0.13054843268177965,0.3964800391033052,18.247465365119876,0.045443736957134606,0.010121070832119,0.03497636547673114,0.035322666125015605,0.5650389356556139,0.9033674726440102
04764154000100,311986.96,4,4,0.3693352250387078,0.25,0.5336319184622331,0.9999999999999999,2.7075673594231255,0.15911363338494375,0.0,0.1193352250387078,0.15911363338494375,0.44280593605876073,0.706071792199476
04776218000193,51347.8,16,14,0.13304820462962547,0.078125,0.28015319059433896,0.5888834575191146,7.516072860838386,0.0663596049857505,0.007211538461538465,0.054923204629625466,0.059148066524212034,0.8085070495638443,0.635393816307483
04786328000136,2886735.67,3,3,0.4877038696804807,0.3333333333333333,0.5967070999611128,1.0,2.0504245755834383,0.23155580452072103,0.0,0.15437053634714737,0.23155580452072103,0.689890034338432,0.947196390624877
04793484000124,1220146.34,1,1,1.0,1.0,1.0,1.0,1.0,,,0.0,,0.3965645695364238,0.9417632450331126
04794805000105,131490.53,27,22,0.3928227516702534,0.05075445816186556,0.5931986128582796,0.8525024577815604,2.545677397116317,0.36390954936883685,0.005552289502906774,0.3420682935083878,0.3583572598659301,0.7504907064016408,0.5668701222656931
04815319000126,5925.9,2,2,0.6742112297138707,0.5,0.7951366037226413,1.0,1.4832146898893854,0.3484224594277414,0.0,0.1742112297138707,0.3484224594277414,0.8635756790904088,0.6206267414992375
04816835000175,905112.4299999999,10,10,0.644982350332494,0.10000000000000003,0.7932716049430456,0.9723256037926693,1.5504300225959537,0.6055359448138822,3.0839528461809905e-17,0.544982350332494,0.6055359448138822,0.4829999159520279,0.8780276190256393
04828495000100,91051.78,12,7,0.4377952628716441,0.23611111111111113,0.6095432730694557,0.9599348854025699,2.2841727282307005,0.34409447335025145,0.10879629629629632,0.20168415176053298,0.23529817705395512,0.4077974163337543,0.4820949254485701
04830099000100,47263.350000000006,7,3,0.9318779571130194,0.5510204081632654,0.9648067688811731,0.9999999999999999,1.0731018931899885,0.897816935669529,0.32653061224489804,0.380857548949754,0.571286323424631,0.8306277803954433,0.561899760151862
04837587000149,184535.0,4,4,0.3381117676084759,0.25,0.3901698864714011,1.0,2.9576018813931744,0.11748235681130119,0.0,0.08811176760847589,0.11748235681130119,0.943854427281603,0.838008582113589
04838209000180,896732.01,4,3,0.731781364164432,0.375,0.8471338164899456,1.0,1.3665283771496797,0.5976720462466479,0.06250000000000001,0.35678136416443196,0.5351720462466479,0.9004093284789849,0.9154659714040523
04841899000126,143870.59,16,12,0.14170971331570886,0.1171875,0.2778191150811295,0.633207801538869,7.056679296020759,0.06368332361713695,0.03693181818181819,0.024522213315708863,0.026751505435318762,0.6958791278385058,0.5837561392334072
04846427000166,308099.79000000004,38,21,0.13579965838235547,0.08864265927977835,0.1999352222862599,0.7061673102730774,7.363788774669927,0.09258964130147325,0.04307479224376728,0.04715699910257712,0.04951484905770597,0.6438463618092276,0.600098941558332
04849697000120,1085921.03,5,5,0.2365313983113286,0.20000000000000004,0.34211189371661765,0.8933579083554538,4.227768520963017,0.04566424788916074,3.469446951953614e-17,0.03653139831132857,0.04566424788916071,0.5748776499017594,0.8197178915553389
04854367000123,96000.0,2,2,0.53125,0.5,0.625,1.0,1.8823529411764706,0.0625,0.0,0.03125,0.0625,0.7477907698675497,0.6894376034768213
04862101000122,18754.0,7,7,0.26086110623370595,0.14285714285714285,0.3999146848672283,0.8958088941025915,3.8334576374298517,0.1376712906059903,0.0,0.1180039633765631,0.1376712906059903,0.9531004776376183,0.839826700105302
04865123000146,72000.0,1,1,1.0,1.0,1.0,1.0,1.0,,,0.0,,0.9770695364238411,0.860182119205298
04869559000103,501127.8,4,4,0.9089038205245388,0.25,0.9528507498486414,1.0,1.100226423762735,0.8785384273660517,0.0,0.6589038205245388,0.8785384273660517,0.9320304068996276,0.9140152283519227
04870834000109,160451.85,17,17,0.25742065757419363,0.058823529411764705,0.4112972832659767,0.8037413716326736,3.884692119985672,0.21100944867258073,0.0,0.19859712816242892,0.21100944867258073,0.5876325520397037,0.5959012600599928
04887257000168,264819.6,5,5,0.2518336172054784,0.20000000000000004,0.30375244128455753,0.930896353593163,3.9708757357206634,0.06479202150684801,3.469446951953614e-17,0.05183361720547838,0.06479202150684799,0.6209941428864147,0.7620259893855119
04894677000171,162663.4,5,4,0.3367403638048037,0.28,0.4610748330601721,1.0000000000000002,2.9696469668829604,0.11565381840640494,0.040000000000000036,0.056740363804803684,0.07565381840640491,0.8032956219379186,0.7620237965179417
04902325000110,130246.73,5,5,0.6065915624534765,0.20000000000000004,0.7600958580687592,0.9999999232226406,1.6485557365079515,0.5082394530668455,3.469446951953614e-17,0.4065915624534764,0.5082394530668455,0.8630663616117692,0.7441423745626871
04902949000138,511508.24,21,16,0.22553251014756606,0.0748299319727891,0.36910451335055716,0.8150406335585131,4.433950561476478,0.1739013441574038,0.013151927437641708,0.15070257817477695,0.1607494167197621,0.9251626423016831,0.8114276820039223
04903989000102,22840.0,1,1,1.0,1.0,1.0,1.0,1.0,,,0.0,,0.3965645695364238,0.4099751655629139
04927847000177,162234.96,3,3,0.38998689681075166,0.3333333333333333,0.45240162786122057,1.0,2.5641887155128407,0.0849803452161275,0.0,0.056653563477418345,0.0849803452161275,0.9668603671085672,0.8206672052388203
04927953000150,129363.65000000001,17,13,0.4513906430868693,0.09342560553633218,0.6500976124282208,0.9075656105868999,2.215376005938944,0.4056731966774417,0.017877739331026526,0.35796503755053716,0.3877954573464152,0.9639358075043641,0.9269065676652778
04939180000122,47182.560000000005,6,6,0.2646671026115848,0.16666666666666669,0.3984523094974075,0.9152693283280942,3.7783313080188936,0.11760052313390179,3.3306690738754695e-17,0.09800043594491814,0.11760052313390176,0.7544498592364193,0.4970387340570372
04942949000161,36000.0,1,1,1.0,1.0,1.0,1.0,1.0,,,0.0,,0.9713162251655629,0.886796357615894
04947432000165,20389.92,1,1,1.0,1.0,1.0,1.0,1.0,,,0.0,,0.3965645695364238,0.3917632450331126
04949250000123,18060.0,1,1,1.0,1.0,1.0,1.0,1.0,,,0.0,,0.3965645695364238,0.37230960264900664
04973965000111,13622437.049999999,39,39,0.14472239123913658,0.02564102564102563,0.2374255412690639,0.7013526783006863,6.909780797828435,0.12221508574542965,0.0,0.11908136559811094,0.12221508574542965,0.6580555360508283,0.9240848930845489
04984818000147,15302.14,2,2,0.9867393413716867,0.5,0.9933251166176758,1.0,1.0134388668540157,0.9734786827433735,0.0,0.48673934137168673,0.9734786827433735,0.4005916018286738,0.34720743789270636
04991826000110,16934.08,4,3,0.7376513691437647,0.375,0.850356204765774,0.9999999999999999,1.3556539604349394,0.6064770537156471,0.06250000000000001,0.3626513691437647,0.5439770537156471,0.9761286929956301,0.7328803233768864
04996792000157,61556.96,3,3,0.42775228023763107,0.3333333333333333,0.5750771318141766,0.9999999999999999,2.337801681488327,0.1416284203564466,0.0,0.09441894690429775,0.1416284203564466,0.607033651681821,0.637389420996671
05002371000126,103124.70999999999,22,17,0.690112724577247,0.07024793388429751,0.8240802810500024,0.9597800565936137,1.449038634394961,0.670744769863325,0.012138429752066105,0.6198647906929495,0.6586063401112588,0.9523722521075445,0.9657408465208376
05002419000104,3310210.0,3,3,0.6807749430895977,0.3333333333333333,0.8093142126934545,0.9999999999999999,1.468914228043773,0.5211624146343966,0.0,0.3474416097562644,0.5211624146343966,0.414118405104688,0.9522688007819515
05002963000148,270084.0,25,19,0.32430426059729556,0.07840000000000003,0.5487181765672902,0.7772952118600139,3.083524089872346,0.28676560840825643,0.02720000000000003,0.24590426059729553,0.2595656084082564,0.8324037035876244,0.6908937143442422
05004744000106,45543.96,1,1,1.0,1.0,1.0,1.0,1.0,,,0.0,,0.3965645695364238,0.540521523178808
05009757000160,34321.57,11,6,0.3992989313447747,0.23966942148760328,0.5419332507225049,0.9646411862860587,2.504389372223363,0.2791587176137296,0.08760330578512394,0.1596295098571714,0.1915554118286057,0.6790270885646996,0.4101725462041077
05014839000100,34800.0,2,2,0.5719381688466112,0.5,0.6896551724137931,1.0,1.7484407484407485,0.1438763376932224,0.0,0.0719381688466112,0.1438763376932224,0.7746189198447134,0.6464111383877599
05019327000129,16500.0,1,1,1.0,1.0,1.0,1.0,1.0,,,0.0,,0.3965645695364238,0.35685016556291393
05019767000186,11590.0,3,3,0.3502029731679373,0.3333333333333333,0.4314063848144953,1.0,2.8554868936548328,0.02530445975190598,0.0,0.01686963983460399,0.02530445975190598,0.7511815285213903,0.47289971515750623
05029092000156,27649048.468200002,642,195,0.030761460059998684,0.016609893149328904,0.06350070571214493,0.17200353550935804,32.50820988501684,0.025765385111854347,0.011540871979995548,0.01415156691066978,0.0142245131318588,0.4774091660835333,0.9259971338294781
05034123000167,253299.2,4,4,0.7605340473592551,0.25,0.8685380767092828,1.0,1.314865525708184,0.6807120631456735,0.0,0.5105340473592551,0.6807120631456735,0.9924041020101683,0.9500340434506226
05044925000158,99000.0,1,1,1.0,1.0,1.0,1.0,1.0,,,0.0,,0.3965645695364238,0.679987582781457
05048537000145,15990.0,1,1,1.0,1.0,1.0,1.0,1.0,,,0.0,,0.9585264900662251,0.5955298013245033
05049574000178,57000.0,3,3,0.3905817174515235,0.3333333333333333,0.5263157894736842,1.0,2.560283687943263,0.08587257617728523,0.0,0.057248384118190165,0.08587257617728523,0.6708870686650401,0.5490273178807947
05050052000196,267562.4,2,2,0.6690165015897455,0.5,0.7907030285271771,0.9999999999999999,1.4947314417862003,0.3380330031794909,0.0,0.16901650158974546,0.3380330031794909,0.8571916297601718,0.8637253350102964
05054133000164,3604940.6100000003,12,12,0.44918917041580525,0.08333333333333334,0.6454066909024613,0.9262171145726587,2.226233546713338,0.39911545863542397,1.5139404881252137e-17,0.36585583708247194,0.39911545863542397,0.4007768185283237,0.9026845668743751
05054229000122,22977.34,6,6,0.2496329294490023,0.16666666666666669,0.41192757734359153,0.8758563872058296,4.005881764906704,0.09955951533880278,3.3306690738754695e-17,0.08296626278233563,0.09955951533880275,0.8697097471900577,0.7079901689148774
05055033000152,194779779.17000002,57,50,0.31576364776656174,0.021852877808556485,0.5134003150949357,0.816341561827226,3.1669256644111283,0.3017996405781242,0.0018906916413841683,0.29391076995800525,0.29990894893674,0.41195280094214365,0.990726437156232
05056936000158,31309.08,3,3,0.5715695930277036,0.3333333333333333,0.7317072235913671,0.9999999999999999,1.7495682279087417,0.3573543895415554,0.0,0.2382362596943703,0.3573543895415554,0.9478428158225424,0.7454371387867363
05065658000103,38500.08,2,2,0.8785596141498089,0.5,0.9350629920768996,1.0,1.1382266881999923,0.7571192282996178,0.0,0.3785596141498089,0.7571192282996178,0.3965645695364238,0.4702425726274572
05078585000186,2111.74,1,1,1.0,1.0,1.0,1.0,1.0,,,0.0,,0.8464610927152317,0.35041390728476823
05085096000151,33598.32,2,2,0.6633102094136862,0.5,0.7857535733929554,1.0,1.5075902433100208,0.32662041882737247,0.0,0.16331020941368624,0.32662041882737247,0.9649645242432415,0.761826330732336
05085153000100,227280.97999999998,5,4,0.42060009993330555,0.28,0.5228488543124022,1.0,2.377555307662955,0.22746679991107407,0.040000000000000036,0.14060009993330552,0.18746679991107404,0.671127683135411,0.8301162969878847
05091179000153,33600.0,1,1,1.0,1.0,1.0,1.0,1.0,,,0.0,,0.9177773178807948,0.7354925496688741
05106805000138,8194851.210000001,323,82,0.02246306823837475,0.056312243000508,0.048811136376934905,0.17520147263296074,44.51751601286824,0.010394711056132462,0.0446617768647118,-0.033849174762133255,-0.03426706580857934,0.5905713943190914,0.7743068189992597
05110021000183,11018.795999999998,2,2,0.8411133004983916,0.5,0.9129850484572,1.0,1.1889004720380263,0.6822266009967832,0.0,0.3411133004983916,0.6822266009967832,0.9610836347514649,0.6836159464510815
05114647000168,46463.119999999995,2,2,0.8892431510905476,0.5,0.9411593539133833,1.0,1.124551815522698,0.7784863021810953,0.0,0.38924315109054763,0.7784863021810953,0.989702250775518,0.8970192894368096
05116013000144,228637.0,3,3,0.3544105191573825,0.3333333333333333,0.4146310527167519,1.0,2.8215866796999096,0.031615778736073734,0.0,0.02107718582404916,0.031615778736073734,0.7284154738024678,0.7146840809386765
05121894000191,29941.339999999997,11,11,0.4637030448238054,0.09090909090909091,0.654880509689947,0.9301671201088528,2.156552585027715,0.41007334930618594,0.0,0.3727939539147145,0.41007334930618594,0.7143028446711102,0.37098921014893327
05127965000163,53340.93,6,6,0.26158016227336306,0.16666666666666669,0.38432025838319656,0.9103693917597613,3.8229198701809617,0.11389619472803568,3.3306690738754695e-17,0.09491349560669637,0.11389619472803565,0.3965645695364238,0.3128075098181721
05137967000133,19500.0,1,1,1.0,1.0,1.0,1.0,1.0,,,0.0,,0.9585264900662251,0.6890728476821192
05140677000149,209100.0,5,4,0.33532809990940654,0.28,0.480726924916308,1.0,2.982153897243218,0.11377079987920873,0.040000000000000036,0.055328099909406514,0.07377079987920869,0.498193357055308,0.6646236808808486
05143014000188,60419.06,3,3,0.38073528402687346,0.3333333333333333,0.4501890628553308,1.0,2.626496786490156,0.0711029260403102,0.0,0.04740195069354014,0.0711029260403102,0.6290701451351468,0.6191539569687302
05145721000103,72330.0,2,2,0.6213290281350039,0.5,0.7463016728881515,1.0,1.6094532119344624,0.2426580562700078,0.0,0.1213290281350039,0.2426580562700078,0.3965645695364238,0.5230559776841426
05150569000157,41472.0,3,3,0.46356042095336075,0.3333333333333333,0.6076388888888888,1.0,2.1572160926582016,0.19534063143004113,0.0,0.13022708762002744,0.19534063143004113,0.3965645695364238,0.36653399117764285
05152243000169,1817358.8,5,5,0.875272568524281,0.20000000000000004,0.9343229306177734,0.9980197636262029,1.1425012458530612,0.8440907106553514,3.469446951953614e-17,0.675272568524281,0.8440907106553514,0.3994359121645533,0.9302602552172259
05156411000194,110188.0,6,6,0.21615384225973033,0.16666666666666669,0.2658184194286129,0.8790703161868806,4.626334602918604,0.05938461071167641,3.3306690738754695e-17,0.04948717559306365,0.059384610711676375,0.5407253687977465,0.45787791236146197
05160388000101,214728.64,5,5,0.3478042703821789,0.20000000000000004,0.42764039300952117,0.9861127048539029,2.8751803389336383,0.18475533797772364,3.469446951953614e-17,0.1478042703821789,0.18475533797772362,0.9446634039983877,0.8465061966934158
05161756000136,10500.0,1,1,1.0,1.0,1.0,1.0,1.0,,,0.0,,0.9177773178807948,0.7658526490066225
05168149000106,49997.0,2,2,0.9686263152707777,0.5,0.9840590435426125,1.0,1.0323898744382676,0.9372526305415554,0.0,0.4686263152707777,0.9372526305415554,0.40552278004229925,0.5526218452246208
05169884000126,384314.17000000004,28,25,0.1059390012178544,0.0433673469387755,0.20022680922746097,0.5853178663695903,9.439394259943855,0.06868645960193166,0.0035076530612244815,0.0625716542790789,0.06517880654070718,0.8378224387253514,0.7074700315019343
05196025000126,117382.44,5,5,0.27191371507097795,0.20000000000000004,0.36502938599674706,0.9409247243454814,3.6776372230395546,0.08989214383872242,3.469446951953614e-17,0.07191371507097791,0.08989214383872238,0.42894838372385946,0.47410124912046425
05211356000198,2939917.29,244,158,0.044225677420522774,0.009406073636119325,0.11224805579479415,0.35368341944068776,22.611298646517813,0.03813794288179999,0.003096558181572314,0.03481960378440345,0.035041384700227676,0.6108250023600661,0.6855749799294839
05234481000113,252256.28,6,5,0.8693149183181724,0.22222222222222227,0.9304030012652212,0.9994285969808165,1.1503311158339014,0.8366436478977154,0.027777777777777818,0.6470926960959502,0.8088658701199376,0.9233235218289231,0.9155638868547936
05244336000113,464060.0,4,4,0.6024082952653546,0.25,0.7592768176528897,1.0,1.660003701575043,0.46987772702047276,0.0,0.35240829526535455,0.46987772702047276,0.8796218444185254,0.8653320798321068
05245375000135,13862429.76,4,4,0.9802705867022239,0.25,0.9900655943882669,1.0,1.0201264972808668,0.9736941156029651,0.0,0.7302705867022239,0.9736941156029651,0.8448066491123554,0.9918803628308682
05251479000152,5988.0,1,1,1.0,1.0,1.0,1.0,1.0,,,0.0,,0.3965645695364238,0.2107408940397351
05272451000100,909503.81,4,4,0.614330048163367,0.25,0.7639670690329489,1.0,1.6277894968505153,0.485773397551156,0.0,0.364330048163367,0.485773397551156,0.8771550226479885,0.9215861859797709
05278562000115,355400.0,3,3,0.6254802106197208,0.3333333333333333,0.7630838491840181,1.0,1.598771604635114,0.4382203159295812,0.0,0.2921468772863875,0.4382203159295812,0.8802329573617265,0.8876395452190797
05291631000120,14410.14,1,1,1.0,1.0,1.0,1.0,1.0,,,0.0,,0.3965645695364238,0.33195364238410596
05298824000103,634904.23,10,9,0.6673979302147232,0.12000000000000002,0.8032707547089425,0.9930462110797402,1.4983564598084207,0.6258226714915637,0.010000000000000033,0.5473979302147232,0.6158226714915637,0.9673736780858548,0.9585742187030475
05301040000197,198050.0,4,4,0.2957089053260453,0.25,0.4055036606917445,1.0,3.3817040406592125,0.06094520710139376,0.0,0.045708905326045324,0.06094520710139376,0.3965645695364238,0.574118098480048
05309627000142,272563.0,4,4,0.27416937261729407,0.25,0.3804624985783103,1.0,3.647380414718584,0.0322258301563921,0.0,0.02416937261729407,0.0322258301563921,0.6737047890082548,0.6972602301398791
05309993000100,30660.0,2,2,0.8497818252840637,0.5,0.9181996086105675,1.0,1.1767726376893524,0.6995636505681273,0.0,0.34978182528406365,0.6995636505681273,0.39656456953642377,0.41960836756910874
05315227000140,80400.0,2,2,0.5936734239251503,0.5,0.7164179104477612,1.0,1.6844277673545967,0.18734684785030065,0.0,0.09367342392515032,0.18734684785030065,0.5443711698131857,0.5807712266482159
05322181000196,919367.08,13,10,0.34012177602325344,0.1124260355029586,0.5074142963657128,0.8902842159630079,2.9401234219464736,0.2668019733591705,0.013806706114398437,0.22769574052029484,0.25299526724477206,0.6284249933478998,0.8153632714402947
05322930000185,282552.0,3,3,0.4234352864132341,0.3333333333333333,0.4655567824683598,1.0,2.3616359620631417,0.13515292961985112,0.0,0.09010195307990077,0.13515292961985112,0.9026422071942592,0.9202825714411075
05324623000133,18000.0,1,1,1.0,1.0,1.0,1.0,1.0,,,0.0,,0.3965645695364238,0.37046771523178806
05332568000123,475.0,1,1,1.0,1.0,1.0,1.0,1.0,,,0.0,,0.9935844370860927,0.9888245033112583
05341649000190,22551.99,4,4,0.3083818692763384,0.25,0.4280376144189493,0.9999999999999999,3.2427327921276343,0.07784249236845124,0.0,0.05838186927633843,0.07784249236845124,0.749542678571685,0.540514756584571
05345213000179,77280.0,1,1,1.0,1.0,1.0,1.0,1.0,,,0.0,,0.3965645695364238,0.6423841059602649
05380490000112,105908.58,23,18,0.19794833294630937,0.0775047258979206,0.3696895945540956,0.7598373993872829,5.05182329709862,0.1507688231196217,0.02324029800956299,0.12044360704838877,0.12752852511005872,0.59141747264113,0.4680633894470543
05389041000135,30589.84,2,2,0.7657645099163237,0.5,0.8645301838780458,1.0,1.30588449458081,0.5315290198326474,0.0,0.2657645099163237,0.5315290198326474,0.8934547240616948,0.6404637402830353
05409853000103,30767.7,1,1,1.0,1.0,1.0,1.0,1.0,,,0.0,,0.3965645695364238,0.46593543046357616
05419083000171,178581.36000000002,11,11,0.1665271342240044,0.09090909090909091,0.26878505125058966,0.7104257689604335,6.005027376828856,0.08317984764640483,0.0,0.07561804331491348,0.08317984764640483,0.5861958286016706,0.5721541717735826
05446297000137,3694077.5700000003,113,53,0.07606255407676941,0.05646487587125069,0.1956022813023929,0.4409956664770307,13.147073644026031,0.05829452627055345,0.038319969638005505,0.019597678205518727,0.019974556632547942,0.6202373293775806,0.7806075459610478
05448443000163,172961.19,12,8,0.2204693347437136,0.1527777777777778,0.3538366034600016,0.8452965084248091,4.53577818957207,0.1091078111356727,0.03174603174603176,0.06769155696593582,0.07736177938964094,0.5167799257073813,0.5338403839988995
05452595000130,120000.0,1,1,1.0,1.0,1.0,1.0,1.0,,,0.0,,0.3965645695364238,0.7090852649006623
05469074000195,116315.59999999999,14,14,0.1449076390758942,0.07142857142857142,0.28886924883678544,0.6267431023869541,6.9009474336702015,0.07913130362019377,0.0,0.07347906764732279,0.07913130362019377,0.8423833337334968,0.735914230196617
05472936000139,76418999.56,43,42,0.3112866349582304,0.0243374797187669,0.5037490705406978,0.9008336194711629,3.2124732889164473,0.29448874800599206,0.0005408328826392636,0.2869491552394635,0.2939479151233528,0.6612537576501201,0.9883500938373928
05478139000169,142813.44999999998,11,9,0.6548735314717223,0.12396694214876033,0.7894914659648653,0.9906257428834608,1.5270123954355916,0.6117327229056877,0.014462809917355383,0.530906589322962,0.5972699129883323,0.9581522447287025,0.8123376795471702
05489626000127,96500.0,4,4,0.3687927667319928,0.25,0.49740932642487046,1.0,2.711549927785636,0.15839035564265705,0.0,0.1187927667319928,0.15839035564265705,0.6409311487750059,0.5202758760680095
05491593000150,65446.78,7,6,0.19966200271509166,0.18367346938775508,0.2603642226554156,0.8405550280701357,5.008464236567602,0.03959440325811,0.02040816326530611,0.015988533327336574,0.01918623999280389,0.5695817915098648,0.408841074194152
05493720000150,4980.0,1,1,1.0,1.0,1.0,1.0,1.0,,,0.0,,0.3965645695364238,0.1890728476821192
05494401000169,42616897.79,5,4,0.7947584884163437,0.28,0.8887319810708353,1.0,1.2582438748060758,0.7263446512217916,0.040000000000000036,0.5147584884163436,0.6863446512217916,0.4162518646955866,0.9939528811377715
05499749000149,79977.9,7,7,0.8138493718588629,0.14285714285714285,0.9002486937016352,0.9863724853990916,1.228728600866229,0.7828242671686734,0.0,0.6709922290017201,0.7828242671686734,0.912182166208142,0.6969615507360069
05509957000181,184603.35,11,7,0.32300029440755923,0.2066115702479339,0.4062764841483104,0.977772071850267,3.095972410285818,0.21016701014215242,0.07438016528925621,0.11638872415962534,0.13578684485289622,0.6789324161212109,0.6933941103200331
05510098000140,20046034.8,1,1,1.0,1.0,1.0,1.0,1.0,,,0.0,,0.9177773178807948,0.9967715231788079
05518895000174,7210.69,4,4,0.3963023380690853,0.25,0.44378554618212684,1.0,2.523326016375092,0.19506978409211376,0.0,0.14630233806908532,0.19506978409211376,0.8507222079944605,0.49993226805760127
05522917000170,108948008.52,66,62,0.13451041910824027,0.016988062442607907,0.24399492639757708,0.6535060079315711,7.434368330941724,0.12032206532312946,0.0008731126465850861,0.11752235666563236,0.11944895267654437,0.45489888200236217,0.9851084752580106
05529895000170,611126.6,2,2,0.8543249539638744,0.5,0.920906731927558,1.0,1.1705147969285297,0.7086499079277488,0.0,0.3543249539638744,0.7086499079277488,0.43214835584906486,0.8784003406861753
05532421000187,4556397.9799999995,156,81,0.27072157670343644,0.01988823142669296,0.4385137577468595,0.8193645981732265,3.6938319146074416,0.2616055964122294,0.007636834319526624,0.2508333452767435,0.2539687620927028,0.6624915356966048,0.9399353489072247
05535758000148,47485.0,2,2,0.9237581706582159,0.5,0.9603032536590502,1.0,1.0825344032274797,0.8475163413164317,0.0,0.42375817065821586,0.8475163413164317,0.4172550197971196,0.5373808267790386
05537196000171,97900.0,1,1,1.0,1.0,1.0,1.0,1.0,,,0.0,,0.9447433774834437,0.9010347682119205
05544282000101,49654.08,3,3,0.666844142716027,0.3333333333333333,0.7959080099762195,1.0,1.4996007851655468,0.5002662140740405,0.0,0.3335108093826937,0.5002662140740405,0.4910364585553995,0.493273056839618
05550055000199,3742909.32,3,3,0.9887342363786872,0.3333333333333333,0.9943409475920726,1.0,1.0113941271646205,0.9831013545680306,0.0,0.6554009030453538,0.9831013545680306,0.943996441963101,0.9769615462692839
05563306000170,10433874.16,3,3,0.41525722049331454,0.3333333333333333,0.46707300138647634,0.9999999999999999,2.408145965076842,0.12288583073997182,0.0,0.08192388715998122,0.12288583073997182,0.6519091675050779,0.9829997882306544
05568854000192,608223.06,21,18,0.1222380598387173,0.06122448979591835,0.2071608399720984,0.6076455568784255,8.180758115102734,0.07060500453511244,0.006002400960384141,0.06101357004279895,0.0646026035747283,0.746599665177942,0.7074343531192507
05573777000169,38330.49,2,2,0.8857934537986224,0.5,0.9392000989290772,1.0,1.128931350431205,0.7715869075972448,0.0,0.3857934537986224,0.7715869075972448,0.9710528276931992,0.892524842335023
05577643000116,216480.8,3,3,0.3364908575754215,0.3333333333333333,0.3593852203059117,1.0,2.9718489447394827,0.004736286363132307,0.0,0.0031575242420882055,0.004736286363132307,0.7427005965639252,0.7157020237158638
05579739000113,596991.09,3,3,0.4448629782508632,0.3333333333333333,0.545651108461267,1.0,2.247883166029808,0.16729446737629478,0.0,0.11152964491752987,0.16729446737629478,0.6420511061018104,0.8702963303598381
05586308000184,4200.0,1,1,1.0,1.0,1.0,1.0,1.0,,,0.0,,0.9447433774834437,0.398385761589404
05587823000189,4752926.53,37,35,0.2187677807122845,0.029948867786705625,0.4039616408713981,0.7697882129896926,4.571057021029819,0.19579036249793993,0.0014179521333734383,0.18881891292557887,0.19437241036456648,0.6145112836672109,0.9050279670489438
05593119000139,33610249.72,184,128,0.04297459652127737,0.010042533081285446,0.18509103775858526,0.26172837373372543,23.2695611116415,0.03543896342301971,0.002247592396886119,0.03293206343999193,0.03319137102613359,0.5134243798927248,0.8549037619606407
05604369000127,23344.45,7,7,0.23417187859593944,0.14285714285714285,0.4026653016027364,0.8023320318105588,4.270367586389343,0.10653385836192934,0.0,0.09131473573879659,0.10653385836192934,0.532227407502122,0.34898522312101665
05606204000194,102363.0,9,8,0.19258607154516302,0.13580246913580246,0.3147621699246798,0.757451422877407,5.192483506085183,0.07724122462304346,0.01234567901234567,0.05678360240936056,0.0648955456106978,0.5911073134060689,0.4512051263413745
05612822000147,1903401.7000000002,3,3,0.8968572362400249,0.3333333333333333,0.9455101358793574,0.9999999999999999,1.1150046624949916,0.8452858543600373,0.0,0.5635239029066916,0.8452858543600373,0.42640924299109684,0.9473169282816823
05613121000122,141840.26,27,20,0.09833763343543345,0.06172839506172839,0.2337843289345352,0.47931828382153274,10.169046834512041,0.050881719405719415,0.012345679012345673,0.036609238373705055,0.038536040393373744,0.5822114867136826,0.3882712625068743
05626770000168,304443.0,1,1,1.0,1.0,1.0,1.0,1.0,,,0.0,,0.8464610927152317,0.9979304635761589
05628919000148,1259480.0,17,17,0.1105553264081412,0.058823529411764705,0.18102709054530441,0.5835741734684156,9.045244878643503,0.054965034308650025,0.0,0.05173179699637649,0.054965034308650025,0.469950761964309,0.7081677205766828
05629151000127,4792767.3,5,5,0.9719175969608855,0.20000000000000004,0.9858170164030288,0.9988733022777885,1.0288938106758496,0.9648969962011069,3.469446951953614e-17,0.7719175969608855,0.9648969962011069,0.8443231309509257,0.987836177852002
05631155000140,25932.0,1,1,1.0,1.0,1.0,1.0,1.0,,,0.0,,0.3965645695364238,0.43170529801324503
05636771000193,5770498.22,3,3,0.856888977343832,0.3333333333333333,0.9224506718589717,1.0,1.1670123276644087,0.7853334660157479,0.0,0.5235556440104987,0.7853334660157479,0.81171792944724,0.9784908340721521
05639458000109,31945.03,3,3,0.6179760943358796,0.3333333333333333,0.7688216289044023,1.0,1.6181855724931722,0.42696414150381945,0.0,0.2846427610025463,0.42696414150381945,0.8754959747604242,0.5041470756523262
05649898000147,7301.2,7,7,0.21498279586866495,0.14285714285714285,0.3489837287021312,0.8093190160521558,4.65153500287953,0.08414659518010911,0.0,0.0721256530115221,0.08414659518010911,0.6092852342969658,0.192034398182935
05655623000116,83160.0,1,1,1.0,1.0,1.0,1.0,1.0,,,0.0,,0.3965645695364238,0.6539735099337748
05658353000105,11525181.469999999,3,3,0.8434058582872327,0.3333333333333333,0.9162545116957712,1.0000000000000002,1.1856687858805899,0.7651087874308489,0.0,0.5100725249538993,0.7651087874308489,0.3965645695364238,0.98437657352741
05658440000154,113186.61999999998,32,29,0.18088744793016223,0.0390625,0.35079234630382994,0.703968366579018,5.528299566623794,0.15163342821338233,0.004743303571428572,0.14182494793016223,0.14689012464195375,0.7004151888723612,0.5544290212880578
05665754000184,89400.0,2,2,0.5540741408044683,0.5,0.6644295302013423,1.0,1.804812616860418,0.10814828160893653,0.0,0.05407414080446826,0.10814828160893653,0.9314515367349661,0.7371981810302681
05674714000107,31050.0,1,1,1.0,1.0,1.0,1.0,1.0,,,0.0,,0.3965645695364238,0.4675496688741722
05683868000157,273.15999999999997,2,2,0.500306216922949,0.5,0.5123737003953728,1.0,1.998775881999499,0.0006124338458979306,0.0,0.0003062169229489653,0.0006124338458979306,0.9893926697013808,0.5522491184847637
05722202000160,388598.69999999995,7,7,0.38354426811177716,0.14285714285714285,0.5867235273818466,0.8878791925963726,2.6072609686571244,0.2808016461304067,0.0,0.24068712525463432,0.2808016461304067,0.7620911925791702,0.7806166292126825
05742502000101,6250.0,1,1,1.0,1.0,1.0,1.0,1.0,,,0.0,,0.8464610927152317,0.3095612582781457
05774805000106,86287.88999999998,28,25,0.3488931187807177,0.0433673469387755,0.5562773640658034,0.8597614334989532,2.8662072886238508,0.32176366539658097,0.0035076530612244815,0.3055257718419422,0.3182560123353565,0.9836681828420478,0.8625447988435239
05774894000190,6360.01,2,2,0.9999968553558007,0.5,0.9999984276754281,0.9999999999999999,1.000003144654088,0.9999937107116015,0.0,0.49999685535580074,0.9999937107116015,0.396565276919782,0.2191848959955715
05782177000100,73997.0,3,3,0.48725426324097704,0.3333333333333333,0.5675905779964052,1.0,2.0523165735862197,0.23088139486146556,0.0,0.15392092990764372,0.23088139486146556,0.5789624464147328,0.5340177256380628
05788157000147,22188.6,2,2,0.5150579903730843,0.5,0.5867697826811967,1.0,1.9415289514791256,0.030115980746168614,0.0,0.015057990373084307,0.030115980746168614,0.3965645695364239,0.2980662646972287
05806495000164,374491.25,26,19,0.08945394454061306,0.06213017751479291,0.14729316105516485,0.48693821284208905,11.178936883504216,0.03886805257064712,0.010026298487836965,0.02732376702582015,0.028841754082810155,0.5636587627556883,0.5277053080445142
05820327000123,99915.0,2,1,1.0,1.0,1.0,1.0,1.0,,,0.0,,0.3965645695364238,0.6812086092715232
05864543000170,179200.0,4,4,0.37295719068877553,0.25,0.5022321428571429,1.0,2.681272877868918,0.16394292091836737,0.0,0.12295719068877553,0.16394292091836737,0.48147617076631977,0.6240110572374645
05892181000121,4350.0,1,1,1.0,1.0,1.0,1.0,1.0,,,0.0,,0.3965645695364238,0.17547599337748343
05900797000105,31395.0,1,1,1.0,1.0,1.0,1.0,1.0,,,0.0,,0.9585264900662251,0.7479304635761589
05903684000155,63594.0,2,2,0.7437928859504207,0.5,0.8491367110104727,1.0,1.3444602911497292,0.4875857719008414,0.0,0.2437928859504207,0.4875857719008414,0.3965645695364238,0.5293048935017611
05920890000173,4178000.0,2,2,0.9914205596297458,0.5,0.9956917185256103,1.0,1.008653684137293,0.9828411192594917,0.0,0.49142055962974585,0.9828411192594917,0.3965645695364238,0.9782064539419665
05921795000194,226158.64,14,13,0.13271346875931703,0.0816326530612245,0.20246849733443745,0.6477753845707597,7.535030237311885,0.06043959115592677,0.005102040816326534,0.05108081569809253,0.055337550339600236,0.6141369753057305,0.5120664532619859
05947311000186,11601.0,1,1,1.0,1.0,1.0,1.0,1.0,,,0.0,,0.9885761589403973,0.8127897350993377
05949826000115,35160.0,1,1,1.0,1.0,1.0,1.0,1.0,,,0.0,,0.9585264900662251,0.7479304635761589
05989335000106,6180.0,3,2,0.5414794566458249,0.5555555555555556,0.6440129449838188,1.0,1.8467921316802383,0.08295891329164973,0.11111111111111116,-0.014076098909730717,-0.028152197819461433,0.6863037543667888,0.243756295677147
06011288000186,52338.13,3,3,0.5041839336351537,0.3333333333333333,0.6554328555490997,1.0,1.9834031457329961,0.2562759004527305,0.0,0.17085060030182037,0.2562759004527305,0.5957317952093055,0.5789101268470063
06017932000123,550000.0,1,1,1.0,1.0,1.0,1.0,1.0,,,0.0,,0.9966887417218543,0.9962748344370861
06040762000106,21999.87,1,1,1.0,1.0,1.0,1.0,1.0,,,0.0,,0.3965645695364238,0.40298013245033115
06059056000106,13500.0,1,1,1.0,1.0,1.0,1.0,1.0,,,0.0,,0.3965645695364238,0.32274420529801323
06060724000107,1712.0,1,1,1.0,1.0,1.0,1.0,1.0,,,0.0,,0.3965645695364238,0.09286009933774834
06068089000104,10529271.07,17,17,0.5981783296519798,0.058823529411764705,0.7296602679258404,0.99173822390727,1.6717422722113655,0.5730644752552285,0.0,0.5393548002402151,0.5730644752552285,0.3979333230565546,0.9773919184806414
06068796000109,479492.66000000003,8,7,0.271220751953017,0.15625,0.460486715271095,0.8422624446430524,3.6870335060984862,0.14975754394518648,0.015625000000000007,0.11497075195301698,0.13413254394518648,0.8016359426933855,0.7544301420385283
06069513000135,51426.16,16,15,0.11873150346000741,0.0703125,0.18589954995667574,0.6193365400022091,8.422364501910247,0.055783753707150795,0.003906250000000001,0.04841900346000741,0.051877503707150795,0.5302949158798783,0.22944988738923783
06073250000138,399405.62000000005,131,60,0.047601597032231165,0.029310646232737013,0.10006564254153459,0.35102695850899646,21.007698530007247,0.03145925121921814,0.012858284304478319,0.01829095079949415,0.01860096691473982,0.9318686695655591,0.778015064009199
06073458000157,1283644.1099999999,8,7,0.3415086039972851,0.15625,0.538155392618909,0.9160671176997806,2.9281839118991853,0.23176003799683262,0.015625000000000007,0.1852586039972851,0.21613503799683262,0.4684361536622504,0.82988489922327
06073752000169,130000.0,2,2,0.6449704142011835,0.5,0.7692307692307693,1.0,1.55045871559633,0.289940828402367,0.0,0.1449704142011835,0.289940828402367,0.3965645695364238,0.6311751782985228
06073991000119,92413.52,4,4,0.3401097587364645,0.25,0.48694173752931386,1.0,2.9402273069584406,0.12014634498195265,0.0,0.09010975873646448,0.12014634498195265,0.5468445670909229,0.5530015830042333
06074663000137,51168.0,2,2,0.5148967401060935,0.5,0.5863039399624765,1.0,1.9421369803078417,0.029793480212187085,0.0,0.014896740106093542,0.029793480212187085,0.3965645695364238,0.4340042307071058
06075901000129,116075.1,5,5,0.32015341667153513,0.20000000000000004,0.42214049352531247,0.959939728675659,3.123502508255162,0.1501917708394189,3.469446951953614e-17,0.12015341667153509,0.15019177083941887,0.6730172911583143,0.5731622468916433
06076786000107,204000.0,2,2,0.5847750865051904,0.5,0.7058823529411765,1.0,1.710059171597633,0.16955017301038078,0.0,0.08477508650519039,0.16955017301038078,0.9257085118815739,0.8475445559018309
06077764000161,4224182.98,1,1,1.0,1.0,1.0,1.0,1.0,,,0.0,,0.3965645695364238,0.9811258278145696
06079623000188,35415485.989999995,58,58,0.3444560793319728,0.017241379310344827,0.5647247084410262,0.7918294134921173,2.9031277425539077,0.33295530879393725,0.0,0.327214700021628,0.33295530879393725,0.7404860041438206,0.9657837104309819
06081337000157,50950.0,1,1,1.0,1.0,1.0,1.0,1.0,,,0.0,,0.3965645695364238,0.5646523178807947
06081359000117,1849837.5499999998,3,3,0.6124805867022394,0.3333333333333333,0.752549271150864,1.0,1.6327048100973611,0.41872088005335906,0.0,0.27914725336890606,0.41872088005335906,0.3965645695364238,0.9188550093339403
06082303000187,35246.44,2,2,0.5019112509949014,0.5,0.5309131929352298,1.0,1.9923841077835458,0.003822501989802829,0.0,0.0019112509949014145,0.003822501989802829,0.9127483297387882,0.5881442382352554
06083793000136,21580.0,1,1,1.0,1.0,1.0,1.0,1.0,,,0.0,,0.9177773178807948,0.4664528145695364
06084603000103,302560.0,3,3,0.33408367336608796,0.3333333333333333,0.3481755684822845,1.0,2.9932621068381358,0.0011255100491319723,0.0,0.0007503400327546483,0.0011255100491319723,0.3965645695364238,0.6838052153631178
06085215000139,177970.0,7,7,0.17466823000552492,0.14285714285714285,0.26970837781648593,0.7343934370961398,5.725139597328999,0.037112935006445746,0.0,0.03181108714838207,0.037112935006445746,0.6675148273557527,0.5549061653556463
06088674000176,312000.0,2,2,0.5118343195266272,0.5,0.5769230769230769,1.0,1.9537572254335263,0.023668639053254337,0.0,0.011834319526627168,0.023668639053254337,0.6972642320427915,0.8048315715741212
06088862000102,121364.42,7,4,0.9120383978196711,0.30612244897959184,0.9545633720327589,1.0,1.096445064583477,0.8827178637595615,0.07482993197278913,0.6059159488400793,0.8078879317867724,0.3965645695364238,0.6757889788035414
06089125000116,363753.08900000004,402,131,0.034720757745524196,0.02006138461919259,0.11008428852132718,0.2891663388733449,28.801214746786698,0.027295532805105154,0.012523395270109459,0.014659373126331605,0.014772137534995695,0.9964837429414907,0.9224900294598102
06089695000106,1300969.75,5,5,0.2420530621127568,0.20000000000000004,0.30699983608381365,0.9481156268237598,4.1313255501562915,0.05256632764094597,3.469446951953614e-17,0.04205306211275675,0.05256632764094594,0.7946325058266933,0.8827598127103425
06090929000135,17520.0,1,1,1.0,1.0,1.0,1.0,1.0,,,0.0,,0.8464610927152317,0.5283940397350994
06091010000166,3461208.77,15,15,0.18925343711889375,0.06666666666666667,0.287912421994701,0.8221760919668535,5.283919886600395,0.1313429683416719,0.0,0.12258677045222709,0.1313429683416719,0.3965645695364238,0.8759998032756324
06092743000115,11357898.67,1,1,1.0,1.0,1.0,1.0,1.0,,,0.0,,0.8464610927152317,0.9946192052980133
06102908000192,589323.5,6,6,0.24226312375739195,0.16666666666666669,0.3208933633225215,0.9176438747139728,4.1277433580911955,0.09071574850887035,3.3306690738754695e-17,0.07559645709072527,0.09071574850887032,0.6021169768160818,0.777799576527294
06103749000140,100000.0,1,1,1.0,1.0,1.0,1.0,1.0,,,0.0,,0.3965645695364238,0.6826158940397351
06113056000139,22122177.11,14,13,0.10617064668916347,0.0816326530612245,0.18443031080135855,0.5293808191557327,9.418799180226403,0.03168486724659375,0.005102040816326534,0.024537993627938973,0.026582826430267218,0.5013712580577347,0.965560894872881
06129491000151,491231.79,128,82,0.04335690851301864,0.0181884765625,0.11755346696922853,0.33277773004063926,23.06437507415302,0.031546499976142325,0.006067346643518518,0.02516843195051864,0.025479153332623808,0.691859914612518,0.5177494471667408
06133829000149,4775758.2,1,1,1.0,1.0,1.0,1.0,1.0,,,0.0,,0.3965645695364238,0.9836092715231788
06139152000156,428482.5,3,3,0.6531349384230433,0.3333333333333333,0.7818288961626204,1.0,1.5310771804895975,0.4797024076345649,0.0,0.31980160508970995,0.4797024076345649,0.8328258963279582,0.9198557534332137
06171178000181,5906.4,2,2,0.5056813786147012,0.5,0.5532981172964919,1.0,1.9775298088679272,0.011362757229402387,0.0,0.0056813786147011935,0.011362757229402387,0.7145735785090681,0.48087408607387827
06216559000130,379367.91000000003,11,7,0.2933175184982323,0.256198347107438,0.39223138298650506,0.9060278978261498,3.4092747174459226,0.17553710491460434,0.13223140495867766,0.03711917139079429,0.043305699955926674,0.4477372858155657,0.6901209720346325
06217954000137,89953633.51,156,42,0.07421822083838868,0.05243261012491783,0.17473767558541836,0.45722902194304027,13.473780275298102,0.05163817744420304,0.029321210371867048,0.02178561071347085,0.022316967072335995,0.3970805668817401,0.9723421021123835
06231312000192,4384868.8602,391,155,0.17188828483469953,0.016594606262387086,0.38704122155265364,0.6020289463980901,5.817732144815301,0.16651093603492487,0.010208856952402588,0.15529367857231244,0.15630207908252228,0.9624060799887589,0.9593602490335398
06252986000173,13205760.639999999,28,24,0.23568361277772404,0.04846938775510204,0.4034502930381752,0.8370475810774654,4.2429763707972,0.20245246550719032,0.00709849157054126,0.187214225022622,0.19535397393664905,0.4208643349324741,0.9547258174766586
06368175000132,5932242.65,6,6,0.941392008210339,0.16666666666666669,0.9701129605681251,0.9951962231349387,1.0622567339413467,0.9296704098524068,3.3306690738754695e-17,0.7747253415436723,0.9296704098524068,0.4006102148639795,0.9769739094419837
06698248000154,11160616.2947,23,19,0.26551657294687336,0.06994328922495276,0.4457913338587488,0.8668103668517029,3.7662432476487555,0.22471193811058854,0.018273471959672355,0.19557328372192062,0.20643846615091618,0.6770264384437836,0.9659769576771244
06741243000167,1046490.0,7,6,0.36185424476889855,0.18367346938775508,0.547974658142935,0.9322305994323883,2.763543649014423,0.23422509372267825,0.02040816326530611,0.17818077538114346,0.21381693045737213,0.410609805996697,0.8162441101597336
06894325000141,6040526.839999999,12,12,0.48151725529542694,0.08333333333333334,0.6556404970795561,0.977443245662327,2.0767687741251692,0.43438246032228395,1.5139404881252137e-17,0.3981839219620936,0.43438246032228395,0.9651816459759953,0.9816158794606046
06916689000185,2650509.92,22,17,0.3629161813367126,0.06611570247933884,0.5319731080274546,0.944909581775872,2.7554571866064106,0.3230984426702571,0.0077479338842975235,0.29680047885737376,0.3153505087859596,0.7417793160769413,0.9055004315594735
06939919000121,400.0,1,1,1.0,1.0,1.0,1.0,1.0,,,0.0,,0.9979304635761589,0.9662665562913907
06968400000171,38400.0,1,1,1.0,1.0,1.0,1.0,1.0,,,0.0,,0.3965645695364238,0.506705298013245
07041571000113,3718.19,1,1,1.0,1.0,1.0,1.0,1.0,,,0.0,,0.9663079470198676,0.5859685430463576
07095193000150,1206840.48,15,11,0.1647506154130851,0.15555555555555556,0.26789030145889703,0.7632352869038665,6.0697800581361365,0.08122567695439362,0.07111111111111111,0.009195059857529553,0.010114565843282505,0.6379562401674237,0.7981737654893348
07104377000130,822101.9400000002,145,84,0.07867874032549621,0.023543400713436385,0.18902765270204813,0.4600288864419904,12.709913705569907,0.06757848418483954,0.011778863372634415,0.055135339612059825,0.055799620812205124,0.651849658095051,0.6587468739578317
07146181000108,1337943.48,8,8,0.23255869776033017,0.125,0.37370786395251915,0.859528087090794,4.299989678436271,0.1229242260118059,0.0,0.10755869776033017,0.1229242260118059,0.4127035710669532,0.8297818154783994
07173244000115,278514.9,7,6,0.2063790438445662,0.18367346938775508,0.30516069337762536,0.8517134989905387,4.84545320770624,0.04765485261347946,0.02040816326530611,0.022705574456811123,0.02724668934817335,0.6386909321583634,0.6627926299472547
07177468000103,520362.35,5,5,0.3443123281020546,0.20000000000000004,0.5252109419522761,0.9613531801445666,2.904339805409462,0.1803904101275682,3.469446951953614e-17,0.14431232810205455,0.18039041012756818,0.41670778472804415,0.7304996299765445
07184109000175,216000.0,7,7,0.16666666666666669,0.14285714285714285,0.2777777777777778,0.6666666666666667,5.999999999999999,0.027777777777777807,0.0,0.023809523809523836,0.027777777777777807,0.4465530721118469,0.4936442236938926
07200263000193,1738500.0,14,14,0.27620765374730477,0.07142857142857142,0.49525452976704054,0.7536381938452689,3.620464481823788,0.22053131942017437,0.0,0.20477908231873335,0.22053131942017437,0.3965645695364238,0.7880530584617552
07221747000119,30000.0,1,1,1.0,1.0,1.0,1.0,1.0,,,0.0,,0.3965645695364238,0.45970612582781456
07222467000125,66070051.33,430,198,0.3293464185376573,0.0318334234721471,0.5707687460638756,0.6350490048877641,3.036316606812169,0.32594208563683325,0.02691887232225952,0.2975129950655102,0.2990232133145737,0.7560110515596747,0.9417747186133116
07252975000156,7966603.31,33,23,0.7314351715131433,0.06152433425160697,0.852224869974102,0.9608881680340629,1.3671751632222826,0.7192276793091953,0.018866349444861836,0.6699108372615363,0.7003613298643334,0.40890107525359065,0.9638796005139748
07276220000191,787181.44,54,27,0.2520108792492439,0.13648834019204387,0.4011468436044427,0.8090966423192092,3.9680826596814476,0.22324206691267637,0.10327635327635325,0.11552253905720006,0.11996571363632312,0.5961375772339086,0.7579646965056579
07282951000140,2400.0,2,2,0.513888888888889,0.5,0.5833333333333334,1.0,1.9459459459459456,0.0277777777777779,0.0,0.01388888888888895,0.0277777777777779,0.6590042080573951,0.15366825331125827
07297627000103,49180.84,2,2,0.8000309517775901,0.5,0.8873183133919632,1.0,1.2499516397185613,0.6000619035551802,0.0,0.3000309517775901,0.6000619035551802,0.3965645695364238,0.49537579213465405
07314524000104,93293.0,5,5,0.8150070577897639,0.20000000000000004,0.9003890967167955,0.9959696869004105,1.2269832395217812,0.7687588222372049,3.469446951953614e-17,0.6150070577897638,0.7687588222372049,0.3965645695364238,0.6062114198818037
07337989000172,15460.0,1,1,1.0,1.0,1.0,1.0,1.0,,,0.0,,0.9585264900662251,0.688907284768212
07343110000103,348907.93,11,10,0.20437427377152265,0.10743801652892562,0.2751442192787077,0.8372842084729917,4.892983747641036,0.11597141530169182,0.008264462809917352,0.09693625724259702,0.10770695249177446,0.8498498955252858,0.8166704152187803
07347646000199,9600.0,1,1,1.0,1.0,1.0,1.0,1.0,,,0.0,,0.9885761589403973,0.8127897350993377
07349637000137,1060200.0,21,21,0.05963413380375745,0.0476190476190476,0.12299566119600075,0.35880022637238257,16.768919680979614,0.012615840493945324,0.0,0.012015086184709846,0.012615840493945324,0.45385190270859804,0.5790084004205129
07357800000103,26500.0,3,3,0.3449626201495194,0.3333333333333333,0.37735849056603776,1.0,2.898864809081527,0.017443930224279116,0.0,0.01162928681618608,0.017443930224279116,0.8416867112332875,0.6681295295514182
07381646000105,66497.22,12,11,0.20651038673249947,0.09722222222222224,0.3970090779734852,0.6981930973956505,4.842371445923138,0.12716142540574943,0.006944444444444459,0.10928816451027723,0.12021698096130497,0.7119123576352624,0.5278381291218784
07405154000102,4268.99,3,2,0.5764235484078108,0.5555555555555556,0.6954783215702075,1.0,1.7348354396037187,0.1528470968156217,0.11111111111111116,0.020867992852255268,0.041735985704510536,0.9597410681100198,0.6399088769100882
07408808000151,118476.0,2,2,0.9787578351618784,0.5,0.9892636483338397,1.0,1.021703187525041,0.9575156703237568,0.0,0.4787578351618784,0.9575156703237568,0.3965645695364238,0.6974912556688486
07420613000127,11678123.69,42,37,0.7910057028013093,0.03061224489795918,0.8883276351048822,0.9587689647085764,1.264213388675388,0.7852003056569012,0.0036848072562358216,0.7603934579033501,0.7815154984006655,0.43737014819232145,0.9709040250359623
07435007000185,119000.0,2,2,0.5000353082409434,0.5,0.5042016806722689,1.0,1.999858777008897,7.061648188688707e-05,0.0,3.5308240943443536e-05,7.061648188688707e-05,0.3965645695364238,0.595992577494574
07460294000183,4368770.839999999,53,33,0.20341770479553295,0.05802776788892844,0.3296091675982712,0.8149080440209127,4.915992936825035,0.17852450807039336,0.02859113563545745,0.1453899369066045,0.1499333724349359,0.9155780511814746,0.9320588917653178
07464768000165,112260.74,15,13,0.2781303264854786,0.09333333333333335,0.37412901429297546,0.8379385348787118,3.595436760299531,0.21797452035926845,0.01777777777777779,0.18479699315214523,0.20019674258149067,0.8624849649741385,0.655530795582535
07474736000140,16800.01,2,2,0.9999988095252268,0.5,0.9999994047622591,1.0,1.0000011904761905,0.9999976190504536,0.0,0.4999988095252268,0.9999976190504536,0.9885761410537003,0.8127892516411346
07477835000186,18930.0,3,3,0.5164825842365832,0.3333333333333333,0.664553618594823,1.0,1.9361737075377043,0.27472387635487483,0.0,0.1831492509032499,0.27472387635487483,0.4388593672925347,0.3131357510941321
07503792000166,35575.45,2,2,0.9598564976472483,0.5,0.9795083407237294,1.0,1.0418223999641085,0.9197129952944967,0.0,0.45985649764724834,0.9197129952944967,0.4072450835859452,0.48299810526985654
07505809000114,1091680.0,9,9,0.37594328247617104,0.1111111111111111,0.5769502051883336,0.8531483584933314,2.659975710733399,0.29793619278569244,0.0,0.26483217136505993,0.29793619278569244,0.4990398737155104,0.8153661610275262
07520940000150,122376.0,3,3,0.4245000396562864,0.3333333333333333,0.572988167614565,1.0,2.3557123829945703,0.13675005948442961,0.0,0.0911667063229531,0.13675005948442961,0.3965645695364238,0.5484821965480831
07556356000155,25089.530000000002,28,17,0.2758584359890402,0.08928571428571427,0.4982157896142335,0.7368527828141858,3.6250477402102352,0.2305995882383552,0.03236607142857142,0.18657272170332592,0.19823351680978377,0.7352715482301537,0.27370706578580917
07556717000163,2932861.2,100,49,0.19531282641821768,0.0292,0.40915676473199614,0.638079974599548,5.119991443156575,0.17854851030193056,0.008975000000000002,0.16611282641821767,0.16957351030193055,0.8543909811456454,0.859902186971545
07578154000104,78000.0,1,1,1.0,1.0,1.0,1.0,1.0,,,0.0,,0.9585264900662251,0.8676738410596027
07581720000137,269960.41000000003,7,6,0.4911088181134035,0.18367346938775508,0.5689555368507552,0.9941302504319057,2.0362086020802965,0.38933058173608415,0.02040816326530611,0.3074353487256484,0.36892241847077806,0.9884386584048483,0.9624011028629265
07582909000144,5992783.07,3,1,1.0,1.0,1.0,1.0,1.0,,,0.0,,0.9791183774834437,0.9978890728476821
07585406000122,346697.9600000001,5,5,0.4068278286455447,0.20000000000000004,0.6057145533824312,0.9294157946588437,2.458042271418129,0.2585347858069308,3.469446951953614e-17,0.20682782864554464,0.25853478580693073,0.5182888284514298,0.7355994869591811
07622131000150,1961936.12,3,3,0.8588826632700476,0.3333333333333333,0.9236997991555402,0.9999999999999999,1.1643033941244925,0.7883239949050712,0.0,0.5255493299367142,0.7883239949050712,0.430891764614191,0.9478032593253708
07622498000173,277355.94,5,5,0.20083513034186637,0.20000000000000004,0.21910899041859352,0.820465355816789,4.979208559268371,0.0010439129273329475,3.469446951953614e-17,0.0008351303418663303,0.0010439129273329129,0.5785465489390099,0.615289258141512
07622504000192,334911.19,7,6,0.17117944214140127,0.18367346938775508,0.18582239667775807,0.7238670944377821,5.841822986979703,0.005415330569681531,0.02040816326530611,-0.012494027246353817,-0.01499283269562458,0.5746342648358569,0.612933711704723
07633040000110,7981879.86,26,26,0.3065866145826921,0.038461538461538464,0.4961755989146146,0.9052040555268392,3.2617210029248733,0.2788500791659998,0.0,0.26812507612115366,0.2788500791659998,0.8446706098197656,0.9605538480954754
07661772000113,180858.7,3,3,0.3796348578045765,0.3333333333333333,0.5070250974932363,0.9999999999999999,2.6341100650846108,0.06945228670686478,0.0,0.046301524471243194,0.06945228670686478,0.49715843381568253,0.6847945569446905
07676836000150,542932.21,11,11,0.1040551054569999,0.09090909090909091,0.13629694211732254,0.47169793076008515,9.610292504227422,0.014460616002699893,0.0,0.013146014547908993,0.014460616002699893,0.3965645695364238,0.5778443638105732
07690399000129,1246724.52,21,21,0.09904874146867183,0.0476190476190476,0.23527762171550134,0.5060870062939005,10.096039436465636,0.054001178542105434,0.0,0.05142969384962423,0.054001178542105434,0.5584066782735856,0.6922349967647292
07711512000105,1052804.88,8,8,0.1976101889337027,0.125,0.34464844045935655,0.7796008316374827,5.060467809863263,0.08298307306708878,0.0,0.07261018893370269,0.08298307306708878,0.520666234503419,0.8138662694245393
07720960000175,2053935.9500000002,9,8,0.5281098257189031,0.13580246913580246,0.6811741135355268,0.975748440451612,1.8935455303046564,0.46069694367874636,0.01234567901234567,0.3923073565831006,0.4483512646664007,0.5620574999285466,0.9207685568945554
07733475000136,472086.32,13,11,0.21461409124368191,0.10059171597633138,0.4092471902172467,0.7043205149431147,4.6595262883486885,0.1360755003680501,0.01065088757396451,0.11402237526735054,0.1254246127940856,0.45103792831420775,0.629736665130289
07742778000115,7012506.7722000005,21,21,0.30547464156918963,0.0476190476190476,0.49157428462896685,0.9213978655699644,3.273594151262802,0.27074837364764914,0.0,0.257855593950142,0.27074837364764914,0.5515249052521642,0.9371111902767636
07748322000162,525864.6799999999,41,30,0.13341847029754605,0.04223676383105293,0.2738347059171192,0.6256362378245294,7.495214101689434,0.10353634858366834,0.00921044534246855,0.09118170646649312,0.09432590324119978,0.5268672604513834,0.6223577587658872
07750478000188,8087995.340000002,725,153,0.10244610408895419,0.021739833531510103,0.24604366302713523,0.5294800417132782,9.761230150164595,0.09654114424743414,0.01530391138369109,0.08070627055744409,0.08123723286374304,0.5582250154744842,0.8298365422749129
07767665000174,20044.9,5,5,0.35803106057751083,0.20000000000000004,0.4454000768275222,0.9760038713089113,2.7930537601597503,0.19753882572188852,3.469446951953614e-17,0.1580310605775108,0.1975388257218885,0.9661084695570364,0.7168505845519193
07777639000127,4829827.22,103,47,0.1345940646684768,0.06079743613912715,0.3292043229654083,0.5284122772408409,7.429748127921792,0.11578089216126976,0.040379989098673394,0.07379662852934964,0.07540090306259636,0.5517050894731764,0.835678817401926
07777646000129,84000.0,1,1,1.0,1.0,1.0,1.0,1.0,,,0.0,,0.9663079470198676,0.7731167218543047
07784414000106,3363590.04,19,16,0.24944467080169483,0.06925207756232686,0.4533846223423827,0.7534776860024237,4.008905048105785,0.19940764885514115,0.007202216066481985,0.18019259323936798,0.19220543278865915,0.7829694093496243,0.8759736467679611
07789410000102,375253.06,22,22,0.34622717819830545,0.045454545454545456,0.5689577854475057,0.800268357571821,2.888277012809315,0.3150951390648914,0.0,0.30077263274376,0.3150951390648914,0.5156264065778458,0.691077887732482
07791947000107,6282068.86,104,57,0.06241149046122255,0.040125739644970404,0.15424854798551188,0.39879219025306895,16.022690575244617,0.04566883850517296,0.022985127852916308,0.02228575081625215,0.022683710652256654,0.6172663093936736,0.8257385175076438
07793624000152,504521.36,10,8,0.22212220837535404,0.14,0.29731149539436746,0.8440502102824745,4.502026192311875,0.1109968095718332,0.017142857142857158,0.08212220837535403,0.09385395242897604,0.5985619452944246,0.7812737776386175
07804588000185,5982624.279999999,78,69,0.03806427990484882,0.01577909270216962,0.06821421184082782,0.25465413315241653,26.271349477771547,0.02391816637403777,0.0013052558301427015,0.0222851872026792,0.022612910543895068,0.5119085994295046,0.7455885684728601
07806941000166,40625617.6,35,34,0.06042875821943683,0.030204081632653056,0.09384206875417446,0.3496051909866842,16.548412204147386,0.031956902407904615,0.0008163265306122395,0.030224676586783773,0.031140575877292374,0.8242794346243623,0.9747313890138589
07813002000149,44238.0,2,2,0.8739586311551566,0.5,0.9324110493241105,1.0,1.1442189187813707,0.7479172623103132,0.0,0.3739586311551566,0.7479172623103132,0.42697260345081045,0.5191514895048427
07821223000169,1991459.8369999998,95,38,0.08074024354825628,0.04044321329639891,0.16865938933821442,0.4853880063462209,12.385397368814312,0.05589538526577672,0.014509246088193477,0.040297030251857366,0.04138613917758324,0.9961473730676023,0.9599546133495211
07825719000100,51127.2,5,5,0.21903896068173526,0.20000000000000004,0.2914300020341423,0.8982928851961384,4.565397849257535,0.023798700852169057,3.469446951953614e-17,0.019038960681735217,0.023798700852169022,0.4944251528637729,0.3791630977857693
07829410000199,283200.0,3,3,0.34878626831370296,0.3333333333333333,0.4279661016949153,1.0,2.8670853495315556,0.02317940247055447,0.0,0.015452934980369648,0.02317940247055447,0.802704866567516,0.7824948787742732
07849816000133,2554.8,1,1,1.0,1.0,1.0,1.0,1.0,,,0.0,,0.3965645695364238,0.12607615894039736
07852676000152,692623.14,8,7,0.1782980971774204,0.15625,0.2564164980107364,0.7506657227767469,5.608584812909824,0.04134778004032381,0.015625000000000007,0.0220480971774204,0.0257227800403238,0.4726827837543886,0.7291475050908236
07854402000100,52267147.39,50,44,0.4247010555842735,0.025600000000000005,0.6385718019190333,0.846234197171096,2.354597397042659,0.41132201036530314,0.0029395348837209343,0.3991010555842735,0.4083824754815822,0.4523836013085519,0.9792983728706284
07855180000132,11610.0,1,1,1.0,1.0,1.0,1.0,1.0,,,0.0,,0.9818501655629139,0.7987582781456953
07861703000153,10056238.84,29,24,0.44296531099547826,0.04875148632580262,0.6333121658435074,0.9088134883638066,2.2575131171167664,0.41874641147354247,0.00739285529648969,0.39421382466967564,0.41135355617705277,0.45182194254179653,0.9518026410506636
07861802000135,20240.0,3,3,0.4516396131793967,0.3333333333333333,0.5928853754940712,1.0,2.2141547614929604,0.17745941976909507,0.0,0.1183062798460634,0.17745941976909507,0.9126239267858545,0.5750049897913776
07865433000159,1401032.48,5,5,0.47835799746360924,0.20000000000000004,0.6445246722617023,0.999532858795679,2.09048454358929,0.34794749682951154,3.469446951953614e-17,0.27835799746360923,0.3479474968295115,0.39683574732576987,0.885202357184524
07868234000102,10320561.709999999,70,59,0.3654751859426177,0.020408163265306117,0.5927442770941971,0.7644838054071381,2.7361638723046093,0.3545351029416283,0.003518648838845878,0.3450670226773116,0.3510164541027824,0.9036400392470614,0.9394630288097745
07890935000130,144770.0,1,1,1.0,1.0,1.0,1.0,1.0,,,0.0,,0.8464610927152317,0.7427152317880795
07900983000161,9718205.97,21,20,0.22643915090270386,0.052154195011337855,0.39719265180381846,0.8317738916990663,4.416197446481678,0.18572542200284617,0.0022675736961451074,0.174284955891366,0.18345784830670106,0.4149711572330634,0.9276073818124541
07918201000111,1065136.52,6,6,0.2501375534950018,0.16666666666666669,0.3835531993588953,0.9124994794094563,3.997800354355756,0.10016506419400213,3.3306690738754695e-17,0.08347088682833509,0.1001650641940021,0.49109408758113154,0.8033325498233064
07919295000143,4237096.6899999995,4,4,0.5303765444365639,0.25,0.6944023739047599,1.0000000000000002,1.8854529116899998,0.3738353925820852,0.0,0.2803765444365639,0.3738353925820852,0.4013374260736585,0.9509061796234222
07926117000140,15000.0,1,1,1.0,1.0,1.0,1.0,1.0,,,0.0,,0.3965645695364238,0.3402110927152318
07933452000175,335435.04000000004,3,3,0.5861436356808979,0.3333333333333333,0.7387248511664136,1.0,1.7060664641327086,0.37921545352134683,0.0,0.2528103023475646,0.37921545352134683,0.5347541972301983,0.817484110370787
08013657000103,912722.3,27,24,0.05531253794998128,0.04526748971193415,0.06798420505338808,0.2680712413841537,18.07908364111393,0.01423917003476308,0.003757380568974769,0.010045048238047131,0.01048178946578831,0.7436212610009659,0.6699894726807488
08036438000131,6166090.92,20,17,0.1590157708133796,0.06500000000000002,0.2759432551474606,0.7074840537706506,6.288684417180211,0.10645425648921582,0.006562500000000018,0.09401577081337957,0.0998917564892158,0.5943101369056277,0.9134799447226806
08046438000112,976033.9500000001,23,15,0.09455412644211214,0.07372400756143668,0.12786440471665972,0.50068400796919,10.575953029529803,0.029879421187977293,0.007561436672967875,0.020830118880675458,0.022317984515009416,0.47550527619516986,0.703639481085843
08071214000160,54250.0,2,2,0.5535263012593175,0.5,0.663594470046083,1.0,1.8065988873968923,0.10705260251863491,0.0,0.053526301259317455,0.10705260251863491,0.6951134144108402,0.5452444532609027
08082743000160,74844633.22,56,43,0.625521755283048,0.04464285714285714,0.7821408241513993,0.9626443191754076,1.5986654205935666,0.616605606599311,0.021896258503401357,0.5808788981401909,0.5947093480959096,0.811393648234018,0.9911755618341321
08083086000175,26010012.07,568,151,0.04733166055595656,0.026011704026978777,0.14840439095574784,0.3679661329738091,21.12750721724156,0.04098053829299628,0.01951844872049197,0.021319956528977786,0.021462089572504308,0.6656719024053371,0.8850360625064796
08120370000174,18000.0,1,1,1.0,1.0,1.0,1.0,1.0,,,0.0,,0.3965645695364238,0.37046771523178806
08151884000197,2418075.0,6,6,0.5263213609390198,0.16666666666666669,0.6556330965747547,0.9973594698262047,1.899979887223048,0.4315856331268238,3.3306690738754695e-17,0.35965469427235314,0.43158563312682374,0.4154097867241969,0.9319690277889895
08184760000108,35023.5,1,1,1.0,1.0,1.0,1.0,1.0,,,0.0,,0.9177773178807948,0.7929635761589404
08184785000101,1355445.99,252,92,0.06845386965304416,0.01892794154698916,0.154477811395495,0.44887777490861147,14.60837794953685,0.0582170989898908,0.008146929915637393,0.049525928106055,0.05007016907425341,0.7972655398594785,0.7146452679792625
08184821000137,84536794.7618,1094,348,0.12160400002625292,0.01348889906386506,0.30698120804228407,0.5380897681083482,8.223413701721254,0.11907259944995971,0.010645927591426631,0.10811510096238786,0.10842667185853308,0.836095808926694,0.9601271700184327
08194799000106,168625.78999999998,2,2,0.5646303981485911,0.5,0.6797642875386974,1.0,1.7710700721728319,0.12926079629718212,0.0,0.06463039814859106,0.12926079629718212,0.5406375031704524,0.698809467995172
08218991000195,4367854.43,4,4,0.3383773196404439,0.25,0.40597132033999583,1.0,2.9552808121495535,0.1178364261872585,0.0,0.08837731964044387,0.1178364261872585,0.3965645695364238,0.9421348853596059
08226022000186,31896.62,1,1,1.0,1.0,1.0,1.0,1.0,,,0.0,,0.9585264900662251,0.6736754966887417
08257417000146,109285.0,3,3,0.44126110856755785,0.3333333333333333,0.516264812188315,1.0,2.266231898945833,0.16189166285133677,0.0,0.10792777523422453,0.16189166285133677,0.3965645695364238,0.5409887742632955
08259606000158,33977584.264400005,539,137,0.05274427168470043,0.025908626226675526,0.1178170869608964,0.3738323449118316,18.959404842631862,0.04577915603532323,0.018746189654812846,0.026835645458024904,0.027032966380510386,0.6697390433480224,0.9633655642733178
08281643000162,11122977.8096,800,214,0.10335380448405375,0.016450000000000003,0.22026475660910322,0.5559391653791653,9.67550256124619,0.09914419793233568,0.011832394366197185,0.08690380448405374,0.0873118035661385,0.6700958449731275,0.9394235925101238
08289417000128,1079239.9357,411,139,0.146905352714318,0.025757602666335148,0.3576591147450809,0.5425875170382652,6.80710390413525,0.1407235074441319,0.01869787514942453,0.12114775004798287,0.12202563229470736,0.9942214481566586,0.9666499911043975
08311485000146,3743796.1199999996,19,18,0.18980459511416545,0.05817174515235456,0.3260931046640435,0.7823251870884464,5.2685763450484995,0.14214604188558694,0.0027700831024930705,0.13163284996181088,0.13937595878309386,0.6637520053130113,0.8892906409354648
08325807000106,238716.72999999998,10,8,0.1558862390154337,0.14,0.22049451665997602,0.7052154660463053,6.414934418303554,0.03529855887478136,0.017142857142857158,0.01588623901543368,0.0181557017319242,0.7571367629560178,0.6119006803500134
08325825000198,35778.0,2,1,1.0,1.0,1.0,1.0,1.0,,,0.0,,0.9447433774834437,0.7683360927152317
08345441000137,16458.0,1,1,1.0,1.0,1.0,1.0,1.0,,,0.0,,0.3965645695364238,0.3562913907284768
08345495000100,1969882.5122,448,126,0.0420840655251471,0.02530094068877551,0.12059525303094874,0.3063881367350919,23.76196281232514,0.03442073804934828,0.017503348214285713,0.016783124836371593,0.01691738983506257,0.9330301653892914,0.905646464334686
08351513000159,5413464.859999999,41,36,0.10648417121864412,0.03390838786436645,0.2745768095740442,0.44747901254502637,9.39106712815277,0.0809551475391768,0.0063057703747769235,0.07257578335427767,0.07464937716439989,0.6069740959671944,0.8492799041739937
08361788000173,3951985.92,13,13,0.4431191922623549,0.07692307692307694,0.6531442601900768,0.8353311440947645,2.2567291542812167,0.3967124582842178,1.5034270125132327e-17,0.366196115339278,0.3967124582842178,0.7130348011506957,0.9057746173620674
08418330000103,49496947.24,59,38,0.8370764288195409,0.03763286411950591,0.9145479170767542,0.9560454258027085,1.1946340448389123,0.8326730890579069,0.011622941528141204,0.799443564700035,0.8210501475297657,0.9188142753525387,0.9841561191772481
08418353000118,294555.72,19,19,0.07600978636507932,0.05263157894736842,0.135797736333214,0.42163160165417946,13.156200639703725,0.024676996718694843,0.0,0.023378207417710906,0.024676996718694843,0.6160444981748123,0.5512678644502079
08424027000113,127757.0,6,6,0.2699557602732783,0.16666666666666669,0.3944989315653937,0.903801748632169,3.704310658115583,0.12394691232793394,3.3306690738754695e-17,0.10328909360661159,0.12394691232793391,0.466072884862078,0.5210684186017049
08434600000170,188887.08000000002,8,8,0.37453491458988386,0.125,0.565417179406871,0.923446325709519,2.6699780475606687,0.28518275953129585,0.0,0.24953491458988386,0.28518275953129585,0.8613102159750787,0.6999523196154587
08435209000190,485171.35,11,11,0.4367284041619547,0.09090909090909091,0.5152818689726836,0.9716423898484525,2.2897526024644916,0.3804012445781501,0.0,0.34581931325286375,0.3804012445781501,0.4401446022997957,0.8110750276782974
08435854000102,665654.88,3,3,0.9941457603223213,0.3333333333333333,0.9970664227685073,1.0,1.0058887136185952,0.9912186404834817,0.0,0.6608124269889879,0.9912186404834817,0.39799287866663535,0.9091628796809892
08438054000145,203143.94779999997,206,73,0.04531782390192487,0.034499010274295416,0.10568394595312675,0.3260686656794409,22.06637287271698,0.03205834923389605,0.021089274305882855,0.010818813627629452,0.010969074928013193,0.9979742506157554,0.940733660206043
08451635000117,7849922.69,54,50,0.17579814260150414,0.021947873799725647,0.351375506349095,0.6804658518235673,5.688342238443218,0.1589776965321471,0.0019876263262506595,0.1538502688017785,0.15699007020589645,0.5503166082350092,0.8903470296970272
08451643000163,1867159.44,11,11,0.49588390721415365,0.09090909090909091,0.6940314641796204,0.8619271421191541,2.016601033935424,0.445472297935569,0.0,0.4049748163050627,0.445472297935569,0.3965645695364238,0.8472258715064687
08491474000195,150525.0,1,1,1.0,1.0,1.0,1.0,1.0,,,0.0,,0.3965645695364238,0.7457367549668874
08520389000108,40800.0,1,1,1.0,1.0,1.0,1.0,1.0,,,0.0,,0.3965645695364238,0.5195778145695364
08543762000146,253133.81,90,25,0.13853118130426698,0.07530864197530865,0.2838419727495114,0.6427699247287433,7.218591443348924,0.10263664719194476,0.03677983539094651,0.06322253932895833,0.06585681180099826,0.8860802636432532,0.8729335277151172
08549559000187,659000.0,3,3,0.7642355986101165,0.3333333333333333,0.8679817905918058,1.0,1.3084970156044267,0.6463533979151747,0.0,0.43090226527678316,0.6463533979151747,0.4115838768352611,0.8558201079801827
08565566000172,1123859.8199999998,9,6,0.5052574317279004,0.20987654320987653,0.6677539819868283,0.991348013491576,1.9791890968929609,0.40630891807348046,0.05185185185185184,0.29538088851802385,0.35445706622162865,0.925076268251743,0.8887324215926429
08595042000124,12383084.5957,726,186,0.0631388491627239,0.01927995203727736,0.14312900362607994,0.43388660704665727,15.83810939320039,0.05807473483387376,0.01397876258883021,0.043858897125446536,0.044095972245043545,0.6728969378753413,0.9217569589173793
08595187000125,7775088.55,57,54,0.14634689528511136,0.01939058171745153,0.2420885765989122,0.6817778248969268,6.833079704573243,0.13024023293200024,0.0008885172215543893,0.12695631356765982,0.12935171571044585,0.5313204935676057,0.9013384762892968
08599046000180,22474.890000000003,4,4,0.368741349000535,0.25,0.49310586169720966,1.0,2.7119280295265966,0.15832179866738003,0.0,0.11874134900053501,0.15832179866738003,0.3965645695364238,0.24359813918779274
08638248000194,243480.0,11,10,0.1694270760841464,0.10743801652892562,0.2562838836865451,0.753244619681288,5.902244334921694,0.07714119564905154,0.008264462809917352,0.06198905955522077,0.06887673283913419,0.768358763437877,0.7060962926364622
08647441000191,2970.0,1,1,1.0,1.0,1.0,1.0,1.0,,,0.0,,0.9585264900662251,0.46668046357615894
08660689000192,36000.0,2,2,0.5555555555555556,0.5,0.6666666666666666,1.0,1.7999999999999998,0.11111111111111116,0.0,0.05555555555555558,0.11111111111111116,0.8464610927152317,0.5159423289183223
08663203000170,5906284.25,11,10,0.3606199271551786,0.10743801652892562,0.5749125145813969,0.8432677025322646,2.7730026121648272,0.2895776968390873,0.008264462809917352,0.25318191062625295,0.28131323402916997,0.4388900503028219,0.9283324893690857
08673415000138,124719.75,1,1,1.0,1.0,1.0,1.0,1.0,,,0.0,,0.3965645695364238,0.7164735099337748
08674396000164,1742385.4,5,5,0.28106666047622647,0.20000000000000004,0.44200668807257,0.9196811451702936,3.5578748411698697,0.10133332559528307,3.469446951953614e-17,0.08106666047622643,0.10133332559528305,0.6857706202600562,0.8659710482725473
08677428000185,2511718.94,23,20,0.5524023741746866,0.054820415879017,0.7315181530621416,0.9312124707711127,1.810274623627467,0.528844604394407,0.005074121977912631,0.49758195829566965,0.5237704824164943,0.9522440937294959,0.9359563504092112
08677960000100,12050647.03,27,27,0.746367290417487,0.03703703703703703,0.8628951967569164,0.9234323212933737,1.3398229167313072,0.7366121862027749,0.0,0.70933025338045,0.7366121862027749,0.4288599763654974,0.960421862525603
08678243000195,1071315.3399999999,23,22,0.10474239340527067,0.04725897920604913,0.1844461594286515,0.603090402868683,9.54723266758653,0.06211107880552165,0.001890359168241943,0.05748341419922154,0.06022071963727971,0.6736783794021693,0.765639808041057
08682079000190,1248885.9,16,15,0.14099854187469724,0.0703125,0.22019625651951072,0.6987277300512402,7.09227192497268,0.07964129486574704,0.003906250000000001,0.07068604187469724,0.07573504486574704,0.6582055990933136,0.8068886255315811
08690876000119,112223.8,13,5,0.4172164820350375,0.32544378698224846,0.5934570028817416,0.9936394953655107,2.396837236923974,0.2715206025437968,0.15680473372781056,0.09177269505278901,0.11471586881598622,0.9495313882109199,0.6445583802114363
08692266000154,1048267.9172999999,566,140,0.11286595475964006,0.024797412878173032,0.30974905808080294,0.4520025312044338,8.86006769826743,0.10648369544136409,0.01778156692765629,0.08806854188146704,0.08870212851370779,0.9849197028984246,0.9365048443181418
08712299000119,317849.68999999994,19,12,0.20860183198515128,0.12465373961218834,0.3775369420684349,0.7541295698605212,4.793821753546163,0.1366565439838014,0.04507680684966001,0.08394809237296294,0.09157973713414139,0.5479271009255082,0.5998302440156437
08715618000140,50949710.29,197,149,0.21129412100186873,0.0089412249735886,0.4451448275349948,0.5880757276039067,4.732739345791622,0.20596502722485432,0.00224488189908582,0.20235289602828013,0.20372014532576851,0.5552084603733242,0.9474677989875141
08734175000134,55350.0,2,2,0.6339627352913095,0.5,0.7588075880758808,1.0,1.5773797801230292,0.26792547058261906,0.0,0.13396273529130953,0.26792547058261906,0.7920647579820169,0.8242076311491592
08772020000192,45415036.8,1,1,1.0,1.0,1.0,1.0,1.0,,,0.0,,0.3965645695364238,0.9987582781456954
08774605000141,42350.0,5,5,0.5863363855206722,0.20000000000000004,0.755608028335301,0.9574970484061393,1.7055056187788697,0.48292048190084025,3.469446951953614e-17,0.3863363855206722,0.4829204819008402,0.5161881240373112,0.5280592732824069
08797960000136,264736.1,9,8,0.5648981875012907,0.13580246913580246,0.7365825816728433,0.964230416629995,1.7702304983899688,0.5027407857157609,0.01234567901234567,0.42909571836548827,0.4903951067034152,0.4673258698451799,0.7294506138214447
08806026000133,79321.13,43,26,0.19958166870855304,0.05678745267712277,0.37561870336441244,0.6987709327892832,5.010480203271019,0.16756493545689516,0.019058950784207676,0.14279421603143028,0.1485059846726875,0.9751358225128497,0.6640666067463248
08806043000170,40367.990000000005,77,37,0.060896670204097024,0.039298363973688646,0.1372372020504365,0.40106777672110994,16.421259104126218,0.03481046659865527,0.012612207417402217,0.021598306230408378,0.022198259181253052,0.9962047554859417,0.8004899954651302
08806721000103,53768987.300000004,21,16,0.21183000390996906,0.0748299319727891,0.31415634287015853,0.8460676386962565,4.720766565368214,0.159285337503967,0.013151927437641708,0.13700007193717995,0.1461334100663253,0.42227193865480006,0.9829305501907569
08857731000160,2575533.2813,462,131,0.05674095127737078,0.024765278012031256,0.1610540244273721,0.3738295121210865,17.62395549400696,0.04948511244104286,0.01726347245827765,0.031975673265339524,0.03222163998276521,0.9943697940347171,0.9644414167789297
08858200000191,2511107.8342,1145,169,0.1208110719562924,0.026329780133864722,0.3146021804562136,0.5088410433027353,8.277387029243352,0.1155778045274608,0.020534124063232965,0.09448129182242768,0.09504368046422784,0.7289666030304538,0.9112514361005452
08885069000151,17835.2,2,2,0.7249617922680658,0.5,0.8353817170539158,1.0,1.379383038755006,0.44992358453613157,0.0,0.22496179226806579,0.44992358453613157,0.8464610927152317,0.41233049741058236
08931506000126,33781514.77,189,168,0.14349211159165612,0.006802721088435373,0.35187734715070623,0.5547101699726416,6.969024212604512,0.13836332184070793,0.0008554319931565433,0.13668939050322074,0.13750788984755138,0.45934618425770807,0.8972361143366802
08948407000157,656089.64,10,9,0.3218977141134304,0.12000000000000002,0.4572545910037537,0.8930986930383475,3.106576891215884,0.2371349283776092,0.010000000000000033,0.20189771411343035,0.22713492837760915,0.6510653453386874,0.8015255399606313
08968508000190,300000.0,1,1,1.0,1.0,1.0,1.0,1.0,,,0.0,,0.9447433774834437,0.9373758278145695
08969291000132,76122.44,1,1,1.0,1.0,1.0,1.0,1.0,,,0.0,,0.3965645695364238,0.6406870860927152
08971900000198,628561.6588,343,99,0.05461736009216874,0.02936701544424516,0.16584400041041764,0.35797475211830404,18.309196898430542,0.044970598460456174,0.019462597234492562,0.02525034464792358,0.02550800122596361,0.9965181089797205,0.9283429061959805
08999257000100,10412311.6329,669,192,0.25627728686657836,0.013426102810566602,0.45769243070308413,0.7069805937463817,3.9020235161168,0.25238345067216256,0.008260794448318261,0.24285118405601175,0.2441226562238443,0.5808722159366736,0.9530504363909946
09008389000196,241049.27000000002,15,13,0.17580886768208764,0.09333333333333335,0.27585148878484467,0.7820540174214176,5.6879952256349435,0.1071262733222616,0.01777777777777779,0.08247553434875429,0.0893484955444838,0.5818474434244273,0.600549178713121
09027587000105,1450.0,1,1,1.0,1.0,1.0,1.0,1.0,,,0.0,,0.3965645695364238,0.08211920529801324
09035539000150,48000.0,1,1,1.0,1.0,1.0,1.0,1.0,,,0.0,,0.3965645695364238,0.5510968543046357
09075910000108,127903.79000000001,12,11,0.16247275802217517,0.09722222222222224,0.21388826711077127,0.7483051127726551,6.154877975688174,0.07872003382439269,0.006944444444444459,0.06525053579995294,0.07177558937994823,0.46622783393504685,0.39439816840672304
09097711000109,74311400.0,86,77,0.07418414761834488,0.014061654948620874,0.19108777388126183,0.47691202157407886,13.479968862683428,0.06200236008700731,0.0010887819874185166,0.060122492669724005,0.06091357809958879,0.5325365021472109,0.9494655946605716
09105181000195,26871551.2,98,87,0.049251398195586396,0.012911286963765096,0.152785222908903,0.3561645432661141,20.30399210249454,0.03819618189553507,0.001433511230785621,0.0363401112318213,0.036762670664749454,0.5032249072413089,0.8705812728920004
09129733000103,60805987.04000001,62,59,0.03582473964281077,0.017689906347554633,0.06269764188667959,0.23357776908804867,27.91367111025684,0.01920102825734199,0.0007535254225124712,0.01813483329525614,0.01844750283482952,0.730548803654235,0.9624512406707103
09149617000148,359515.58,15,13,0.15580063955354634,0.09333333333333335,0.24753575352700988,0.7250140870111943,6.418458889934884,0.08545069284967519,0.01777777777777779,0.06246730622021299,0.06767291507189739,0.7622223352616264,0.7679647612007037
09157521000121,773140.12,2,2,0.9935537788836424,0.5,0.996766433489443,1.0,1.0064880444857254,0.9871075577672848,0.0,0.4935537788836424,0.9871075577672848,0.8468900488686396,0.9355388947576746
09183761000109,666100.0,2,2,0.6443492506838289,0.5,0.7686533553520493,1.0,1.55195338388107,0.28869850136765773,0.0,0.14434925068382887,0.28869850136765773,0.5313364383318536,0.8954965072961024
09206510000194,1766937.1500000001,7,4,0.8591901130067132,0.38775510204081637,0.9255775453020499,1.0,1.1638867636645938,0.8122534840089509,0.18367346938775517,0.47143501096589685,0.6285800146211957,0.8813868086814409,0.9349744922954608
09224738000107,4400.0,1,1,1.0,1.0,1.0,1.0,1.0,,,0.0,,0.9177773178807948,0.4858029801324503
09240588000125,4822687.708699999,378,130,0.081316398688088,0.017986618515719043,0.23401369281367332,0.4485016850869351,12.297642494422094,0.07419482038334449,0.010374111682507563,0.06332978017236895,0.06382070870083692,0.9874006050946041,0.9551015635585316
09241326000185,52000.0,2,2,0.6893491124260356,0.5,0.8076923076923077,1.0,1.4506437768240341,0.37869822485207116,0.0,0.18934911242603558,0.37869822485207116,0.875187850229241,0.7424382322975039
09281224000193,190507.8,5,5,0.36337087965258896,0.20000000000000004,0.4256056707389409,0.956915149930869,2.7520091894982843,0.20421359956573618,3.469446951953614e-17,0.16337087965258892,0.20421359956573615,0.3965645695364238,0.5908941537124597
09290533000120,19509368.4,35,35,0.042190310655903535,0.028571428571428567,0.050676453472476325,0.19592833153942593,23.702124598129114,0.014019437439900698,0.0,0.013618882084474968,0.014019437439900698,0.42750409952698,0.9072966320689593
09291701000100,193400.0,3,3,0.37349279052582157,0.3333333333333333,0.49120992761116855,1.0,2.677427852334581,0.06023918578873238,0.0,0.04015945719248826,0.06023918578873238,0.3965645695364238,0.6150383816610395
09297907000139,63202.12999999999,12,12,0.11867499046943829,0.08333333333333334,0.16178252220297004,0.6050042933679608,8.42637522905489,0.03855453505756905,1.5139404881252137e-17,0.035341657136104945,0.038554535057569034,0.8418849004327137,0.571197589399449
09322905000152,294500.0,3,3,0.4491887201985466,0.3333333333333333,0.6112054329371817,1.0,2.2262357780444453,0.17378308029781991,0.0,0.1158553868652133,0.17378308029781991,0.613408522976422,0.8105553384904259
09328892000129,4252126.6,16,16,0.132443020304845,0.0625,0.30425048962559115,0.5348739146195695,7.550416758076742,0.074605888325168,0.0,0.069943020304845,0.074605888325168,0.4189656174937959,0.8429229804222282
09332615000190,5697561.35,239,79,0.1316420147530603,0.03279004219113813,0.31666192765085366,0.572111266515805,7.596358973051594,0.12050922007040724,0.020389914526921956,0.09885197256192219,0.10011930554348528,0.7261152453038001,0.8556372524741027
09345021000113,4200.0,1,1,1.0,1.0,1.0,1.0,1.0,,,0.0,,0.3965645695364238,0.17218543046357615
09356616000174,6772863.539999999,75,41,0.36812970738323414,0.03751111111111112,0.5858322150692556,0.8191593300579034,2.7164338545461906,0.35233295006781495,0.013448888888888897,0.33061859627212303,0.33888406117892605,0.41212453243782715,0.8930555011326687
09362501000192,79780.0,13,13,0.1098044063390418,0.07692307692307694,0.16294810729506143,0.5891200802206067,9.107102650437465,0.035621440200628615,1.5034270125132327e-17,0.03288132941596486,0.0356214402006286,0.5513240882625896,0.35563280706545647
09388320000135,13599.99,1,1,1.0,1.0,1.0,1.0,1.0,,,0.0,,0.9818501655629139,0.8179221854304636
09403680000169,845858.7999999999,113,76,0.0326790000935373,0.0184039470592842,0.08783971982084952,0.2674272467225026,30.60069148804106,0.019781386761451136,0.005315999686741323,0.014275053034253103,0.014465387074709814,0.44054250280535834,0.4108323972841339
09436466000109,5826229.21,8,6,0.5162069668716899,0.21875,0.6090994573143476,0.9968264207717292,1.9372074849361018,0.4194483602460279,0.06250000000000001,0.2974569668716899,0.3569483602460279,0.4006915186883299,0.9685934233170814
09487310000157,6750.0,1,1,1.0,1.0,1.0,1.0,1.0,,,0.0,,0.3965645695364238,0.22655215231788078
09493399000164,55200.0,1,1,1.0,1.0,1.0,1.0,1.0,,,0.0,,0.3965645695364238,0.5799048013245033
09500069000159,146452.32,3,3,0.4185278816406337,0.3333333333333333,0.5424585967637795,1.0,2.3893270768006887,0.12779182246095055,0.0,0.08519454830730039,0.12779182246095055,0.7650768294802646,0.6988188248498923
09509569000151,18383077.96,45,42,0.7031646783359922,0.026172839506172843,0.8360753799468738,0.9318090761118656,1.422141968744015,0.6959247924417481,0.0024209575429087675,0.6769918388298193,0.6935038348988394,0.9120932327710313,0.9678680611841648
09510197000183,103370.0,4,4,0.3360165630031506,0.25,0.4643513591951243,1.0,2.976043773147646,0.11468875067086744,0.0,0.08601656300315058,0.11468875067086744,0.7414739383760643,0.5565605926309849
09522642000125,1865954.819,666,160,0.13100611160041317,0.024258492726961196,0.3215511940002659,0.5693255748653794,7.6332316697570475,0.12554074123312017,0.018121753687508117,0.10674761887345198,0.10741898754561205,0.9541300263651621,0.8996783243351429
09528435000188,21640.0,2,2,0.515094932708307,0.5,0.5868761552680222,1.0,1.9413897060530585,0.030189865416613948,0.0,0.015094932708306974,0.030189865416613948,0.966032480628221,0.5882667230784296
09579148000105,3237390.0800000005,97,41,0.10276288400243769,0.03709214581783399,0.185334477827275,0.5745140233456204,9.731139892651111,0.08033195610249864,0.013019449463279837,0.0656707381846037,0.06731250663921881,0.7029262437567384,0.8369083846141095
09583958000127,744.48,1,1,1.0,1.0,1.0,1.0,1.0,,,0.0,,0.9908319536423841,0.6362582781456954
09618159000149,86635.09,5,4,0.5208665778563119,0.28,0.633035990382188,1.0,1.9198774552124627,0.36115543714174914,0.040000000000000036,0.24086657785631183,0.3211554371417491,0.7384469739528648,0.6351844143614478
09626556000162,56624.630000000005,13,11,0.1663987485849397,0.10059171597633138,0.2814587927550255,0.7359338153732748,6.009660580407197,0.08303862344343366,0.01065088757396451,0.06580703260860832,0.07238773586946914,0.7262485310519047,0.4702317617982874
09649183000145,123025.79000000001,2,2,0.5000003573780477,0.5,0.500422716245106,1.0,1.999998570488831,7.147560954212651e-07,0.0,3.5737804771063253e-07,7.147560954212651e-07,0.6213226525568634,0.6572011408519998
09663279000168,298654.86,4,4,0.27908918482948303,0.25,0.33666875536530694,1.0,3.583084026029087,0.03878557977264404,0.0,0.029089184829483028,0.03878557977264404,0.5657499893843552,0.7004902004774571
09664082000143,12188160.57,26,23,0.12193122130515417,0.04733727810650889,0.20078736622683008,0.6126199205463865,8.201344899985259,0.08201900409175208,0.004034427111350203,0.07459394319864529,0.07798457698040188,0.44626748020649987,0.9248615221334681
09687192000120,1153321.9,3,3,0.7713583581577947,0.3333333333333333,0.8721883283409428,1.0,1.2964142922989272,0.6570375372366921,0.0,0.43802502482446143,0.6570375372366921,0.4411515773781528,0.9201870123327012
09688688000119,92018.85,17,15,0.1713885865701109,0.07266435986159168,0.31252727022778487,0.7228330934368339,5.834694246637738,0.11220205703940454,0.0064260998517053775,0.09872422670851923,0.10577595718769917,0.8979994035050088,0.6304007423946792
10157678000136,25086.58,15,12,0.3337468274943756,0.10222222222222224,0.5421221226647873,0.8698272143911207,2.996283163221536,0.2731783572665916,0.020606060606060635,0.23152460527215338,0.252572296660531,0.9878754951068691,0.8118593956766542
10237604000100,3725710.85,18,18,0.29813430253829315,0.05555555555555555,0.5169483294711397,0.7940577675264305,3.3541930314159587,0.2568480850405457,0.0,0.2425787469827376,0.2568480850405457,0.6732605157503563,0.8743340308285382
10257397000155,51558.8,2,2,0.9413612376436373,0.5,0.9697665577942077,1.0,1.0622914562566268,0.8827224752872747,0.0,0.4413612376436373,0.8827224752872747,0.9785449222457872,0.9687744153181088
10277035000126,1209704.44,15,15,0.27821873853405243,0.06666666666666667,0.43382497628924965,0.8291322796169948,3.594294206310642,0.22666293414362762,0.0,0.21155207186738578,0.22666293414362762,0.6763912380883641,0.7975475760619217
10295311000189,493543.0,13,10,0.14631574295636746,0.1124260355029586,0.23411333966847875,0.6732219887628839,6.834534546964014,0.05146193661818606,0.013806706114398437,0.03388970745340886,0.03765523050378762,0.7411343151686038,0.6676467153442067
10298905000143,182185.08000000002,10,7,0.6158540887923151,0.16000000000000006,0.7729776774256157,0.9799649894491907,1.6237612418243288,0.5518297702577009,0.020000000000000077,0.45585408879231504,0.5318297702577007,0.8959513049524921,0.7888223348410744
10316445000139,2333637.79,20,17,0.1423553533797796,0.06500000000000002,0.3019281325573666,0.6321488863102444,7.024674353708161,0.08875256296601582,0.006562500000000018,0.07735535337977957,0.0821900629660158,0.5534133667117505,0.8318833799845182
10319517000100,1230062.5,7,7,0.3165307264661298,0.14285714285714285,0.4971292109140796,0.8975153701539555,3.159250955395019,0.20261918087715142,0.0,0.17367358360898694,0.20261918087715142,0.6094029436313841,0.8768567214959397
10321417000100,161680.0,2,2,0.5109440924718951,0.5,0.5739732805541811,1.0,1.9571612916828192,0.02188818494379019,0.0,0.010944092471895095,0.02188818494379019,0.9332551155745468,0.8084084619770555
10324957000147,1030137.4762,494,146,0.1474425170285899,0.023242472422101656,0.32290604670266243,0.6358196212957076,6.782304183033545,0.14156281024947673,0.016506213611219598,0.12420004460648824,0.12505659663825713,0.7941215182921767,0.8557253377380951
10377912000130,5711768.398499999,733,174,0.18478207804352026,0.017973567298046306,0.35864549419370156,0.6770650926630003,5.411780247240633,0.1800698357200724,0.01229711392982692,0.16680851074547395,0.1677727217902455,0.9411904522312582,0.9641652898004538
10381732000122,1291685.38,1,1,1.0,1.0,1.0,1.0,1.0,,,0.0,,0.9791183774834437,0.9978890728476821
10391817000191,2667398.1602999996,1050,165,0.12264197004769094,0.026615873015873016,0.2312864307931494,0.6378880533563215,8.153815529962026,0.11729222596261589,0.020680603948896634,0.09602609703181791,0.09661162201371926,0.742600274985108,0.9298896634640718
10396929000135,3911422.3851,502,173,0.06733372166832406,0.014436278789225572,0.2150354314082846,0.3600900801113534,14.851399495275961,0.061911243305930605,0.008706257154279211,0.05289744287909849,0.053204986151651396,0.9796205006467424,0.9512424259130989
10411406000110,264547.9,5,5,0.529344691704199,0.20000000000000004,0.7092020008474835,0.973804365863422,1.8891282290572324,0.41168086463024867,3.469446951953614e-17,0.3293446917041989,0.4116808646302486,0.4369987194716241,0.6927792312803883
10411736000106,1601357.0,15,15,0.09706701798754988,0.06666666666666667,0.17924797531093942,0.46816543718858444,10.302160514792606,0.03257180498666059,0.0,0.030400351320883215,0.03257180498666059,0.5147258815760922,0.7720748207355446
10414835000141,26161760.6,20,17,0.3020998623199523,0.07,0.4316898764068654,0.9575559605113121,3.3101637065325953,0.2584811037149493,0.011875000000000009,0.23209986231995228,0.24660610371494932,0.6508823562678934,0.9804019873170786
10422587000180,2753.3,5,5,0.22439770287627253,0.20000000000000004,0.33414448116805284,0.8619838012566737,4.456373604463214,0.03049712859534065,3.469446951953614e-17,0.024397702876272492,0.030497128595340615,0.9986107113967753,0.9827439673234983
10423151000106,34964.24,14,11,0.16234122163892964,0.11224489795918367,0.2503128911138924,0.7124850990612123,6.159864943138993,0.0785753438028226,0.023469387755102038,0.050096323679745966,0.05510595604772057,0.9882049397006051,0.7961248285722481
10429180000185,770064.902,272,92,0.24414651721494396,0.031439230103806254,0.45450714490556016,0.7198237038986618,4.095901147422926,0.23584043498653676,0.020795705159892038,0.2127072871111377,0.21504472982664471,0.686719765485155,0.8793540785070942
10429253000139,6146168.29,5,4,0.9069596554748808,0.28,0.9517748317301608,1.0,1.1025848768062385,0.8759462072998411,0.040000000000000036,0.6269596554748808,0.835946207299841,0.9523592466983785,0.9845328911920674
10432684000154,6997877.66,30,27,0.3115525867003661,0.042222222222222223,0.5401137578618372,0.7393956427069062,3.2097310139226805,0.2850738400349956,0.005384615384615388,0.2693303644781439,0.2796892246503802,0.7197008053850189,0.9114721157036295
10433103000107,1950000.0,2,2,0.7396449704142012,0.5,0.8461538461538461,1.0,1.352,0.47928994082840237,0.0,0.23964497041420119,0.47928994082840237,0.4888913652572593,0.9608141237901172
10441099000110,356212.2814,262,112,0.033508885069910156,0.01917137695938465,0.08699001976634263,0.26455989397562646,29.842831174886392,0.024801757908377815,0.010335083058117844,0.014337508110525508,0.01446667485025997,0.997651320915382,0.927684013824191
10455823000165,30070811.858,702,181,0.0981847382937358,0.020584248504476422,0.19960996159147995,0.5507079914636337,10.184882267632425,0.09317465350647877,0.015143049885056846,0.07760048978925937,0.07803160362142192,0.6744925028517909,0.946743692870669
10456585000102,6934.4,1,1,1.0,1.0,1.0,1.0,1.0,,,0.0,,0.9447433774834437,0.5367135761589404
10459525000143,34669489.853,746,244,0.0997501818144452,0.013081384901781803,0.1627441042231479,0.5731338982560944,10.025044383981125,0.09604545005236471,0.009019991424011357,0.0866687969126634,0.08702545862835336,0.660003371786229,0.9656585143754611
10460008000194,40000.0,1,1,1.0,1.0,1.0,1.0,1.0,,,0.0,,0.9966887417218543,0.9962748344370861
10465435000165,302874.9906,245,91,0.04426579775446849,0.03007080383173678,0.11482791210691663,0.32475837508123395,22.590804881609824,0.03364652884062925,0.019293812763200524,0.01419499392273171,0.014352716077428725,0.9981610639661399,0.954164195927481
10465644000109,8966418.570000002,530,82,0.04373781184256086,0.06370238519045925,0.10027388895363604,0.32725540494146266,22.86351232200668,0.03193210581592581,0.052143155377995784,-0.019964573347898383,-0.020211049562069976,0.5835537477248386,0.8374414818443244
10467921000112,35307196.5004,15,15,0.5268870428547484,0.06666666666666667,0.7137344025520267,0.9231846728366192,1.8979400111679703,0.49309326020151617,0.0,0.46022037618808176,0.49309326020151617,0.40477009799732,0.983027152096326
10469199000155,22131243.6994,540,184,0.06637100127712692,0.014444444444444446,0.14356073446004014,0.4015551643056071,15.066821062779788,0.06126920346989811,0.009058894960534306,0.05192655683268247,0.0522103085093638,0.4801089231904053,0.9318859966658395
10472663000162,26526314.19,61,39,0.69192843874326,0.03036818059661382,0.8310238596325696,0.8775700925979268,1.4452361602831154,0.6838212923943985,0.004851553770208921,0.6615602581466462,0.6789697386241895,0.792351793632808,0.9606612223723504
10474017000134,979650.0,2,2,0.5508615014675894,0.5,0.6594702189557495,1.0,1.8153383333847595,0.10172300293517877,0.0,0.05086150146758939,0.10172300293517877,0.6932579281845828,0.9231506754338201
10476288000129,14300260.680000002,268,140,0.01779877186802893,0.008520828692359102,0.056369601788266145,0.14867561141549765,56.18365173814331,0.010732575982187414,0.0013878850138868653,0.00927794317566983,0.009344690968300548,0.5280802424597939,0.7678322204338852
10476365000140,2800000.0,2,2,0.5439349489795919,0.5,0.6482142857142857,1.0,1.8384551348943001,0.08786989795918387,0.0,0.04393494897959194,0.08786989795918387,0.3965645695364239,0.9491340468306528
10478051000187,919702.0911999999,300,109,0.12461552360179773,0.021644444444444445,0.25660483134497847,0.568949162785159,8.024682407911287,0.11651011178329584,0.01258559670781893,0.10297107915735329,0.10392451507547691,0.8957502766596452,0.9013941994461336
10479670000196,2850892.5577999996,711,153,0.06169073328710779,0.024578603064956753,0.14549829275926704,0.405968648672306,16.209889990219672,0.055517646006101914,0.01816135703248936,0.037112130222151034,0.03735628897361255,0.9956499493296301,0.9659603564289239
10480777000154,41140.0,2,2,0.6082244273499386,0.5,0.732620320855615,1.0,1.6441299543937182,0.2164488546998773,0.0,0.10822442734993865,0.2164488546998773,0.5489023710025853,0.5323447515670929
10480867000145,4515555.0,27,24,0.19941019162899729,0.04526748971193415,0.4049565025783099,0.6811122375876277,5.014788822130517,0.1646019390911276,0.003757380568974769,0.15414270191706314,0.16084455852215285,0.73392411981802,0.8780977103289966
10481963000108,1092650.048,253,108,0.1586507598048428,0.02170007342717431,0.32846747287197303,0.6926685185117936,6.303152920478324,0.1507876827936731,0.012557083459203977,0.1369506863776685,0.13823059933446913,0.9049510068087178,0.9109621497808134
10485444000118,3534735.7399999998,19,14,0.7708239392668785,0.11357340720221606,0.8769486230390733,0.9306466683701792,1.2973131075185445,0.7531950115181769,0.04538674621777115,0.6572505320646624,0.7078082653004057,0.8900648254119546,0.9404489151818226
10486394000193,6379445.0,5,4,0.7060492037174134,0.28,0.8317337950244889,1.0,1.4163318855611038,0.6080656049565513,0.040000000000000036,0.4260492037174134,0.5680656049565512,0.8797337688928586,0.9800530843280764
10488181000109,129600.0,3,3,0.3333333333333333,0.3333333333333333,0.3333333333333333,1.0,3.0,0.0,0.0,0.0,0.0,0.5465300772626931,0.5864376379690949
10490261000190,288374.97,4,4,0.4897458210596615,0.25,0.6068487844142646,1.0,2.0418755137844835,0.31966109474621535,0.0,0.23974582105966152,0.31966109474621535,0.3965645695364239,0.7122040238326598
10491693000116,3261440.2,14,13,0.4234307374309229,0.0816326530612245,0.6251839294799886,0.9005579804897236,2.361661333485826,0.3753832988834998,0.005102040816326534,0.3417980843696984,0.37028125806717327,0.8150790661045045,0.9242722504521791
10496025000181,6490381.92,63,55,0.04379482461701845,0.020912068531116136,0.09296262953968046,0.30743382971829797,22.833748250961253,0.026087321369185464,0.002780810540951621,0.022882756085902317,0.02330651082823384,0.590124974509203,0.8107502334462823
10496698000131,747458.9548999999,621,116,0.06423573041271119,0.029838632303100555,0.18991009348331508,0.4006272870729908,15.567659830051788,0.056098649807604324,0.02140244649704056,0.034397098109610634,0.034696203310563764,0.9967218639359859,0.9594367588290199
10496741000169,251896.8,3,3,0.7042327681423979,0.3333333333333333,0.8217651038044151,1.0,1.419985046475141,0.5563491522135968,0.0,0.37089943480906457,0.5563491522135968,0.8897256721879228,0.9094512792671889
10502372000170,3608436.9600000004,14,13,0.21498822581533278,0.0816326530612245,0.4195722460397368,0.6792414630405514,4.651417519296914,0.1495705779666105,0.005102040816326534,0.13335557275410828,0.14446853715028396,0.5102927804030831,0.8888625162302519
10518108000124,206331.9,13,13,0.328833368763175,0.07692307692307694,0.42165074813928427,0.9043681563539132,3.041053904478282,0.2729028161601062,1.5034270125132327e-17,0.25191029184009806,0.2729028161601062,0.9103555203994307,0.7738654582826077
10519243000194,318956.0,6,6,0.46309720368457113,0.16666666666666669,0.6025282484104391,0.9741782565620335,2.1593738680424615,0.3557166444214853,3.3306690738754695e-17,0.29643053701790445,0.35571664442148526,0.4130637623915242,0.7151048572561526
10519253000120,20200.0,1,1,1.0,1.0,1.0,1.0,1.0,,,0.0,,0.9447433774834437,0.6256208609271523
10523857000140,128125.51999999999,7,7,0.290095851383046,0.14285714285714285,0.4721932055378195,0.8751246433965693,3.4471365075800002,0.17177849328022032,0.0,0.14723870852590315,0.17177849328022032,0.8736500050913443,0.6004283261181889
10532003000120,1404523.9196000001,686,178,0.0356720955371941,0.01983442273202492,0.11975445747332078,0.2771954614421079,28.033116219856876,0.03022391528599181,0.014296764103392293,0.015837672805169182,0.01592715118259952,0.9964777325999641,0.935957267519966
10540273000182,23320.0,1,1,1.0,1.0,1.0,1.0,1.0,,,0.0,,0.9447433774834437,0.6256208609271523
10540697000147,4133281.9677999998,684,149,0.2042816970419993,0.032120994494032336,0.4283520973872428,0.6225977734032297,4.895201158400426,0.19890522202201283,0.025581271483856877,0.17216070254796698,0.17332395053815594,0.666950135376532,0.9379728411507098
10543660000172,97140.0,5,5,0.3512926142270543,0.20000000000000004,0.4842495367510809,0.9898085237801111,2.846629731172374,0.1891157677838179,3.469446951953614e-17,0.15129261422705428,0.18911576778381786,0.5544475475418151,0.5470868494573954
10547985000123,5599581.62,24,24,0.19056189657541012,0.041666666666666664,0.31895240059024266,0.8155830756512841,5.247638788084138,0.1553689355569497,0.0,0.14889522990874346,0.1553689355569497,0.4522665682548614,0.9005742000968948
10551277000166,8780842.4821,32,25,0.26790152729417643,0.0625,0.3614779158686031,0.9032145669584144,3.7327148154027627,0.23739742426476712,0.0234375,0.20540152729417643,0.21395992426476712,0.7640379977550353,0.9547400853367263
10552903000139,5556426.7316,299,129,0.15026333469821887,0.019518797328888938,0.3586604118553982,0.5417574001076026,6.654983413008559,0.14362476700054871,0.011858787933020884,0.13074453736932992,0.13176597906752782,0.695790809867665,0.9159197433516951
10554621000170,2749122.71,6,4,0.38254370950917255,0.33333333333333337,0.526218569559596,1.0,2.614080365569368,0.17672494601223007,0.11111111111111116,0.04921037617583918,0.06561383490111891,0.5494461297624855,0.9437318147979938
10556980000167,661423.96,8,6,0.30609515968037054,0.21875,0.4535668771358087,0.9812163442037994,3.2669578997727897,0.16731419161644465,0.06250000000000001,0.08734515968037054,0.10481419161644463,0.7740268005679967,0.8331531513824221
10557402000145,40000.0,1,1,1.0,1.0,1.0,1.0,1.0,,,0.0,,0.9966887417218543,0.9962748344370861
10559279000100,11100955.999999998,39,38,0.23873222608055458,0.0269559500328731,0.39528126046081075,0.7979008033182007,4.188793513208282,0.21815742138002903,0.0006574621959237252,0.21177627604768148,0.2174999591841053,0.47188342024602464,0.9253415075621737
10559316000171,120000.0,2,2,0.5050000000000001,0.5,0.55,1.0,1.9801980198019797,0.010000000000000231,0.0,0.0050000000000001155,0.010000000000000231,0.6432450331125827,0.6431291390728477
10559943000102,865359.0,5,5,0.8900292394098317,0.20000000000000004,0.942410028670182,0.9982666153584813,1.1235585930447507,0.8625365492622896,3.469446951953614e-17,0.6900292394098316,0.8625365492622896,0.40384934090517066,0.9018512645546052
10563353000153,650.0,2,2,0.5029585798816568,0.5,0.5384615384615384,1.0,1.988235294117647,0.00591715976331364,0.0,0.00295857988165682,0.00591715976331364,0.6042091186958736,0.2533032985226694
10564533000150,3167504.96,195,61,0.06002095449541497,0.032320841551610795,0.12709751210618467,0.4022225872063038,16.66084800561428,0.04435463707033856,0.016192855577470973,0.027700112943804173,0.028161781492867584,0.5708887621404454,0.7673954370678266
10565436000181,1396489.7625,653,124,0.04504275609451922,0.02775035236123065,0.13056237352832006,0.3253666917590454,22.201128143703432,0.03727887606276734,0.019845883681240652,0.017292403733288574,0.01743299238152669,0.9890952828564855,0.9401036326348033
10566414000136,1275800.0,2,2,0.9588696852997403,0.5,0.9789935726602916,1.0,1.042894582372163,0.9177393705994805,0.0,0.45886968529974026,0.9177393705994805,0.40601528816096694,0.9382710199236112
10568451000183,8146007.0314,574,172,0.053547842034593396,0.017804028214498176,0.0988646949230032,0.3198318501269739,18.674888884485245,0.04801303409327523,0.0120601921221853,0.03574381382009522,0.03595284197108993,0.7446286958339219,0.9075224477117886
10571912000177,3195.0,1,1,1.0,1.0,1.0,1.0,1.0,,,0.0,,0.3965645695364238,0.14395695364238412
10573381000151,27224.2,8,7,0.17934205069639467,0.15625,0.2556548952769962,0.7970482144562558,5.575937133075858,0.04256572581246045,0.015625000000000007,0.023092050696394667,0.026940725812460445,0.7139073822236264,0.37877670822648
10574092000177,3331463.0,6,6,0.18268305804625595,0.16666666666666669,0.22512631837724148,0.7748736816227585,5.473961355227569,0.019219669655507154,3.3306690738754695e-17,0.016016391379589268,0.01921966965550712,0.3965645695364238,0.8984136604802266
10588040000150,631708.28,2,1,1.0,1.0,1.0,1.0,1.0,,,0.0,,0.3965645695364238,0.9058360927152318
10589926000118,239063.1,13,6,0.7756572425837432,0.2071005917159764,0.8784291678640492,0.9852838016406545,1.2892292434077746,0.7307886911004919,0.048520710059171676,0.5685566508677669,0.6822679810413202,0.4638284034356514,0.7487021225146572
10589928000107,3100502.3699999996,28,27,0.08716623679853434,0.03826530612244898,0.1557812032893237,0.4853649442622422,11.47233191116511,0.05205724590617028,0.0012755102040816356,0.048900930676085363,0.050781735702088646,0.6197355189157828,0.8428954737117743
10590600000100,92760.0,2,2,0.7323979254563378,0.5,0.8408796895213454,1.0,1.3653779799784749,0.4647958509126755,0.0,0.23239792545633775,0.4647958509126755,0.7748734182637527,0.6110402941151274
10593919000190,13575580.0,286,107,0.06256349363723683,0.026113746393466673,0.17759830519211703,0.3994851785338085,15.983762124895394,0.05371975301117302,0.016926140227367305,0.03644974724377016,0.03679361278380572,0.6508029103140919,0.8737618155907836
10594533000100,11481581.1743,604,176,0.10128167768966513,0.016358931625805886,0.22387160452721444,0.5510744847724123,9.87345414107453,0.09614614441932037,0.010738125520810491,0.08492274606385924,0.08540801889850988,0.7019561845935512,0.9200697124708855
10596772000191,2903552.875,99,32,0.33796104812495703,0.05642281399857158,0.48905601555473655,0.953468567366799,2.95892087430816,0.31660495290318147,0.02598484025659002,0.28153823412638546,0.29062011264659143,0.8783774314574869,0.960841202407399
10599648000180,19800.0,1,1,1.0,1.0,1.0,1.0,1.0,,,0.0,,0.3965645695364238,0.38416804635761587
10606509000136,4513500.39,28,18,0.27355888072694434,0.07397959183673469,0.49661267892346417,0.7273191905052655,3.6555201474089976,0.23082705018147048,0.0195078031212485,0.19957928889020965,0.21131924706022198,0.4149737887977071,0.877841395719182
10606542000166,750700.0,8,8,0.5591882104476568,0.125,0.7326495271080325,0.9507126681763687,1.78830665832431,0.49621509765446487,0.0,0.43418821044765676,0.49621509765446487,0.8040849484190032,0.8546708750640684
10618516000158,9750.0,1,1,1.0,1.0,1.0,1.0,1.0,,,0.0,,0.9868584437086093,0.8940397350993378
10618855000134,417210.86,5,5,0.5407216860916586,0.20000000000000004,0.6663297307265683,0.9971430273890761,1.849380237045807,0.4259021076145732,3.469446951953614e-17,0.34072168609165854,0.42590210761457314,0.39784991158089555,0.7796648578990196
10624466000111,2114898.3395,163,59,0.6038949057021715,0.031201776506454896,0.7716682970141411,0.9112357998520239,1.6559172640101378,0.5970655075246227,0.014498358860014462,0.5726931291957166,0.5825671486646082,0.46683354586100745,0.9225793616894256
10624592000176,599157.47,8,7,0.4467534904066227,0.15625,0.6387257426666149,0.9684209561803511,2.2383708722450666,0.3545457388077265,0.015625000000000007,0.2905034904066227,0.3389207388077265,0.46529392516162504,0.7848024522461229
10628610000198,6716912.620000001,92,83,0.07379336200345185,0.012996219281663517,0.146042542980111,0.4914577852584897,13.551354388125354,0.062498159101054926,0.0009595878094886812,0.060797142721788336,0.061538571291566244,0.7078011964820846,0.8490363651941487
10631880000158,806742.9371000001,572,102,0.0627953111652978,0.03416426231111544,0.17974007993332577,0.3881259015735113,15.924755868597783,0.053516056820399754,0.02460153223498787,0.028631048854182356,0.028914524585411886,0.9985995797865109,0.9648443232612423
10635089000116,27534053.16,8,8,0.697248365818156,0.125,0.8229867353099859,0.9991218219904099,1.4342091699657025,0.6539981323636068,0.0,0.572248365818156,0.6539981323636068,0.7670884262402831,0.99077857856297
10642703000177,911933.6,4,4,0.3485595134118895,0.25,0.44946430310276975,1.0,2.8689505278781744,0.131412684549186,0.0,0.09855951341188951,0.131412684549186,0.6487293122209833,0.8616382620967751
10676399000189,9177.0,4,4,0.5579156399035167,0.25,0.7218045112781954,0.9999999999999999,1.7923856735275163,0.4105541865380222,0.0,0.30791563990351667,0.4105541865380222,0.9759524941601052,0.9130121815119427
10687065000100,1096177.29,8,8,0.23962624330168747,0.125,0.38862326731837327,0.8336094428666734,4.173165619180568,0.13100142091621425,0.0,0.11462624330168747,0.13100142091621425,0.4939061823661881,0.8306444179631051
10693825000192,30060.0,1,1,1.0,1.0,1.0,1.0,1.0,,,0.0,,0.991328642384106,0.9663493377483444
10698251000145,4080828.887,59,39,0.21614569012424276,0.042229244469979915,0.4012170628412825,0.7459271055684428,4.6265090894257,0.1955179451275123,0.01702475090340044,0.17391644565426284,0.17849319422411186,0.5231320966910283,0.880300639514253
10700103000118,6956663.03,6,4,0.4238005125750247,0.2777777777777778,0.5939963316003823,1.0000000000000002,2.3596007327220296,0.2317340167666996,0.037037037037037056,0.14602273479724692,0.19469697972966254,0.8373687460701484,0.9834764501871215
10701551000136,3192628.8200000003,212,65,0.3005181844901229,0.043654325382698464,0.5372370409160185,0.6804878307150031,3.3275856557454575,0.2895887811227811,0.028711424216803123,0.25686385910742443,0.26087735690597796,0.8193206695198971,0.8344162515405413
10706597000148,523000.0,1,1,1.0,1.0,1.0,1.0,1.0,,,0.0,,0.9177773178807948,0.9370447019867549
10711980000194,2861358.71,28,15,0.4151702430649936,0.1632653061224489,0.595381485741786,0.9138050153802632,2.4086504673781572,0.37339668899820744,0.1034985422740524,0.2519049369425447,0.269898146724155,0.4336100466037441,0.9077823624287454
10713187000124,438000.0,4,4,0.2906736723587915,0.25,0.4246575342465753,1.0,3.4402840542285347,0.05423156314505532,0.0,0.04067367235879149,0.05423156314505532,0.48284609452961985,0.7486516828449605
10714485000139,829108.7902,541,118,0.050518136415532225,0.02863527184887301,0.11779528953786744,0.36101810225386266,19.79487112855061,0.04240290681224618,0.020333009215102695,0.021882864566659214,0.022069897597143482,0.9982369759221753,0.9559479107185099
10721741000115,819535.77,8,7,0.48226725732447934,0.15625,0.6662308345613761,0.9708752675920417,2.0735390694939495,0.3959784668785592,0.015625000000000007,0.32601725732447934,0.3803534668785592,0.7888218358108977,0.8749766648328978
10721783000156,1235284.1999999997,11,10,0.22259051501841973,0.10743801652892562,0.4024600087979754,0.778247556311333,4.4925544105832556,0.13621168335379968,0.008264462809917352,0.1151524984894941,0.12794722054388233,0.7387041306650445,0.8542476528484255
10721828000192,2986400.08,8,7,0.5791174381421165,0.15625,0.7430350725144637,0.9966683231538086,1.726765478187169,0.5089703444991358,0.015625000000000007,0.42286743814211647,0.4933453444991358,0.8052475412584725,0.960096693746822
10725387000105,2114584.94,6,5,0.4910644758233318,0.22222222222222227,0.6511266887202932,0.9933659321341803,2.0363924682667656,0.3638305947791647,0.027777777777777818,0.2688422536011095,0.3360528170013869,0.43288073264861004,0.9172424191672568
10732371000111,789297.73,10,9,0.15933935077615513,0.12000000000000002,0.30029952068910676,0.6597953601108165,6.275913609092276,0.05425676962317453,0.010000000000000033,0.03933935077615511,0.0442567696231745,0.7933108624007781,0.7814439243452909
10740545000198,78193.27,5,5,0.26996566901209684,0.20000000000000004,0.38366473227171594,0.9596733836556521,3.704174696209951,0.08745708626512104,3.469446951953614e-17,0.0699656690120968,0.087457086265121,0.6281195295062516,0.5363131251947559
10742819000188,68231.28,2,2,0.7878311687705009,0.5,0.8793620755758942,1.0,1.2693074857150073,0.5756623375410017,0.0,0.28783116877050086,0.5756623375410017,0.9621516197488369,0.8060926067091903
10745612000167,27000.0,1,1,1.0,1.0,1.0,1.0,1.0,,,0.0,,0.8464610927152317,0.5850993377483443
10746449000157,311600.0,1,1,1.0,1.0,1.0,1.0,1.0,,,0.0,,0.3965645695364238,0.843998344370861
10751888000158,21929.9,8,6,0.7209860505197541,0.1875,0.8443266955161673,0.9803966274356016,1.3869893866588774,0.6651832606237049,0.02500000000000001,0.5334860505197541,0.6401832606237049,0.39656456953642377,0.32683809400477115
10759024000182,157443.30000000002,33,22,0.1298791168017885,0.06703397612488525,0.22314814285523743,0.6219263061686335,7.699467201691268,0.0884447890304451,0.02260702260702264,0.06284514067690326,0.06583776642342246,0.8433746427805779,0.5276055866393833
10769869000159,5316396.78,27,20,0.16539022499278785,0.05898491083676268,0.3272277393862991,0.6707952543000374,6.046306545889316,0.12146339472925037,0.00945780088080282,0.10640531415602517,0.11200559384844755,0.5321594030213238,0.9050044118872111
10769993000114,23307.13,4,4,0.2903465047365268,0.25,0.41648371120768624,1.0,3.4441606276867156,0.05379533964870239,0.0,0.04034650473652679,0.05379533964870239,0.7109177865434937,0.3580456165720178
10778201000178,94485.95999999999,10,10,0.6867224413405918,0.10000000000000003,0.8255194740043919,0.9276932784511054,1.4561924000151216,0.6519138237117686,3.0839528461809905e-17,0.5867224413405918,0.6519138237117686,0.9759202454724911,0.9012510408743613
10778974000154,756755.2766,73,36,0.2964993386364601,0.05648339275661475,0.48073665456883846,0.8257610079807933,3.3726888046320633,0.276399319740359,0.029525775406803744,0.24001594587984537,0.24687354433355524,0.5797961950144024,0.8003659465197968
10788473000159,3621429.5686,398,132,0.4156121301333245,0.019456579379308604,0.6391965924370787,0.7503280001799011,2.406089542379837,0.411151154027472,0.01197151509976134,0.3961555507540159,0.39917963892771063,0.899892683070466,0.965916621029222
10796854000180,287258.8,2,2,0.9843970775158415,0.5,0.9921367073872063,1.0,1.0158502324321532,0.968794155031683,0.0,0.4843970775158415,0.968794155031683,0.9714220020736407,0.8843563284470979
10817032000138,710422.89,9,9,0.44610439673524965,0.1111111111111111,0.6334255361619894,0.9278970304574505,2.241627760941957,0.3768674463271559,0.0,0.33499328562413855,0.3768674463271559,0.8451465014669358,0.8954959274845968
10830598000108,4704262.16,2,2,0.6619929646621576,0.5,0.7845988094336988,1.0,1.5105900717696317,0.32398592932431525,0.0,0.16199296466215762,0.32398592932431525,0.3965645695364238,0.9694095989986449
10836927000110,34856.0,2,2,0.5587103270854521,0.5,0.6713334863438145,1.0,1.789836255965705,0.11742065417090419,0.0,0.058710327085452096,0.11742065417090419,0.8962440027617884,0.6427566177666448
10836939000144,3139896.4200000004,33,33,0.21899146335186934,0.030303030303030307,0.44587458079270015,0.6204281095361737,4.566388044054612,0.19458494658161524,3.577867169202165e-18,0.18868843304883903,0.19458494658161524,0.4479084866544284,0.7890792203515518
10839115000128,1581362.19,24,24,0.31190407278579146,0.041666666666666664,0.535010388733273,0.7525443617695197,3.20611395378212,0.28198685855908673,0.0,0.2702374061191248,0.28198685855908673,0.7948311992239683,0.8088442574909847
10846103000120,12293690.8,3,3,0.9977737414770582,0.3333333333333333,0.9988859326118728,1.0,1.0022312258084143,0.9966606122155873,0.0,0.664440408143725,0.9966606122155873,0.3965645695364238,0.9931896798910158
10863375000139,92021.12,31,29,0.23529956547233016,0.03850156087408948,0.46401304396208176,0.6383860574615914,4.249901600934296,0.20798883566777052,0.00416233090530696,0.19679800459824068,0.20382650476246356,0.9229015077607486,0.7470895644824804
10870672000101,96641.41,6,6,0.2785566193350004,0.16666666666666669,0.3725111212677878,0.9306839583569817,3.5899344355460117,0.1342679432020005,3.3306690738754695e-17,0.11188995266833374,0.13426794320200047,0.9446633534508092,0.7318367363626774
10872104000140,2968.8,2,2,0.5185090666455795,0.5,0.5962004850444623,0.9999999999999999,1.9286065843927427,0.037018133291158994,0.0,0.018509066645579497,0.037018133291158994,0.6647930948754462,0.29833559582572655
10873273000102,282398.0,5,5,0.5087424648983693,0.20000000000000004,0.6901606951890594,0.9776981423381186,1.9656310785846598,0.38592808112296156,3.469446951953614e-17,0.3087424648983692,0.3859280811229615,0.3965645695364238,0.6773421531698557
10906131000196,1489523.52,19,19,0.2731701927344073,0.05263157894736842,0.46122131727063964,0.7978323162027008,3.66072150841238,0.2327907589974299,0.0,0.22053861378703887,0.2327907589974299,0.6330623504455077,0.8310169420586376
10935438000115,4551.96,3,3,0.6411244112381411,0.3333333333333333,0.7807537851826466,1.0,1.5597596698412988,0.4616866168572117,0.0,0.3077910779048078,0.4616866168572117,0.7478229829487905,0.2534168124738814
10936853000193,7639361.16,10,9,0.3211458802935238,0.12000000000000002,0.39270299402888814,0.9757360391637773,3.1138496906328395,0.2362891153302143,0.010000000000000033,0.2011458802935238,0.22628911533021426,0.8648639507357186,0.9683203757446993
10936861000130,445741.12,6,6,0.3491809886581595,0.16666666666666669,0.5449322692059463,0.9107750256471739,2.8638443457154477,0.2190171863897914,3.3306690738754695e-17,0.1825143219914928,0.21901718638979137,0.5361098259176011,0.7757153015511998
10942500000104,3116.62,2,1,1.0,1.0,1.0,1.0,1.0,,,0.0,,0.9177773178807948,0.8052152317880795
10949553000149,51785.520000000004,2,2,0.7554445412206039,0.5,0.8573825270075496,1.0,1.3237239074945957,0.5108890824412078,0.0,0.2554445412206039,0.5108890824412078,0.9675264727789258,0.8003045213799773
10971858000157,1962101.5734,627,160,0.04139254309876756,0.021532372325623397,0.08730995495974561,0.3124493106326154,24.158940841442874,0.03536356538240761,0.015378487874841154,0.019860170773144163,0.019985077507566458,0.9894684475282414,0.9254765587653881
11018657000100,453394.0,1,1,1.0,1.0,1.0,1.0,1.0,,,0.0,,0.3965645695364238,0.8809188741721854
11046759000121,7357258.26,36,36,0.03484897037727368,0.027777777777777776,0.10038432577735827,0.22736843004339502,28.69525237543711,0.007273226673767213,0.0,0.007071192599495901,0.007273226673767213,0.498929421253602,0.800145405770531
11065186000183,16640381.029999997,19,19,0.5138805272155385,0.05263157894736842,0.6926057467807875,0.9704622112249793,1.9459776096566643,0.4868738898386239,0.0,0.46124894826817003,0.4868738898386239,0.47689478071832797,0.981465601379977
11084263000142,20615182.580000002,124,110,0.022219009310878668,0.010145681581685741,0.05065594330525692,0.17795412753506645,45.0065070862718,0.013248541506391317,0.0010644493026186386,0.012073327729192927,0.012184092203772678,0.5103683377569382,0.8586790973621146
11105638000103,59557.31,2,2,0.5142167383468391,0.5,0.5843111450130974,1.0,1.9447052680838641,0.02843347669367824,0.0,0.01421673834683912,0.02843347669367824,0.5835815401192109,0.5275849037421834
11111771000172,9004161.08,622,173,0.10847433134959286,0.023366176941925745,0.2705415838695769,0.5115918128377153,9.218770814794732,0.10329104257836957,0.017688073319495082,0.08510815440766711,0.08560296925887449,0.626485271330086,0.8049926721954221
11112312000103,7410925.090000001,16,16,0.4632681214494277,0.0625,0.6741061917817873,0.7873044915638191,2.1585771903995865,0.4274859962127229,0.0,0.4007681214494277,0.4274859962127229,0.8113070627723078,0.9263144197582309
11124654000143,104568.8,8,8,0.1631034820457793,0.125,0.2295139659248265,0.7234471467588802,6.131076954686495,0.04354683662374776,0.0,0.03810348204577929,0.04354683662374776,0.3965645695364238,0.3506721047174189
11135974000107,7124937.699999999,17,16,0.172844167953941,0.06574394463667821,0.28558743608382714,0.7725281064562852,5.785558239179219,0.11770044581753707,0.003460207612456756,0.1071002233172628,0.11424023820508031,0.397160032480956,0.9167121774583172
11136549000124,38895085.79000001,32,30,0.060965809116121004,0.03515625,0.06728178757926323,0.2691271503170529,16.402636403878596,0.02858531977529759,0.001885775862068966,0.025809559116121004,0.026699543913228624,0.47571393241306614,0.9587074370941735
11144137000136,198988.8,2,2,0.5422023569771622,0.5,0.6452624469316867,1.0,1.8443298652833418,0.08440471395432447,0.0,0.042202356977162236,0.08440471395432447,0.3965645695364238,0.688465253833315
11145615000122,3938219.61,7,7,0.7763095339674897,0.14285714285714285,0.8787727305029595,0.9662119782091075,1.2881459730235363,0.739027789628738,0.0,0.6334523911103469,0.739027789628738,0.43397914711211255,0.9478172328617053
11148262000114,23195306.4998,583,175,0.7060387589551096,0.02023307609248902,0.8382614819152164,0.9101336363105194,1.4163528380225663,0.7043493265353113,0.014602231702215968,0.6858056828626206,0.6897470948330954,0.9495223219682181,0.9876144628440249
11149280000110,344061.55,66,32,0.11352942204099546,0.06060606060606061,0.21177606157967957,0.601887365792545,8.808289358144535,0.0849335969455437,0.030303030303030304,0.052923361434934854,0.054630566642513395,0.5593782982334785,0.5202692237399141
11151349000140,209156.71000000002,22,18,0.20898673643565058,0.06611570247933884,0.4016127429045905,0.7038970922807113,4.784992660564904,0.16245654446127708,0.011181332036947015,0.14287103395631173,0.15127521242433006,0.5489050884770207,0.5936864365352392
11151460000137,3908706.2199999993,66,49,0.14915699305117514,0.02662993572084482,0.3134029346416319,0.6740165138325489,6.704345398387752,0.13143109707307463,0.006351392715029087,0.12252705733033031,0.12507970435804555,0.5758209415948392,0.8545348362068538
11152150000137,6021228.95,44,39,0.035200022024737085,0.027892561983471065,0.05978845896567344,0.23304212672398045,28.409073133455493,0.009810548920124904,0.0023107872988255675,0.00730746004126602,0.007499761621299336,0.4286320980598092,0.7813286987787711
11160486000141,3048532.44,21,21,0.1430479495416043,0.0476190476190476,0.2873513788162281,0.6574537123836544,6.990662943470982,0.10020034701868452,0.0,0.0954289019225567,0.10020034701868452,0.6766381653659361,0.8714142589120207
11162144000160,109011.61,3,3,0.44751643690926113,0.3333333333333333,0.5099604528361704,1.0,2.2345547951409905,0.1712746553638917,0.0,0.11418310357592781,0.1712746553638917,0.9130456075583228,0.7455253875417915
11166368000140,11427905.129999999,107,64,0.15850241304284318,0.025941130229714376,0.3264172319918445,0.6653319189743746,6.3090522144271715,0.14514530848796767,0.010479878328598731,0.13256128281312882,0.13466543015936894,0.8919512736467633,0.9195247066270346
11167104000101,5303.0,3,3,0.4104872840861695,0.3333333333333333,0.5244201395436545,1.0,2.4361290562902793,0.1157309261292543,0.0,0.07715395075283621,0.1157309261292543,0.5756423797350744,0.15511360088566636
11168270000122,7068295.640000001,105,77,0.0395182589936601,0.01551020408163266,0.06587160805288558,0.24107650369870498,25.304758495571114,0.026880341348839838,0.0025563909774436156,0.02400805491202744,0.024323950371396223,0.5472411724677734,0.8267741281606489
11170888000127,731919.0,16,16,0.08076038731169202,0.0625,0.129522529132322,0.44000770577072046,12.382308125152166,0.019477746465804822,0.0,0.018260387311692022,0.019477746465804822,0.6906432095250308,0.6989869254748442
11171199000137,1111414.19,1,1,1.0,1.0,1.0,1.0,1.0,,,0.0,,0.9177773178807948,0.9433774834437086
11171868000170,21693623.24,97,74,0.04775805988616481,0.016686151557019878,0.1338978061831593,0.3373183160343297,20.938874032646652,0.03471364974761912,0.003216098838622889,0.03107190832914493,0.03149755090899623,0.7133183234310458,0.9143882382958145
11174211000167,198479.02,2,2,0.7598427915205055,0.5,0.8604461065960524,1.0,1.3160617053416022,0.519685583041011,0.0,0.2598427915205055,0.519685583041011,0.9723449126390425,0.924352902430742
11179871000130,650919.22,12,11,0.4838422463939086,0.09722222222222224,0.679039712485368,0.9157511127110365,2.066789346017284,0.4322264710332994,0.006944444444444459,0.3866200241716864,0.42528202658885494,0.5415647533525692,0.827127306820842
11186410000195,631760.73,13,13,0.22143042678962163,0.07692307692307694,0.3955611486013067,0.7517535950675505,4.516091191704597,0.15654962902209008,1.5034270125132327e-17,0.14450734986654468,0.15654962902209005,0.6967212604212227,0.7561041969109464
11186974000128,800.0,1,1,1.0,1.0,1.0,1.0,1.0,,,0.0,,0.9585264900662251,0.1802773178807947
11188015000141,7472039.901,211,45,0.35506106590525116,0.05487298128972846,0.5804783857510613,0.775942181361218,2.816416937887671,0.3404033628576433,0.03339282177358593,0.3001880846155227,0.30701054108405734,0.6346973263826632,0.9707280910740829
11190946000184,780205.0,3,2,0.670951386546434,0.5555555555555556,0.7923622637640108,1.0,1.4904209456176356,0.3419027730928681,0.11111111111111116,0.11539583099087847,0.23079166198175693,0.4899800651497138,0.8997372222833606
11193159000196,18241003.68,15,13,0.15053988463104043,0.08444444444444445,0.2791161610028248,0.6710893591574562,6.642757847535948,0.07975154168362712,0.008148148148148146,0.06609544018659598,0.07160339353547898,0.576440773629957,0.9686866307741759
11195905000180,1067163.72,8,8,0.18101567984545341,0.125,0.2525854233500367,0.7529666769406292,5.5243833067598045,0.06401791982337533,0.0,0.056015679845453414,0.06401791982337533,0.6387305247727497,0.8013499544922512
11200941000195,98880.0,3,2,0.8365185220096145,0.5555555555555556,0.9101941747572816,1.0,1.195430792850402,0.673037044019229,0.11111111111111116,0.28096296645405894,0.5619259329081179,0.9778798704430014,0.8755927313058575
11206573000192,640580.25,19,18,0.15569729350583195,0.05817174515235456,0.3418775399335212,0.58232828751745,6.422719223199233,0.10603242841793971,0.0027700831024930705,0.09752554835347738,0.10326234531544663,0.8668675105248056,0.7976015326210957
11208059000196,1199773.1500000001,24,15,0.17149678571064725,0.11805555555555551,0.2795220079729239,0.7524011101598665,5.831013076170533,0.1123179846899792,0.05505952380952376,0.05344123015509174,0.057258460880455435,0.6130025791557523,0.8106221791161216
11209472000175,248872.43,9,8,0.42575897276986047,0.13580246913580246,0.6146936404325701,0.9680872244466773,2.348746741599594,0.343724540308412,0.01234567901234567,0.289956503634058,0.3313788612960663,0.49889622987143933,0.6575910858564916
11213822000177,868401.4,3,3,0.3747318741395238,0.3333333333333333,0.4163981080638516,1.0,2.6685747037031344,0.06209781120928572,0.0,0.04139854080619049,0.06209781120928572,0.6135965718457803,0.8812365188960775
11214458000160,8721700.7338,611,138,0.050937187642281515,0.02514993798902285,0.0959418438604716,0.35600210310669445,19.632022227507676,0.044009721858648536,0.018034244105731047,0.025787249653258664,0.02597547775291749,0.9170606963705029,0.9549401245369972
11218352000134,186090.29900000003,14,11,0.16496295879664144,0.11224489795918367,0.2533716171846228,0.748040278015782,6.06196692454306,0.08145925467630559,0.023469387755102038,0.05271806083745777,0.05798986692120355,0.6136877762333887,0.519809674338683
11221170000112,2500.0,1,1,1.0,1.0,1.0,1.0,1.0,,,0.0,,0.9713162251655629,0.6189983443708609
11221619000142,5051620.7,328,134,0.023041300782064282,0.013068857822724567,0.0585885951413573,0.18482643797860754,43.400327501406345,0.01569574665260612,0.00564832291913603,0.009972442959339715,0.010047423733470088,0.7842138274526286,0.8072277037288808
11224030000106,211255.18,105,65,0.06372499886561146,0.022947845804988667,0.15599617486302586,0.4099784914149798,15.692428682641212,0.04909570197288664,0.007681405895691614,0.040777153060622795,0.041414296077195024,0.992938166241824,0.8325761592054484
11224920000100,66580.0,2,2,0.7052693584266936,0.5,0.8203664764193451,1.0,1.4178979818870736,0.41053871685338716,0.0,0.20526935842669358,0.41053871685338716,0.5040398420264224,0.6423460473781478
11228769000188,3578077.7070000004,25,14,0.7620837579116421,0.09760000000000003,0.8654646191561876,0.9873490402649883,1.3121917238340388,0.74378250852023,0.028184615384615426,0.664483757911642,0.7155978931356145,0.4089038656088825,0.9622188935013161
11231203000105,5657406.062100001,562,148,0.22284267008883463,0.020263167893010473,0.3358411927912301,0.7891144794974925,4.487470912107439,0.21755588553161584,0.013598291484119389,0.20257950219582416,0.20395759404749644,0.7024147885009556,0.9412998937014979
11232665000147,4836999.779999999,511,123,0.07680871392491498,0.05364945753118286,0.20700848574361522,0.4517553978470513,13.019356123805935,0.06924157223577494,0.04589248587160239,0.02315925639373212,0.02334908636417255,0.5186013644473321,0.7865483564318626
11237287000194,966988.98,21,17,0.11189801774900186,0.06575963718820861,0.17866437319689002,0.5657572023209613,8.93670880071439,0.05639164385831448,0.00736961451247165,0.04613838056079325,0.04902202934584283,0.6928148810044775,0.7163362454463463
11241660000180,99926.4,3,2,0.8210614994574714,0.5555555555555556,0.9006628878854838,1.0,1.217935563487954,0.6421229989149428,0.11111111111111116,0.26550594390191584,0.5310118878038317,0.9928978138505968,0.9528148478869853
11241709000103,3299854.9238,659,131,0.38985124570061924,0.03468491598757486,0.6136633418017297,0.7731608082521363,2.5650809405594046,0.3851577937444702,0.027259415341325435,0.3551663297130444,0.35789837840314476,0.5346497774371259,0.921702911674499
11243552000147,817386.128,209,86,0.16066395617019774,0.0392161351617408,0.34133194880938816,0.6525813097723625,6.224171393742228,0.15078941447808242,0.02791279557540834,0.12144782100845694,0.12287661890267408,0.9622239519048832,0.911724065332405
11245287000136,135000.0,2,2,0.5,0.5,0.5,1.0,2.0,0.0,0.0,0.0,0.0,0.6215128311258278,0.6989859271523178
11245566000108,435147.54000000004,4,4,0.3307573043333426,0.25,0.4602635234936638,0.9999999999999999,3.023364826411161,0.10767640577779014,0.0,0.0807573043333426,0.10767640577779014,0.3965645695364238,0.7177590468674583
11246073000184,230510.326,99,28,0.16148109676146996,0.0578512396694215,0.34202372348386684,0.6679120353159365,6.192675304138781,0.13042484108596883,0.02295684113865934,0.10362985709204846,0.10746799994730949,0.9707971326935033,0.9082983120936282
11252074000131,710175.234,126,70,0.0676876042242645,0.022297808012093735,0.1993334647882131,0.40443555653476926,14.77375379821055,0.05417583037244224,0.00812821102676176,0.04538979621217076,0.04604761934568048,0.9891535629166279,0.9104560530514311
11257200000140,55904.79,71,27,0.1030923616421636,0.05812338821662369,0.21599222535314058,0.5431688948299421,9.700039693251256,0.06859591401301604,0.021897364686493833,0.044968973425539904,0.046698549326522204,0.9975511924762756,0.9705844453918117
11258723000101,1566218.2,11,11,0.12576086119194962,0.09090909090909091,0.20303684378077078,0.6428339295252732,7.951599492259309,0.038336947311144585,0.0,0.03485177028285871,0.038336947311144585,0.5866091938025372,0.787389774293085
11258922000110,3475045.0,22,21,0.08843504624275816,0.049586776859504134,0.19671687704763535,0.4815189443589939,11.307734235304805,0.042856798554896075,0.0020661157024793432,0.03884826938325403,0.04079068285241673,0.44480599691409967,0.8000476614915245
11259476000168,1386051.6,10,10,0.6863200644475623,0.10000000000000003,0.8263328724558306,0.8921890065276068,1.457046138968598,0.6514667382750693,3.0839528461809905e-17,0.5863200644475624,0.6514667382750693,0.8263859859699249,0.9228044395082763
11260263000156,453000.0,2,1,1.0,1.0,1.0,1.0,1.0,,,0.0,,0.3965645695364238,0.8807947019867549
11261188000148,11129490.252099998,15,15,0.18180524983299712,0.06666666666666667,0.2640875137695921,0.8093389488705818,5.500391220377746,0.1233627676782112,0.0,0.11513858316633045,0.1233627676782112,0.46542167694683023,0.9483312721135204
11265919000123,2255919.06,314,96,0.09318268283882983,0.02854071159073391,0.2154332611560984,0.5414968212556349,10.731607735845243,0.08363723739502803,0.018314824344320583,0.06464197124809593,0.06532241305070745,0.7746872624469674,0.8725103468233592
11266975000182,302480.0,3,3,0.7141430366241206,0.3333333333333333,0.833112933086485,1.0,1.4002797040872588,0.5712145549361809,0.0,0.3808097032907873,0.5712145549361809,0.4925339051479075,0.8278023362280205
11267244000151,1499109.27,28,25,0.10354373082170153,0.04591836734693877,0.21406044670779736,0.5585650204137554,9.657755153925862,0.06619138627260576,0.0061649659863945525,0.057625363474762756,0.06002642028621121,0.6306127439695578,0.8059016634869045
11268671000154,6740373.94,197,87,0.11105826530955158,0.025586848411450962,0.30716236939222397,0.4512716886446214,9.004282546757867,0.10072173351082543,0.014256462927863183,0.08547141689810062,0.08646527058296224,0.7236618428023707,0.8392008089546932
11270247000144,3111009.3,13,12,0.46116462587094115,0.08875739644970415,0.6490383683520329,0.9075942974519555,2.1684230400617377,0.41217959185920855,0.005917159763313625,0.372407229421237,0.4062624320958949,0.7068143603927713,0.907074209290869
11271704000115,4392469.68,33,30,0.07538303174351926,0.035812672176308534,0.148891181418468,0.45404980461925465,13.265584799008442,0.04349968801053717,0.0025648332858364147,0.03957035956721073,0.04093485472470076,0.4445543408579945,0.7974596297513781
11272232000115,2530852.0500000003,10,10,0.5477608801287204,0.10000000000000003,0.7316280380751612,0.904889845299333,1.825614125209172,0.4975120890319115,3.0839528461809905e-17,0.44776088012872034,0.49751208903191146,0.8229459324963697,0.9142687098978297
11274201000101,3640054.92,3,3,0.7071198433352284,0.3333333333333333,0.8316358040004518,1.0,1.41418743855831,0.5606797650028426,0.0,0.37378651000189506,0.5606797650028426,0.472311035944416,0.9548989827043672
11279755000193,2458799.57,52,37,0.11721472501985136,0.040680473372781085,0.21473893457692447,0.5966326080006594,8.531351328347535,0.09269291182595833,0.014032708744247224,0.07653425164707028,0.07866020308171111,0.6212985421106776,0.835305904921315
11280020000180,1205380.58,25,25,0.10150447141993069,0.04,0.2659326069447709,0.46211131093550545,9.85178274425896,0.06406715772909446,0.0,0.061504471419930686,0.06406715772909446,0.5561153108928418,0.6762431299645753
11283491000141,946435.96,10,9,0.4669810275022338,0.12000000000000002,0.6656551807266495,0.898687323757225,2.1414146209509903,0.40035365594001304,0.010000000000000033,0.3469810275022338,0.39035365594001303,0.7294708795997074,0.8213789187525984
11283510000130,953088.6599999999,13,12,0.2458281665114276,0.08875739644970415,0.4405151562709811,0.7905140115715993,4.067882107209687,0.1772670907397392,0.005917159763313625,0.15707077006172346,0.1713499309764256,0.7214015615765144,0.7716195420981219
11283607000142,275000.0,1,1,1.0,1.0,1.0,1.0,1.0,,,0.0,,0.3965645695364238,0.8264279801324503
11285282000137,10415802.59,123,101,0.03604747947489199,0.011699385286535798,0.08464501245890069,0.277740694968375,27.74119063432788,0.026407954269640904,0.0018163791394011561,0.02434809418835619,0.024591575130239747,0.6853511794176819,0.8454114562644408
11290422000165,2266527.5504,287,120,0.05710495845127604,0.02198642693246245,0.12309579027652308,0.39265770223835883,17.51161417713376,0.04918147070716912,0.013767825478113395,0.03511853151881359,0.035413645229055726,0.6855040785805117,0.8006356545436465
11290534000116,113129.29280000001,50,20,0.14717077214751786,0.0864,0.30610109144074843,0.6143866392135707,6.794827433518128,0.1022850233131767,0.03831578947368421,0.06077077214751786,0.06396923383949249,0.9810651936969778,0.9008445090729741
11291694000180,4415257.45,9,9,0.3709574525802344,0.1111111111111111,0.49434558340420215,0.9417034152787626,2.695726944005014,0.2923271341527637,0.0,0.2598463414691233,0.2923271341527637,0.7030396043551224,0.9433079859530633
11293112000102,3455860.1399999997,10,10,0.2736826168182141,0.10000000000000003,0.42811692894493125,0.8275960583289116,3.653867430916234,0.1929806853535712,3.0839528461809905e-17,0.17368261681821406,0.19298068535357119,0.7797985447623148,0.9042422186555236
11293409000160,119978464.4776,483,145,0.055903773998927576,0.022054190296156274,0.062139151659103935,0.24855660663641574,17.887879984975314,0.04934755020725346,0.015262899950990694,0.0338495837027713,0.03408465025626277,0.41003891296161366,0.9852174494955104
11294684000106,189808.44,12,12,0.17326410848928261,0.08333333333333334,0.30030276841219494,0.7138843773227365,5.771535771136674,0.0981063001701265,1.5139404881252137e-17,0.08993077515594927,0.09810630017012649,0.9007514977690417,0.670107438808913
11297536000137,6590730.640000001,12,12,0.6269757565348085,0.08333333333333334,0.7876152559619701,0.8979914858119584,1.594958002087409,0.5930644616743366,1.5139404881252137e-17,0.5436424232014752,0.5930644616743366,0.4140088836787964,0.9454122141861477
11298607000116,322205.02,8,8,0.14178799510588838,0.125,0.1927161159686463,0.6406084237917833,7.052783271624598,0.01918628012101529,0.0,0.01678799510588838,0.01918628012101529,0.446831554310395,0.5503692545655212
11299994000105,452400.04000000004,5,5,0.2614741007227126,0.20000000000000004,0.3183023591244598,0.9778956695052459,3.8244705584071497,0.07684262590339073,3.469446951953614e-17,0.06147410072271256,0.0768426259033907,0.4920333193295616,0.7364055958853766
11299998000193,726435.8030000001,566,145,0.22759220224817328,0.023305322828353455,0.4680386051952343,0.5615754115026735,4.393823646513031,0.22222825920823003,0.016522720903550354,0.20428687941981982,0.20570553830467966,0.9967013030657704,0.9554565932720922
11300021000149,88461.5,4,4,0.6644028430671859,0.25,0.8038751321196227,1.0,1.5051109585617437,0.5525371240895812,0.0,0.4144028430671859,0.5525371240895812,0.7953514562102502,0.8349784721796697
11301094000155,61500.0,2,2,0.5074360499702559,0.5,0.5609756097560976,1.0,1.9706916764361073,0.014872099940511863,0.0,0.007436049970255931,0.014872099940511863,0.8864677556129866,0.6617317476982718
11301643000191,304284.62,9,5,0.3615680956077517,0.2839506172839506,0.5306117673643841,0.9578680644457154,2.7657307493326324,0.20196011950968962,0.10493827160493824,0.07761747832380111,0.09702184790475138,0.5173113298444961,0.7628113140132591
11301658000150,730591.2790000001,85,39,0.1440922932632464,0.03778546712802766,0.21900069792648044,0.6859315631113632,6.9399964241881476,0.12156840624385816,0.012464032052449442,0.10630682613521875,0.10910437419140871,0.9594130243121637,0.936196918032334
11301670000164,13179.0,1,1,1.0,1.0,1.0,1.0,1.0,,,0.0,,0.9854718543046358,0.9420115894039736
11303923000139,3844304.7537,492,138,0.4226430636077415,0.01704507898737524,0.6458905209349507,0.7433067623605453,2.366062727881672,0.4184287794004988,0.009870225549326882,0.4055979846203663,0.4085585538511719,0.6090794994552162,0.9565951196681654
11306530000189,12981982.25,89,69,0.10233922168361544,0.018558262845600294,0.16106939292726272,0.5831755978560209,9.771424714285281,0.08913832788484508,0.004125296122741474,0.08378095883801515,0.0850130317621036,0.5798025595461828,0.8960947173793062
11306532000178,340772.80999999994,81,21,0.1313079271458684,0.07818930041152264,0.27111317948166114,0.6075523161604355,7.61568643825374,0.08787332350316182,0.032098765432098775,0.05311862673434575,0.055774558071063046,0.7054500547446603,0.6669122251107351
11307015000113,374681.05,87,55,0.05378211920933937,0.024706037785704852,0.12931606762605155,0.374858242764079,18.593540282554507,0.036259565861364175,0.006645038485440128,0.029076081423634517,0.029614527375924047,0.6863292474931423,0.5234973311673757
11307776000175,666750.13,37,31,0.303354613646643,0.03725346968590214,0.4499286711800116,0.9207523964037322,3.296472033106546,0.28013310076819775,0.00516191867543221,0.26610114396074086,0.27497118209276555,0.9554028070708378,0.914596334186031
11308894000106,17428991.03,30,30,0.5695485222438073,0.03333333333333333,0.7431985005732141,0.9162143105423355,1.7557766563248651,0.5547053678384213,0.0,0.5362151889104739,0.5547053678384213,0.818078567395596,0.9615265476480881
11310394000109,1210605.6674000002,499,155,0.10283365536948916,0.014542110272649506,0.297289207949069,0.440170424895204,9.724442804322416,0.09700789988487545,0.00814303306662775,0.08829154509683965,0.08886486681824769,0.9943258824327592,0.9478845788948769
11310741000195,1272.7,2,2,0.6053155083968986,0.5,0.7294727744165946,1.0,1.6520310253546504,0.21063101679379725,0.0,0.10531550839689863,0.21063101679379725,0.8802378052968685,0.5234691154332682
11312086000104,771414.0,2,2,0.9665029634352889,0.5,0.982961159636719,1.0,1.034657976055915,0.9330059268705777,0.0,0.46650296343528885,0.9330059268705777,0.3965645695364238,0.9080430541655877
11312860000187,18447734.74,22,20,0.203665202641751,0.05371900826446281,0.4053146440677844,0.6763506314380147,4.910018928265371,0.16175284488605368,0.003914745541539799,0.14994619437728818,0.15783809934451387,0.8197282435720783,0.96208920854768
11313552000176,472136.4000000001,13,12,0.448086596802456,0.08875739644970415,0.6521864444258058,0.8896250320881847,2.2317114752728506,0.39791265105722473,0.005917159763313625,0.35932920035275184,0.3919954912939111,0.44459048909740645,0.7109093798132452
11315054000162,999783.9,5,5,0.21669438959321538,0.20000000000000004,0.2697403908984731,0.9066598291890877,4.614794143388886,0.020867986991519212,3.469446951953614e-17,0.016694389593215342,0.020867986991519177,0.3965645695364238,0.7909355907838174
11315213000129,37601992.58,316,172,0.06314089936330039,0.009313411312289695,0.19503753649216854,0.39803060910023724,15.837595125881808,0.0576621911724425,0.003519922489554547,0.053827488051010695,0.054142268682887955,0.5361993039372783,0.9053132377570527
11318061000118,577645.15,14,13,0.35175425335454774,0.0816326530612245,0.565901055345137,0.8518646785141362,2.842893839842381,0.2977337744674267,0.005102040816326534,0.2701216002933232,0.2926317336511002,0.7815781564632636,0.8014024839049757
11319184000173,787797.0,11,9,0.5779439354271588,0.12396694214876033,0.7524781130164243,0.9090666758060769,1.7302716383050187,0.5251869273555537,0.014462809917355383,0.45397699327839847,0.5107241174381983,0.8490200230917643,0.8375457306243557
11320964000133,8748682.660000002,333,123,0.3761386597697316,0.01680058436815194,0.6027927077652169,0.7762123674971656,2.658594042452829,0.37102504222686056,0.008741572764612201,0.35933807540157964,0.3622834694622484,0.9166736181191584,0.9201291401701218
11323077000119,1352898.34,17,17,0.09922758272764166,0.058823529411764705,0.21926259440897827,0.4915987996555602,10.077843000013258,0.04292930664811927,0.0,0.04040405331587696,0.04292930664811927,0.5385110365337419,0.7408515923764214
11323261000169,173950461.03999996,30,30,0.34678689812331964,0.03333333333333333,0.47246064752367384,0.9244254322673108,2.883615284809271,0.3242623084034341,0.0,0.3134535647899863,0.3242623084034341,0.45249960293959157,0.9927693340675509
11323964000197,1064066.1162,828,159,0.04599006597933728,0.024895563490396507,0.14644493197141803,0.33994454310018746,21.743826165617733,0.03995202842224448,0.018724016423880028,0.021094502488940774,0.021228011998364455,0.9337667463673593,0.8953048829235322
11323985000102,4853204.4057,860,212,0.14751387281449985,0.018296376419686317,0.36562695111624116,0.5099632991128932,6.779023429596414,0.1434736542022463,0.013643752611248812,0.12921749639481353,0.1298299015909975,0.7541626417638636,0.9350888969378497
11324516000108,4894142.5,600,110,0.031363590305233065,0.027822222222222224,0.0698116166417304,0.24350292824534636,31.884104793740672,0.02247701773922603,0.01890316004077472,0.003541368083010841,0.0035738576984513104,0.6683982490366821,0.7953106518747761
11326603000102,2043972.43,18,17,0.3540074349931987,0.06172839506172839,0.5821604942097972,0.7461338409540094,2.824799428348764,0.31363289968027364,0.003086419753086417,0.2922790399314703,0.3105464799271872,0.5629064643551173,0.8547628157993047
11327490000151,497100.0,2,2,0.8897746944347218,0.5,0.9414604707302353,1.0,1.1238800184526543,0.7795493888694436,0.0,0.3897746944347218,0.7795493888694436,0.422901300223415,0.8796897918523462
11328700000126,22434.559999999998,2,2,0.5024344885992865,0.5,0.5348890283562504,1.0,1.9903092297422753,0.0048689771985730435,0.0,0.0024344885992865217,0.0048689771985730435,0.3965645695364238,0.29738863397890936
11328999000119,1139222.65,74,37,0.17277989482563055,0.04894083272461652,0.2765043338982068,0.774102410972956,5.78771043360803,0.14980155857078695,0.022522522522522535,0.12383906210101403,0.1272790360482644,0.4304351264681992,0.7238276138567611
11329956000158,770595.6771000001,577,150,0.04724918127973942,0.01883584788348266,0.11554019396405982,0.3541976295885453,21.16438788810935,0.04085488048295915,0.012250853573975833,0.02841333339625676,0.028604026908983317,0.9984094346178224,0.9499339853905688
11331930000144,1270560.0,6,6,0.22189749706313,0.16666666666666669,0.28333962976955046,0.8802417831507368,4.506585307338997,0.06627699647575601,3.3306690738754695e-17,0.055230830396463315,0.06627699647575598,0.5682289021433736,0.8478591439265244
11333647000151,506405.1928,479,128,0.19018016205345564,0.02528318827062296,0.42534713913383865,0.5375132336123233,5.258171983884003,0.18380362789639623,0.017608252745194793,0.1648969737828327,0.16619537515120145,0.9944850739460777,0.9502611878503484
11334651000134,5989.96,2,2,0.5043757894117152,0.5,0.5467749367274573,1.0,1.9826486936781047,0.008751578823430473,0.0,0.004375789411715236,0.008751578823430473,0.600468949720236,0.15472547296471684
11335530000107,612532.43,49,35,0.06677852630375841,0.043731778425655975,0.1208714941019531,0.38998377604268236,14.974873740867777,0.039330835900927785,0.015606242496998799,0.023046747878102437,0.023724593403928986,0.7194968199945914,0.6785444899047823
11335591000174,3478785.52,28,23,0.07625746827174097,0.048469387755102046,0.12935548840619526,0.41738704259065673,13.11346970550521,0.034269171375001926,0.005217996289424868,0.027788080516638926,0.029051175085577058,0.48585820733219487,0.7986094744251151
11336672000199,16849712.29,42,26,0.7540415688837309,0.06462585034013604,0.8668100528142609,0.943606497627622,1.3261868327503237,0.7442032316390801,0.02721088435374148,0.6894157185435948,0.7169923472853386,0.9380750304948448,0.9880183507380671
11337362000199,3570621.3,8,8,0.42760778897092294,0.125,0.5052342011178839,0.9629696658113814,2.3385916388627788,0.3458374731096262,0.0,0.30260778897092294,0.3458374731096262,0.6333613310155426,0.9395869043131855
11339844000188,118947.0,2,2,0.5000105739601886,0.5,0.5022993434050459,1.0,1.9999577050536959,2.1147920377107e-05,0.0,1.05739601885535e-05,2.1147920377107e-05,0.9066600889416105,0.851045254823549
11342435000130,248940.22460000002,67,30,0.15973829130884692,0.0550233905101359,0.23952738090363238,0.781826240868588,6.26023974468679,0.13076374962984166,0.022437990182899204,0.10471490079871103,0.10832575944694246,0.5277645313695173,0.6413936800475379
11344494000148,73500.0,1,1,1.0,1.0,1.0,1.0,1.0,,,0.0,,0.3965645695364238,0.6357615894039735
11344805000179,907244.63,44,31,0.09135631717064285,0.04235537190082643,0.24302155417552596,0.44921180740413974,10.946150534200253,0.06106819440966428,0.010433884297520644,0.04900094526981642,0.050634310112143636,0.5935558333409662,0.6420251214027194
11344960000195,2663730.1702,475,158,0.36104453593040425,0.014940720221606649,0.5969073060732043,0.6776023000349467,2.769741404403257,0.3569747559044833,0.00866645729308185,0.3461038157087976,0.34830829861140145,0.617795767168828,0.9221323277098944
11347518000112,3865850.971,72,43,0.36711471931220596,0.03665123456790124,0.5868047001856348,0.7993504724266828,2.7239441716570574,0.3520460221529728,0.013714359200470316,0.3304634847443047,0.3383316629525025,0.7983301419898489,0.9010764162668402
11348410000144,419751.39,5,5,0.23675053376573416,0.20000000000000004,0.338295484858311,0.885646596667613,4.223855313414013,0.04593816720716768,3.469446951953614e-17,0.03675053376573412,0.045938167207167646,0.6785471937058208,0.7561824141587051
11352368000135,4742987.46,40,34,0.17984504933886172,0.036250000000000004,0.34155688027056264,0.6988686915060913,5.560342103806332,0.15499186901579692,0.007045454545454551,0.14359504933886172,0.14794641447034237,0.6036043741088231,0.8559767743181812
11354232000164,3385357.97,41,37,0.08891204527348315,0.029149315883402735,0.23219029330596905,0.49087490148050716,11.247070033358426,0.0636040465310799,0.002181241324608365,0.05976272939008041,0.06142280520647153,0.7765335753237177,0.8269146125668552
11355483000163,8630286.3542,586,161,0.21152887236815662,0.019802210858600566,0.42872273852180637,0.6960371595406732,4.727487027206122,0.20660092782045758,0.01367597467646682,0.19172666150955606,0.19292495314399077,0.7644066683977161,0.9488092175001045
11355924000127,5042447.340299998,169,99,0.15049515543404293,0.01558068695073702,0.317207080620665,0.6344736561611087,6.644732165071367,0.14182673865275763,0.005535591919622091,0.1349144684833059,0.13629114673313555,0.5293980068580316,0.8952649038444994
11356210000133,2084625.0,2,2,0.5706169528013697,0.5,0.6879054985908737,1.0,1.7524891174204167,0.1412339056027394,0.0,0.0706169528013697,0.1412339056027394,0.3965645695364239,0.9359822868430845
11356696000100,28294060.550000004,12,4,0.9275256969359329,0.5833333333333333,0.9624300330409803,0.9999999999999999,1.078137245473074,0.9033675959145772,0.44444444444444436,0.34419236360259964,0.4589231514701328,0.9664088640126145,0.9981203878745908
11359214000175,1109397.9544,582,144,0.04250697784782053,0.022673326956460127,0.11221732427596769,0.32278579708908106,23.525549230531176,0.03581122244815494,0.015838874697414393,0.019833650891360403,0.019972347750740548,0.9982370512459857,0.9567483784594317
11359904000124,3125660.75,11,10,0.38125530806862756,0.10743801652892562,0.5611016102755233,0.9087602517323736,2.622914301353139,0.3125058978540306,0.008264462809917352,0.2738172915397019,0.3042414350441133,0.6737398754567598,0.920192059695931
11360515000119,4095711.6199999996,49,43,0.10491396961156238,0.026239067055393583,0.18809862399443053,0.573757514695334,9.531619132346622,0.08360239745945673,0.0030542829376648596,0.0786749025561688,0.08054811452179188,0.5816678647145398,0.8574181962030434
11364800000108,706954.05,12,4,0.3373973837689095,0.40277777777777785,0.4529728629463258,0.9999999999999999,2.963864120194011,0.11652984502521264,0.2037037037037038,-0.06538039400886836,-0.08717385867849116,0.669404079911219,0.8684276706366685
11364954000108,90849.686,145,72,0.03543258251313812,0.03239001189060641,0.0724273279271433,0.2568082183575186,28.222611197736093,0.02184712592881612,0.018761702198924812,0.003042570622531708,0.0030854237298913074,0.9977246937127007,0.9252445003867259
11365532000149,1240785.0,4,4,0.7638394252958404,0.25,0.8661452225808661,1.0,1.309175681279731,0.6851192337277872,0.0,0.5138394252958404,0.6851192337277872,0.853437766225862,0.9204317893764488
11366369000139,892000.0,4,4,0.46645981218202665,0.25,0.5905829596412556,1.0,2.14380740609176,0.2886130829093689,0.0,0.21645981218202665,0.2886130829093689,0.8796797044367892,0.9114356736109048
11366503000100,498389.46,14,12,0.2064346083465925,0.09183673469387757,0.3859551925516242,0.7389843276380684,4.844148992309731,0.13429230001446454,0.009276437847866446,0.11459787365271493,0.1250158621665981,0.4037753197393564,0.6263241001068756
11370658000101,8891983.510000002,51,37,0.11379876668200489,0.03729334871203382,0.2953989598660423,0.48163412304843556,8.78744145614832,0.08918206575650502,0.010551497287368088,0.07650541796997107,0.07863056846913694,0.5452803438667503,0.8835894980396765
11375809000114,778744.1498,427,140,0.1262359532536407,0.018631155767870167,0.33387088694890893,0.49904143755019964,7.921673455348661,0.11994988097488991,0.011570948255408801,0.10760479748577054,0.10837893271948111,0.7533598727752976,0.8345596774445464
11380216000146,3412851.97,11,11,0.45934475720457424,0.09090909090909091,0.6548868071766968,0.9126658165604526,2.177014071273353,0.40527923292503165,0.0,0.3684356662954833,0.40527923292503165,0.4974371062062606,0.9125723115718368
11381097000146,1286713.44,16,16,0.09517969981629465,0.0625,0.14354688795354464,0.5140002812125752,10.50644204520596,0.03485834647071429,0.0,0.03267969981629465,0.03485834647071429,0.6100084150388807,0.7385324324822687
11381861000183,2094000.0,5,5,0.7617844772301632,0.20000000000000004,0.8672397325692455,0.9952244508118433,1.3127072418645032,0.702230596537704,3.469446951953614e-17,0.5617844772301631,0.702230596537704,0.4648293452753689,0.9512731898771007
11382690000107,532858.0,6,6,0.24891637069268716,0.16666666666666669,0.3415544103682407,0.9260027999954961,4.0174135482418825,0.09869964483122459,3.3306690738754695e-17,0.08224970402602047,0.09869964483122456,0.6590955990281719,0.8011888961620655
11386903000179,86087.25,32,23,0.138637427409611,0.0546875,0.23780292668194186,0.650996750389866,7.21305940743874,0.09948458320095695,0.011718750000000002,0.08394992740961099,0.08776583320095695,0.6833401362964406,0.4053497977150434
11389851000194,3596558.84,11,11,0.3730172936568922,0.09090909090909091,0.5889240505238057,0.8338239560123533,2.680840853775046,0.31031902302258135,0.0,0.28210820274780124,0.31031902302258135,0.8666416902254032,0.9181473324508923
11391279000106,256393.21,12,12,0.3257308639256811,0.08333333333333334,0.45418519468592794,0.942947748109242,3.070019180706684,0.2644336697371067,1.5139404881252137e-17,0.24239753059234778,0.2644336697371067,0.5554359350318231,0.6475909055604876
11391482000174,392145.0454,533,109,0.04716378087781164,0.030486924872135134,0.13747816766372434,0.3264274632602562,21.202710668822853,0.03834122329334693,0.021509951954284533,0.016676856005676505,0.016831271339062398,0.9978220028624581,0.9446879191914995
11395609000123,4438585.02,16,12,0.20607354037129677,0.1171875,0.36948712092035135,0.7484716379275305,4.852636579146608,0.1338984076777783,0.03693181818181819,0.08888604037129677,0.09696658949596011,0.5813743632373544,0.9168507582629505
11395801000110,1366356.9983,675,169,0.06171181333121983,0.018376954732510286,0.17564955593494544,0.4151713009160791,16.20435287864249,0.05612676460104851,0.012533960415441896,0.043334858598709544,0.04359280418560661,0.992972292397449,0.9474774619904768
11396412000109,373564.68,16,16,0.19584826540551933,0.0625,0.37894827209039145,0.6936889483234872,5.1059936524299605,0.14223814976588728,0.0,0.13334826540551933,0.14223814976588728,0.7400307803004053,0.7516239929615668
11399310000147,1276950.03,5,4,0.355233546094921,0.28,0.4916794042441896,1.0,2.815049454064771,0.14031139479322804,0.040000000000000036,0.075233546094921,0.10031139479322801,0.808865641811361,0.9080802535209568
11400094000102,449000.0,1,1,1.0,1.0,1.0,1.0,1.0,,,0.0,,0.8464610927152317,0.9252483443708609
11400251000180,495576.48,30,27,0.11042211702499463,0.042222222222222223,0.25933434129077315,0.5328472206752024,9.056156745968243,0.0762075830644175,0.005384615384615388,0.06819989480277242,0.0708229676798021,0.6244942145312398,0.6399728477429956
11402080000128,84500.0,1,1,1.0,1.0,1.0,1.0,1.0,,,0.0,,0.9770695364238411,0.9283940397350994
11402091000108,475000.0,2,2,0.7792797783933518,0.5,0.8736842105263158,1.0,1.2832361723304422,0.5585595567867037,0.0,0.27927977839335183,0.5585595567867037,0.8464610927152317,0.8834188741721856
11406549000105,9750.0,1,1,1.0,1.0,1.0,1.0,1.0,,,0.0,,0.9868584437086093,0.8940397350993378
11407443000118,3620439.8681000005,942,199,0.1715839070453679,0.021253961170387803,0.386693363515168,0.5910195523073104,5.828052392673361,0.1673999873839809,0.016310799358117033,0.1503299458749801,0.15108918802586388,0.7619221592007058,0.9391085663607669
11408074000188,1244249.8033,501,111,0.1021849533310165,0.03170106892004412,0.242473046167931,0.5163405717212702,9.786176608219549,0.09402299836129846,0.0228983513647718,0.07048388441097238,0.07112464699652665,0.9962135969420753,0.964197593735013
11408812000197,65387.17,2,2,0.5000017420494927,0.5,0.5009332870653371,1.0,1.9999930318263073,3.484098985317985e-06,0.0,1.7420494926589924e-06,3.484098985317985e-06,0.8955105095142117,0.8307863179853396
11409678000149,3254113.43,23,21,0.09446850080381745,0.05103969754253306,0.15365168140435717,0.4769355566071954,10.585539004971594,0.04919192584400833,0.003591682419659718,0.04342880326128439,0.04560024342434862,0.43169453367543215,0.8261374156451854
11412389000107,400500.0,5,5,0.2570148737299349,0.20000000000000004,0.3021223470661673,0.9900124843945068,3.8908254043335098,0.07126859216241864,3.469446951953614e-17,0.057014873729934884,0.0712685921624186,0.9255612035038983,0.8717759154533655
11414598000181,3178544.87,6,5,0.4817885698993815,0.22222222222222227,0.5706925477506316,0.9915612328606203,2.0755992617443035,0.35223571237422685,0.027777777777777818,0.25956634767715925,0.324457934596449,0.7225987275155501,0.9564277065956067
11415051000109,1824168.15,11,11,0.20125638028459314,0.09090909090909091,0.3779835756917475,0.6844164119409715,4.968786572559426,0.12138201831305245,0.0,0.11034728937550223,0.12138201831305245,0.569813790777826,0.8289931551435528
11416444000129,122180.0,3,3,0.38630451420785616,0.3333333333333333,0.4579309215910951,1.0,2.5886314118036347,0.07945677131178426,0.0,0.05297118087452285,0.07945677131178426,0.6831213839856297,0.6455776794686809
11416993000101,269396.12,4,4,0.2976801214676082,0.25,0.43779398159112315,1.0,3.3593106421411285,0.06357349529014426,0.0,0.047680121467608194,0.06357349529014426,0.6569487010957634,0.739483055756297
11417287000176,865348.0,3,3,0.4875176981638599,0.3333333333333333,0.6179016996630258,1.0,2.0512075843939708,0.2312765472457899,0.0,0.1541843648305266,0.2312765472457899,0.5400576386801106,0.8591200525167887
11417922000115,1585730.0,5,5,0.7761896115548794,0.20000000000000004,0.8781633695521937,0.9971621902846007,1.2883449934311526,0.7202370144435993,3.469446951953614e-17,0.5761896115548794,0.7202370144435993,0.4480336466193125,0.9292561408510831
11418184000120,3533353.3,1,1,1.0,1.0,1.0,1.0,1.0,,,0.0,,0.3965645695364238,0.9784354304635762
11418721000132,6068348.126,197,67,0.1231350643838195,0.041665593032544,0.20286608059374212,0.6224707155174175,8.121163577605637,0.1098492320259986,0.027145374745158306,0.0814694713512755,0.08270385728084029,0.776236478349168,0.9099142725338306
11419507000109,7805.0,1,1,1.0,1.0,1.0,1.0,1.0,,,0.0,,0.3965645695364238,0.24714403973509932
11420595000150,1811086.3399999996,82,53,0.15730682178716182,0.026472337894110645,0.23575265881581328,0.7412802417801904,6.357003393997833,0.14110118374460726,0.007750652084382004,0.1308344838930512,0.13335053166022526,0.8323372843028297,0.8891298305627945
11420709000162,6065066.07,22,22,0.22930421326576003,0.045454545454545456,0.395708797282731,0.8090579629909951,4.361018865540928,0.19260441389746288,0.0,0.1838496678112146,0.19260441389746288,0.6180159663428688,0.9289430234924905
11420840000120,548369.71,10,10,0.27661350627069575,0.10000000000000003,0.48233882210598394,0.790623081643222,3.615152468445968,0.19623722918966194,3.0839528461809905e-17,0.17661350627069572,0.1962372291896619,0.43777678612872156,0.686463142311869
11420915000172,4480896.84,68,64,0.10407128037774466,0.016435986159169552,0.29103441711905154,0.4212746705411768,9.608798857574612,0.08985018959008981,0.0008238589553468467,0.0876352942185751,0.08902633063474297,0.5060506815138573,0.7861950649285838
11420927000105,1943442.47,38,38,0.2738760962796092,0.02631578947368421,0.492270810568424,0.74865148953959,3.6512861603630675,0.2542511259087878,0.0,0.24756030680592497,0.2542511259087878,0.5856371514667593,0.8210047696364822
11421459000185,2456090.7,24,23,0.06480323917162853,0.045138888888888895,0.11970241978441594,0.3965244443130703,15.431327396328816,0.022294295497611645,0.0017361111111111188,0.019664350282739634,0.020558184386500526,0.4472492555068445,0.7332697431771452
11422700000190,243334.5,18,7,0.4230746898587566,0.2098765432098766,0.6197230561223337,0.9237357629107258,2.363648840193796,0.3269204715018827,0.0781893004115227,0.21319814664888004,0.24873117109036,0.6124724918024298,0.7804786479687658
11422955000153,9632418.055,122,45,0.836561796443342,0.03144316044074174,0.9144121392683884,0.9395015179290823,1.1953689545130062,0.8328472918170544,0.009430504996213143,0.8051186360026004,0.8234167868208413,0.441099158691362,0.9821276834061953
11423181000185,2615292.14,11,7,0.34690883807587586,0.2066115702479339,0.5080508902535071,0.927260516295514,2.8826016816016664,0.23806031108852183,0.07438016528925621,0.14029726782794197,0.1636801457992656,0.5738812589402226,0.9179421827291766
11423342000130,313929.83200000005,167,52,0.25759343565989534,0.04191616766467065,0.4940116681870489,0.6347666570279947,3.882086503634028,0.24303644420224627,0.023130210167899484,0.2156772679952247,0.21990623403434678,0.698345749065204,0.8244704471140866
11424658000147,213352.3,4,3,0.464709337945706,0.375,0.5875366705678824,1.0,2.151882732592807,0.19706400691855902,0.06250000000000001,0.08970933794570601,0.13456400691855902,0.430303809145563,0.6706615345939665
11425822000130,289350.0,4,4,0.4244083846428997,0.25,0.583203732503888,1.0,2.3562211214121214,0.2325445128571996,0.0,0.1744083846428997,0.2325445128571996,0.4246652050096299,0.6976017087568963
11427163000171,717930.0,1,1,1.0,1.0,1.0,1.0,1.0,,,0.0,,0.8464610927152317,0.9198261589403973
11427286000102,9689.74,7,6,0.3246757735107153,0.18367346938775508,0.46961012369784944,0.9760220604474423,3.0799957421738364,0.18961092821285835,0.02040816326530611,0.14100230412296022,0.16920276494755224,0.8392833440216829,0.33725902072810354
11427667000191,6318.64,10,10,0.2071721902898743,0.10000000000000003,0.28803666611802536,0.8735265816694731,4.826902677433709,0.11908021143319365,3.0839528461809905e-17,0.10717219028987426,0.11908021143319363,0.4819894118017097,0.12969161290984907
11427876000135,9550.0,1,1,1.0,1.0,1.0,1.0,1.0,,,0.0,,0.9868584437086093,0.8940397350993378
11428360000105,204000.0,2,2,0.5847750865051904,0.5,0.7058823529411765,1.0,1.710059171597633,0.16955017301038078,0.0,0.08477508650519039,0.16955017301038078,0.9257085118815739,0.8475445559018309
11429173000146,460335.5,6,6,0.24784084921919683,0.16666666666666669,0.34170729826398355,0.8985077188268121,4.03484737544445,0.0974090190630362,3.3306690738754695e-17,0.08117418255253014,0.09740901906303617,0.550297494970214,0.6759065302292733
11429253000100,20564.5,3,3,0.6022962453922789,0.3333333333333333,0.7294123367939896,1.0,1.6603125250244495,0.4034443680884183,0.0,0.26896291205894557,0.4034443680884183,0.5488711730206317,0.40272924298592755
11429759000100,498395.148,110,66,0.286359890363265,0.024628099173553717,0.501343163156155,0.7404914784603802,3.492109173290432,0.27538081175346907,0.00962237762237762,0.26173179118971124,0.26575843413109146,0.9729583146069756,0.9177255104532277
11430652000182,678658.3,13,11,0.19477559791546145,0.10059171597633138,0.2946991144144262,0.7979923033432288,5.134113362773659,0.1142531577070076,0.01065088757396451,0.09418388193913008,0.10360227013304309,0.916261647721464,0.9083828181246469
11430842000108,652330.89,5,5,0.5007107369063014,0.20000000000000004,0.6131857407519058,0.9904525600497012,1.9971610878141228,0.37588842113287674,3.469446951953614e-17,0.30071073690630135,0.3758884211328767,0.7830673490353957,0.9183798011214718
11431387000157,13680.0,2,2,0.5444752231455833,0.5,0.6491228070175439,1.0,1.836630864895421,0.08895044629116655,0.0,0.044475223145583276,0.08895044629116655,0.602305536191472,0.4215202741954223
11431615000199,7500344.658600001,267,107,0.3793822501503302,0.023187307999831666,0.5551764258227098,0.9365864503233671,2.635863959380677,0.37352736571778616,0.013972093924358381,0.3561949421504986,0.3595552717934278,0.49093521276918317,0.955501340319203
11431661000198,823846.2284,8,5,0.4942047861122785,0.3125,0.546687249239096,0.9983492064985946,2.0234526821697143,0.36775598264034814,0.14062499999999997,0.18170478611227853,0.22713098264034817,0.9615527115810097,0.9729192977559603
11431771000150,426265.87,2,2,0.7374202211754586,0.5,0.8445433362985406,1.0,1.356078896786944,0.47484044235091716,0.0,0.23742022117545858,0.47484044235091716,0.46650398204068755,0.8505326537278683
11433440000159,3986.4,1,1,1.0,1.0,1.0,1.0,1.0,,,0.0,,0.3965645695364238,0.16494205298013245
11433441000101,959108.4467999999,318,114,0.10853926862813333,0.02446501325105812,0.2447064258302182,0.5262178658564598,9.213255374201042,0.10065023560714337,0.01583196027097899,0.08407425537707522,0.08481827533616437,0.7696803364448721,0.7926805256606092
11435485000162,1699498.6,197,80,0.046090601134460035,0.030328016697157872,0.13764059587927874,0.32535552544732904,21.696397429981477,0.03401579861717472,0.01805368779459025,0.015762584437302163,0.01596211082258447,0.6284974622250399,0.6301858973787039
11436039000172,600800.0,1,1,1.0,1.0,1.0,1.0,1.0,,,0.0,,0.3965645695364238,0.9028145695364238
11436319000180,31990.0,1,1,1.0,1.0,1.0,1.0,1.0,,,0.0,,0.3965645695364238,0.472226821192053
11436906000170,13763329.072999999,737,191,0.1418462200951665,0.01643871428597729,0.33349489615883426,0.568896927369136,7.049888247491451,0.1373296212535621,0.011262075940114013,0.12540750580918922,0.12606754531344808,0.8476060757605168,0.9476190480576493
11436910000138,1204970.5698000002,430,133,0.04701435572296763,0.019697133585722015,0.10212585309898911,0.3626292246063121,21.270098986201276,0.03979476750874769,0.012270596718947183,0.027317222137245616,0.02752417078980051,0.9976219136379262,0.9502922626752766
11439872000177,67317.70999999999,10,10,0.18978715131760876,0.10000000000000003,0.3124289284350285,0.7737437889672719,5.269060592655718,0.09976350146400972,3.0839528461809905e-17,0.08978715131760873,0.0997635014640097,0.7527576026739866,0.5396395942995709
11443794000184,102600.0,1,1,1.0,1.0,1.0,1.0,1.0,,,0.0,,0.3965645695364238,0.6870653973509934
11443804000181,2718191.79,10,10,0.3770493973845713,0.10000000000000003,0.5665905679157394,0.9015558942586609,2.6521723862617677,0.30783266376063484,3.0839528461809905e-17,0.2770493973845713,0.3078326637606348,0.5420209826724661,0.8930360155801728
11443806000170,276983.82999999996,11,11,0.2422067692863017,0.09090909090909091,0.4471019120502449,0.7546593604399215,4.128703763923069,0.16642744621493186,0.0,0.15129767837721078,0.16642744621493186,0.579942642711106,0.6343038617540135
11444466000100,168482.02000000002,40,29,0.3233339818739927,0.04500000000000001,0.4866988180697263,0.8493822070746777,3.092777301674751,0.29916733836949244,0.010892857142857156,0.2783339818739927,0.2882744812266353,0.5336150643659953,0.6746436056344026
11447284000185,21780181.96,7,7,0.691671027470345,0.14285714285714285,0.8245276468755451,0.9838628758636871,1.4457740172482132,0.6402828653820692,0.0,0.5488138846132022,0.6402828653820692,0.48289538945155047,0.987058449091695
11448444000100,2681622.8100000005,32,28,0.37920005526461886,0.0390625,0.5968326321030958,0.7980622002540319,2.637130417352301,0.356207464718864,0.003472222222222224,0.34013755526461886,0.3527352424966418,0.871979454439857,0.8858145509402847
11455792000105,984642.8598,635,154,0.09649755654278434,0.02187116374232748,0.24374319847172674,0.48949303313680514,10.362956698873797,0.0905923118143058,0.01547816481253877,0.07462639280045687,0.07511414700176702,0.9922414153551065,0.9456072891981325
11456420000101,213689.30000000002,9,8,0.8199223039721949,0.13580246913580246,0.9041163970306421,0.98807202793963,1.219627756380575,0.7941969188253656,0.01234567901234567,0.6841198348363924,0.78185123981302,0.953185267889234,0.9306924427201808
11456532000154,55081.67,50,25,0.3043263502234774,0.0576,0.44489754940255083,0.8377273238084466,3.285946153744706,0.27533994814945567,0.01833333333333333,0.24672635022347744,0.25700661481612236,0.5140739041168714,0.45231873243497017
11457539000190,3970185.1399999997,19,16,0.32948475364069746,0.07479224376731301,0.47776935410120447,0.9076524728516818,3.0350418007216753,0.28478373721674394,0.01311172668513388,0.25469250987338443,0.27167201053161005,0.87845881973384,0.9400473822140202
11460159000105,611438.2,7,7,0.2550169519326559,0.14285714285714285,0.3145043930850248,0.9115887754477886,3.921307946085392,0.13085311058809854,0.0,0.11215980907551304,0.13085311058809854,0.3965645695364239,0.7204984452507015
11460487000101,22576.940000000002,13,10,0.16256557785285855,0.1124260355029586,0.2371003333489835,0.7291997941262189,6.151363733994908,0.06951730872539838,0.013806706114398437,0.05013954234989995,0.05571060261099994,0.9954546623502851,0.8682055173705723
11462638000160,276000.0,2,2,0.500945179584121,0.5,0.5217391304347826,1.0,1.9962264150943396,0.001890359168241984,0.0,0.000945179584120992,0.001890359168241984,0.6685016556291391,0.7971935286495825
11463194000188,2170450.83,17,14,0.18101261662907764,0.08650519031141868,0.25985384796761324,0.7941898596246937,5.524476794063212,0.11801358713900668,0.016236358796912428,0.09450742631765896,0.10177722834209425,0.583497112547618,0.8713245191147317
11463599000116,1551221.2,4,4,0.9830669223423715,0.25,0.9914769086446215,1.0000000000000002,1.0172247456127217,0.977422563123162,0.0,0.7330669223423715,0.977422563123162,0.399872680241044,0.9457902801266665
11464153000106,3090.0,3,3,0.3636430284559232,0.3333333333333333,0.45307443365695793,1.0,2.7499495982258573,0.045464542683884855,0.0,0.030309695122589908,0.045464542683884855,0.3965645695364238,0.06615035416532716
11470270000182,3320325.99,228,80,0.06199553588959593,0.026238842720837173,0.14227518666021105,0.45691296715115615,16.130193660731297,0.05012206166035031,0.013912752122366756,0.035756693168758756,0.036209309537983556,0.5539621115331509,0.7417534611467862
11474080000133,2540000.0,1,1,1.0,1.0,1.0,1.0,1.0,,,0.0,,0.3965645695364238,0.9679635761589404
11478938000138,2136346.7,6,6,0.3740996371037755,0.16666666666666669,0.4289191450058176,0.9535624531355327,2.6730846566488364,0.24891956452453057,3.3306690738754695e-17,0.2074329704371088,0.24891956452453054,0.9088646211405887,0.9219473342715708
11479560000197,1070.0,1,1,1.0,1.0,1.0,1.0,1.0,,,0.0,,0.3965645695364238,0.06384519867549669
11479852000120,6206521.04,28,23,0.1749516827701935,0.05102040816326531,0.38024522672044303,0.6136026987511831,5.715863855471128,0.13744948653247502,0.007884972170686459,0.12393127460692818,0.12956451436178856,0.6773825942750579,0.8874713837924295
11481782000144,394020.3444,344,124,0.03498331170789153,0.018540427257977284,0.11865603049302852,0.2756422340714039,28.585058165731635,0.027137647575435367,0.01056108113812344,0.01644288444991425,0.016576566437311927,0.959173995676884,0.8417130482148384
11483709000101,1890.0,2,2,0.5006858710562414,0.5,0.5185185185185185,1.0,1.9972602739726029,0.00137174211248281,0.0,0.000685871056241405,0.00137174211248281,0.9585218910963944,0.4516931873926907
11483833000177,38500.0,1,1,1.0,1.0,1.0,1.0,1.0,,,0.0,,0.3965645695364238,0.5074503311258278
11483837000155,11478914.59,43,35,0.3650897630306541,0.03299080584099513,0.5868063523939854,0.7987825232176416,2.739052422886031,0.34641593253155567,0.004549358953965579,0.332098957189659,0.3418665735775901,0.7010858591528262,0.9328862438186443
11485410000196,7928990.112400001,605,190,0.12319797051726065,0.01425858889420122,0.20141278742452728,0.66365881220745,8.117016829103488,0.11855880634010331,0.009043025872477416,0.10893938162305944,0.10951578046762589,0.7280992159657622,0.951945567292266
11487685000169,313988.25,4,4,0.2865961907865038,0.25,0.3981040691809327,1.0,3.4892299065654275,0.048794921048671704,0.0,0.03659619078650378,0.048794921048671704,0.3965645695364238,0.6514930140078373
11491075000139,2224704.3938,572,148,0.043475102863399874,0.02476282458799942,0.10787950105589439,0.3200425197991533,23.001670706611808,0.03696813077403525,0.018128558088598055,0.018712278275400455,0.018839572685437192,0.8300019274183046,0.8778576667235483
11497013000134,69880754.76300001,29,21,0.2964348913806883,0.060642092746730075,0.413942521486844,0.9320265775733292,3.3734220534646098,0.2612566359497227,0.013674197384066583,0.23579279863395822,0.24758243856565612,0.39908588287185826,0.9878623909480427
11500340000106,1526651.54,12,8,0.2853804992485869,0.22222222222222227,0.3812264847287941,0.9733720898745498,3.504093666641631,0.18329199914124214,0.11111111111111116,0.06315827702636462,0.07218088803013098,0.7040012787238566,0.9024639629715804
11503081000169,11977734.38,68,62,0.04340036269720426,0.01773356401384083,0.0951765971621087,0.30528395471064035,23.04128209657606,0.027718401429945312,0.0016308355550513373,0.025666798683363426,0.026087565874893973,0.6560477342164371,0.876407752946781
11505079000129,164909.87,25,22,0.14103286381966035,0.049599999999999984,0.2546827548890797,0.6699987089917662,7.090545940261885,0.10012966685869179,0.004342857142857125,0.09143286381966037,0.09578680971583467,0.40553441876446517,0.38763386189035914
11508942000100,31714690.049999997,163,80,0.027821485040226523,0.022620347020964285,0.07079832489171686,0.2200351237548986,35.94344437596053,0.015515427888836985,0.010248452679457502,0.005201138019262239,0.005266975209379483,0.45815538363477226,0.8926786740099648
11511812000118,164894.33000000002,11,10,0.35401379448765175,0.10743801652892562,0.429875302564982,0.9911098823106894,2.8247486837264493,0.2822375494307241,0.008264462809917352,0.24657577795872612,0.27397308662080677,0.7664379920299634,0.7996141468171188
11513268000143,18780.0,2,2,0.5057847096757364,0.5,0.5537806176783813,1.0,1.977125802480486,0.01156941935147282,0.0,0.00578470967573641,0.01156941935147282,0.9882074552680391,0.8073782169279704
11513839000140,419215.58,8,8,0.3092723156527725,0.125,0.470779258728886,0.8993490652231961,3.2333964257011742,0.21059693217459716,0.0,0.18427231565277252,0.21059693217459716,0.6215631877061774,0.7708989377839996
11520158000109,2378031.2328000003,274,107,0.6917858999186637,0.029570035697160206,0.8309394648586552,0.8768974524967391,1.4455339435475258,0.6888782197292171,0.020415036033925867,0.6622158642215035,0.6684631836952912,0.4908983011853392,0.9447834164349082
11520287000105,5084092.0,30,26,0.07570386480644783,0.042222222222222223,0.12745638749259455,0.4515260542098766,13.209365235932157,0.03873201939870574,0.00391111111111111,0.03348164258422561,0.03482090828759463,0.4313415073829589,0.833213824071566
11534361000134,417658.74,8,7,0.23781834584901565,0.15625,0.29030878175804486,0.9504715261076544,4.204890066113203,0.11078807015718492,0.015625000000000007,0.08156834584901565,0.09516307015718492,0.7617122761565328,0.7373148680186455
11544537000139,386400.0,4,4,0.28552139192160797,0.25,0.40372670807453415,1.0,3.502364545331712,0.04736185589547729,0.0,0.03552139192160797,0.04736185589547729,0.8097473880136563,0.8189003948829747
11546530000156,113418.44,8,8,0.32876890361040334,0.125,0.5073247348491128,0.9389446724888828,3.0416501956797495,0.2328787469833181,0.0,0.20376890361040334,0.2328787469833181,0.9569467952700912,0.7323345423824597
11552935000105,627455.0399999999,32,27,0.3503481654686984,0.04296875,0.5275683019455863,0.9334117548884459,2.8543035145116074,0.3253615564482637,0.006159855769230771,0.3073794154686984,0.3192017006790329,0.5723632174469798,0.8234164103652759
11553540000119,1615680.99,330,140,0.08692235564062091,0.01847566574839302,0.148328786117611,0.483969623236082,11.504520242576996,0.08035345172436638,0.011414339602698007,0.0684466898922279,0.06893911212166837,0.6831828272413191,0.843735364183282
11563356000150,92000.0,2,2,0.5037807183364839,0.5,0.5434782608695652,1.0,1.9849906191369608,0.007561436672967714,0.0,0.003780718336483857,0.007561436672967714,0.3965645695364238,0.544684890584509
11582140000131,320600.0,3,3,0.3578789613517076,0.3333333333333333,0.44603867747972553,1.0,2.7942408132151817,0.036818442027561425,0.0,0.024545628018374288,0.036818442027561425,0.9370696061399776,0.8802978066787026
11583359000155,8449.08,9,6,0.31521710599999064,0.20987654320987653,0.3946820245517855,0.9680675292457879,3.172416664468805,0.17826052719998878,0.05185185185185184,0.10534056279011411,0.12640867534813693,0.999272297970245,0.9844280661444013
11583495000145,859879.44,3,3,0.4674354874173514,0.3333333333333333,0.5914731953586424,1.0,2.1393326499987078,0.20115323112602712,0.0,0.1341021540840181,0.20115323112602712,0.6094939481558898,0.8734373100159127
11585795000163,429452.4,2,2,0.8797249417606532,0.5,0.9357321090765822,1.0,1.1367189362605,0.7594498835213064,0.0,0.3797249417606532,0.7594498835213064,0.43179486537209216,0.8766910114072823
11588933000168,542081.5,9,8,0.18989145543164554,0.13580246913580246,0.31323703170095274,0.7682387242508737,5.2661663881973135,0.07416166335045205,0.01234567901234567,0.05408898629584308,0.061815984338106374,0.743792950359307,0.7667898678305949
11598317000198,1773723.5,48,43,0.13452100584388618,0.026041666666666668,0.29706997736682184,0.5816267304345913,7.4337832498852725,0.11391436312588347,0.0028521825396825413,0.10847933917721951,0.11106218058620093,0.5644440375067222,0.7638371618718648
11599943000107,12236.4,2,2,0.6509615723719244,0.5,0.7747376679415514,1.0,1.5361889893995981,0.30192314474384885,0.0,0.15096157237192442,0.30192314474384885,0.8464610927152317,0.37561467078682403
11603089000105,117295.0,3,3,0.4940297507754336,0.3333333333333333,0.6606419710985123,1.0,2.0241695938967053,0.2410446261631504,0.0,0.16069641744210028,0.2410446261631504,0.48501454400928884,0.6451851408925647
11607006000148,6674924.7472,84,55,0.5941815189315401,0.02636054421768706,0.7651022585898495,0.9190155218713505,1.682987383717697,0.5866663618747168,0.008330183925422006,0.5678209747138531,0.5783361779492948,0.48976145365155005,0.9645415098440551
11607258000177,614275.7,17,13,0.1294181158532705,0.09342560553633218,0.20511962299664468,0.6580460532624033,7.7268935141488475,0.056869625507709715,0.017877739331026526,0.03599251031693833,0.038991886176683185,0.6563911544597206,0.6815762336652411
11608295000108,727340.1699999999,12,7,0.44065019575003084,0.18055555555555558,0.642891990964833,0.8923804799616665,2.2693737791217807,0.347425228375036,0.04398148148148152,0.26009464019447526,0.30344374689355447,0.4609557557919773,0.8010739093570499
11623979000170,156000.0,1,1,1.0,1.0,1.0,1.0,1.0,,,0.0,,0.9892591059602649,0.9658940397350994
11627479000107,4364676.1,14,12,0.598190939617279,0.10204081632653063,0.7670761182026772,0.9199261773399405,1.6717070316039848,0.5616628432188497,0.020408163265306145,0.49615012329074837,0.5412546799535436,0.43182694825888457,0.9220295077512901
11632895000101,127367.4524,54,28,0.12687030827948406,0.045267489711934165,0.3020118976643675,0.5357500500653807,7.882064870506095,0.09453217154909459,0.00990702636793173,0.08160281856754989,0.08462514518116286,0.9982257487505464,0.9646564697901789
11633598000172,13924532.14,60,46,0.03969256709539311,0.027222222222222217,0.08014631937213511,0.2718942339990175,25.19363380042165,0.018352401919735178,0.005604938271604933,0.012470344873170891,0.012747463648130244,0.49841996137096833,0.8751455388573726
11634081000106,2154834.66,10,10,0.23567393212538984,0.10000000000000003,0.39121462339945834,0.8219866808713758,4.243150657273168,0.15074881347265537,3.0839528461809905e-17,0.1356739321253898,0.15074881347265534,0.52405496765531,0.8672520289267063
11639262000117,134000.0,2,2,0.5027845845399866,0.5,0.5373134328358209,1.0,1.9889233495790872,0.005569169079973291,0.0,0.0027845845399866453,0.005569169079973291,0.6501995403775823,0.7302399426707522
11639339000159,183373.64999999997,57,44,0.09005481535579893,0.02739304401354263,0.20413619950303655,0.5094651276232981,11.104347902431257,0.06889329943384076,0.004774277595252924,0.0626617713422563,0.06411902183858784,0.6927845016904588,0.47047814352287387
11642164000139,4241671.75,8,8,0.4015291505574264,0.125,0.523555364697893,0.9805165097935736,2.4904792058353453,0.31603331492277303,0.0,0.2765291505574264,0.31603331492277303,0.4128263789599264,0.9356077158612627
11643598000153,589661.3,80,42,0.36007517729089156,0.04625,0.5223337532919321,0.9017147470929496,2.7771978271974485,0.3444672547857913,0.022987804878048784,0.31382517729089154,0.3214794499077425,0.7885887350288352,0.8856800091964455
11647750000176,48000.0,1,1,1.0,1.0,1.0,1.0,1.0,,,0.0,,0.3965645695364238,0.5510968543046357
11672134000175,195506.77,3,3,0.8134634798682858,0.3333333333333333,0.8988730671577255,1.0,1.2293114869298345,0.7201952198024287,0.0,0.4801301465349525,0.7201952198024287,0.4131330748975805,0.725247427647724
11679183000130,195255.1,7,7,0.6516827365332956,0.14285714285714285,0.7938332980803062,0.9741925819095122,1.5344890142703793,0.5936298592888448,0.0,0.5088255936761528,0.5936298592888448,0.4245137972485941,0.6921105531955289
11680072000143,22000.0,1,1,1.0,1.0,1.0,1.0,1.0,,,0.0,,0.9966887417218543,0.9962748344370861
11682696000108,1091885.1,8,8,0.5514421594809341,0.125,0.73267782480043,0.923430496487222,1.8134268169508259,0.4873624679782104,0.0,0.4264421594809341,0.4873624679782104,0.8440077317050361,0.8991839890036558
11685817000167,852187.6,4,4,0.33807472796749966,0.25,0.4013200849202687,1.0,2.957925917775592,0.11743297062333287,0.0,0.08807472796749966,0.11743297062333287,0.753171089008791,0.8974331243853626
11688879000122,24131970.000000004,299,147,0.12441770938741163,0.010592722676480131,0.32148224948066817,0.5270578817228764,8.03744101160231,0.11842057041061309,0.0038159605030313654,0.1138249867109315,0.11460460990758173,0.5035869308268298,0.8598129739432459
11692044000146,2018295.63,105,32,0.11471614175692722,0.08988662131519275,0.26075260342311696,0.5485383526297384,8.717169045999704,0.08615859794263456,0.06052812522858606,0.024829520441734476,0.025630472714048495,0.5071580242498537,0.781251223776969
11692396000100,17380.44,3,3,0.3713705773720575,0.3333333333333333,0.4649157328583166,1.0,2.6927281290734846,0.057055866058086234,0.0,0.03803724403872416,0.057055866058086234,0.9904735339159751,0.9400145917056704
11694100000181,236039.37,29,7,0.46125135209956464,0.4577883472057074,0.6354872070705831,0.961195880161856,2.1680153249375027,0.3714599107828254,0.3674197384066586,0.0034630048938572577,0.0040401723761668284,0.9420364288672654,0.8114737469922471
11696615000110,426724.76,16,14,0.19609223743794543,0.0859375,0.3571388733102808,0.7428727360465327,5.099640929521527,0.13425317877932585,0.015625000000000003,0.11015473743794543,0.11862817877932585,0.44060296563657636,0.630151630187138
11701924000131,7457026.290000001,13,11,0.4145724916525568,0.10059171597633138,0.6217474258093302,0.8783519522766762,2.4121233804342137,0.35602974081781247,0.01065088757396451,0.3139807756762254,0.345378853243848,0.6893395798555242,0.9403698450658544
11701954000148,387850.4,11,10,0.19475030844819163,0.10743801652892562,0.24751811523205852,0.8650242464620378,5.134780057439675,0.1052781204979907,0.008264462809917352,0.08731229191926601,0.09701365768807334,0.674878141509617,0.7296092186822616
11704447000168,1760268.5,1,1,1.0,1.0,1.0,1.0,1.0,,,0.0,,0.3965645695364238,0.956953642384106
11712986000149,12165.390000000001,37,27,0.08803551212441414,0.04601899196493792,0.20139099527429866,0.5134015432304266,11.359052453591378,0.05295995489843007,0.009327414732820153,0.04201652015947622,0.04363254016560992,0.9967858585928241,0.8564260950450961
11715955000141,2329376.36,7,7,0.26668211584357127,0.14285714285714285,0.4017933795807905,0.9263970378749788,3.749782758535536,0.14446246848416647,0.0,0.12382497298642842,0.14446246848416647,0.6410203965597069,0.8946452407366424
11718406000120,93615621.35000001,22,18,0.32974857846470795,0.06198347107438017,0.4958133680111498,0.9339802480518387,3.0326135283310314,0.2903220242567496,0.0068060281964025336,0.2677651073903278,0.28351599606034705,0.5611754776114123,0.9921190613430231
11722278000199,2529490.37,31,31,0.057688376724518466,0.03225806451612903,0.11492272255616454,0.33014390958128054,17.334514451244463,0.026277989282002416,0.0,0.025430312208389434,0.026277989282002416,0.40911202569737015,0.7074432483552051
11730430000185,313659.10000000003,6,5,0.47652793312780545,0.22222222222222227,0.6427360149920727,0.9882343601700063,2.098512868776149,0.3456599164097568,0.027777777777777818,0.2543057109055832,0.317882138631979,0.42954660980051107,0.7327806205196526
11732185000145,336400.2895,201,33,0.07291432323253126,0.05259770797752531,0.1179535399894476,0.433422578847097,13.714726485369649,0.04394289583354786,0.022991386351822976,0.02031661525500595,0.020951509481724882,0.9915402486442086,0.9440650671176649
11738894000138,114614.57,58,34,0.157412027009568,0.04102259215219976,0.29691905662604673,0.6919909920702054,6.352754735438461,0.13187905813107004,0.011962670702266424,0.11638943485736823,0.11991638742880362,0.9941033744001787,0.8491860113976574
11740027000137,32961.0,1,1,1.0,1.0,1.0,1.0,1.0,,,0.0,,0.9177773178807948,0.7482615894039735
11743299000190,590.0,1,1,1.0,1.0,1.0,1.0,1.0,,,0.0,,0.3965645695364238,0.038679635761589407
11750074000161,4928628.359999999,40,36,0.08513395243209881,0.03125000000000001,0.2525651984845536,0.3801273829459521,11.746194924963463,0.05899492250158735,0.00357142857142858,0.05388395243209881,0.055423493930158774,0.6297200733642931,0.8102352800734166
11750251000100,25415.33,3,3,0.3547700345334661,0.3333333333333333,0.4406789130811994,1.0,2.8187273519733194,0.032155051800199196,0.0,0.0214367012001328,0.032155051800199196,0.9788675238312325,0.7536708101367708
11770182000104,467932.45,25,22,0.11107013995728607,0.049599999999999984,0.204132028030969,0.5869052253161754,9.003319887636472,0.06874014662191874,0.004342857142857125,0.061470139957286084,0.06439728947906162,0.740063195576117,0.6986720684039286
11772824000104,842969.72,15,14,0.16961517674801127,0.07555555555555556,0.25532589711526055,0.7447176157169679,5.8956988352855335,0.1057394211132429,0.00444444444444445,0.09405962119245571,0.10129497666879846,0.600745086895457,0.7383394076113308
11780685000152,565675.0,4,4,0.32833670402254217,0.25,0.42024130463605425,1.0,3.0456540123255436,0.10444893869672289,0.0,0.07833670402254217,0.10444893869672289,0.3965645695364238,0.7577216551345063
11786437000119,1072692.0,7,7,0.557097408043514,0.14285714285714285,0.6709227811897543,0.9994737538827547,1.7950182240336172,0.4832803093840997,0.0,0.4142402651863712,0.4832803093840997,0.397782998695499,0.8956276830822463
11800731000138,12616168.86,18,16,0.14275039325275207,0.06790123456790123,0.21636684403096998,0.7019341591152419,7.005234642187027,0.08560041946960222,0.0057613168724279795,0.07484915868485084,0.07983910259717424,0.7134111423144259,0.945224203191324
11803371000128,215608.1,6,6,0.21551696945832582,0.16666666666666669,0.2736446357998609,0.8861452793285596,4.6400058543574145,0.058620363349990996,3.3306690738754695e-17,0.04885030279165914,0.05862036334999096,0.4596345458726592,0.5729039588210005
11805839000113,2155804.2600000002,7,6,0.3477885512186556,0.18367346938775508,0.537493167399159,0.9173932423716427,2.875310289818302,0.21734626146238673,0.02040816326530611,0.1641150818309005,0.1969380981970806,0.7557314770871696,0.9209218329455661
11809185000104,16826552.17,25,25,0.1950286167193635,0.04,0.38547929691528715,0.7141074296505747,5.127452662185213,0.16148814241600365,0.0,0.1550286167193635,0.16148814241600365,0.86521331855745,0.9644211664453114
11810130000106,689944.12,30,25,0.16503507720767174,0.044444444444444446,0.33492871857506373,0.6745278733587874,6.059317915437158,0.13024487209132474,0.004629629629629631,0.12059063276322729,0.12561524246169511,0.8501064746321161,0.7074648303204959
11816419000132,11029535.629999999,14,14,0.1630043966139125,0.07142857142857142,0.3146469957049316,0.678456393000473,6.134803850527855,0.0986201194303673,0.0,0.09157582518534108,0.0986201194303673,0.3965645695364238,0.9333621846095448
11822633000100,8287854.9993,24,17,0.20649083571642177,0.08680555555555555,0.3004679377487091,0.8330392966434773,4.842829932526987,0.15689651294869814,0.029730902777777776,0.11968528016086621,0.12716561017092037,0.7459524385757166,0.9609913907732701
11839890000146,3283422.76,28,24,0.11301883362514473,0.04591836734693877,0.19535988110163433,0.5979063536734454,8.848082818804789,0.07445443508710754,0.004436557231588285,0.06710046627820596,0.07001787785551926,0.7211298203676618,0.8656351866718645
11840546000177,183153059.647,1277,248,0.018440656778347157,0.019058347524328074,0.019109730008036636,0.07643892003214654,54.22800348272793,0.014466732311862733,0.015086923830094584,-0.0006176907459809165,-0.0006201915182318506,0.41350743657219396,0.9753677135602815
11844178000135,30000.0,1,1,1.0,1.0,1.0,1.0,1.0,,,0.0,,0.3965645695364238,0.45970612582781456
11850969000178,8491965.56,86,70,0.11558823703907667,0.01703623580313682,0.20381968553343968,0.615466694144247,8.651399360489702,0.10277067525703429,0.002790384148109819,0.09855200123593985,0.09998029110892447,0.5775956279988549,0.8964872823245972
11856862000137,104644.84000000001,3,3,0.4319953313611194,0.3333333333333333,0.584396707950435,1.0,2.314839831368609,0.1479929970416791,0.0,0.09866199802778608,0.1479929970416791,0.3965645695364238,0.5224403382523234
11867889000125,9169948.01,34,25,0.23261561499613456,0.04844290657439446,0.4238526778735794,0.7781120495142262,4.298937541302278,0.2006412656209735,0.008794694348327565,0.1841727084217401,0.19184657127264595,0.6225913276521828,0.9417966837529956
11870266000101,2325486.85,2,2,0.7518031196829871,0.5,0.8548260980276022,1.0,1.3301354753910442,0.5036062393659742,0.0,0.2518031196829871,0.5036062393659742,0.3965645695364238,0.9454369667262696
11873495000180,124235.861,139,59,0.04950768255937206,0.038455566482066154,0.096404773175758,0.34081689988046204,20.19888526999321,0.03311988398280951,0.02187721418003281,0.011052116077305905,0.0112426698027767,0.9854448266232799,0.8844443884797135
11877880000103,2024908.55,24,24,0.11095390888665087,0.041666666666666664,0.16515017431281032,0.6231530801724354,9.012751421147204,0.07229973101215742,0.0,0.0692872422199842,0.07229973101215742,0.6873361950470953,0.8318915073270137
11881834000170,5.0,1,1,1.0,1.0,1.0,1.0,1.0,,,0.0,,0.3965645695364238,0.0031870860927152318
11885839000170,1958689.68,1,1,1.0,1.0,1.0,1.0,1.0,,,0.0,,0.3965645695364238,0.9605960264900663
11888327000168,1153966.588,699,162,0.03177105292623354,0.020010192365549805,0.08593698035215556,0.24351018072977343,31.475192286570213,0.02575720853447102,0.013923299150428997,0.011760860560683737,0.011833909384042022,0.9921576382133248,0.9303505345404938
11889321000105,155320.0,1,1,1.0,1.0,1.0,1.0,1.0,,,0.0,,0.3965645695364238,0.7497930463576159
11891451000182,2197097.26,6,5,0.8594807852671776,0.22222222222222227,0.9262220826764858,0.9932183248000592,1.163493142768911,0.8243509815839719,0.027777777777777818,0.6372585630449554,0.7965732038061941,0.4171078548544767,0.942537854876995
11892333000199,234828.4,5,3,0.3586137381589686,0.3600000000000001,0.40455072725445473,1.0,2.788515590991424,0.037920607238452884,0.04000000000000017,-0.001386261841031522,-0.002079392761547283,0.700458750442665,0.761025684955285
11892520000172,1323067.2999999998,404,165,0.070158696699867,0.012131163611410646,0.23766364719315486,0.37308759728246627,14.25340046263852,0.064488932655354,0.006107573145626565,0.05802753308845636,0.05838135950972744,0.6575350153929739,0.6424591209159296
11896777000100,5476853.470000001,4,3,0.5335266487784522,0.375,0.6542635693337254,0.9999999999999999,1.8743206216401227,0.30028997316767836,0.06250000000000001,0.15852664877845224,0.23778997316767836,0.39656456953642377,0.9659330580197287
11902878000139,6198146.4,6,6,0.881075404120229,0.16666666666666669,0.9380459938797187,0.9874155925068179,1.1349766380080937,0.8572904849442748,3.3306690738754695e-17,0.7144087374535624,0.8572904849442748,0.40222625071387186,0.9691792489147875
11914394000100,425890.39,3,3,0.6590078288394602,0.3333333333333333,0.7983744362017654,1.0,1.517432655938308,0.4885117432591903,0.0,0.32567449550612687,0.4885117432591903,0.48727520967321647,0.8174781836567298
11924138000101,34457211.22,1525,366,0.01611196539742108,0.011709110454178983,0.0870645038812285,0.15340728436350806,62.065674505486605,0.013416381740975659,0.009001464181450706,0.0044028549432420985,0.004414917559524953,0.6303474427540922,0.8561052534046331
11926843000130,1381529.6,25,24,0.09441769758066969,0.0432,0.13029036800948746,0.5211614720379498,10.591234753904144,0.055044553997220545,0.0016000000000000046,0.051217697580669685,0.05344455399722054,0.41115373522524484,0.678669951321498
11934211000118,28332997.96,105,56,0.4190647035034184,0.03546485260770975,0.637843726439177,0.8018056572083273,2.3862663489430402,0.40850224356711695,0.017927849927849928,0.38359985089570864,0.39057439363926705,0.4302299485288408,0.9596524113548335
11942301000150,81059.2,2,2,0.5136215230493543,0.5,0.5825273380442936,1.0,1.9469589086980479,0.027243046098708534,0.0,0.013621523049354267,0.027243046098708534,0.3965645695364238,0.5200742990618777
11955273000106,69487.2,3,3,0.6043529834171945,0.3333333333333333,0.7579050530169585,1.0,1.6546621385828157,0.4065294751257917,0.0,0.27101965008386114,0.4065294751257917,0.9641708732039382,0.819408846387946
11958716000112,60000.0,2,2,0.52,0.5,0.6,1.0,1.923076923076923,0.040000000000000036,0.0,0.020000000000000018,0.040000000000000036,0.9616390728476821,0.8094288079470198
11960753000165,495073.3143999999,189,40,0.18895762896226967,0.042188068643095086,0.40398057051891056,0.6146141816768462,5.292191723043245,0.168161670730533,0.017628788351892397,0.1467695603191746,0.1505328823786406,0.9508648982065728,0.9349282667752434
11973748000197,4700.0,1,1,1.0,1.0,1.0,1.0,1.0,,,0.0,,0.3965645695364238,0.18439569536423842
11975991000144,174821.0,5,5,0.2969486955835151,0.20000000000000004,0.38610922028818045,0.9614405592005537,3.367585090868856,0.12118586947939387,3.469446951953614e-17,0.09694869558351507,0.12118586947939383,0.3965645695364238,0.5462043320962054
11996804000109,7188849.49,6,4,0.4645675027262639,0.2777777777777778,0.6261986978948422,1.0,2.152539715179406,0.2860900036350185,0.037037037037037056,0.1867897249484861,0.24905296659798146,0.4459498086073287,0.9694900076835443
12008540000109,264308.6,7,7,0.22894885251758842,0.14285714285714285,0.34429451028078545,0.8744649247130061,4.367787778814823,0.10044032793718649,0.0,0.08609170966044558,0.10044032793718649,0.8801272076291284,0.7196613287892406
12021434000157,57900.0,2,2,0.6714005745120675,0.5,0.7927461139896373,1.0,1.4894238074293253,0.34280114902413494,0.0,0.17140057451206747,0.34280114902413494,0.3965645695364238,0.4930498962014892
12053489000149,57970541.949999996,140,124,0.055486609496232325,0.008877551020408164,0.1425735161684132,0.4032623967904789,18.022366280424873,0.04780763884173015,0.0008196449311431898,0.04660905847582416,0.04698799391058696,0.44195397175399614,0.9313248464310063
12054197000120,17000.0,1,1,1.0,1.0,1.0,1.0,1.0,,,0.0,,0.9177773178807948,0.6302980132450331
12063587000167,2146067.83,27,25,0.6578228069045241,0.045267489711934145,0.8088525701445326,0.8946213643209963,1.5201662050995737,0.6435654238588793,0.0054869684499314,0.6125553171925899,0.6380784554089479,0.8753797356269362,0.8940462271408036
12064233000137,57000.0,1,1,1.0,1.0,1.0,1.0,1.0,,,0.0,,0.9177773178807948,0.7345198675496689
12064805000188,178105.91,2,2,0.5672230656057026,0.5,0.6833344833981084,1.0,1.7629748517581203,0.13444613121140514,0.0,0.06722306560570257,0.13444613121140514,0.5616146737503858,0.7278724605763172
12070136000157,1116728.4000000001,15,14,0.17183762878419714,0.07555555555555556,0.2848978945999761,0.743879272704088,5.819447155290145,0.10813283099836615,0.00444444444444445,0.09628207322864159,0.10368838655392171,0.7136384098655414,0.7997125904956296
12086904000160,1053266.32,4,4,0.6946741061536346,0.25,0.8248341217252632,1.0,1.4395239309219903,0.5928988082048461,0.0,0.44467410615363456,0.5928988082048461,0.8621193043816966,0.900528515849352
12092636000190,20986550.91,20,17,0.2535316878760149,0.07,0.4155733696976508,0.8944821671985738,3.944280134675047,0.2068774183682658,0.011875000000000009,0.18353168787601487,0.1950024183682658,0.40792461074267333,0.9725186996236064
12094507000130,4776034.421800001,254,95,0.18764729528216062,0.027218054436108863,0.3768817037381429,0.707648566051631,5.329146889627824,0.17900524523197084,0.016869310334365343,0.16042924084605176,0.1621359348976055,0.7293451213821914,0.9568114884172484
12105376000140,4074907.5700000003,45,37,0.18693774596571136,0.033086419753086425,0.361904159705885,0.7079695184349911,5.349374439250074,0.16435268335364778,0.006227709190672157,0.15385132621262493,0.1581249741629756,0.7804816544248032,0.8995944404427678
12115907000185,370477.61000000004,236,78,0.18876222081763872,0.028799195633438673,0.4071731082480261,0.6069340330715263,5.297670241791073,0.1782266652438418,0.016186198174132683,0.15996302518420005,0.1620404670697091,0.9929100406679696,0.8822425264252293
12116187000172,21973587.1,11,8,0.671123859242242,0.14049586776859505,0.8148106141486566,0.9497760927709431,1.4900379210613792,0.6241415534197052,0.017709563164108624,0.530627991473647,0.6064319902555966,0.4119104507558542,0.981788251505836
12139961000160,893870.7979,866,151,0.05637833450628348,0.028791022406647854,0.1687587516611946,0.37695728788949173,17.737310063470357,0.050087523402992044,0.02231629588935884,0.02758731209963563,0.027771227513633204,0.9960559203612954,0.9439411604070207
12151993000181,243018.18,2,2,0.9286804849412946,0.5,0.9629689433111548,1.0,1.076796612198881,0.8573609698825893,0.0,0.4286804849412946,0.8573609698825893,0.3965645695364238,0.7863396961101037
12157728000100,14210485.14,9,9,0.27983188706335005,0.1111111111111111,0.4179333852074244,0.9089789710022524,3.5735741573068616,0.18981087294626883,0.0,0.16872077595223894,0.18981087294626883,0.5335723534912558,0.9720942609420552
12200692000109,18000.0,1,1,1.0,1.0,1.0,1.0,1.0,,,0.0,,0.3965645695364238,0.37046771523178806
12207403000195,649181.6,6,4,0.6570862004893147,0.33333333333333337,0.7966954084958662,1.0,1.5218703409922876,0.5427816006524195,0.11111111111111116,0.3237528671559813,0.4316704895413084,0.4000862253753839,0.8326389812081032
12219015000124,20477566.71,91,33,0.26569933750182084,0.06702089119671537,0.3833325292583066,0.8543273235416553,3.7636525909408673,0.24275244179875274,0.03786529404661272,0.19867844630510548,0.20488714775214,0.449470672700814,0.9668646187269313
12225915000184,1355000.0,1,1,1.0,1.0,1.0,1.0,1.0,,,0.0,,0.3965645695364238,0.9463990066225165
12230791000125,300000.0,1,1,1.0,1.0,1.0,1.0,1.0,,,0.0,,0.9966887417218543,0.9962748344370861
12237028000126,197081.2,1,1,1.0,1.0,1.0,1.0,1.0,,,0.0,,0.3965645695364238,0.7846440397350993
12250723000128,1184000.0,2,2,0.7637931428049671,0.5,0.8631756756756757,1.0,1.309255011543548,0.5275862856099343,0.0,0.26379314280496713,0.5275862856099343,0.3965645695364238,0.9100807398872381
12251090000172,493837.29,42,37,0.06732941978429902,0.029478458049886618,0.15389684322947747,0.4292911942717003,14.852348396936527,0.041421903667196204,0.0025195263290501337,0.037850961734412394,0.03890237733814607,0.6860563589661907,0.6135415986440709
12251189000174,1399299.19,16,14,0.2705282045450632,0.078125,0.3806398258545408,0.8874365531505811,3.696472246513672,0.21441498951006807,0.007211538461538465,0.1924032045450632,0.2072034510485296,0.8794060956998287,0.8882224655346938
12257224000162,19250.0,2,1,1.0,1.0,1.0,1.0,1.0,,,0.0,,0.9868584437086093,0.8940397350993378
12259049000142,2391549.25,11,10,0.2745875994657217,0.10743801652892562,0.3583033048556286,0.9271879096782139,3.6418250567241497,0.19398622162857965,0.008264462809917352,0.16714958293679608,0.1857217588186623,0.7211928392882627,0.9217482793434975
12260233000102,92637.62,3,3,0.8266670478026787,0.3333333333333333,0.9067590467026247,1.0,1.209676861631353,0.7400005717040181,0.0,0.49333371446934543,0.7400005717040181,0.45249347255016675,0.6829964874464322
12270817000169,62948.0,5,5,0.49724636675252887,0.20000000000000004,0.6870750460697719,0.9344220626548897,2.0110755288789934,0.37155795844066103,3.469446951953614e-17,0.2972463667525288,0.371557958440661,0.5685071980204832,0.5910051019195072
12273240000149,252794.48000000004,95,49,0.32592884077920803,0.04066481994459834,0.5599872671270354,0.7080499146975046,3.068154378757245,0.31188569162877483,0.02067867036011081,0.28526402083460967,0.29120702126866405,0.9851988662597192,0.929758228372454
12282048000119,11491916.38,10,10,0.19660391969337118,0.10000000000000003,0.29458498374489567,0.8395755469289276,5.086368580848374,0.10733768854819019,3.0839528461809905e-17,0.09660391969337115,0.10733768854819016,0.5979580230252576,0.961802852870879
12292556000188,100606534.55000001,8,8,0.1708384755551037,0.125,0.20590072575956747,0.7845522936760373,5.853482342023424,0.052386829205832805,0.0,0.0458384755551037,0.052386829205832805,0.47162985679556424,0.9948588282103398
12298037000127,2767924.6199999996,193,88,0.1830527087987835,0.05269940132621009,0.40011205218442686,0.6156598296379905,5.462907413728726,0.17366251004934424,0.041810888697775724,0.1303533074725734,0.13185162135156853,0.4878918576734443,0.7437623309889596
12306202000145,1250960.63,15,13,0.18597656015961,0.08444444444444445,0.31016163953936743,0.775389709906378,5.377021701776684,0.11814127350624416,0.008148148148148146,0.10153211571516556,0.10999312535809602,0.43706280331852426,0.7919369799833335
12321353000172,8563065.0,29,27,0.11765240231192403,0.03923900118906064,0.2509615423916553,0.5898973603493608,8.499613950497723,0.08371595624699803,0.0022866550809475875,0.0784134011228634,0.08142930116605043,0.5223316190335358,0.8868742393260671
12334083000134,1449643.5794,569,148,0.10997457375821522,0.02267413307964826,0.2861393006491179,0.4853101769272046,9.093010919037992,0.10391997902187655,0.0160256577944758,0.08730044067856696,0.08789432122740075,0.990326461595883,0.9459072339585707
12342968000185,981069.8,9,9,0.20576981867384625,0.1111111111111111,0.36939267725904923,0.7809213982532128,4.859799199148062,0.10649104600807704,0.0,0.09465870756273514,0.10649104600807704,0.4356224279682085,0.7537997368648924
12366625000150,623110.77,12,12,0.1318415749594849,0.08333333333333334,0.1827925394388545,0.6429996387319705,7.5848608476294475,0.05291808177398353,1.5139404881252137e-17,0.048508241626151555,0.052918081773983515,0.6291078053113195,0.6882137226511031
12403446000146,77865.97,35,24,0.19317074047751887,0.05795918367346938,0.38527741964814666,0.6948863540773973,5.17676744173572,0.1580912074548023,0.017000887311446312,0.13521155680404948,0.14109032014335599,0.992316259834577,0.8894166970681451
12406776000195,14400.0,1,1,1.0,1.0,1.0,1.0,1.0,,,0.0,,0.3965645695364238,0.33151903973509933
12415300000110,4756523.0,5,5,0.8900262684350425,0.20000000000000004,0.9420921206519972,0.9988956849362444,1.1235623435680469,0.862532835543803,3.469446951953614e-17,0.6900262684350424,0.862532835543803,0.39656456953642377,0.968186106601112
12423926000179,60000.0,1,1,1.0,1.0,1.0,1.0,1.0,,,0.0,,0.8464610927152317,0.6217508278145696
12433830000191,2905404.4800000004,8,8,0.17151135350343322,0.125,0.18393550491117847,0.7357420196447139,5.8305178028927545,0.053155832575352245,0.0,0.04651135350343322,0.053155832575352245,0.3965645695364238,0.8749851310896732
12434136000199,8820.84,1,1,1.0,1.0,1.0,1.0,1.0,,,0.0,,0.3965645695364238,0.2633278145695364
12439069000103,153570.0,4,4,0.2681846024377579,0.25,0.31558898222309045,0.9999999999999999,3.728774847288583,0.024246136583677174,0.0,0.01818460243775788,0.024246136583677174,0.7169894305269681,0.6559627916837545
12440744000106,1809850.0499999998,4,2,0.9238827704250354,0.625,0.9603709213368257,1.0,1.0823884068537684,0.8477655408500708,0.25,0.2988827704250354,0.5977655408500708,0.8286321080078901,0.9563357579059277
12448797000173,578548.0,8,7,0.2649881470399882,0.15625,0.39365445909414604,0.8725257022753514,3.7737536986856037,0.14248617154665288,0.015625000000000007,0.10873814703998819,0.12686117154665288,0.5736683420167143,0.7205678442250747
12457020000175,4718080.84,15,14,0.2092548277343584,0.07555555555555556,0.3804512662822454,0.7772933432823503,4.778862264862365,0.14842827602161676,0.00444444444444445,0.13369927217880284,0.14398383157717232,0.5204530150702064,0.9097468171954168
12462982000112,747527.13,15,9,0.16263698573403332,0.1466666666666667,0.2945296982064049,0.6845861634480076,6.148662897843788,0.05796660895078749,0.04000000000000004,0.015970319067366623,0.01796660895078745,0.529072456732389,0.6965017190085083
12488175000179,4511156.597999999,816,162,0.19281549334693404,0.02249134948096886,0.39745904648819286,0.7041110613203323,5.186305221856286,0.1878019249826293,0.01641986717960842,0.17032414386596517,0.17138205780302088,0.6788607692928599,0.9416378294205481
12489912000158,671988.73,13,12,0.19026768431371402,0.08875739644970415,0.38862348182535744,0.6238903738757643,5.255753248939513,0.11665565561496076,0.005917159763313625,0.10151028786400987,0.11073849585164713,0.6860187861925805,0.7109650201866515
12514782000166,45585.0,2,2,0.5956221636007324,0.5,0.7186574531095755,1.0,1.6789167044333446,0.19124432720146478,0.0,0.09562216360073239,0.19124432720146478,0.3965645695364238,0.4321275406470846
12528215000169,196401.0,3,3,0.5702112573535424,0.3333333333333333,0.6873692089144149,1.0,1.7537359831182358,0.3553168860303136,0.0,0.23687792402020907,0.3553168860303136,0.7881886242014454,0.7884660215967123
12560864000147,596196.79,18,8,0.18835285176011898,0.2037037037037037,0.3017413092747447,0.7264332973010472,5.309184281815773,0.0724032591544217,0.08994708994708993,-0.015350851943584709,-0.017543830792668233,0.6895305061240548,0.7985316966448232
12570642000105,1822073.6099999999,57,50,0.09356689416854158,0.025546321945213918,0.21338325623408813,0.5223194577742662,10.687540811162386,0.07506825935565467,0.005659512188993793,0.06802057222332766,0.06940874716666087,0.7549847280888532,0.7973211109497204
12585173000106,109400.0,4,3,0.40643496686262776,0.375,0.5484460694698354,1.0,2.4604182256247484,0.10965245029394165,0.06250000000000001,0.031434966862627756,0.04715245029394163,0.9552650974006319,0.8736612709904719
12592033000157,2357339.8600000003,15,13,0.18290113297089594,0.08444444444444445,0.35506123414890206,0.6770295734956095,5.467434694125839,0.1148095607184706,0.008148148148148146,0.0984566885264515,0.10666141257032245,0.5912016136203667,0.8387480592969714
12600146000157,3359879.86,3,3,0.9649436505708615,0.3333333333333333,0.9821779758517913,1.0,1.0363299446640217,0.9474154758562923,0.0,0.6316103172375283,0.9474154758562923,0.961912500663419,0.9809218366430987
12640342000155,4648073.83,22,18,0.3213620723433848,0.07024793388429751,0.467882516401423,0.8634942745735172,3.111754889766427,0.2814421942459369,0.015556635877491483,0.2511141384590873,0.2658855583684454,0.4094829770131216,0.9068211741031179
12652188000131,149795.0,7,7,0.17456296049163647,0.14285714285714285,0.2643612937681498,0.7437497913815547,5.728592120479712,0.03699012057357589,0.0,0.03170581763449362,0.03699012057357589,0.567945230169974,0.46568094082884576
12652881000104,523370.46,11,11,0.1195454437338863,0.09090909090909091,0.18421807757357953,0.5677224503652728,8.365019767930649,0.03149998810727493,0.0,0.02863635282479539,0.03149998810727493,0.7769467295033152,0.6673303983798013
12679392000146,1.0,1,1,1.0,1.0,1.0,1.0,1.0,,,0.0,,0.8464610927152317,0.907864238410596
12694921000180,156000.0,2,2,0.5266272189349113,0.5,0.6153846153846154,1.0,1.898876404494382,0.053254437869822535,0.0,0.026627218934911268,0.053254437869822535,0.8903480005094244,0.7757036423841059
12710978000126,75946363.82,271,184,0.13545020903103816,0.008891491128933428,0.32917968343095855,0.5790483427781836,7.382786687105458,0.13072589323339356,0.0034755976378347034,0.12655871790210474,0.12725029559555887,0.7865501276068813,0.9501246033549043
12721485000191,21400.0,2,2,0.5021399248842693,0.5,0.5327102803738317,1.0,1.9914767785701863,0.004279849768538568,0.0,0.002139924884269284,0.004279849768538568,0.9061594819582842,0.5208910998328897
12755884000173,340492.2,3,3,0.6388341563283236,0.3333333333333333,0.7657215055146638,1.0,1.5653514923927425,0.45825123449248545,0.0,0.3055008229949903,0.45825123449248545,0.934152375724113,0.9455343255988697
12759590000110,635002.5,2,2,0.9812732704011,0.5,0.9905472813099161,1.0,1.019084112615485,0.9625465408022,0.0,0.4812732704011,0.9625465408022,0.40174634959981254,0.9010111984847481
12769172000103,652265.6000000001,14,14,0.15762241837881996,0.07142857142857142,0.24529884758601406,0.7159660113916786,6.34427520073104,0.09282414286949842,0.0,0.08619384695024854,0.09282414286949842,0.5453883397901994,0.6956104528645594
12770455000175,13787456.580000002,22,21,0.37020500174528487,0.049586776859504134,0.5268556936409224,0.9510260245548494,2.7012060757840275,0.33871525183254914,0.0020661157024793432,0.32061822488578073,0.3366491361300698,0.6528027542738062,0.9764036350332668
12792399000170,6286.01,4,3,0.6881314538837221,0.375,0.8195198544068495,1.0,1.4532107119303055,0.5321971808255831,0.06250000000000001,0.3131314538837221,0.4696971808255831,0.9990117784393308,0.9351657198507595
12800142000112,245900.0,1,1,1.0,1.0,1.0,1.0,1.0,,,0.0,,0.3965645695364238,0.8137831125827815
12816116000182,329013.25999999995,113,58,0.08247949350265851,0.033753622053410606,0.2092722645889713,0.46395038911197684,12.124225762465038,0.06638264251147707,0.016801931212242372,0.04872587144924791,0.049580711299234706,0.9926655383222638,0.8057521301654594
12816323000137,6801.0,1,1,1.0,1.0,1.0,1.0,1.0,,,0.0,,0.8464610927152317,0.42907698675496686
12870883000170,87600.0,2,2,0.5211109026083692,0.5,0.6027397260273972,1.0,1.9189773136478216,0.04222180521673846,0.0,0.02111090260836923,0.04222180521673846,0.7352813435543862,0.646555781094076
12877365000188,9650.0,1,1,1.0,1.0,1.0,1.0,1.0,,,0.0,,0.9868584437086093,0.8940397350993378
12877385000159,1039978.22,44,37,0.15259607088942173,0.03409090909090908,0.344204131505754,0.5899785093576287,6.553248679152735,0.12905707285857232,0.007260101010100999,0.11850516179851264,0.12179697184847132,0.43492971356115234,0.6452366995585697
12884091000154,4611360.0,1,1,1.0,1.0,1.0,1.0,1.0,,,0.0,,0.3965645695364238,0.9830711920529801
12984303000175,414690.0,4,4,0.5351988580843364,0.25,0.6874773927512118,1.0,1.8684643752405399,0.38026514411244855,0.0,0.2851988580843364,0.38026514411244855,0.5222518897863384,0.8318916725715004
12984850000150,298272.85,5,5,0.34042434291090107,0.20000000000000004,0.40230949615427625,0.9956415744845701,2.9375102598398173,0.1755304286386263,3.469446951953614e-17,0.14042434291090103,0.17553042863862628,0.649964884274,0.7779877209787097
12992503000170,348000.0,3,2,0.5719381688466112,0.5555555555555556,0.6896551724137931,1.0,1.7484407484407485,0.1438763376932224,0.11111111111111116,0.016382613291055614,0.03276522658211123,0.8104433089746518,0.9023557033569308
12998458000160,4966646.96,16,15,0.1911097784120465,0.0703125,0.3664444069928417,0.7198490307029998,5.232594628642851,0.13333190544147838,0.003906250000000001,0.12079727841204649,0.12942565544147838,0.424372275987925,0.8944924859809376
13007598000192,203373.32,4,4,0.5779972517360943,0.25,0.7375598726519289,1.0,1.7301120325336536,0.43732966898145903,0.0,0.3279972517360943,0.43732966898145903,0.9422164879814934,0.9059050578766454
13016717000173,13688090.31,2,2,0.9819624915525818,0.5,0.9908984067770956,1.0,1.0183688364907901,0.9639249831051635,0.0,0.48196249155258175,0.9639249831051635,0.3965645695364238,0.9923325901988028
13018648000137,1295566.7200000002,14,11,0.1668541925759474,0.11224489795918367,0.3052486559704158,0.7215084376356935,5.993256654577785,0.08353961183354215,0.023469387755102038,0.05460929461676374,0.060070224078440114,0.7055393277714949,0.8069129404909514
13019421000106,618083.9145000001,100,69,0.2610515262603115,0.02419999999999999,0.370169801595767,0.8941924988407056,3.830661380630408,0.25018463694061016,0.009849999999999987,0.23685152626031147,0.24033463694061016,0.7553909683018218,0.8896279989220416
13019629000125,5424.09,9,8,0.26620836635164985,0.13580246913580246,0.41186632227710085,0.9036170122545902,3.756455943533506,0.16138099011617127,0.01234567901234567,0.1304058972158474,0.1490353111038256,0.9419659990056134,0.5064117015221488
13034603000156,144293.44,5,5,0.2349335244358846,0.20000000000000004,0.29938990989472564,0.9099058141520502,4.256523211836924,0.04366690554485575,3.469446951953614e-17,0.03493352443588457,0.043666905544855715,0.4858574655895836,0.5095045020620012
13072654000172,19354.8,9,4,0.29185904954569747,0.25925925925925924,0.3978341290015914,1.0,3.4263114388831934,0.055812066060929956,0.01234567901234566,0.032599790286438224,0.0434663870485843,0.8914390805326865,0.4556468028636941
13102858000109,3145291.79,17,17,0.09407949227984777,0.058823529411764705,0.14307098674619312,0.48104805564001424,10.629309063716155,0.03745946054733826,0.0,0.035255962868083066,0.03745946054733826,0.727773611987403,0.859691541110431
13108020000122,50280.0,2,2,0.9873522909732546,0.5,0.9936356404136834,1.0,1.0128097226718118,0.9747045819465092,0.0,0.4873522909732546,0.9747045819465092,0.4002963865926968,0.5601291377557203
13116435000148,70550.5,3,2,0.7386435893257668,0.5555555555555556,0.8454298693843417,1.0,1.3538329100138797,0.4772871786515336,0.11111111111111116,0.1830880337702112,0.3661760675404224,0.3965645695364238,0.5485555362954281
13118245000160,200778.65,1,1,1.0,1.0,1.0,1.0,1.0,,,0.0,,0.3965645695364238,0.7879966887417219
13124778000154,123876.87,2,2,0.7334969107631917,0.5,0.8416847309752015,1.0,1.3633322585633199,0.46699382152638336,0.0,0.23349691076319168,0.46699382152638336,0.3965645695364238,0.640610859635344
13128780003389,99990987.04,15,14,0.5302214887344717,0.07555555555555556,0.695886653585733,0.9901845374362853,1.8860042854671766,0.49408468017558493,0.00444444444444445,0.4546659331789162,0.48964023573114046,0.3980869375320244,0.9958151340497472
13128780003974,13305013.11,79,6,0.34010945180650376,0.29915077711905147,0.490165618483934,0.9748230236805832,2.9402299603508917,0.20813134216780452,0.15898093254286177,0.04095867468745229,0.04915040962494274,0.9076682308038573,0.9723530513212311
13128780004350,525707.0,2,2,0.681054750875832,0.5,0.8008776752069119,1.0,1.4683107323075075,0.362109501751664,0.0,0.181054750875832,0.362109501751664,0.8464610927152318,0.9114483847970258
13128780004431,183491336.58,9,9,0.8770609458277532,0.1111111111111111,0.9354019824536394,0.9958798736000792,1.1401716206348913,0.8616935640562223,0.0,0.765949834716642,0.8616935640562223,0.42358398930597824,0.9983952114777233
13128780004512,103494.98999999999,17,6,0.32283294216586544,0.5155709342560557,0.3554432924724182,0.9905792541262141,3.0975773206137647,0.18739953059903855,0.41868512110726686,-0.19273799209019027,-0.2312855905082283,0.6122200177242286,0.6640206789060881
13128780004784,979844.0,3,3,0.9601448544571154,0.3333333333333333,0.9797477965880284,1.0,1.04150951323425,0.9402172816856731,0.0,0.6268115211237821,0.9402172816856731,0.3965645695364238,0.9182007339605972
13128780009581,1755399.0899999999,10,6,0.49712346065649027,0.24000000000000007,0.6773905186426865,0.9689937232450085,2.01157273623623,0.3965481527877883,0.08800000000000009,0.25712346065649017,0.30854815278778824,0.8078859923069521,0.9143137521687201
13128780009662,3187491.6799999997,4,3,0.5820554699429812,0.375,0.7327817715276358,1.0,1.7180493125474126,0.3730832049144718,0.06250000000000001,0.20705546994298119,0.3105832049144718,0.3965645695364238,0.9424021019719179
13128780009905,936570.06,50,41,0.04440803168674129,0.0344,0.10677257823082663,0.3195032307567039,22.518449073674336,0.020518232478909822,0.01026,0.01000803168674129,0.010258232478909822,0.5104692738262024,0.5362663416991912
13128780010083,75662.44,1,1,1.0,1.0,1.0,1.0,1.0,,,0.0,,0.3965645695364238,0.6396937086092715
13128814001049,19403513.599999998,14,14,0.43439720477904503,0.07142857142857142,0.6417330003572136,0.8790087404582229,2.302040595561952,0.39088929745435613,0.0,0.3629686333504736,0.39088929745435613,0.4904609865113088,0.971640640575369
13133909000160,9870634.5,91,77,0.08051575411828837,0.015819345489675164,0.1518929710141734,0.4931659378128123,12.419929626826406,0.06841727719879216,0.002869600035591941,0.06469640862861321,0.06554767716320022,0.7933794196855409,0.9082429137750124
13153852000160,1198561.23,18,15,0.11123791392776673,0.07407407407407407,0.16510629164936363,0.5711294365828936,8.989740680046898,0.04775490777975007,0.007936507936507933,0.03716383985369266,0.03981839984324213,0.7069871896716899,0.7717899752616931
13170158000151,4417976.965,480,109,0.5039923222537952,0.026059027777777778,0.6961390981358365,0.9253738899926565,1.9841572100307323,0.4993996585709599,0.0170410558127572,0.4779332944760174,0.4823586027582027,0.8931313959710466,0.9549268873760804
13172589000157,37993.020000000004,2,2,0.5221301404978821,0.5,0.6051906376487048,0.9999999999999998,1.9152313234521199,0.04426028099576418,0.0,0.02213014049788209,0.04426028099576418,0.39656456953642377,0.38283244494864527
13182493000170,512159.0,10,10,0.3737797109148514,0.10000000000000003,0.5857555954303253,0.8536411544071275,2.67537260797926,0.30419967879427934,3.0839528461809905e-17,0.27377971091485137,0.3041996787942793,0.7201026007496715,0.7653467956304804
13183513000127,14679189.439999998,29,26,0.20581568803922176,0.04399524375743162,0.35716747313808084,0.7694938992489766,4.858716114047791,0.17404831556079062,0.005755053507728883,0.16182044428179015,0.16829326205306172,0.448585121436703,0.9466383983029754
13188322000158,233152.5,5,5,0.21033571914658178,0.20000000000000004,0.25734229742336023,0.8749638112394249,4.754304233524434,0.01291964893322721,3.469446951953614e-17,0.01033571914658174,0.012919648933227175,0.6582491807066986,0.6243215965469264
13224498000118,62400.0,1,1,1.0,1.0,1.0,1.0,1.0,,,0.0,,0.3965645695364238,0.6112789735099338
13233184000181,288594.0,4,4,0.363725387269571,0.25,0.48417500017325377,1.0,2.749326923553074,0.1516338496927613,0.0,0.11372538726957099,0.1516338496927613,0.5834541196122034,0.7621347420310951
13240198000122,95391.44,9,8,0.3678067297519032,0.13580246913580246,0.5660885295368222,0.9022291727643487,2.7188192034292857,0.2774934054307465,0.01234567901234567,0.23200426061610074,0.26514772641840084,0.42745842407434864,0.4743660427736993
13244968000105,102000.0,2,2,0.5432525951557095,0.5,0.6470588235294118,1.0,1.8407643312101907,0.0865051903114189,0.0,0.04325259515570945,0.0865051903114189,0.5805220101285548,0.6400613556680951
13244984000106,2550331.6,8,8,0.27711447733369676,0.125,0.34212554947756596,0.9383491934931129,3.6086169500116596,0.1738451169527963,0.0,0.15211447733369676,0.1738451169527963,0.6982453249432218,0.9018007820788471
13267420000180,11500.0,1,1,1.0,1.0,1.0,1.0,1.0,,,0.0,,0.3965645695364238,0.29973096026490065
13286669000133,8402.14,11,5,0.3200332241057653,0.3553719008264462,0.43610318323665165,0.9767999581059112,3.124675579525199,0.15004153013220659,0.19421487603305773,-0.03533867672068092,-0.044173345900851146,0.9442931309564513,0.6307807136117972
13358623000182,224815.0,13,13,0.10938962072227872,0.07692307692307694,0.13704601561283722,0.5351555723594956,9.141635133179834,0.035172089115801934,1.5034270125132327e-17,0.032466543799201775,0.03517208911580192,0.7383370403302907,0.580072809129449
13366927000191,61732001.82,5,5,0.8259926874802125,0.20000000000000004,0.906580028996701,0.9992224454321121,1.2106644709538739,0.7824908593502655,3.469446951953614e-17,0.6259926874802124,0.7824908593502655,0.828734654499364,0.9968598797952652
13417917000138,173464.415,90,25,0.09418520447360629,0.08320987654320988,0.1774629107647237,0.5221645719094605,10.617378871648912,0.056442921326673216,0.045010288065843625,0.010975327930396406,0.011432633260829592,0.9950356341717786,0.9221368466183264
13432366000181,127736.72000000002,7,7,0.18424141334080069,0.14285714285714285,0.22370529006850967,0.8159088475107237,5.427661359448265,0.0482816488976008,0.0,0.04138427048365784,0.0482816488976008,0.4083817886929008,0.40526133087656097
13440721000164,118863.28,2,2,0.5001305577632106,0.5,0.5080795347394081,1.0,1.9994779052741969,0.00026111552642116287,0.0,0.00013055776321058143,0.00026111552642116287,0.6178778765376657,0.6541859061639881
13449811000116,164066.62,13,13,0.16991326345617389,0.07692307692307694,0.3053637601603544,0.7261243633836061,5.885355737740464,0.10073936874418836,1.5034270125132327e-17,0.09299018653309694,0.10073936874418835,0.6691505012284902,0.5415468945229535
13454844000154,394885.56,5,5,0.543318614905245,0.20000000000000004,0.7207151357978245,0.9725272304208844,1.8405406561937885,0.42914826863155625,3.469446951953614e-17,0.34331861490524496,0.4291482686315562,0.3965645695364238,0.7286539421028966
13468241000101,135721.51,10,10,0.15502778573177398,0.10000000000000003,0.23209290848591352,0.7446793069131046,6.450456576411279,0.06114198414641552,3.0839528461809905e-17,0.05502778573177394,0.061141984146415494,0.44764298338336617,0.40183016315873826
13469368000145,291084.5,16,11,0.15474120642845687,0.125,0.2108339674561854,0.723197215928708,6.462402763173108,0.07021532707130256,0.0375,0.029741206428456873,0.032715327071302557,0.692154431814018,0.5946108303744757
13497205000176,206629.47,95,55,0.3495493684452234,0.02581717451523545,0.5807496868670282,0.7386849513769744,2.860826224484243,0.33750398637939416,0.0077767518210731445,0.3237321939299879,0.32972723455832104,0.9862444468603566,0.9041133579498415
13499440000187,4995750.49,1,1,1.0,1.0,1.0,1.0,1.0,,,0.0,,0.9791183774834437,0.9978890728476821
13504552000189,16616.0,1,1,1.0,1.0,1.0,1.0,1.0,,,0.0,,0.8464610927152317,0.43580298013245033
13509695000183,35102.69,20,13,0.26412481574233265,0.10500000000000001,0.4137888008013061,0.85676624782887,3.7860887746933685,0.20280188372086036,0.03041666666666667,0.15912481574233264,0.17238521705419368,0.9935966405785859,0.8638356667379913
13540482000114,11777.5,2,1,1.0,1.0,1.0,1.0,1.0,,,0.0,,0.3965645695364238,0.30264900662251654
13554908000199,94306.4,1,1,1.0,1.0,1.0,1.0,1.0,,,0.0,,0.9177773178807948,0.8807533112582782
13571334000167,2498275.3400000003,7,7,0.20183878606101857,0.14285714285714285,0.29728020290990026,0.8330832261267087,4.954449139907562,0.06881191707118833,0.0,0.05898164320387572,0.06881191707118833,0.8522708177726505,0.9501885190657618
13577818000113,2148744.87,6,6,0.6442688793932463,0.16666666666666669,0.7740737503191805,0.9956297929404713,1.5521469870495235,0.5731226552718955,3.3306690738754695e-17,0.4776022127265796,0.5731226552718955,0.4006955392200279,0.9317057145687972
13600190000120,576922.9099999999,6,6,0.364895026805468,0.16666666666666669,0.419594846736109,0.9724982320428218,2.740514193231572,0.23787403216656158,3.3306690738754695e-17,0.1982283601388013,0.23787403216656156,0.4706777870506262,0.7786808778266451
13608402000115,87400.0,5,5,0.2146892951211977,0.20000000000000004,0.30205949656750575,0.8455377574370709,4.657894094977926,0.018361618901497102,3.469446951953614e-17,0.014689295121197654,0.018361618901497068,0.48664682532165426,0.3980667593616925
13612607000174,16601.85,1,1,1.0,1.0,1.0,1.0,1.0,,,0.0,,0.991328642384106,0.9663493377483444
13617528000156,910419.35,11,9,0.233808247295269,0.14049586776859505,0.38751373199614003,0.8365375801821435,4.277009094281999,0.13803427820717765,0.033057851239669436,0.09331237952667396,0.10497642696750821,0.6540319209941314,0.8511732175015272
13633606000106,278846.51,27,24,0.08765048616202302,0.04526748971193415,0.1721377111730751,0.48772351499037947,11.4089498391542,0.04798311599515446,0.003757380568974769,0.04238299645008887,0.04422573542617969,0.622283649537373,0.4746009544185608
13642844000188,15400.0,2,2,0.6862877382357903,0.5,0.8051948051948052,1.0,1.4571147702138116,0.3725754764715805,0.0,0.18628773823579026,0.3725754764715805,0.8379552980132451,0.48697777801668535
13644919000160,102302.4,1,1,1.0,1.0,1.0,1.0,1.0,,,0.0,,0.3965645695364238,0.6867549668874172
13649065000104,230335.03,2,2,0.7058732346171517,0.5,0.8208373689403649,1.0,1.416684966872806,0.41174646923430336,0.0,0.20587323461715168,0.41174646923430336,0.5021859832029132,0.8178052321314405
13659627000109,1308215.4,8,8,0.15785643836757163,0.125,0.23452055372532693,0.69100654219481,6.334869900405845,0.03755021527722472,0.0,0.03285643836757163,0.03755021527722472,0.3965645695364239,0.7707881047341287
13660803000114,53668.43999999999,41,25,0.15274175796654352,0.05770374776918501,0.29599239329483024,0.6648926259082619,6.546998105253179,0.11743933121514949,0.018441403926234383,0.09503801019735851,0.0989979272889151,0.9857963177628755,0.8256680297980667
13660914000120,1662860.49,15,14,0.27408779458305893,0.07555555555555556,0.35631371577058757,0.9392014600094323,3.6484660016371593,0.21824839416637115,0.00444444444444445,0.1985322390275034,0.2138039497219267,0.40598951754545864,0.8573432817265884
13661399000101,1645270.23,1,1,1.0,1.0,1.0,1.0,1.0,,,0.0,,0.3965645695364238,0.9541804635761589
13667230000150,4098196.7200000007,113,56,0.17588603968872607,0.026705301903046444,0.31439096949938505,0.7023526825720557,5.685499552834027,0.16090214950124837,0.009009034664920017,0.14918073778567964,0.15189311483632836,0.7255477067621808,0.907586136925118
13668709000101,10000.0,1,1,1.0,1.0,1.0,1.0,1.0,,,0.0,,0.3965645695364238,0.2813327814569536
13723290000143,335506.56,52,23,0.13832832516154386,0.14718934911242595,0.3130540577209578,0.5591239110198024,7.229177385269219,0.09916143085070495,0.10842522861753623,-0.008861023950882091,-0.009263797766831283,0.8008131934578337,0.6898128794441258
13731905000183,7440.0,1,1,1.0,1.0,1.0,1.0,1.0,,,0.0,,0.3965645695364238,0.24016970198675497
13733239000112,47260.0,4,4,0.3946110593042083,0.25,0.5289885738468049,1.0,2.534140836709529,0.19281474573894442,0.0,0.1446110593042083,0.19281474573894442,0.6619711515555766,0.47403894862294815
13736496000108,139920.5,7,6,0.27710307966543946,0.18367346938775508,0.4255988221883141,0.930825004198813,3.6087653778779742,0.13252369559852736,0.02040816326530611,0.09342961027768437,0.11211553233322125,0.4559074047926127,0.5303191280024648
13747772000133,40800.0,2,2,0.5,0.5,0.5,1.0,2.0,0.0,0.0,0.0,0.0,0.8821192052980132,0.6339507450331126
13749592000190,737358.35,14,14,0.7670012420050373,0.07142857142857142,0.8747442813931653,0.9342228239498475,1.3037788535855233,0.7490782606208094,0.0,0.6955726705764659,0.7490782606208094,0.4163479280854059,0.8423643753522647
13753471000112,863062.4,4,4,0.5358737282183741,0.25,0.6720255684872843,1.0,1.866111263421538,0.38116497095783214,0.0,0.2858737282183741,0.38116497095783214,0.3965645695364238,0.8558006397168919
13769209000166,432868.0,11,11,0.12116835013896152,0.09090909090909091,0.1848138462533613,0.582244471755824,8.25298024486719,0.033285185152857666,0.0,0.030259259229870605,0.033285185152857666,0.4854759378415346,0.591157952435005
13776308000175,3883307.24,13,8,0.36389164513855315,0.17159763313609472,0.4170465790906619,0.994216107917333,2.7480707879930746,0.2730190230154893,0.053254437869822535,0.19229401200245844,0.21976458514566677,0.3965645695364238,0.9395313119623049
13792329000184,56440845.81999999,52,30,0.30714370789911094,0.06952662721893492,0.5173557903991028,0.8279371600671734,3.2558049352209912,0.28325211161976993,0.03744133850234647,0.237617080680176,0.24581077311742347,0.8102911239289284,0.983227179227494
13800297000111,185235.45,4,4,0.28581175600873265,0.25,0.3982253396960463,0.9999999999999999,3.498806396086262,0.047749008011643536,0.0,0.035811756008732654,0.047749008011643536,0.3965645695364238,0.5586171588024504
13802980000198,164807.72,2,2,0.5198137647080407,0.5,0.5995333228322072,1.0,1.923765909818993,0.0396275294160815,0.0,0.01981376470804075,0.0396275294160815,0.7090489804538316,0.7576825886486032
13806951000102,142516.27,27,19,0.25548870344435376,0.0699588477366255,0.35521558345583987,0.8273665876885495,3.914067379569301,0.21412696474681786,0.018289894833104697,0.18552985570772826,0.19583706991371316,0.9940986100840109,0.8986944002118458
13809070000137,18859.64,3,3,0.4154029099694204,0.3333333333333333,0.5652281803894454,1.0,2.407301383790533,0.12310436495413064,0.0,0.0820695766360871,0.12310436495413064,0.7770380790014169,0.4097366456862555
13817576000198,1989435.64,10,10,0.2803382245522896,0.10000000000000003,0.4723842184711238,0.8516833447298652,3.5671196876452953,0.20037580505809957,3.0839528461809905e-17,0.1803382245522896,0.20037580505809954,0.46676422567995307,0.8708945146690341
13823697000142,5102062.890000001,72,64,0.14041660649978455,0.018518518518518517,0.35260233924713535,0.49411931298243944,7.121664772617435,0.12677242565057478,0.002939447383891827,0.12189808798126603,0.12383297826668295,0.6461064711000719,0.8515465828156714
13828365000150,30272754.7,16,16,0.09823498837470362,0.0625,0.09909900931480148,0.3963960372592059,10.179672401300031,0.0381173209330172,0.0,0.035734988374703625,0.0381173209330172,0.44324522305144826,0.9723541568820154
13839157000157,1987909.04,6,6,0.6066878077923389,0.16666666666666669,0.7559460114935641,0.9938604987680925,1.6482942085796566,0.5280253693508067,3.3306690738754695e-17,0.4400211411256722,0.5280253693508067,0.42553891638613134,0.9227311251539693
13842783000100,163606.1,6,5,0.26107131149247004,0.22222222222222227,0.3156361529307281,0.9536447601892594,3.8303710747967132,0.07633913936558753,0.027777777777777818,0.03884908927024777,0.048561361587809715,0.8900161745975921,0.6629351609349755
13843029000187,2472231.1699999995,26,17,0.2877810867208211,0.08284023668639053,0.4888144825065044,0.8429522794181095,3.474863520027321,0.2432674046408724,0.025517751479289936,0.20494085003443058,0.21774965316158246,0.7840721623954577,0.8919072663557209
13843252000124,48960.36,72,34,0.10094357216736659,0.05246913580246915,0.2479046314201938,0.5140852722488152,9.906524789334567,0.07369943799062013,0.02375607931163488,0.04847443636489744,0.04994335867898525,0.9969989818706371,0.862244712884272
13844779000173,16747288.920000002,48,43,0.11985056738819018,0.025173611111111112,0.22663648654602658,0.5982735479074783,8.343723536669197,0.09889462851648043,0.001963458994708996,0.09467695627707906,0.09693116952177143,0.5146630483664093,0.9231776633997048
13864377000130,718651735.73,572,181,0.24271880342147106,0.017800381436745075,0.43926894197136207,0.7512906107734615,4.119993943211486,0.23851168566270148,0.012343716889171436,0.224918421984726,0.22616796877353004,0.5753891597245027,0.9930549532174497
13872416000141,1592174.5199999998,50,38,0.05874147575392899,0.03040000000000001,0.16329868160432565,0.36374781327363537,17.023746631580224,0.033302056179710854,0.0041945945945946065,0.02834147575392898,0.029107461585116248,0.531267758306844,0.6526657386394168
13884310000168,30603.64,19,12,0.16100137201797868,0.1412742382271468,0.20128324604524167,0.7776591281298565,6.21112719392436,0.08472876947415857,0.06320825988416015,0.01972713379083188,0.02152050958999842,0.9674728069804509,0.7729233405380485
13884527000178,2052435.84,6,6,0.4425027719629612,0.16666666666666669,0.6333937337597847,0.9393716687387412,2.2598728490760798,0.33100332635555346,3.3306690738754695e-17,0.27583610529629454,0.3310033263555534,0.6815262081581945,0.9046271233427536
13886006000150,1317399.7115000002,497,130,0.04072221165432705,0.023719783489670417,0.08652651052292264,0.2778375015607403,24.556623016661284,0.0332859497291668,0.016151719795791893,0.017002428164656636,0.017134229933374906,0.9967854219209834,0.9555287268372064
13886253000156,384501.08999999997,7,7,0.4306720727724576,0.14285714285714285,0.624185486704342,0.9645046519894133,2.321952276966755,0.33578408490120054,0.0,0.28781492991531477,0.33578408490120054,0.5366470178510594,0.7403937599084313
13896863000130,300500.1,1,1,1.0,1.0,1.0,1.0,1.0,,,0.0,,0.8464610927152317,0.8542218543046357
13917262000167,12205114.93,106,59,0.3007695111886986,0.040939836240655024,0.4815847711153016,0.8467966946051528,3.3248050842913193,0.2887138131057451,0.02440431617583873,0.2598296749480436,0.2643094969299064,0.8624360369841392,0.9569776766617804
13918415000190,7881609.0,5,4,0.7947902748856491,0.28,0.888068667197269,1.0,1.2581935531909667,0.7263870331808655,0.040000000000000036,0.5147902748856491,0.6863870331808655,0.42294568639661456,0.9761409913065965
13927758000111,8883702.01,14,12,0.40296782596750547,0.10204081632653063,0.5831666048870543,0.9323502736445344,2.481587698965917,0.34869217378273326,0.020408163265306145,0.30092700964097485,0.3282840105174271,0.874279243577069,0.9689093021960957
13932227000117,713716.0,3,3,0.9487723334847822,0.3333333333333333,0.9737766842833844,1.0,1.0539936344128646,0.9231585002271733,0.0,0.6154390001514489,0.9231585002271733,0.9457174784661225,0.9822326464077814
13953949000158,2112508.45,337,164,0.012930217096549285,0.017161373262069752,0.03432101774551481,0.12362742975063602,77.33822197516484,0.006874574256650814,0.011131688435456684,-0.004231156165520467,-0.00425711417880587,0.47733010678815857,0.41997285193507444
13954199000139,479255.326,171,66,0.11646323900298777,0.027461441127184433,0.25205771004827604,0.5376580833240443,8.586400383165934,0.1028703657568799,0.01249930945221804,0.08900179787580334,0.09037105630466186,0.913376062056616,0.8147983617836948
13959466000160,3726178.57,12,9,0.9143490943302233,0.13888888888888887,0.9559403670769326,0.9887653532396329,1.0936741844016562,0.9036427311215012,0.031249999999999983,0.7754602054413344,0.8723927311215012,0.956719662612325,0.9792611411359049
13959501000141,150147.23,10,10,0.17137767861641817,0.10000000000000003,0.24868923655801042,0.7622851250735694,5.835065616907002,0.07930853179602018,3.0839528461809905e-17,0.07137767861641814,0.07930853179602015,0.7887121148411753,0.6853798321329834
13966711000167,2234390.0,4,3,0.7761633876349249,0.375,0.8742878369487869,0.9999999999999999,1.2883885222248574,0.6642450814523873,0.06250000000000001,0.4011633876349249,0.6017450814523873,0.9125497407858832,0.972442847343345
14004319000108,750194.5020000001,9,8,0.4636211786448925,0.13580246913580246,0.6311304584847517,0.9825005382404148,2.1569333888561273,0.38699563273702,0.01234567901234567,0.32781870950909003,0.3746499537246743,0.819706368346808,0.9186434847375908
14004655000142,10011687.91,88,77,0.022745323839653227,0.014979338842975205,0.050980414550297344,0.16328489308652452,43.96508078098421,0.009886709679648662,0.0020185406698564573,0.0077659849966780214,0.007868169009792205,0.41982684717940866,0.7757545600428656
14007211000160,19769380.7372,825,213,0.18301440312947406,0.012816161616161616,0.3658506098974743,0.6907873069743006,5.464050822778943,0.17916069748385835,0.008159634076615208,0.17019824151331245,0.17100106340724314,0.5798575097926933,0.9593139335023553
14008675000191,1687430.3399999999,17,16,0.10126650698911488,0.06574394463667821,0.1706737120775012,0.5054075298895004,9.87493327984039,0.041350940788389204,0.003460207612456756,0.03552256235243667,0.037890733175932445,0.6114049671578488,0.7805804478050845
14015108000162,36346.0,3,3,0.5330731332721462,0.3333333333333333,0.6768282617069279,1.0,1.875915212349441,0.29960969990821934,0.0,0.1997397999388129,0.29960969990821934,0.9575002503076575,0.8159754728559907
14016436000183,40857.020000000004,32,22,0.13015526986634904,0.056640625,0.21014748505887113,0.6804590741077053,7.683131086638734,0.08873409224093708,0.011718749999999998,0.07351464486634904,0.07701534224093708,0.9973378990996694,0.9080211166002222
14051123000166,814999.99,2,2,0.7488802714543241,0.5,0.8527607343897022,1.0,1.3353269382540975,0.49776054290864824,0.0,0.24888027145432412,0.49776054290864824,0.3965645695364238,0.882408178237609
14085717000198,21000.0,1,1,1.0,1.0,1.0,1.0,1.0,,,0.0,,0.9447433774834437,0.7783319536423841
14088281000190,1109523.95,24,24,0.3886990629450838,0.041666666666666664,0.6128754588848668,0.7671938942823181,2.5726843600373743,0.36212076133400045,0.0,0.3470323962784171,0.36212076133400045,0.8928838634424674,0.8349841294189864
14102885000144,91680.0,7,5,0.3884385260287699,0.26530612244897955,0.46236910994764396,0.9907286212914485,2.574409933596377,0.23554815753596234,0.08163265306122443,0.12313240357979033,0.1539155044747379,0.784875126682356,0.6880273525536562
14113031000163,1139950.0,2,2,0.5969436384906348,0.5,0.7201631650510988,1.0,1.675200028144179,0.19388727698126962,0.0,0.09694363849063481,0.19388727698126962,0.3965645695364238,0.9010992153135565
14120591000145,347482.08,12,10,0.2389998665875734,0.11111111111111112,0.36491090418245453,0.9179092055624853,4.184102754022182,0.1544442962084149,0.012345679012345682,0.12788875547646228,0.14209861719606923,0.8456366789761757,0.7859304404120696
14126956000149,335389.0,2,2,0.5087868017530094,0.5,0.5662827343770964,1.0,1.9654597889617627,0.017573603506018776,0.0,0.008786801753009388,0.017573603506018776,0.3965645695364238,0.7620947527195809
14144296000129,171000.0,2,2,0.5049416914606203,0.5,0.5497076023391813,1.0,1.9804266847273961,0.00988338292124058,0.0,0.00494169146062029,0.00988338292124058,0.6438761085937802,0.7193741286162425
14153138000135,5269872.61,19,16,0.3543359567170387,0.06925207756232686,0.569273722918323,0.8213300416003794,2.8221804224022566,0.3112916871648413,0.007202216066481985,0.28508387915471184,0.3040894710983593,0.4344378423498039,0.9086774829494325
14158607000109,113432.76,5,3,0.5008105043300639,0.44000000000000006,0.5201319266144984,1.0,1.996763229512735,0.25121575649509587,0.1600000000000001,0.06081050433006385,0.09121575649509578,0.6305701644559945,0.6094786439126247
14164340000162,1842215.0,16,16,0.1018546169510988,0.0625,0.18238913481868294,0.5243687626037135,9.817915278991308,0.04197825808117206,0.0,0.039354616951098806,0.04197825808117206,0.5686915343869718,0.7771334693229301
14213397000104,647000.0,1,1,1.0,1.0,1.0,1.0,1.0,,,0.0,,0.3965645695364238,0.9075331125827815
14239170000138,55944.0,2,2,0.5125296283597441,0.5,0.5791505791505791,1.0,1.9511067159186761,0.025059256719488276,0.0,0.012529628359744138,0.025059256719488276,0.5859032607583932,0.4608590733590734
14241481000131,29400.0,1,1,1.0,1.0,1.0,1.0,1.0,,,0.0,,0.9447433774834437,0.7783319536423841
14251688000197,7586.34,1,1,1.0,1.0,1.0,1.0,1.0,,,0.0,,0.3965645695364238,0.24288079470198676
14285358000112,9528.91,33,24,0.06464805567999898,0.057851239669421496,0.11103053759559069,0.3878093087247125,15.468369303322808,0.02398057983999894,0.01688825008983113,0.0067968160105774875,0.007092329750167811,0.9806338013400433,0.6908907797012092
14299649000160,45389.92,1,1,1.0,1.0,1.0,1.0,1.0,,,0.0,,0.3965645695364238,0.5399420529801324
14310099000132,105280.0,2,2,0.5475894069714804,0.5,0.6542553191489362,1.0,1.8261858013847263,0.0951788139429608,0.0,0.0475894069714804,0.0951788139429608,0.9271006895519235,0.8014935888403552
14316553000162,157171.96,6,4,0.7471782753160513,0.33333333333333337,0.8589318349150828,1.0,1.3383686772437366,0.6629043670880684,0.11111111111111116,0.41384494198271793,0.5517932559769573,0.43634389141263485,0.6953407092981395
14337579000197,21068.0,3,3,0.3906170870430714,0.3333333333333333,0.46278716536928044,1.0,2.560051859405052,0.08592563056460713,0.0,0.057283753709738094,0.08592563056460713,0.920147764193397,0.5947543872443315
14338582000125,82930.0,3,3,0.35653419659556934,0.3333333333333333,0.4341010490775353,1.0,2.8047800450803293,0.03480129489335403,0.0,0.023200863262236027,0.03480129489335403,0.7433264001076468,0.6084277173040695
14353831000151,8000.0,1,1,1.0,1.0,1.0,1.0,1.0,,,0.0,,0.9868584437086093,0.8940397350993378
14355640000129,3982345.1500000004,19,18,0.5741609035361551,0.05817174515235456,0.7533249597915942,0.8619921480186117,1.7416720536720238,0.5491115449206349,0.0027700831024930705,0.5159891583838006,0.5463414618181418,0.4223836980904047,0.9026894442021188
14381482000181,1758108.53,15,15,0.1380559270763004,0.06666666666666667,0.2631236878192042,0.6380044694965447,7.243441271792138,0.07648849329603614,0.0,0.07138926040963374,0.07648849329603614,0.5545509001528462,0.7936833295795733
14387430000112,1422034.1900000002,86,45,0.06602019851504948,0.03461330448891292,0.19467358938817075,0.3901822079256758,15.146879629149364,0.04479338484493696,0.01267269777275185,0.031406894026136556,0.03212068707218511,0.7524764962158582,0.6783074888641957
14399576000188,36000.0,1,1,1.0,1.0,1.0,1.0,1.0,,,0.0,,0.9447433774834437,0.7972475165562913
14414077000112,102000.0,1,1,1.0,1.0,1.0,1.0,1.0,,,0.0,,0.3965645695364238,0.6863203642384106
14423131000196,96860.0,2,2,0.5088137963607983,0.5,0.5663844724344415,1.0,1.9653555134556595,0.01762759272159653,0.0,0.008813796360798265,0.01762759272159653,0.3965645695364238,0.555011508724957
14426511000184,131144.99,9,8,0.26629108530427037,0.13580246913580246,0.4227008595600945,0.8390132936073272,3.7552890621831247,0.16147552606202328,0.01234567901234567,0.1304886161684679,0.1491298470496776,0.8341245157792847,0.6480681074955376
14440502000148,301070.8,5,5,0.3061629446407223,0.20000000000000004,0.4275100740423847,0.9601422655401985,3.266234590124828,0.13270368080090286,3.469446951953614e-17,0.10616294464072226,0.13270368080090283,0.6255597122995699,0.7418459977295873
14444354000130,1359742.48,7,7,0.3670655896489062,0.14285714285714285,0.4677356259399942,0.9283659947139403,2.724308756253856,0.2615765212570572,0.0,0.22420844679176333,0.2615765212570572,0.6092615290027087,0.8921965027692947
14454427000174,664509.21,21,18,0.07889240155248758,0.07482993197278909,0.15277440624186384,0.41564660932239,12.675491939926484,0.024709601643810388,0.020408163265306097,0.004062469579698497,0.004301438378504292,0.63230651025002,0.63941484318684
14464143000169,510543.91,12,11,0.25727022894903195,0.09722222222222224,0.3694491233868601,0.8896862759561661,3.88696354057395,0.18299725184393514,0.006944444444444459,0.16004800672680972,0.1760528073994907,0.41098072571169586,0.6888249915914796
14477036000175,138417.0,6,6,0.20968411213012736,0.16666666666666669,0.3467782136587269,0.7904809380350679,4.769078543153581,0.05162093455615284,3.3306690738754695e-17,0.043017445463460674,0.051620934556152805,0.501832873031664,0.5260657213252382
14491667000149,425236.67000000004,34,19,0.09061788781082566,0.07785467128027682,0.14109789731915642,0.49652361824769253,11.035348805388233,0.04009665935587153,0.026624375240292195,0.012763216530548849,0.013472284115579339,0.700441075589508,0.6167009168882978
14491945000168,1047053.8295999999,13,12,0.6769700900047966,0.08875739644970415,0.8191383817655825,0.9383960898890541,1.4771701361177045,0.6476037345506872,0.005917159763313625,0.5882126935550924,0.6416865747873736,0.9179723387493852,0.9215811094382039
14492062000172,1835013.09,22,19,0.22975537311335148,0.05785123966942149,0.3762413542238001,0.812983590215152,4.3524553373846135,0.1869640049529821,0.005509641873278241,0.17190413344393,0.18145436307970386,0.7270545177380074,0.8802594811103984
14498649000199,922799.6,17,16,0.22023867780547574,0.06574394463667821,0.40431313580976846,0.7409452713243483,4.540528530067016,0.16825458965917411,0.003460207612456756,0.15449473316879753,0.16479438204671737,0.7271580444244492,0.8201391490314146
14499742000118,1589550.47,28,25,0.10501369273642364,0.04591836734693877,0.19624416203657882,0.5605398738927743,9.522567714192508,0.06772259660044128,0.0061649659863945525,0.059095325389484865,0.061557630614046725,0.8703616612848503,0.808135327448867
14507708000148,19328.760000000002,3,3,0.49306887626291707,0.3333333333333333,0.5447840420182153,0.9999999999999999,2.028114221240714,0.2396033143943756,0.0,0.15973554292958375,0.2396033143943756,0.4021226493496072,0.27273357133128545
14514683000100,168000.0,2,2,0.5408163265306123,0.5,0.6428571428571429,1.0,1.8490566037735847,0.08163265306122458,0.0,0.04081632653061229,0.08163265306122458,0.9274080534531695,0.8430537488174078
14517653000157,48000.0,1,1,1.0,1.0,1.0,1.0,1.0,,,0.0,,0.9177773178807948,0.8633899006622516
14524513000106,738988.7899999999,34,23,0.11937211604586521,0.0726643598615917,0.20530530645803166,0.6233468034068556,8.377165732873324,0.07934357586613182,0.03051273985530041,0.046707756184273516,0.04883083601083141,0.8828533337090596,0.7851902588317669
14524647000127,172600.0,2,2,0.5014830101682535,0.5,0.5272305909617613,1.0,1.9940855018487829,0.002966020336506947,0.0,0.0014830101682534735,0.002966020336506947,0.921748573626576,0.8767312163790258
14529435000132,21900.0,2,2,0.8568003169241674,0.5,0.9223744292237442,1.0,1.1671330883605482,0.7136006338483347,0.0,0.35680031692416736,0.7136006338483347,0.43148804393843176,0.3798785304968399
14535072000148,78000.0,1,1,1.0,1.0,1.0,1.0,1.0,,,0.0,,0.9770695364238411,0.9283940397350994
14540194000122,80582.7,2,2,0.505671974108878,0.5,0.5532539862774516,1.0,1.9775665870394599,0.011343948217755973,0.0,0.005671974108877986,0.011343948217755973,0.3965645695364238,0.5175219132063225
14540893000172,2300190.99,4,4,0.7375394910562936,0.25,0.8525339845801239,0.9999999999999999,1.3558596009114228,0.6500526547417248,0.0,0.4875394910562936,0.6500526547417248,0.39656456953642377,0.9267261418512793
14552796000108,583232.0,6,6,0.37069585186748055,0.16666666666666669,0.5180099857346647,0.9525883353451114,2.697629323236906,0.24483502224097667,3.3306690738754695e-17,0.20402918520081387,0.24483502224097664,0.8940735151632547,0.9071400244302041
14567169000132,294001.0,8,8,0.21463428418513428,0.125,0.34013489750034864,0.8194393896619399,4.659087916902609,0.10243918192586775,0.0,0.08963428418513428,0.10243918192586775,0.8028703880523586,0.7581622706333544
14569416000130,314435.0,4,4,0.51057045898737,0.25,0.6324836611700352,1.0,1.9585935347362842,0.34742727864982664,0.0,0.26057045898736997,0.34742727864982664,0.5925994631967335,0.8263815928591354
14570950000166,163919.3,6,6,0.2626385426765448,0.16666666666666669,0.36603377393632114,0.9105639177326892,3.8075142734536125,0.11516625121185375,3.3306690738754695e-17,0.09597187600987811,0.11516625121185373,0.3965645695364238,0.509670449263794
14572082000153,279471.88,15,15,0.12618672580791956,0.06666666666666667,0.21755319354491048,0.6349476018839535,7.924763825968447,0.06377149193705668,0.0,0.0595200591412529,0.06377149193705668,0.5753424285204798,0.5477941423613303
14578805000121,14174521.21,3,3,0.5411037348436512,0.3333333333333333,0.7054912015613682,0.9999999999999999,1.8480744737216503,0.3116556022654767,0.0,0.20777040151031784,0.3116556022654767,0.8606295423291714,0.9896857571130748
14580783000134,130150.0,3,3,0.36064787681815763,0.3333333333333333,0.4283519016519401,1.0,2.772787708671886,0.04097181522723647,0.0,0.027314543484824316,0.04097181522723647,0.6682130495124067,0.6098600172877449
14581081000175,38812.5,1,1,1.0,1.0,1.0,1.0,1.0,,,0.0,,0.3965645695364238,0.5089817880794701
14587933000131,847993.3200000001,2,2,0.7886671547621114,0.5,0.8799125917642842,1.0,1.2679620216992982,0.5773343095242227,0.0,0.28866715476211136,0.5773343095242227,0.792434185272429,0.9055874592610458
14600158000107,230975.96,3,3,0.4675327079926354,0.3333333333333333,0.5412251560725194,1.0,2.1388877888212945,0.20129906198895312,0.0,0.1341993746593021,0.20129906198895312,0.4159763332287971,0.6868696349445153
14601748000154,986361.7899999999,20,20,0.15158581083610098,0.05000000000000002,0.35078406676722546,0.5433976411434186,6.596923514703031,0.10693243245905366,1.460819769243627e-17,0.10158581083610096,0.10693243245905365,0.5476928102011206,0.6830666541596854
14608771000170,615211.9670999999,775,110,0.04954936579952341,0.038554838709677415,0.1376638118715815,0.3444026284123951,20.181893024544394,0.040829635210528216,0.029734240899674455,0.010994527089845996,0.011095394310853761,0.9979482024609683,0.9555381308155504
14621774000144,195672.11,20,16,0.1652090738520649,0.08500000000000002,0.3265667243022013,0.6676986311437028,6.052936298737693,0.10955634544220257,0.02400000000000002,0.08020907385206488,0.08555634544220254,0.9161868820056889,0.8103524193805208
14627173000149,580168.78,58,18,0.1635808291390335,0.11831153388822829,0.3102545435140443,0.7025241344423945,6.113185788721381,0.11437970144132958,0.06644750646988878,0.0452692952508052,0.0479321949714408,0.8921306866093408,0.8182695849338054
14631480000101,26850.0,2,2,0.9352080147311259,0.5,0.9664804469273743,1.0,1.0692808276322374,0.8704160294622518,0.0,0.4352080147311259,0.8704160294622518,0.3965645695364239,0.4192021763661253
14634385000153,51495.0,3,2,0.5009931280747026,0.5555555555555556,0.5222837168657151,1.0,1.9960353624868301,0.0019862561494052855,0.11111111111111116,-0.05456242748085294,-0.10912485496170587,0.9889387950125679,0.8931151532747023
14637051000133,110822.73999999999,3,3,0.4485178124789252,0.3333333333333333,0.5659735538031274,1.0,2.229565854861088,0.1727767187183878,0.0,0.11518447914559188,0.1727767187183878,0.6511941036036049,0.6064234376022287
14644653000118,82745.05,3,3,0.5093245621543733,0.3333333333333333,0.6743853559820194,1.0,1.9633845965922725,0.2639868432315599,0.0,0.17599122882103996,0.2639868432315599,0.3965645695364238,0.4992879559458731
14645035000192,2950422.9437,13,6,0.3856179641195568,0.33727810650887563,0.46906125176225527,0.9843558056316777,2.5932401834110625,0.2627415569434681,0.20473372781065075,0.04833985761068116,0.05800782913281738,0.7268429305056352,0.949056851624812
14645822000134,157510.0,7,7,0.16734947573359502,0.14285714285714285,0.27147482699511144,0.7006539267348105,5.975519167994934,0.028574388355860857,0.0,0.024492332876452166,0.028574388355860857,0.5561424027634533,0.498211040737033
14646999000155,818225.0,1,1,1.0,1.0,1.0,1.0,1.0,,,0.0,,0.3965645695364238,0.9221440397350993
14650536000167,33775.0,2,2,0.5567129318907891,0.5,0.6683937823834197,1.0,1.7962578965134781,0.11342586378157815,0.0,0.056712931890789076,0.11342586378157815,0.5694019575884433,0.5030648440448822
14656327000120,167300.0,6,6,0.3217891557806575,0.16666666666666669,0.44052600119545726,0.9820681410639569,3.107624921585718,0.18614698693678897,3.3306690738754695e-17,0.1551224891139908,0.18614698693678894,0.45841525712227305,0.5699776940341932
14657813000163,311958.5,13,11,0.15589959533194278,0.10059171597633138,0.2842140861685128,0.6777234792448354,6.414384834487808,0.07148955486513706,0.01065088757396451,0.055307879355611406,0.06083866729117254,0.7975760728919548,0.6377840576853558
14662198000183,563242.37,62,23,0.11327649995250773,0.18990634755463065,0.26692611921223186,0.5401270327017479,8.827956375940815,0.07297088631398535,0.15308390880711387,-0.07662984760212292,-0.08011302249312852,0.5798091675176871,0.6287097760692211
14667287000112,121119.4,4,4,0.34455554327302573,0.25,0.4849941462721909,1.0,2.9022896874644104,0.12607405769736765,0.0,0.09455554327302573,0.12607405769736765,0.4982568425692399,0.5148605036826066
14674100000108,3071242.6,19,19,0.16847608689143098,0.05263157894736842,0.29304099910570397,0.763860204335535,5.935560461137835,0.12228031394095493,0.0,0.11584450794406256,0.12228031394095493,0.5991957358919163,0.8479856520505923
14674999000169,1740768.17,5,3,0.6750519776478501,0.3600000000000001,0.7986416249787012,0.9999999999999999,1.4813674103798617,0.5125779664717751,0.04000000000000017,0.31505197764785,0.47257796647177497,0.9763389950969146,0.9931967186225452
14675553000159,3735799.14,14,12,0.4323400682265673,0.09183673469387757,0.584775360808076,0.9381722674736737,2.31299403754535,0.38073461988352797,0.009276437847866446,0.3405033335326897,0.3714581820356615,0.4145652190157668,0.9211210037852581
14682109000160,10228544.48,83,41,0.2798819316394928,0.04049934678472927,0.424521632426826,0.9138431590415297,3.5729351807106604,0.26187897993048015,0.016511830454347506,0.23938258485476355,0.24536714947613264,0.5972067735032001,0.939982819809855
14696695000100,94960.0,2,2,0.8115643424376263,0.5,0.8946925021061499,1.0,1.232188192246576,0.6231286848752526,0.0,0.3115643424376263,0.6231286848752526,0.3965645695364238,0.6175090452864085
14700048000117,12369440.549999999,14,9,0.45239350438200654,0.16326530612244897,0.6214603957977712,0.9882606016486333,2.2104649830595,0.38394269242975737,0.0586734693877551,0.2891281982595576,0.3252692230420023,0.8401730108711191,0.9878303252828744
14706049000179,914761.28,19,15,0.12376761222967705,0.08033240997229917,0.27329534542607664,0.5525339135473684,8.079658175389923,0.061179584531796845,0.014641867827463392,0.04343520225737789,0.04653771670433345,0.5139311001476772,0.689937606816436
14720662000140,225960.0,5,4,0.3993932857619491,0.28,0.5530005310674455,1.0,2.503797724321363,0.1991910476825988,0.040000000000000036,0.11939328576194908,0.15919104768259876,0.5124885213816194,0.6791039379882039
14733777000170,3243029.81,3,2,0.9417402311507221,0.5555555555555556,0.96996820698358,1.0,1.0618639481697514,0.8834804623014443,0.11111111111111116,0.38618467559516656,0.7723693511903331,0.9760987239095272,0.9950313532669586
14739617000138,39906.75,1,1,1.0,1.0,1.0,1.0,1.0,,,0.0,,0.3965645695364238,0.5146937086092715
14741000000157,231126.69999999998,9,8,0.19301393426829663,0.13580246913580246,0.2693327945235232,0.8168030781385274,5.180973092906144,0.077730210592339,0.01234567901234567,0.05721146513249417,0.06538453157999334,0.6253316434655459,0.565635269633524
14744834000116,35820.0,3,3,0.7150801466854092,0.3333333333333333,0.8358458961474037,1.0,1.398444642373686,0.5726202200281137,0.0,0.3817468133520759,0.5726202200281137,0.41615805295794644,0.41323588139372364
14745480000124,12464085.360000001,24,22,0.1931850647430359,0.05208333333333334,0.39587806144485516,0.6512604652123467,5.176383595337169,0.15476530592127571,0.006944444444444453,0.14110173140970256,0.14782086147683127,0.6037552065196826,0.933757492944426
14749903000184,515474.0,10,10,0.3707956761997414,0.10000000000000003,0.5043901341289765,0.9622017793331964,2.6969030767805307,0.30088408466637934,3.0839528461809905e-17,0.2707956761997414,0.3008840846663793,0.6391279894975851,0.8330556705900237
14749937000179,522872.76,11,10,0.17942474942576495,0.10743801652892562,0.29837086942528807,0.7563790471700992,5.573367125775138,0.08824972158418326,0.008264462809917352,0.07198673289683932,0.0799852587742659,0.7447682629174505,0.7684665537218875
14749953000161,610801.81,2,1,1.0,1.0,1.0,1.0,1.0,,,0.0,,0.9791183774834437,0.9978890728476821
14750058000167,37200.0,2,2,0.729448491155047,0.5,0.8387096774193549,1.0,1.3708987161198285,0.4588969823100939,0.0,0.22944849115504695,0.4588969823100939,0.8337107455671865,0.5744886242255929
14752037000180,4738624.83,27,24,0.29572278347531955,0.04526748971193415,0.5275792217549327,0.6998823749463196,3.381545338671743,0.26510203493076817,0.003757380568974769,0.2504552937633854,0.2613446543617934,0.4276727399000681,0.8560134993919618
14755253000180,33257.14,35,14,0.18875333465652305,0.13632653061224495,0.3455345228122442,0.7153814188472009,5.297919646398371,0.12634974501471713,0.06989010989010995,0.0524268040442781,0.05645963512460718,0.45803497262353543,0.22065065148764726
14756846000160,40878.87,49,31,0.12265264486313371,0.0470637234485631,0.2912996371964293,0.54521321161764,8.15310587974589,0.09340773302523817,0.015299180896848535,0.0755889214145706,0.07810855212838963,0.9936333116939701,0.803709064063711
14761260000194,45393.990000000005,6,6,0.8515012168646021,0.16666666666666669,0.9217867827877655,0.9891472417383887,1.1743964426524252,0.8218014602375225,3.3306690738754695e-17,0.6848345501979354,0.8218014602375225,0.4182933850995072,0.49418876962873437
14762001000188,81366.0,2,2,0.6271662251938643,0.5,0.7521569205810781,1.0,1.5944736177253303,0.25433245038772867,0.0,0.12716622519386434,0.25433245038772867,0.5080683092609259,0.6016322402184684
14763412000198,1383093.81,10,10,0.252536134855472,0.10000000000000003,0.4620990097555277,0.7271062184856426,3.9598293550042105,0.16948459428385776,3.0839528461809905e-17,0.15253613485547196,0.16948459428385773,0.6693951076823631,0.8193144458766655
14764485000102,3208404.18,15,6,0.8322728208479798,0.3422222222222221,0.9104526225869709,0.9965359725968191,1.2015290839140074,0.7987273850175758,0.2106666666666665,0.4900505986257577,0.5880607183509092,0.9464741205606022,0.9912013405684206
14769213000197,99865.97,4,4,0.44143028287319425,0.25,0.617086781413128,0.9999999999999999,2.2653633853372517,0.255240377164259,0.0,0.19143028287319425,0.255240377164259,0.48212075539298965,0.533998036085978
14769746000179,231335.50999999998,50,33,0.12184403404864542,0.0416,0.25936355382708,0.6300016802435562,8.207213490656068,0.0944016601126656,0.011649999999999997,0.08024403404864543,0.0827516601126656,0.6358430713289298,0.464973769684227
14772232000172,6200.0,1,1,1.0,1.0,1.0,1.0,1.0,,,0.0,,0.9713162251655629,0.5831539735099338
14773628000134,14698.91,1,1,1.0,1.0,1.0,1.0,1.0,,,0.0,,0.3965645695364238,0.3354718543046358
14773789000128,80383.73999999999,5,5,0.3033828060061314,0.20000000000000004,0.3881381980982721,0.9403461446307426,3.2961657028770115,0.1292285075076642,3.469446951953614e-17,0.10338280600613134,0.12922850750766418,0.9634213770938621,0.727283860311099
14773920000157,148260.0,5,5,0.2188565378990744,0.20000000000000004,0.28665857277755297,0.8920814784837447,4.569203230570839,0.02357067237384297,3.469446951953614e-17,0.01885653789907435,0.023570672373842937,0.44511673715318445,0.48088025845949883
14774687000127,54850.0,2,2,0.9163177273894412,0.5,0.9562443026435734,1.0,1.0913245156229454,0.8326354547788823,0.0,0.4163177273894412,0.8326354547788823,0.41937059681129146,0.5538850311203946
14779187000188,650232.06,4,4,0.4454503048530744,0.25,0.510586943375262,0.9999999999999998,2.244919330181705,0.2606004064707659,0.0,0.1954503048530744,0.2606004064707659,0.6599815439422548,0.8860902859806268
14779905000116,89421.0,3,3,0.5254488378877529,0.3333333333333333,0.673566611869695,1.0,1.903134858990061,0.2881732568316293,0.0,0.19211550455441956,0.2881732568316293,0.436379209281699,0.5772403330632366
14780006000133,158757.6,2,2,0.761193453661692,0.5,0.8613816913332024,1.0,1.3137264846269214,0.522386907323384,0.0,0.261193453661692,0.522386907323384,0.8464610927152318,0.8828433542119918
14781160000120,88603.6,3,2,0.5197365051430649,0.5555555555555556,0.5993390787733229,1.0,1.9240518803364326,0.03947301028612982,0.11111111111111116,-0.03581905041249067,-0.07163810082498134,0.6662051372817315,0.6004914503645808
14781187000112,70276.24,1,1,1.0,1.0,1.0,1.0,1.0,,,0.0,,0.9791183774834437,0.9978890728476821
14783346000118,9657.380000000001,2,2,0.77593885074058,0.5,0.8714423580722721,0.9999999999999999,1.2887613489717251,0.55187770148116,0.0,0.27593885074058,0.55187770148116,0.8464610927152316,0.2500587121331867
14783438000106,133468.55000000002,5,5,0.24102193410090417,0.20000000000000004,0.2847117916542886,0.9757515909178605,4.148999980978282,0.051277417626130195,3.469446951953614e-17,0.04102193410090413,0.05127741762613016,0.6607894858082759,0.6425020909445044
14784810000190,510470.02,19,18,0.40156144158874285,0.05817174515235456,0.6177177652861965,0.8036079964108372,2.4902789372495207,0.36635917344690416,0.0027700831024930705,0.3433896964363883,0.3635890903444111,0.7963614060714475,0.7474501729627686
14785598000186,30569332.0689,21,12,0.5071162829265843,0.12471655328798184,0.6322309563630402,0.9900081074944145,1.9719343150035886,0.46230867228354655,0.04514533085961656,0.38239972963860247,0.41716334142392997,0.7677215322003746,0.9913812756724121
14786920000191,23000.0,1,1,1.0,1.0,1.0,1.0,1.0,,,0.0,,0.8464610927152317,0.671771523178808
14787720000153,24000.0,1,1,1.0,1.0,1.0,1.0,1.0,,,0.0,,0.8464610927152317,0.6556498344370861
14787731000133,291453.6,5,2,0.6316131975270869,0.52,0.7565279687744465,1.0,1.583247474744406,0.2632263950541738,0.040000000000000036,0.11161319752708687,0.22322639505417374,0.8638245989156303,0.9381634456025644
14787874000145,243542.0,5,5,0.3491677726928122,0.20000000000000004,0.5099407905002012,0.9642772088592523,2.8639527419381037,0.1864597158660152,3.469446951953614e-17,0.14916777269281215,0.18645971586601517,0.5251791007015068,0.7109872066207654
14788544000174,81000.0,2,2,0.9061118731900626,0.5,0.9506172839506173,1.0,1.1036164844407064,0.8122237463801252,0.0,0.4061118731900626,0.8122237463801252,0.9599902399640259,0.9264154607145777
14788679000130,148746.72,5,5,0.6619925543410978,0.20000000000000004,0.8067404780421377,0.9745102278557807,1.5105910080746023,0.5774906929263722,3.469446951953614e-17,0.46199255434109776,0.5774906929263722,0.4615840096979608,0.6377887898506022
14792165000158,38938390.15,74,67,0.13461570177886287,0.01680058436815194,0.2927445114214615,0.6191235404733341,7.4285539263668445,0.12150381847248201,0.0019036235252451515,0.11781511741071093,0.11960019494723687,0.5024521280013196,0.9608261924873391
14795093000100,85400.0,1,1,1.0,1.0,1.0,1.0,1.0,,,0.0,,0.3965645695364238,0.6579677152317881
14795880000144,785304.3300000001,20,19,0.21770507121398966,0.055000000000000014,0.42021924162827423,0.7094864611277516,4.593370261995718,0.17424424183698908,0.002500000000000018,0.16270507121398964,0.17174424183698905,0.6234391363542952,0.710802468507286
14797046000198,153979.95,6,5,0.42086824401317646,0.22222222222222227,0.5195481619522542,0.9906189085007496,2.3760405167767713,0.27608530501647055,0.027777777777777818,0.1986460217909542,0.24830752723869273,0.6811360976404022,0.7871522129066907
14798445000173,491800.0,3,3,0.4101590608136927,0.3333333333333333,0.5587637250915006,1.0,2.4380785298663237,0.11523859122053905,0.0,0.07682572748035937,0.11523859122053905,0.880432966545384,0.8806542697591494
14798463000155,835886.2599999999,7,7,0.23445330515399196,0.14285714285714285,0.3194573386096812,0.8832959043973279,4.265241640945036,0.10686218934632395,0.0,0.09159616229684911,0.10686218934632395,0.9077448894458597,0.9104663797978729
14801428000148,79351.65,2,2,0.6312030478148448,0.5,0.7561279444094736,1.0000000000000002,1.5842762538328823,0.26240609562968964,0.0,0.13120304781484482,0.26240609562968964,0.8355005968684962,0.7433435826382309
14801752000166,181002.9,30,26,0.12540659036072674,0.04444444444444445,0.25657047483769596,0.5973834120889776,7.974062584139657,0.0904228539751558,0.006222222222222229,0.08096214591628229,0.08420063175293357,0.835255938066654,0.5794735304591311
14803073000126,702620.0,3,3,0.6642582963962628,0.3333333333333333,0.8028806467222681,1.0,1.5054384799184364,0.49638744459439416,0.0,0.33092496306292946,0.49638744459439416,0.855133634993603,0.9460846946367816
14803097000185,471612.3,6,6,0.3961310089276036,0.16666666666666669,0.5366908369438201,0.990200637260733,2.5244173706753634,0.27535721071312436,3.3306690738754695e-17,0.22946434226093693,0.2753572107131243,0.4080059050685915,0.7634239860167552
14804981000134,253849.08000000002,12,12,0.27404698294023117,0.08333333333333334,0.47705510691628267,0.8170602784930322,3.649009338731151,0.20805125411661585,1.5139404881252137e-17,0.19071364960689782,0.20805125411661582,0.6306552649594759,0.634257755840518
14805351000184,1609400.01,2,2,0.8729680343616371,0.5,0.9318379524553377,1.0,1.1455173163714474,0.7459360687232741,0.0,0.37296803436163706,0.7459360687232741,0.427230437739516,0.9431462982419269
14806879000178,961570.87,8,8,0.3545694076704887,0.125,0.5181010423079893,0.9547615247537605,2.8203222792681766,0.2623650373377014,0.0,0.22956940767048872,0.2623650373377014,0.6464346447353808,0.8924590307467611
14807623000185,2718276.4,8,8,0.6009960529182471,0.125,0.7648891039925153,0.9769890950015238,1.663904438547168,0.5439954890494253,0.0,0.4759960529182471,0.5439954890494253,0.8159843729193605,0.9460986635582218
14807948000168,37000.0,2,2,0.6932067202337473,0.5,0.8108108108108109,1.0,1.4425711275026343,0.3864134404674946,0.0,0.1932067202337473,0.3864134404674946,0.4816801279756578,0.49036323160909256
14808072000174,304196.4,4,4,0.4252866786676574,0.25,0.5128265817741432,0.9999999999999999,2.351355098007797,0.23371557155687653,0.0,0.1752866786676574,0.23371557155687653,0.9545071710751073,0.9122403676642645
14808407000154,6407354.59,10,8,0.3871315288427092,0.14,0.4851521788495243,0.9541696677036879,2.5831014151428056,0.29957889010595334,0.017142857142857158,0.24713152884270917,0.28243603296309616,0.6311388348120732,0.9650783526139627
14810479000136,256950.7,13,9,0.16277734554274567,0.13609467455621305,0.2315880050141914,0.7355757349561607,6.143361022786785,0.05812451373558889,0.028106508875739684,0.026682670986532625,0.030018004859849207,0.82139622773277,0.6910232725938147
14810888000132,474054.81999999995,4,4,0.30221381446991263,0.25,0.4018192241985853,1.0,3.308915582677828,0.06961841929321684,0.0,0.052213814469912634,0.06961841929321684,0.9196785634765234,0.9120407685061704
14812132000122,38849.0,4,4,0.45838852685900355,0.25,0.6177765193441273,1.0,2.1815554740260583,0.2778513691453381,0.0,0.20838852685900355,0.2778513691453381,0.9633018703848949,0.6729794896789216
14813434000115,121188.8,3,3,0.7504703899095643,0.3333333333333333,0.85816511096735,1.0,1.3324976087604274,0.6257055848643464,0.0,0.41713705657623096,0.6257055848643464,0.9051943421563314,0.8645412957068005
14813630000190,163215.0,17,11,0.2589910711341017,0.12802768166089967,0.4414422693992586,0.8488803112459026,3.8611369713290813,0.18489017824751186,0.04083044982698964,0.13096338947320202,0.14405972842052223,0.5945597223718441,0.5896554789593136
14814026000188,82843464.8,15,15,0.7665418388618435,0.06666666666666667,0.8691089897534078,0.9899674307200149,1.3045602331175996,0.7498662559234037,0.0,0.6998751721951768,0.7498662559234037,0.9019724590204344,0.9950773249217174
14814139000183,67827833.11,57,50,0.5708466700784266,0.02431517389966143,0.7422085844664543,0.9109396412501729,1.7517838894682762,0.5620884388555374,0.004403238673123909,0.5465314961787652,0.5576852001824135,0.8265644378742765,0.980270120968704
14817174000156,200400.0,2,2,0.5711570870235577,0.5,0.688622754491018,1.0,1.7508318161843177,0.14231417404711544,0.0,0.07115708702355772,0.14231417404711544,0.5366521096879089,0.7269295019233057
14823518000130,39082.34999999999,39,26,0.4612626077094329,0.054569362261669946,0.6666630844869871,0.8598175391193212,2.1679624215929043,0.43971311201781016,0.016752136752136743,0.406693245447763,0.42296097526567344,0.8380452224152741,0.6491555716848251
14827712000193,1600.0,1,1,1.0,1.0,1.0,1.0,1.0,,,0.0,,0.3965645695364238,0.08824503311258278
14828662000169,9450.0,1,1,1.0,1.0,1.0,1.0,1.0,,,0.0,,0.3965645695364238,0.2725579470198676
14829853000145,123308.6,5,5,0.33633361792404054,0.20000000000000004,0.42843727039314367,0.9774711577294689,2.9732383166818774,0.17041702240505066,3.469446951953614e-17,0.1363336179240405,0.17041702240505063,0.4083333044435233,0.5067994963382293
14829938000123,46800.0,1,1,1.0,1.0,1.0,1.0,1.0,,,0.0,,0.3965645695364238,0.5453849337748344
14830853000165,6494271.94,22,16,0.39849963081684736,0.0743801652892562,0.5020213043311519,0.9510235446038313,2.5094126133823336,0.3583996062046372,0.012672176308539947,0.3241194655275912,0.3457274298960972,0.4351067494469845,0.9564481920991508
14836800000151,277721.62,30,22,0.11663674532873357,0.055555555555555566,0.21244294916614703,0.5645941428686755,8.57362743774752,0.07457182843962563,0.010582010582010592,0.061081189773178,0.06398981785761504,0.42532530265485996,0.4650675733013579
14862038000188,308300.0,3,3,0.425432532668188,0.3333333333333333,0.545896853713915,1.0,2.350548966550098,0.13814879900228197,0.0,0.09209919933485466,0.13814879900228197,0.6605109492774948,0.8413903794145635
14870896000174,2852805.78,8,8,0.2822569124575058,0.125,0.3812646509710871,0.9376049637700888,3.5428716033679124,0.1797221856657209,0.0,0.15725691245750578,0.1797221856657209,0.45103819796858474,0.9129232399216122
14871353000171,513300.85000000003,34,8,0.36163196059269515,0.5536332179930797,0.5628278230982863,0.9085144706072471,2.7652423153115513,0.2704365263916516,0.489866534849234,-0.1920012574003846,-0.21943000845758237,0.48245476929800235,0.7330402551142362
14873172000184,51659.2,6,6,0.5082498881116996,0.16666666666666669,0.696874903211819,0.9344473007712082,1.9675360947255676,0.4098998657340395,3.3306690738754695e-17,0.3415832214450329,0.40989986573403947,0.5329394966696661,0.5054999127496212
14876872000122,311638.2,7,7,0.31678554555221955,0.14285714285714285,0.3675415914993733,0.9935341687893204,3.156709685906922,0.2029164698109228,0.0,0.1739284026950767,0.2029164698109228,0.9146297627121655,0.917958544834749
14878445000183,1110274.85,39,23,0.2137490112300628,0.0900723208415516,0.39287569199644573,0.7476552314951563,4.678384214482648,0.17801032992233837,0.04871197178889486,0.12367669038851119,0.1292983581334435,0.7900631515217673,0.7950503454812166
14883709000197,381397.5,4,4,0.3050951340833543,0.25,0.4311774461028192,1.0,3.2776661712565773,0.07346017877780575,0.0,0.055095134083354314,0.07346017877780575,0.7003984585064886,0.8443189933053368
14885482000119,4535.0,3,3,0.5688075959491836,0.3333333333333333,0.7056229327453142,0.9999999999999999,1.758063723342644,0.35321139392377543,0.0,0.2354742626158503,0.35321139392377543,0.5536978303409099,0.31351106095343795
14885499000176,2000.0,1,1,1.0,1.0,1.0,1.0,1.0,,,0.0,,0.3965645695364238,0.10432533112582781
14901848000104,86823.67,10,4,0.38240194206874306,0.42000000000000004,0.5186373715831178,1.0,2.6150494806332167,0.17653592275832408,0.2266666666666667,-0.03759805793125698,-0.05013074390834263,0.5034200724255531,0.5144284854724326
14914258000108,354370.17,17,16,0.0696816136514641,0.06574394463667821,0.08848374568322159,0.34088648037164077,14.350987980873041,0.007660387894895034,0.003460207612456756,0.003937669014785886,0.004200180282438278,0.6581882413321897,0.5142879864845942
14929918000124,72000.0,1,1,1.0,1.0,1.0,1.0,1.0,,,0.0,,0.8464610927152317,0.7860099337748344
14946241000132,1310667.3502,5,5,0.763711653253831,0.20000000000000004,0.8682464700340256,0.9968870819896618,1.309394711655179,0.7046395665672885,3.469446951953614e-17,0.5637116532538309,0.7046395665672885,0.4147226523636006,0.9148662824878023
14946265000191,133850.0,4,4,0.40303717565855535,0.25,0.5715353007097497,1.0,2.4811606978091247,0.20404956754474046,0.0,0.15303717565855535,0.20404956754474046,0.6884596557132502,0.6074668905095404
14947421000139,318720.0,2,2,0.7337467339236465,0.5,0.8418674698795181,1.0,1.3628680766353636,0.46749346784729306,0.0,0.23374673392364653,0.46749346784729306,0.3965645695364238,0.7827270692870821
14963960000161,19400.0,1,1,1.0,1.0,1.0,1.0,1.0,,,0.0,,0.3965645695364238,0.381601821192053
14969199000175,5375186.45,114,33,0.3476332603446064,0.07079101261926746,0.5565037283497394,0.8788469821358477,2.8765947165375,0.32724679973037535,0.041753231763619565,0.27684224772533894,0.2854935679667558,0.9052829642279785,0.9409616676989135
14986862000140,1872897.85,364,120,0.11502337361821674,0.021993116773336555,0.3230085399478674,0.4296006213045735,8.69388515171864,0.10758659524526058,0.013774571536137701,0.09303025684488019,0.09381202370912288,0.6259490615855775,0.7350153736319018
14994916000119,674007.01,47,35,0.17190492977496383,0.041195110909913984,0.38619776372949,0.5688672288438068,5.817168834594059,0.14754919241540393,0.01299496711314675,0.13070981886504984,0.1345542253022572,0.7730727266284305,0.676859117678438
14998789000126,25638.04,2,2,0.6015514522204739,0.5,0.7253346979722318,1.0,1.662368191962225,0.2031029044409478,0.0,0.1015514522204739,0.2031029044409478,0.9701750771031963,0.8678644778235726
14999490000196,299443.97,14,11,0.28336944100347583,0.11224489795918367,0.48578704056054295,0.8145727896941788,3.5289620378922013,0.21170638510382342,0.023469387755102038,0.17112454304429214,0.18823699734872137,0.8710681275199268,0.7201859639952672
15003550000131,456800.0,3,3,0.6741494934686129,0.3333333333333333,0.8099824868651488,1.0,1.4833505174866057,0.5112242402029192,0.0,0.34081616013527954,0.5112242402029192,0.44088449848354805,0.8165766968024031
15043792000159,60000.0,1,1,1.0,1.0,1.0,1.0,1.0,,,0.0,,0.9966887417218543,0.9962748344370861
15056310000103,340390.3,2,2,0.8941027444754956,0.5,0.9439046882358282,1.0,1.1184396940718782,0.7882054889509913,0.0,0.39410274447549565,0.7882054889509913,0.3965645695364239,0.8210729709050024
15071063000106,95560.0,6,6,0.24258290360748935,0.16666666666666669,0.3735872750104646,0.9162829635830891,4.12230204655332,0.09109948432898723,3.3306690738754695e-17,0.07591623694082267,0.0910994843289872,0.8336064041453793,0.6964734804803473
15083237000150,1049972.7,2,2,0.9101569633248676,0.5,0.9528559171109877,1.0,1.0987115852489107,0.8203139266497352,0.0,0.4101569633248676,0.8203139266497352,0.914415179850258,0.9648997522114383
15111217000146,174046.28999999998,25,5,0.32395828887835354,0.3632,0.4328503641186492,0.9759206588086424,3.086817143843788,0.1549478610979419,0.20400000000000001,-0.03924171112164648,-0.04905213890205812,0.7254140481803368,0.6582595242719929
15114696000154,34800.0,2,2,0.5719381688466112,0.5,0.6896551724137931,1.0,1.7484407484407485,0.1438763376932224,0.0,0.0719381688466112,0.1438763376932224,0.5361876284539849,0.4386311087006166
15127231000138,1712500.48,4,4,0.7981795192781005,0.25,0.8899270381518375,1.0,1.2528509888407466,0.730906025704134,0.0,0.5481795192781005,0.730906025704134,0.4535182406709447,0.9350399390643601
15163648000156,463352.79000000004,32,23,0.1709694769445533,0.068359375,0.26675138828882416,0.7487179693036919,5.848997247177095,0.13328627135112392,0.026012073863636364,0.1026101019445533,0.10727419748748755,0.48110539888227977,0.6022115964497542
15171474000173,267851.64,4,4,0.2885284114235795,0.25,0.3609126305890828,1.0,3.4658631885368525,0.05137121523143932,0.0,0.03852841142357949,0.05137121523143932,0.4419150707535447,0.6432161827736562
15183636000193,1224806.57,16,14,0.2687036506217967,0.078125,0.48021443908485895,0.7768051734079121,3.7215720653066633,0.2124500852850118,0.007211538461538465,0.19057865062179669,0.20523854682347334,0.4210467291175337,0.7681795722813198
15196311000145,643299.34,17,17,0.07444514183596998,0.058823529411764705,0.09720202728639517,0.38279224722972666,13.432709983995567,0.016597963200718106,0.0,0.015621612424205275,0.016597963200718106,0.8027674056585394,0.6755564494252602
15224648000119,50755.75,10,10,0.1981584857946228,0.10000000000000003,0.33099698063766175,0.7652886618757481,5.0464656912872705,0.10906498421624755,3.0839528461809905e-17,0.09815848579462277,0.10906498421624752,0.49179412562397506,0.31225853199094367
15228530000169,35860.0,2,2,0.5038336170687954,0.5,0.5437813720022309,1.0,1.9847822100831676,0.007667234137590739,0.0,0.0038336170687953697,0.007667234137590739,0.9399359586397432,0.596337347595321
15235606000183,24010.0,1,1,1.0,1.0,1.0,1.0,1.0,,,0.0,,0.3965645695364238,0.41926738410596026
15245503000102,280818.39,13,11,0.15903586951492615,0.10059171597633138,0.29912570896799173,0.6804219623935598,6.287889663194163,0.07493945646641877,0.01065088757396451,0.05844415353859478,0.06428856889245425,0.5760484151289069,0.577409478323964
15264361000112,5820.0,1,1,1.0,1.0,1.0,1.0,1.0,,,0.0,,0.3965645695364238,0.20774006622516555
15276747000144,68916.11,4,4,0.5357069383312618,0.25,0.6948273778075983,1.0,1.8666922685657585,0.38094258444168244,0.0,0.2857069383312618,0.38094258444168244,0.4938291754195141,0.4957329098802945
15279770000192,470796.04,4,3,0.7246699474567,0.375,0.8411285702403105,1.0000000000000002,1.3799385547994611,0.58700492118505,0.06250000000000001,0.3496699474567,0.52450492118505,0.4108375707835448,0.8232604702026249
15282487000110,159436.44,7,7,0.365909290422798,0.14285714285714285,0.5644882688047977,0.9138365733705544,2.7329177645217144,0.26022750549326434,0.0,0.22305214756565517,0.26022750549326434,0.8685357901444106,0.7686770442837981
15283041000100,328751.0,3,3,0.8236627589067922,0.3333333333333333,0.9044383134956243,0.9999999999999999,1.2140891271170882,0.7354941383601883,0.0,0.4903294255734589,0.7354941383601883,0.3965645695364238,0.793165256103469
15316822000153,405146.54999999993,5,5,0.4249081926188384,0.20000000000000004,0.5862076327689326,0.9917875149128136,2.353449562449469,0.28113524077354796,3.469446951953614e-17,0.22490819261883835,0.2811352407735479,0.3965645695364238,0.7324995317776357
15345471000109,61382.03,5,5,0.6376623128188912,0.20000000000000004,0.7819878228204574,0.9918542935122869,1.5682281670047826,0.5470778910236139,3.469446951953614e-17,0.4376623128188911,0.5470778910236139,0.48992278468905126,0.4955367694774116
15354635000164,4020.0,1,1,1.0,1.0,1.0,1.0,1.0,,,0.0,,0.3965645695364238,0.16804635761589404
15358498000136,115317.56000000001,11,9,0.26271237023931987,0.12396694214876033,0.4162418975913122,0.9182044781384552,3.8064442838722905,0.17055141651923486,0.014462809917355383,0.13874542809055954,0.15608860660187948,0.7385430407324926,0.641404301376808
15359437000193,711300.0,2,2,0.5308558479632549,0.5,0.6242091944327288,1.0,1.8837505583421934,0.061711695926509824,0.0,0.030855847963254912,0.061711695926509824,0.5656315464037025,0.8676347197510761
15372714000106,224614.5,22,17,0.21924102611786064,0.06611570247933884,0.3764850443760309,0.7726304401541306,4.561190109840187,0.17044359025022696,0.0077479338842975235,0.1531253236385218,0.16269565636592942,0.9200860502537762,0.77384185845295
15391224000149,42278.24,3,3,0.5457028325594319,0.3333333333333333,0.7095848833820897,1.0,1.8324991924814522,0.3185542488391478,0.0,0.21236949922609855,0.3185542488391478,0.7158043414702658,0.5350813957457589
15401357000159,119626.0,1,1,1.0,1.0,1.0,1.0,1.0,,,0.0,,0.3965645695364238,0.7067466887417219
15402029000177,5651.66,1,1,1.0,1.0,1.0,1.0,1.0,,,0.0,,0.9979304635761589,0.9662665562913907
15404969000103,241353.0,9,9,0.129846488781671,0.1111111111111111,0.18846701719058806,0.6063856674663253,7.701401935337962,0.021077299879379868,0.0,0.018735377670559883,0.021077299879379868,0.4711269778228438,0.4837325782578418
15408168000108,452770.87000000005,214,93,0.20235542322449857,0.018167525548082805,0.3331674584100342,0.7186074492822385,4.941799849320436,0.1936853734769388,0.007495433434475009,0.18418789767641575,0.18618994004246378,0.9854684766911971,0.9330414506580631
15424832000102,83050.0,3,3,0.8097444616935389,0.3333333333333333,0.8946417820590006,1.0,1.2349575048757375,0.7146166925403082,0.0,0.47641112836020555,0.7146166925403082,0.9244317309647504,0.7585409680994852
15427697000159,47400.0,1,1,1.0,1.0,1.0,1.0,1.0,,,0.0,,0.8464610927152317,0.7978890728476821
15442776000139,328590.33999999997,62,42,0.43136631520371843,0.029656607700312178,0.6431911540674019,0.8292464410244075,2.3182153189864554,0.41749720094039455,0.00598969569300272,0.40170970750340623,0.4115075052473918,0.539437993649283,0.7669639780014682
15452783000111,2500.0,1,1,1.0,1.0,1.0,1.0,1.0,,,0.0,,0.3965645695364238,0.12338576158940397
15452981000185,138718.76,5,5,0.6482856133657785,0.20000000000000004,0.7982157568305829,0.9675602636586427,1.5425299889167456,0.560357016707223,3.469446951953614e-17,0.44828561336577843,0.560357016707223,0.42138640055052234,0.6284334003006137
15462287000149,1739755.63,33,28,0.1674238270159837,0.03948576675849402,0.3165617001049739,0.7198942072111587,5.97286549843668,0.13658767246102013,0.003911165527327137,0.1279380602574897,0.13267650693369298,0.7505357499563875,0.8919941854458636
15470555000174,143785.48,11,11,0.4768083957350013,0.09090909090909091,0.6744770056058511,0.9168630935474151,2.0972785063033497,0.42448923530850147,0.0,0.3858993048259104,0.42448923530850147,0.8367134302922651,0.7897367716344694
15487793000192,816155.89,9,9,0.26241466680185244,0.1111111111111111,0.4361878586699901,0.8356931541595565,3.8107626078503203,0.170216500152084,0.0,0.15130355569074133,0.170216500152084,0.3965645695364238,0.7308908995778136
15491716000106,250000.0,2,2,0.52,0.5,0.6,1.0,1.923076923076923,0.040000000000000036,0.0,0.020000000000000018,0.040000000000000036,0.576523178807947,0.7614486754966887
15513690000150,5719826.220000001,83,76,0.1221022006687381,0.014951371752068511,0.301910046490888,0.5373316114488528,8.189860580097069,0.11039689667765461,0.0018173900420960923,0.10715082891666959,0.10857950663555851,0.45864595113263884,0.8120245798126603
15527565000107,54432.9,2,2,0.8755574661671941,0.5,0.9333344356078768,0.9999999999999999,1.142129487373982,0.7511149323343882,0.0,0.3755574661671941,0.7511149323343882,0.43131151157317094,0.5747183697666094
15536539000137,18059.0,1,1,1.0,1.0,1.0,1.0,1.0,,,0.0,,0.3965645695364238,0.3722682119205298
15537199000169,458163.0,5,5,0.38740834037996197,0.20000000000000004,0.43652586524883064,0.9825389653900467,2.581255733986576,0.23426042547495243,3.469446951953614e-17,0.18740834037996193,0.2342604254749524,0.3965645695364238,0.738155810008217
15553985000150,769756.6799999999,19,16,0.2506657036447687,0.07479224376731301,0.34678490870647594,0.8722236746292349,3.989377028686587,0.20071008388775327,0.01311172668513388,0.17587345987745567,0.1875983572026194,0.455750225306608,0.7590615396914897
15554850000109,96000.0,1,1,1.0,1.0,1.0,1.0,1.0,,,0.0,,0.3965645695364238,0.6754759933774834
15563047000130,28100.0,3,3,0.6203188916047162,0.3333333333333333,0.7651245551601423,1.0,1.6120740695371676,0.4304783374070743,0.0,0.2869855582713829,0.4304783374070743,0.5062949258796634,0.4311340765006717
15587945000129,14307.39,1,1,1.0,1.0,1.0,1.0,1.0,,,0.0,,0.991328642384106,0.9663493377483444
15609665000174,961246.01,9,9,0.1795039318587032,0.1111111111111111,0.2288696106005163,0.8114468012200123,5.570908612671234,0.07694192334104111,0.0,0.06839282074759209,0.07694192334104111,0.602908789313232,0.7911847193069629
15635811000136,7614.0,1,1,1.0,1.0,1.0,1.0,1.0,,,0.0,,0.9447433774834437,0.6052152317880795
15659732000165,435000.0,2,2,0.5719381688466112,0.5,0.6896551724137931,1.0,1.7484407484407485,0.1438763376932224,0.0,0.0719381688466112,0.1438763376932224,0.5778195649691711,0.8702200844941768
15700983000146,699887.1300000001,3,3,0.45063974913777755,0.3333333333333333,0.6000424096954033,1.0,2.219067452246123,0.17595962370666632,0.0,0.11730641580444423,0.17595962370666632,0.3965645695364239,0.8211364275001595
15710935000139,158462.85,6,5,0.2510136593678165,0.22222222222222227,0.2902888595024007,0.9273324946509542,3.9838469448974303,0.06376707420977061,0.027777777777777818,0.028791437145594234,0.03598929643199279,0.629508257283012,0.6530527576760439
15826265000110,13388.0,1,1,1.0,1.0,1.0,1.0,1.0,,,0.0,,0.9854718543046358,0.9420115894039736
15913253000123,414370.6,28,23,0.25558765452740767,0.053571428571428575,0.4778331281225068,0.7171925807477654,3.9125520434429513,0.22175072973319893,0.010551948051948057,0.2020162259559791,0.21119878168125086,0.752673195569145,0.6449342523669017
16098402000100,1159846.57,22,21,0.24476827401699522,0.049586776859504134,0.3712896956706955,0.7808240446837723,4.085496799027827,0.207006687717845,0.0020661157024793432,0.19518149715749109,0.20494057201536567,0.4257875539424361,0.7642106823563118
16176067000111,5064581.08,38,38,0.06299518669965487,0.02631578947368421,0.1232875908465069,0.40489034879860186,15.874228689371892,0.037670732286132026,0.0,0.03667939722597066,0.037670732286132026,0.4482943223291616,0.8062429945417111
16236457000130,1173101.87,11,9,0.5430753607007291,0.14049586776859505,0.7229339000201236,0.9304349757792134,1.8413650707881533,0.4859597807883203,0.033057851239669436,0.40257949293213413,0.4529019295486509,0.3965645695364238,0.833675807310933
16247298000179,1430708.7,5,5,0.40790153677840185,0.20000000000000004,0.5243196605989745,0.9664501935299618,2.4515720335303954,0.2598769209730023,3.469446951953614e-17,0.2079015367784018,0.25987692097300225,0.3965645695364238,0.8690802890614804
16367186000151,500.0,1,1,1.0,1.0,1.0,1.0,1.0,,,0.0,,0.8464610927152317,0.20194536423841059
16501189000136,214751.91,53,44,0.17771283248932807,0.025275898896404407,0.3311815014823384,0.6936928290882256,5.627055660485585,0.15858987510535894,0.002607896545157997,0.15243693359292365,0.15598197856020093,0.45194239851645895,0.5047019768471072
16571776000100,4415.0,2,2,0.5354147615267113,0.5,0.6330690826727067,1.0,1.867710925915723,0.0708295230534226,0.0,0.0354147615267113,0.0708295230534226,0.5616455134887837,0.2031315390788477
16673998000125,194056575.53,26,26,0.28398517666479994,0.038461538461538464,0.4278509178740221,0.9252589106017808,3.521310554812315,0.2553445837313919,0.0,0.24552363820326148,0.2553445837313919,0.4395868554239633,0.9950795260656947
16692121000181,108598678.73999998,232,180,0.14849380985396524,0.006837098692033292,0.29643661648106717,0.6664653245301537,6.734287449311457,0.14373679203192033,0.0012887025953407399,0.14165671116193196,0.14244808943657958,0.48671814050573736,0.9641233716551788
16708223000148,5059433.98,5,4,0.9693452472115222,0.28,0.9844579491874306,0.9999999999999999,1.031624184341607,0.9591269962820296,0.040000000000000036,0.6893452472115221,0.9191269962820295,0.39770490383936513,0.9795049854528004
16779440000129,131400.0,5,4,0.2920822242145817,0.28,0.395738203957382,0.9999999999999999,3.4236934571729982,0.056109632286108914,0.040000000000000036,0.01208222421458166,0.01610963228610888,0.6460659908071003,0.5661486840646326
16837343000145,396616.81,3,3,0.7413450053335529,0.3333333333333333,0.8547716623508721,1.0,1.348899625418088,0.6120175080003293,0.0,0.40801167200021954,0.6120175080003293,0.9930832610657492,0.9718694255015905
16881151000136,12000.0,1,1,1.0,1.0,1.0,1.0,1.0,,,0.0,,0.3965645695364238,0.30616721854304635
16969845000120,0.01,1,1,1.0,1.0,1.0,1.0,1.0,,,0.0,,0.9585264900662251,0.9847682119205298
16971584000182,100000.0,1,1,1.0,1.0,1.0,1.0,1.0,,,0.0,,0.9770695364238411,0.9995447019867549
16978926000196,163056.0,9,9,0.13096046486737792,0.1111111111111111,0.16926700029437738,0.6142061623000686,7.635892259642541,0.022330522975800165,0.0,0.019849353756266813,0.022330522975800165,0.5060775513235286,0.4444997518119968
17058108000138,6219858.98,48,43,0.09479869167895859,0.026041666666666668,0.2282918076705334,0.4990299185207572,10.548668787398032,0.07324627957607666,0.0028521825396825413,0.06875702501229192,0.07039409703639411,0.5866728129653997,0.8755692911705298
17228178000197,3057652.03,6,5,0.27082462856609674,0.22222222222222227,0.36546023191527127,0.9536672326968482,3.6924263693984636,0.08853078570762091,0.027777777777777818,0.04860240634387447,0.06075300792984309,0.8918615167709749,0.9602086854448271
17256349000191,62870.0,3,3,0.4405835759920168,0.3333333333333333,0.5407984730396055,1.0,2.269716926574947,0.1608753639880252,0.0,0.10725024265868349,0.1608753639880252,0.6398679222973506,0.5380043618599085
17257474000116,996143.62,23,21,0.05922299116273589,0.05103969754253306,0.11805034699715289,0.341131482626973,16.88533423197336,0.012184140720872687,0.003591682419659718,0.008183293620202828,0.008592458301212968,0.5882069633663652,0.6454369618020954
17263702000160,86471.5,2,2,0.5180388286835893,0.5,0.5949705972488045,1.0,1.930357233146293,0.036077657367178606,0.0,0.018038828683589303,0.036077657367178606,0.6076710577046536,0.6580855148538203
17323405000163,302289.8,10,8,0.14652134877103398,0.14,0.2066189464546935,0.671143386247237,6.824943998861765,0.02459582716689598,0.017142857142857158,0.006521348771033969,0.007452970024038823,0.692442384840092,0.6266821288622739
17329329000101,17458.8,2,2,0.7832769739453472,0.5,0.8763488899580728,1.0,1.2766875999980238,0.5665539478906945,0.0,0.28327697394534723,0.5665539478906945,0.9002475449485844,0.6191092848374005
17380002000156,216600.0,3,3,0.45786856215720323,0.3333333333333333,0.6214219759926131,1.0,2.184032892078454,0.18680284323580484,0.0,0.12453522882386991,0.18680284323580484,0.4838021225073838,0.6821117144551864
17380242000150,353920.26,8,8,0.4352844665752789,0.125,0.6281083202187974,0.955865764791199,2.29734823268052,0.3546108189431759,0.0,0.3102844665752789,0.3546108189431759,0.5140818769707471,0.7484043632043852
17387125000119,175095958.82999998,15,15,0.9875351136819025,0.06666666666666667,0.9937408102544272,0.9990590369355129,1.0126222208662776,0.9866447646591813,0.0,0.9208684470152358,0.9866447646591813,0.8449173921510471,0.998768400798766
17387148000123,1049002.5,2,2,0.5621083405017724,0.5,0.6762219346474388,1.0,1.7790164776906505,0.12421668100354477,0.0,0.062108340501772386,0.12421668100354477,0.3965645695364238,0.8942911800387283
17391027000155,231383.93,14,14,0.3179455841826158,0.07142857142857142,0.5065174578027092,0.8662574362878184,3.1451922899663174,0.2654798598889709,0.0,0.2465170127540444,0.2654798598889709,0.4571448749703577,0.5912757169426229
17416579000170,543.8,2,2,0.610981310465455,0.5,0.7355645457888931,1.0000000000000002,1.6367112755677986,0.22196262093091002,0.0,0.11098131046545501,0.22196262093091002,0.727492501260446,0.2250220425799318
17419847000108,53295.0,3,3,0.4668144044321329,0.3333333333333333,0.631578947368421,1.0,2.1421789698552103,0.20022160664819935,0.0,0.1334810710987996,0.20022160664819935,0.8774570843499477,0.8359441443011502
17444886000165,36727.5,18,13,0.22262864766860405,0.09259259259259259,0.30686787829283235,0.8527122728200939,4.49178490940914,0.15784770164098771,0.016975308641975297,0.13003605507601146,0.1408723929990124,0.8132956184204773,0.4890338195300001
17455641000133,87416.28,10,7,0.48818177776582805,0.22000000000000008,0.6808260429293034,0.9163084953969672,2.0484173018020386,0.40287874072679936,0.09000000000000011,0.26818177776582797,0.3128787407267992,0.9353700290257966,0.7110624126337212
17467454000170,1922818.6,5,5,0.4064610011630483,0.20000000000000004,0.5920527292590159,0.9594345509243565,2.4602606329724086,0.2580762514538103,3.469446951953614e-17,0.20646100116304825,0.25807625145381025,0.5651037621204097,0.9113617722458641
17470036000131,99200.0,18,18,0.06532908428720083,0.05555555555555555,0.0967741935483871,0.3387096774193548,15.307117969138876,0.01034844218644794,0.0,0.009773528731645276,0.01034844218644794,0.43218396176030766,0.25928045222708823
17470060000170,50000.0,1,1,1.0,1.0,1.0,1.0,1.0,,,0.0,,0.9966887417218543,0.9962748344370861
17509587000161,4006464.92,12,9,0.6552163143804739,0.13888888888888887,0.8012050683324091,0.9757230072040665,1.5262135237666192,0.6121183536780331,0.031249999999999983,0.5163274254915851,0.5808683536780331,0.44912987262790793,0.9495649901529519
17514791000170,70612.8,3,3,0.3555023763972677,0.3333333333333333,0.42485215145129496,1.0,2.812920718376626,0.03325356459590161,0.0,0.022169043063934413,0.03325356459590161,0.8620274307620417,0.6151236786816731
17526493000109,3000000.0,1,1,1.0,1.0,1.0,1.0,1.0,,,0.0,,0.9177773178807948,0.9805049668874172
17526555000174,3468683.68,27,23,0.07758553130245989,0.05075445816186556,0.11539126277435593,0.4469291330710213,12.889001121892099,0.03565760090711716,0.007606933532859448,0.026831073140594332,0.02805066737425771,0.5764607062287064,0.8330205970400579
17527365000171,837289.47,13,10,0.4514862606280354,0.14792899408284027,0.6005091644112042,0.9663444113300506,2.2149068248698423,0.39054028958670595,0.053254437869822514,0.3035572665451951,0.3372858517168834,0.931642036872256,0.9046934869958874
17527397000177,21984663.67,20,15,0.5092173301314847,0.08500000000000002,0.6643494855884688,0.9571504079325313,1.9637980501209387,0.4741614251408765,0.019642857142857163,0.4242173301314847,0.4545185679980193,0.801429756822922,0.9878210440167248
17544962000104,192616.05,7,4,0.49974947065039566,0.38775510204081637,0.6562277650278884,0.9999999999999999,2.0010026197697752,0.33299929420052754,0.18367346938775517,0.11199436860957929,0.14932582481277237,0.8272812160970814,0.7991356753173405
17553390000120,35358.65,8,1,1.0,1.0,1.0,1.0,1.0,,,0.0,,0.3965645695364238,0.4900248344370861
17566547000151,4344.78,3,2,0.817169961816459,0.5555555555555556,0.8982272980450103,1.0,1.2237356323978605,0.6343399236329179,0.11111111111111116,0.2616144062609034,0.5232288125218068,0.44235175430048673,0.15547124845468058
17572121000100,119490516.45000002,11,11,0.19832214839930115,0.09090909090909091,0.332033339370507,0.7916577365332829,5.042301165407927,0.11815436323923127,0.0,0.10741305749021024,0.11815436323923127,0.39668774461130446,0.9940523015485249
17577524000142,9690000.0,3,3,0.8671326285117273,0.3333333333333333,0.9294117647058824,1.0,1.1532261238010555,0.800698942767591,0.0,0.5337992951783941,0.800698942767591,0.8147036910790806,0.9835458142824924
17590743000161,5414.0,1,1,1.0,1.0,1.0,1.0,1.0,,,0.0,,0.3965645695364238,0.2004139072847682
17590843000198,20632071.96,10,9,0.3814890588000183,0.12000000000000002,0.537052929607948,0.9348354991875473,2.621307156607638,0.3041751911500206,0.010000000000000033,0.26148905880001827,0.2941751911500206,0.4670412513531652,0.9819046514506321
17688751000145,316000.0,2,2,0.8596378785451051,0.5,0.9240506329113924,1.0,1.1632805219012115,0.7192757570902102,0.0,0.3596378785451051,0.7192757570902102,0.3965645695364238,0.8043806060860089
17701982000141,1870884.46,10,10,0.19503842166930374,0.10000000000000003,0.2655717178814987,0.8311071865977228,5.127194895452672,0.10559824629922637,3.0839528461809905e-17,0.09503842166930371,0.10559824629922634,0.7567852090947996,0.8663237393167975
17710115000172,659018.7684,309,112,0.08304098062637646,0.02254898880405527,0.22889867061940872,0.4712827468541638,12.04224700210691,0.07478008855994743,0.013743123838326038,0.06049199182232119,0.061036964721621394,0.9923843132062067,0.9426298094076988
17714486000122,1073613.15,25,24,0.37889150298374835,0.0432,0.6054322266823949,0.7459352747309401,2.6392779783264038,0.35188678572217214,0.0016000000000000046,0.33569150298374834,0.35028678572217214,0.8978213336632079,0.830029132238696
17718435000179,81008.0,9,5,0.23934052901335237,0.2839506172839506,0.3772466916847719,0.84754592139048,4.178147362347527,0.04917566126669045,0.10493827160493824,-0.04461008827059823,-0.05576261033824779,0.7108831202531055,0.6485533562808121
17718490000169,2142092.52,24,9,0.22953440537347305,0.17361111111111113,0.30619078955562573,0.9345578033202787,4.356645350717294,0.1332262060451572,0.07031250000000004,0.05592329426236192,0.06291370604515716,0.5405478689214335,0.9031169509728919
17718507000188,182828.2,6,5,0.47726221632712623,0.22222222222222227,0.6563538885139163,0.993440836807451,2.0952842395438602,0.34657777040890775,0.027777777777777818,0.25503999410490397,0.3187999926311299,0.8665369291547694,0.7615082408979744
17726399000195,145428.97,7,7,0.27869467077388826,0.14285714285714285,0.4455783465976552,0.8943231874639558,3.5881561610890085,0.15847711590286964,0.0,0.13583752791674542,0.15847711590286964,0.6504298816604605,0.6081347305726679
17736850000155,45511.2,1,1,1.0,1.0,1.0,1.0,1.0,,,0.0,,0.9663079470198676,0.9058774834437087
17746425000147,32032.8,1,1,1.0,1.0,1.0,1.0,1.0,,,0.0,,0.9806084437086092,0.9382864238410596
17756464000125,321217.326,354,129,0.029205056076848014,0.02596635704937917,0.09942608139387848,0.24609603406013036,34.24064646096465,0.02162072057744839,0.018356719213827446,0.0032386990274688443,0.003264001363620945,0.9938378345219817,0.8769129042556709
17799033000146,4103925.7588,1361,277,0.03126723277576957,0.013015562637361453,0.10112268700527059,0.26172301915960283,31.98236336331453,0.027757331445247002,0.009439532067206966,0.01825167013840812,0.018317799378040036,0.7557373551191052,0.859739569439415
17805731000107,1000.0,1,1,1.0,1.0,1.0,1.0,1.0,,,0.0,,0.9177773178807948,0.171523178807947
17808462000132,943477.48,6,6,0.39608778793933985,0.16666666666666669,0.4445257135337242,0.9993810133125807,2.524692834390411,0.2753053455272078,3.3306690738754695e-17,0.22942112127267317,0.27530534552720776,0.6027329377022592,0.8581805166002331
17819061000188,6054981.749999999,41,34,0.14149582044347242,0.03509815585960738,0.26549026014818294,0.6650794149792442,7.067346560950187,0.11548054227509279,0.005858706037171237,0.10639766458386504,0.10962183623792154,0.5259548735393471,0.8770173376926637
17827393000104,73800.0,2,2,0.6311719214753124,0.5,0.7560975609756098,1.0,1.5843543826578697,0.26234384295062485,0.0,0.13117192147531243,0.26234384295062485,0.3965645695364238,0.5303717089323211
17844908000184,60504.75,9,7,0.20140346767441794,0.18518518518518517,0.24058111140034458,0.8550783202971668,4.965157807593295,0.06830404562015427,0.049382716049382706,0.016218282489232766,0.018921329570771563,0.4640898093484751,0.3583721270830113
17851361000144,11961280.02,77,72,0.06827378629116362,0.01467363805026143,0.1854734607241475,0.4375526692167517,14.646909953629239,0.055150881872729304,0.0007958019664622957,0.053600148240902194,0.054355079906267006,0.6815352314936214,0.8620825676203189
17859691000186,30000.0,1,1,1.0,1.0,1.0,1.0,1.0,,,0.0,,0.8464610927152317,0.8183567880794702
17901209000129,11111700.16,9,8,0.5892809312385628,0.13580246913580246,0.7334611087993936,0.9972281253492715,1.6969834708518046,0.5306067785583576,0.01234567901234567,0.4534784621027604,0.518261099546012,0.7469528186674452,0.9860366601140629
17926123000150,60779439.84,2,2,0.7407675860204623,0.5,0.8469636767879761,1.0,1.3499510762507592,0.48153517204092466,0.0,0.24076758602046233,0.48153517204092466,0.3965645695364238,0.997967799792766
17931344000117,2988.0,1,1,1.0,1.0,1.0,1.0,1.0,,,0.0,,0.3965645695364238,0.1367135761589404
17932766000107,1463037.355,600,150,0.031089791518133188,0.019805555555555555,0.07850820801496214,0.26294841255095636,32.16489886774403,0.02458703844107368,0.013227069351230424,0.011284235962577632,0.011359969089843255,0.9893355656725288,0.9310485665527505
17951023000184,60000.0,1,1,1.0,1.0,1.0,1.0,1.0,,,0.0,,0.9713162251655629,0.8834023178807947
17977824000119,319163.44,7,6,0.26951687413274855,0.18367346938775508,0.39164886805330834,0.9758430978184719,3.710342824425373,0.12342024895929826,0.02040816326530611,0.08584340474499347,0.10301208569399214,0.7731612969007622,0.7105097613605241
18009906000132,34293.5,9,7,0.2717141959058127,0.16049382716049382,0.4374006735970373,0.9072465627597066,3.6803377043525582,0.15033322855678147,0.020576131687242795,0.11122036874531888,0.12975709686953868,0.8025368007974018,0.614495684578884
18065135000109,58110.0,1,1,1.0,1.0,1.0,1.0,1.0,,,0.0,,0.8464610927152317,0.6445778145695364
18070772000165,11154540.839999998,131,52,0.40610255166547327,0.0549501777285706,0.5992392870202625,0.8787213755003832,2.4624322006815396,0.39445750365891397,0.03641978905658179,0.3511523739369027,0.3580377146023322,0.47569839795804,0.9510894358517357
18072138000161,4236.15,1,1,1.0,1.0,1.0,1.0,1.0,,,0.0,,0.9928600993377483,0.882864238410596
18091059000106,639008.13,81,55,0.05195886126924049,0.025453436976070713,0.10680615284190516,0.3614547439326007,19.2459953042119,0.03440254388533754,0.007406278401553505,0.02650542429316978,0.026996265483784036,0.7198518866633463,0.5720854663216167
18097936000148,241598.45,57,27,0.07514181771094132,0.09325946445060018,0.14302492420791604,0.4385030615883504,13.30816887936943,0.03957034916136214,0.05838482846793096,-0.018117646739658863,-0.01881447930656882,0.6492090940342449,0.4950618499164914
18123264000106,244014.35,8,6,0.20538874788035272,0.1875,0.2921959302803298,0.8376351636696776,4.868815893373772,0.04646649745642327,0.02500000000000001,0.017888747880352718,0.02146649745642326,0.3965645695364238,0.5445915321514645
18137082000186,3295716.24,73,47,0.06133565484581102,0.034340401576280745,0.16400046625373305,0.3900708848647722,16.30373071770173,0.0409299082120243,0.01334780161054772,0.026995253269530277,0.027582106601476582,0.40136629063448004,0.7069591239370966
18148649000110,90471.76999999999,7,7,0.4787574998167193,0.14285714285714285,0.6631902968185546,0.9395817059840876,2.088740124975224,0.39188374978617246,0.0,0.33590035695957643,0.39188374978617246,0.4779258740001007,0.5633373906695934
18152709000178,23160.0,2,2,0.8743590431957904,0.5,0.9326424870466321,1.0,1.1436949246215729,0.7487180863915808,0.0,0.3743590431957904,0.7487180863915808,0.3965645695364238,0.3794038233881206
18152827000186,1487.0,4,3,0.42242135268719844,0.375,0.5770006724949562,1.0,2.367304573120139,0.13363202903079766,0.06250000000000001,0.04742135268719844,0.07113202903079764,0.3965645695364238,0.03998294267759879
18163380000140,32032.8,1,1,1.0,1.0,1.0,1.0,1.0,,,0.0,,0.9806084437086092,0.9382864238410596
18170674000108,1181928.5,3,3,0.595298907961033,0.3333333333333333,0.7288765775594717,1.0,1.6798283797044322,0.39294836194154953,0.0,0.2619655746276997,0.39294836194154953,0.3965645695364238,0.8930555308044414
18180942000164,2290225.79,46,35,0.4673303879465775,0.03780718336483931,0.6733047923628526,0.863679034895507,2.1398137715673524,0.4516636346508886,0.009507394640275764,0.4295232045817382,0.4421562400106128,0.5408484292048531,0.9011513894144796
18180975000104,122169.0,6,6,0.4737042081970502,0.16666666666666669,0.6646530625608787,0.9497908634760046,2.111021989452166,0.36844504983646026,3.3306690738754695e-17,0.30703754153038354,0.3684450498364602,0.9643671846875452,0.853197620368354
18183789000129,117750.0,3,3,0.4221266582822833,0.3333333333333333,0.4968152866242038,1.0,2.3689572320999517,0.13318998742342494,0.0,0.08879332494894998,0.13318998742342494,0.44636196587505805,0.5638956848188299
18184942000132,2230771.02,228,106,0.3717790889141946,0.018351800554016615,0.580740913516081,0.8600604825859715,2.68976935448566,0.3657960326181393,0.009002770083102489,0.35342728836017795,0.35679326253503685,0.6375757547235152,0.9308680799146842
18188546000183,16678.68,1,1,1.0,1.0,1.0,1.0,1.0,,,0.0,,0.9806084437086092,0.8848096026490067
18188762000129,675233.3300000001,10,10,0.30216917788287406,0.10000000000000003,0.4628059459090978,0.9061308481321559,3.30940437739688,0.22463241986986004,3.0839528461809905e-17,0.20216917788287403,0.22463241986986002,0.7800875330718018,0.838374473456099
18196469000103,1991621.82,11,11,0.3431054384469441,0.09090909090909091,0.49273209910905674,0.8817573408590191,2.9145559584437613,0.27741598229163844,0.0,0.25219634753785314,0.27741598229163844,0.3965645695364238,0.8493973061872867
18208903000128,235532.0,11,11,0.11183663837912075,0.09090909090909091,0.18681113394358304,0.5427882410882597,8.941613540010463,0.023020302217032825,0.0,0.02092754747002984,0.023020302217032825,0.5584174472559401,0.48984695317198224
18209543000189,149900.0,3,3,0.34008040049826416,0.3333333333333333,0.400266844563042,1.0,2.9404811289767467,0.010120600747396262,0.0,0.006747067164930842,0.010120600747396262,0.6962146121697025,0.6807571493578501
18212310000135,757545.01,18,9,0.7408047710505157,0.14197530864197533,0.8580348248878308,0.9602861749429252,1.349883314846807,0.7084053674318301,0.03472222222222225,0.5988294624085404,0.6736831452096079,0.45231395811398634,0.8614804043729756
18218274000117,5779.34,2,2,0.8831361888259281,0.5,0.9376849259604038,1.0,1.1323281874898985,0.7662723776518563,0.0,0.38313618882592815,0.7662723776518563,0.9133332420293782,0.26861538412793856
18244087000108,562500.0,2,2,0.6097200987654321,0.5,0.7342222222222222,1.0,1.6400968280770323,0.2194401975308642,0.0,0.1097200987654321,0.2194401975308642,0.7792505518763797,0.9064174576894776
18245821000153,57707.26,50,34,0.2277406877916133,0.040799999999999996,0.44814985150915154,0.6865254042558944,4.390958900216449,0.2043388904519652,0.01173333333333333,0.1869406877916133,0.1926055571186319,0.9920369950179154,0.8611373453276608
18250435000150,19532.0,4,3,0.4392998499519097,0.375,0.5218103624820807,1.0,2.276349514140445,0.15894977492786452,0.06250000000000001,0.06429984995190968,0.09644977492786451,0.3965645695364238,0.2545675724197886
18250800000126,585970.272,11,10,0.43946134984269564,0.10743801652892562,0.625530026888463,0.9503929066217203,2.2755129668580594,0.3771792776029951,0.008264462809917352,0.33202333331377,0.36891481479307775,0.501592056414451,0.7899643835145126
18251780000108,248580.0,7,7,0.1720581601865318,0.14285714285714285,0.2494971437766514,0.762008206613565,5.811988219075918,0.03406785355095378,0.0,0.029201017329388956,0.03406785355095378,0.6220375391162198,0.5705277932297835
18255486000174,366640.52,5,5,0.44895131388777343,0.20000000000000004,0.637485458508514,0.9576792003240667,2.227413015768509,0.31118914235971673,3.469446951953614e-17,0.2489513138877734,0.3111891423597167,0.9190953569366919,0.915287328212473
18256417000185,243660.69999999998,21,20,0.12021301669075837,0.052154195011337855,0.23407508884280476,0.5871784001277185,8.318566720378103,0.07390843862185092,0.0022675736961451074,0.06805882167942051,0.07164086492570582,0.615260812992172,0.5470735926967838
18273806000119,478268.0,4,3,0.5221483975008604,0.375,0.6795353232915436,1.0,1.9151643570798322,0.2832225962512906,0.06250000000000001,0.1471483975008604,0.2207225962512906,0.4384200685429245,0.8025241749797296
18284346000124,103923.62,7,6,0.36416415015340375,0.18367346938775508,0.519612384557043,0.9297561035691405,2.7460143992173616,0.2369969801840845,0.02040816326530611,0.18049068076564867,0.21658881691877838,0.6751009489322718,0.7304887267700304
18302582000126,302772.36000000004,54,36,0.07743288228074331,0.04046639231824418,0.1724067546984804,0.4737417246409151,12.914410138762054,0.05107382177447884,0.013051146384479727,0.036966489962499134,0.038022675389999115,0.6383907859701824,0.4840832393326417
18319753000120,244725.7,9,8,0.17421881696146913,0.13580246913580246,0.23919310476995262,0.8006952273504581,5.739908107751436,0.056250076527393285,0.01234567901234567,0.038416347825666664,0.04390439751504761,0.6931075550261222,0.6125637313747514
18325503000100,124846.2,10,10,0.18151776404264844,0.10000000000000003,0.2790072905703177,0.8127055529123033,5.509102678044477,0.09057529338072048,3.0839528461809905e-17,0.0815177640426484,0.09057529338072046,0.6258756405338082,0.49269937194300023
18346935000190,5006684.42,31,17,0.2348858645658068,0.06971904266389177,0.3625752789108286,0.9067099200152903,4.257386888089364,0.1870662311011697,0.011576482830385006,0.165166821901915,0.1754897482707847,0.5731966951209052,0.913756357314923
18367597000172,222262.5,1,1,1.0,1.0,1.0,1.0,1.0,,,0.0,,0.9447433774834437,0.9926324503311258
18423582000184,2469148.77,12,12,0.6368371376224824,0.08333333333333334,0.7921758396113168,0.9316331190526037,1.5702601825850189,0.6038223319517989,1.5139404881252137e-17,0.553503804289149,0.6038223319517989,0.9120649140530007,0.9584370736436103
18466080000130,179628.0,3,3,0.3460942937625907,0.3333333333333333,0.3794508651212506,1.0,2.889385979550322,0.01914144064388609,0.0,0.012760960429257395,0.01914144064388609,0.5672781944716653,0.6160580901412589
18476201000125,91085.90000000001,3,3,0.6660586447680759,0.3333333333333333,0.8014408377147286,1.0,1.5013692981166904,0.4990879671521138,0.0,0.33272531143474254,0.4990879671521138,0.48309049887276556,0.6626051755715144
18501440000198,30000.0,1,1,1.0,1.0,1.0,1.0,1.0,,,0.0,,0.8464610927152317,0.5608029801324503
18503466000175,215000.0,4,4,0.291032990805841,0.25,0.4186046511627907,1.0,3.436036571768379,0.054710654407787995,0.0,0.041032990805840996,0.054710654407787995,0.3965645695364238,0.5849128869551825
18504687000168,1058143.77,6,4,0.483185115473942,0.2777777777777778,0.6604773564938156,1.0,2.0696001759473273,0.3109134872985893,0.037037037037037056,0.2054073376961642,0.2738764502615523,0.4367069661251253,0.8494380075114183
18554076000124,30000.0,1,1,1.0,1.0,1.0,1.0,1.0,,,0.0,,0.3965645695364238,0.45970612582781456
18589914000103,19100.0,3,3,0.5022614511663606,0.3333333333333333,0.643979057591623,1.0,1.9909949244119414,0.25339217674954084,0.0,0.16892811783302725,0.25339217674954084,0.5839626096529247,0.3008603203772407
18645881000163,3275.0,1,1,1.0,1.0,1.0,1.0,1.0,,,0.0,,0.3965645695364238,0.14673013245033112
18660471000191,4039413.34,10,10,0.6826931644373937,0.10000000000000003,0.8202290533605061,0.9552668160471045,1.46478689415925,0.6474368493748819,3.0839528461809905e-17,0.5826931644373936,0.6474368493748819,0.40277387659918085,0.93462467875245
18745017000133,24008.170000000002,4,4,0.6033935268256352,0.25,0.7497447743830538,0.9999999999999999,1.6572932183426847,0.4711913691008469,0.0,0.3533935268256352,0.4711913691008469,0.9780853705114407,0.9576008451649684
18872844000198,9360.0,1,1,1.0,1.0,1.0,1.0,1.0,,,0.0,,0.8464610927152317,0.39853062913907283
18899181000103,1476.2,3,3,0.5331525021099351,0.3333333333333333,0.697872916948923,1.0,1.875635950394174,0.2997287531649027,0.0,0.19981916877660183,0.2997287531649027,0.876154832727847,0.1363522582593037
18982039000117,138798.99,3,3,0.4341462123229812,0.3333333333333333,0.5144129651087519,1.0,2.3033714716738203,0.15121931848447176,0.0,0.10081287898964786,0.15121931848447176,0.6279971740169528,0.6051091364012678
19047937000140,1026270.24,1,1,1.0,1.0,1.0,1.0,1.0,,,0.0,,0.9585264900662251,0.9983443708609272
19054025000104,66000.0,2,1,1.0,1.0,1.0,1.0,1.0,,,0.0,,0.8464610927152317,0.6936465231788079
19061464000136,127010.0,5,5,0.3450473460993349,0.20000000000000004,0.5066530194472876,0.9999212660420438,2.8981529964067954,0.18130918262416862,3.469446951953614e-17,0.14504734609933487,0.1813091826241686,0.47115925096631595,0.5276968107793567
19095613000188,132804.0,1,1,1.0,1.0,1.0,1.0,1.0,,,0.0,,0.8464610927152317,0.8295943708609271
19110162000100,8688216.67,36,31,0.1164944859226998,0.035493827160493846,0.23537620177697524,0.6050346532161243,8.584097282197137,0.08704430212012312,0.003343621399176975,0.08100065876220595,0.08370068072094615,0.41059434937590544,0.8969919418082669
19116243000118,1283760.92,71,56,0.128599214396201,0.024003173973417974,0.24120534842266425,0.6564186421876747,7.776097270074313,0.11275556374885921,0.00625777713657103,0.10459604042278303,0.10649778661228819,0.744185749832578,0.7826383733470904
19120322000100,69698.0,1,1,1.0,1.0,1.0,1.0,1.0,,,0.0,,0.8464610927152317,0.7956539735099337
19122075000173,10517953.08,6,5,0.8816185052351452,0.22222222222222227,0.9380533460223422,0.9975162467638619,1.1342774613530602,0.8520231315439314,0.027777777777777818,0.659396283012923,0.8242453537661536,0.9350044841992537,0.9899841165024366
19130038000107,12819185.959999999,24,24,0.8058184770584376,0.041666666666666664,0.8963122491437826,0.9675866656980768,1.2409742745666534,0.7973758021479349,0.0,0.7641518103917709,0.7973758021479349,0.9178710793981752,0.9728196366880854
19137698000110,62036.0,2,2,0.9021556981710663,0.5,0.9484170481655813,1.0,1.1084561146455016,0.8043113963421327,0.0,0.40215569817106633,0.8043113963421327,0.4234502616297565,0.5939080048158322
19153572000139,1263579.67,12,12,0.42906859132031877,0.08333333333333334,0.46455320066996647,0.9757406590753396,2.3306296947134393,0.37716573598580233,1.5139404881252137e-17,0.34573525798698546,0.37716573598580233,0.878623957466419,0.96559390667625
19164089000150,30681278.51,33,29,0.8240383033852803,0.04315886134067951,0.9053013661391909,0.9880119350345808,1.2135358221721504,0.8177539570776118,0.008985963531418065,0.7808794420446008,0.8087679935461937,0.4015635575504905,0.9882425494612824
19200861000141,21648.0,1,1,1.0,1.0,1.0,1.0,1.0,,,0.0,,0.9177773178807948,0.5833816225165563
19296278000186,18298.86,1,1,1.0,1.0,1.0,1.0,1.0,,,0.0,,0.8464610927152317,0.7035596026490066
19305362000119,585734.35,13,13,0.17622094667902388,0.07692307692307694,0.27518071972388164,0.7416391406787053,5.674694290579663,0.1075726922356092,1.5034270125132327e-17,0.09929786975594694,0.10757269223560918,0.8950255542324295,0.8466084479978845
19313140000148,248677.12,10,9,0.24984534397572356,0.12000000000000002,0.32963225567354165,0.9247789261834783,4.002476028119083,0.15607601197268903,0.010000000000000033,0.12984534397572353,0.146076011972689,0.5827955506033192,0.6215172827612157
19320403000146,367114.78,7,7,0.1521011921786323,0.14285714285714285,0.16343662328168862,0.6382602738031957,6.574570426940306,0.010784724208404359,0.0,0.00924404932148945,0.010784724208404359,0.7538476529327797,0.7155412081865452
19335308000116,120000.0,1,1,1.0,1.0,1.0,1.0,1.0,,,0.0,,0.9806084437086092,0.9551324503311258
19344044000167,7767685.089999999,16,15,0.37680963502247433,0.0703125,0.5793231764497292,0.8683213817052413,2.6538599522285473,0.33229603752407966,0.003906250000000001,0.30649713502247433,0.32838978752407966,0.43249826051045076,0.9334213611754312
19352701000118,92178.6,7,6,0.21143841254931625,0.18367346938775508,0.2733671372748121,0.8535451829383393,4.7295095907266065,0.05372609505917951,0.02040816326530611,0.027764943161561167,0.0333179317938734,0.42828914986919353,0.3769993524340589
19352711000153,619.14,1,1,1.0,1.0,1.0,1.0,1.0,,,0.0,,0.3965645695364238,0.04064569536423841
19363370000111,333679.0,5,5,0.47630002980888964,0.20000000000000004,0.6608147351196809,0.9756382631211433,2.0995169796677096,0.345375037261112,3.469446951953614e-17,0.27630002980888957,0.34537503726111196,0.4092622173694951,0.7004674702829854
19397284000120,8870.0,1,1,1.0,1.0,1.0,1.0,1.0,,,0.0,,0.9860927152317881,0.8211920529801324
19406627000175,1414323.88,11,11,0.41418025914883405,0.09090909090909091,0.6080643989409272,0.9640669292807247,2.4144076833962624,0.35559828506371743,0.0,0.3232711682397431,0.35559828506371743,0.808452080881917,0.9100716224296396
19420544000130,243085.3,10,10,0.4313512210721464,0.10000000000000003,0.4682010800324002,0.9789703449776683,2.3182964395335355,0.368168023413496,3.0839528461809905e-17,0.3313512210721464,0.36816802341349597,0.9306446035909401,0.8322477844578489
19432705000106,1992500.0,20,20,0.09935709349206327,0.05000000000000002,0.15056461731493098,0.5269761606022585,10.064706654083846,0.05195483525480345,1.460819769243627e-17,0.049357093492063256,0.05195483525480343,0.4860578888547284,0.7612349341902998
19445390000131,211410.0,1,1,1.0,1.0,1.0,1.0,1.0,,,0.0,,0.9791183774834437,0.9380794701986755
19455388000143,25300.0,1,1,1.0,1.0,1.0,1.0,1.0,,,0.0,,0.3965645695364238,0.4286009933774834
19459498000183,6064577.44,17,16,0.23571161669812196,0.06574394463667821,0.4027226091452136,0.8339068121455135,4.242472280357354,0.1847590578113301,0.003460207612456756,0.16996767206144375,0.18129885019887335,0.4010848286485226,0.9067997030101964
19459687000156,2448104.87,11,10,0.3754938391380563,0.10743801652892562,0.5063488150325848,0.9084247644995698,2.6631595402350507,0.3061042657089514,0.008264462809917352,0.26805582260913063,0.29783980289903406,0.6005636216681101,0.8986548710965943
19462106000135,31890.0,2,2,0.8413675262084378,0.5,0.9131389150203826,1.0,1.188541236558568,0.6827350524168756,0.0,0.3413675262084378,0.6827350524168756,0.3965645695364238,0.42324169226168595
19498254000100,279592.25999999995,23,18,0.3869882664274418,0.06616257088846882,0.5908604193835695,0.9179438658280455,2.5840576750083315,0.3509287526878795,0.011230957411319928,0.32082569553897294,0.3396977952765596,0.47631817386006775,0.6778788246595783
19500817000157,14092657.260000002,278,57,0.09216642778573833,0.0770664044304125,0.1961777930871215,0.5052878388103225,10.849937705351083,0.07595511399619795,0.060585447366669876,0.015100023355325828,0.015369666629528073,0.6308824609213768,0.9252695372796743
19519975000159,40000.0,1,1,1.0,1.0,1.0,1.0,1.0,,,0.0,,0.3965645695364238,0.5163493377483444
19528940000186,112197.89,10,10,0.16559329020970034,0.10000000000000003,0.30232939318199303,0.699952289655358,6.038892027168747,0.07288143356633371,3.0839528461809905e-17,0.06559329020970031,0.07288143356633368,0.4345762219276462,0.3733390441871698
19538989000110,93282.93,2,2,0.5086690119278592,0.5,0.5658369650267203,1.0,1.9659149202149997,0.017338023855718365,0.0,0.008669011927859183,0.017338023855718365,0.3965645695364238,0.548146142330131
19558782000107,1213745.65,7,7,0.2788825800936601,0.14285714285714285,0.3618755708825816,0.9420547871788458,3.585738484146838,0.15869634344260347,0.0,0.13602543723651728,0.15869634344260347,0.4011979179976398,0.8239011425909142
19572240000199,8539211.16,11,9,0.2956432845066109,0.12396694214876033,0.5035593943551104,0.8075389483634692,3.3824546418122305,0.2075986950699373,0.014462809917355383,0.1716763423578506,0.19313588515258193,0.42758149918555255,0.9432568378621996
19578127000110,277249.96,4,4,0.29668831151694025,0.25,0.42683504805555245,0.9999999999999999,3.3705406016404598,0.062251082022587,0.0,0.04668831151694025,0.062251082022587,0.6257289422731012,0.7337097191278272
19578710000121,942894.67,6,6,0.2265569441191481,0.16666666666666669,0.2769012046700826,0.9058155668649606,4.413901343381874,0.07186833294297772,3.3306690738754695e-17,0.059890277452481405,0.07186833294297769,0.873135385376187,0.9040704201889569
19578720000167,11840.0,1,1,1.0,1.0,1.0,1.0,1.0,,,0.0,,0.9854718543046358,0.9420115894039736
19602132000111,6000.0,1,1,1.0,1.0,1.0,1.0,1.0,,,0.0,,0.3965645695364238,0.2125
19607195000160,62500.0,1,1,1.0,1.0,1.0,1.0,1.0,,,0.0,,0.9177773178807948,0.7317466887417219
19607632000146,3955413.13,22,20,0.21902296711227248,0.05371900826446281,0.35317084564564816,0.8114943988164393,4.565731225289237,0.17791891274976052,0.003914745541539799,0.16530395884780968,0.1740041672082207,0.8747076787169844,0.8922262597328184
19620562000166,2052281.7899999996,171,79,0.25556626706696717,0.025477924831572105,0.48931896433189126,0.6633656774784324,3.9128794714443496,0.24602224484987698,0.012984052073002517,0.23008834223539507,0.23303819277687446,0.8921218002594663,0.8640075494051132
19687531000122,81750.0,6,6,0.24525619803795037,0.16666666666666669,0.3425076452599388,0.9510703363914373,4.077368922783604,0.09430743764554045,3.3306690738754695e-17,0.07858953137128369,0.09430743764554042,0.477738559957065,0.384785299835956
19699009000160,10685.52,1,1,1.0,1.0,1.0,1.0,1.0,,,0.0,,0.9585264900662251,0.9594370860927153
19724762000169,13322180.799999999,20,18,0.1680800233415231,0.06000000000000001,0.2807975965916931,0.7449881831659272,5.949547008142022,0.1191435541263186,0.0047058823529411925,0.1080800233415231,0.1144376717733774,0.5191078643620752,0.9534169728491958
19777765000160,5000.0,1,1,1.0,1.0,1.0,1.0,1.0,,,0.0,,0.9935844370860927,0.9888245033112583
19807228000116,30000.0,1,1,1.0,1.0,1.0,1.0,1.0,,,0.0,,0.8464610927152317,0.5850993377483443
19808517000130,18960.0,1,1,1.0,1.0,1.0,1.0,1.0,,,0.0,,0.3965645695364238,0.3784975165562914
19814507000107,377280.0,1,1,1.0,1.0,1.0,1.0,1.0,,,0.0,,0.9791183774834437,0.9906043046357615
19843891000176,816413.62,21,12,0.1887428648492895,0.09750566893424034,0.3557020521044223,0.7164343975545141,5.298213528752445,0.11499221619922494,0.015460729746444015,0.09123719591504917,0.09953148645278093,0.43977022884552075,0.7030952651731454
19844989000148,84939.5,8,8,0.2785422072411573,0.125,0.4520864850864439,0.8398860365318844,3.5901201828784832,0.17547680827560835,0.0,0.1535422072411573,0.17547680827560835,0.7129378171009447,0.6701378930441687
19859726000102,1066251.0,7,6,0.31342977606637773,0.18367346938775508,0.422039463503434,0.9735606344097215,3.190507336444708,0.17611573127965327,0.02040816326530611,0.12975630667862265,0.15570756801434715,0.8450444080777273,0.885198283836924
19864368000126,23802.07,8,8,0.21494089407126107,0.125,0.2825594580639415,0.8896495136767517,4.652441799504482,0.10278959322429837,0.0,0.08994089407126107,0.10278959322429837,0.7654956910371619,0.36531695637387895
19893791000154,942247.9099999999,14,11,0.23043069086874657,0.1326530612244898,0.35843816305201465,0.8494850468811335,4.339699699852918,0.15347375995562124,0.045918367346938785,0.09777762964425676,0.10755539260868245,0.5794577919801717,0.8061900499857174
19907514000153,20000.0,1,1,1.0,1.0,1.0,1.0,1.0,,,0.0,,0.9177773178807948,0.6996274834437086
19922544000139,151923.8,4,4,0.48541007458584207,0.25,0.6625031759342513,1.0,2.0601138137753168,0.31388009944778944,0.0,0.23541007458584207,0.31388009944778944,0.5405353499300002,0.6447868527354892
19958329000198,118969.09999999999,13,12,0.44931347216040995,0.08875739644970415,0.6253808762107135,0.9717565317380731,2.2256176633025344,0.3992510605386291,0.005917159763313625,0.3605560757107058,0.39333390077531544,0.6132935272702371,0.7007405956046542
19998060000173,431340.0,1,1,1.0,1.0,1.0,1.0,1.0,,,0.0,,0.3965645695364238,0.8757864238410596
20013804000132,2412000.0,2,2,0.8746936957006015,0.5,0.9328358208955224,1.0,1.143257353877499,0.749387391401203,0.0,0.3746936957006015,0.749387391401203,0.3965645695364238,0.9504423247998418
20067146000161,1936062.0900000003,39,38,0.08448219630732899,0.0269559500328731,0.14668499087237433,0.4876492829834811,11.836813479164345,0.05973847188320275,0.0006574621959237252,0.05752624627445589,0.05908100968727902,0.6132319732509429,0.7694761758970756
20080606000191,202922.52,15,15,0.20971157888394804,0.06666666666666667,0.34228965814144235,0.8430312219659011,4.768453918099527,0.1532624059470872,0.0,0.14304491221728138,0.1532624059470872,0.9316958798282267,0.7942148943055045
20129840000166,386428.58,53,33,0.6183351787093514,0.04592381630473478,0.7807316943275779,0.9093050001632902,1.6172458472883526,0.6064081530440186,0.01610893556425774,0.5724113624046167,0.5902992174797609,0.990029473462243,0.9458796146598601
20146234000159,332133.74999999994,20,15,0.2632160974571609,0.07500000000000002,0.457646956986455,0.8407218477495888,3.799159738559503,0.21058867584695812,0.008928571428571456,0.1882160974571609,0.20166010441838667,0.6700579197559817,0.6890201137627148
20155091000141,14788.83,1,1,1.0,1.0,1.0,1.0,1.0,,,0.0,,0.991328642384106,0.9663493377483444
20181624000160,435.0,1,1,1.0,1.0,1.0,1.0,1.0,,,0.0,,0.3965645695364238,0.028331953642384104
20181811000143,4000.0,1,1,1.0,1.0,1.0,1.0,1.0,,,0.0,,0.3965645695364238,0.16645281456953642
20185017000178,9500.0,3,3,0.518005540166205,0.3333333333333333,0.6842105263157895,1.0,1.9304812834224596,0.27700831024930755,0.0,0.18467220683287172,0.27700831024930755,0.4676008626699198,0.21798536075287558
20260121000180,3447316.1199999996,55,50,0.12957702884261826,0.02148760330578512,0.2402100565120207,0.6653088722249237,7.717417268569883,0.11181329473736558,0.0015179625569235917,0.10808942553683315,0.11029533218044199,0.4781543963625928,0.8385409580305639
20266755000140,4463332.2,208,38,0.13323550514454943,0.1625369822485207,0.22565850240768545,0.6523374778153417,7.505506876076938,0.10980943771602374,0.13990284663361585,-0.02930147710397127,-0.030093408917592115,0.7382379097991077,0.8893949595889538
20267427000168,8412329.809999999,150,104,0.04109973412699805,0.013244444444444446,0.09762456044266767,0.29342105644333977,24.331057639205234,0.03179002280784269,0.003664293419633226,0.027855289682553602,0.028125729388209463,0.6715760077093835,0.8464933629306031
20273620000101,149334.29,8,8,0.1773211007933036,0.125,0.28928386106097936,0.7593701352850708,5.639486758914618,0.05979554376377554,0.0,0.0523211007933036,0.05979554376377554,0.5838871115188915,0.5300404688412742
20420399000177,202161.49,6,6,0.1908893501772427,0.16666666666666669,0.2587043160396177,0.7929405842823972,5.2386369332364,0.029067220212691258,3.3306690738754695e-17,0.02422268351057602,0.029067220212691224,0.6777343258236636,0.5750200302439251
20477137000149,372256.23000000004,26,14,0.1692196824974453,0.09171597633136093,0.26710902863868796,0.7082909263869137,5.909478053861123,0.10531350422801801,0.02184797451069639,0.07750370616608436,0.08346552971732162,0.8602499470927825,0.5855738489517046
20516886000138,645968.6699999999,25,25,0.3224676474001758,0.04,0.5503152652898786,0.7451130253731966,3.101086289003809,0.2942371327085165,0.0,0.2824676474001758,0.2942371327085165,0.5228716398682678,0.7196879897321005
20607735000195,327102.0,4,4,0.43069677627209807,0.25,0.5136012619916723,1.0,2.3218190966171464,0.24092903502946408,0.0,0.18069677627209807,0.24092903502946408,0.4103555694912347,0.7288973045894792
20830671000197,11500.0,2,2,0.6597353497164462,0.5,0.782608695652174,1.0,1.5157593123209168,0.3194706994328924,0.0,0.1597353497164462,0.3194706994328924,0.8725147566945004,0.4222961056723294
20835263000128,4776.0,1,1,1.0,1.0,1.0,1.0,1.0,,,0.0,,0.3965645695364238,0.1855546357615894
20856995000102,839626.3999999999,7,7,0.24249877552820415,0.14285714285714285,0.32462438055782905,0.8670837410543546,4.123732162448357,0.1162485714495715,0.0,0.0996416326710613,0.1162485714495715,0.662633309902172,0.8256572937188973
20913529000103,24000.0,1,1,1.0,1.0,1.0,1.0,1.0,,,0.0,,0.3965645695364238,0.41804635761589404
20918579000183,1481241.2,12,10,0.37212373486853606,0.11111111111111112,0.5822819403078986,0.8567814613852222,2.6872781988853256,0.3023597054094845,0.012345679012345682,0.26101262375742496,0.2900140263971388,0.39737919121454957,0.8179927494733419
20940143000190,175249.86000000002,23,21,0.18035143930683706,0.054820415879017,0.3566336657843835,0.7003822998774435,5.544729800013802,0.13936901127217893,0.007561436672967855,0.12553102342782005,0.13180757459921108,0.5671091179877564,0.455742531209799
20955386000100,586941.99,8,8,0.23642016700638116,0.125,0.35725731600835037,0.8945403957212194,4.2297576076621635,0.12733733372157846,0.0,0.11142016700638116,0.12733733372157846,0.7190608027341675,0.8122886705965959
20959219000120,2443998.6000000006,18,17,0.2521222117927993,0.06172839506172839,0.4455816259469216,0.7983103059060673,3.966330427173257,0.20537985002984926,0.003086419753086417,0.19039381673107092,0.20229343027676286,0.47075624641792846,0.8699514039107851
20962409000104,17255.0,1,1,1.0,1.0,1.0,1.0,1.0,,,0.0,,0.3965645695364238,0.36312086092715234
21081129000141,16182.42,1,1,1.0,1.0,1.0,1.0,1.0,,,0.0,,0.9177773178807948,0.49250827814569537
21161690000130,114838.83,8,8,0.24210898515959414,0.125,0.31979601324743556,0.903657761055211,4.130371284406554,0.1338388401823933,0.0,0.11710898515959414,0.1338388401823933,0.5552287529728253,0.4870273881666729
21185300000162,7000.0,2,2,0.5918367346938775,0.5,0.7142857142857143,1.0,1.6896551724137931,0.18367346938775508,0.0,0.09183673469387754,0.18367346938775508,0.8126744323557238,0.6547481078524124
21247648000137,93942.56,4,4,0.4744165054743992,0.25,0.6599777566206414,1.0,2.1078524639441802,0.2992220072991989,0.0,0.22441650547439917,0.2992220072991989,0.4727356217451789,0.5815734377073093
21250048000128,707249.09,8,8,0.4583641429760199,0.125,0.6493468941755726,0.9335353121486519,2.181671527592237,0.3809875919725942,0.0,0.3333641429760199,0.3809875919725942,0.48004163882666606,0.8204699184489078
21251681000130,50000.0,1,1,1.0,1.0,1.0,1.0,1.0,,,0.0,,0.9177773178807948,0.75091059602649
21254225000144,1429400.0,3,3,0.7766897550057598,0.3333333333333333,0.8751923884147195,1.0,1.2875153734872995,0.6650346325086396,0.0,0.44335642167242645,0.6650346325086396,0.8527259996321339,0.9194362915204546
21260443000191,17670953.830399998,51,38,0.2094727489180476,0.04652056901191848,0.36712899610655303,0.7818887238916657,4.773890661984065,0.18810714753745428,0.02075085466088925,0.16295217990612912,0.16735629287656503,0.6096583052293308,0.9534333547008778
21284653000110,13000.0,2,1,1.0,1.0,1.0,1.0,1.0,,,0.0,,0.3965645695364238,0.3177152317880795
21331346000142,12200.0,1,1,1.0,1.0,1.0,1.0,1.0,,,0.0,,0.3965645695364238,0.30908526490066224
21337238000187,150114852.69,21,19,0.8051540295579055,0.05668934240362811,0.8911903387486181,0.9977460796587616,1.2419983795511533,0.7943292534222335,0.004283194759385226,0.7484646871542774,0.7900460586628483,0.39751717933114616,0.998104111863627
21407711000155,144000.0,1,1,1.0,1.0,1.0,1.0,1.0,,,0.0,,0.9806084437086092,0.9382864238410596
21417423000181,1660227.5699999998,34,33,0.14144650375163034,0.03114186851211073,0.2758657959161586,0.6730643558702016,7.069810659695954,0.11461670699386879,0.0008650519031141879,0.11030463523951961,0.1137516550907546,0.6028176201683143,0.7552491188778048
21443235000128,1651154.98,1,1,1.0,1.0,1.0,1.0,1.0,,,0.0,,0.3965645695364238,0.9545529801324504
21590309000159,24988.0,1,1,1.0,1.0,1.0,1.0,1.0,,,0.0,,0.8464610927152317,0.4998758278145695
21611579000107,2651150.9599999995,112,107,0.15442051773772877,0.009725765306122448,0.3709422680328999,0.5458776100777,6.475823385713692,0.1464433528107262,0.0003835555448594526,0.14469475243160632,0.14605979726586676,0.46785258158577386,0.6943269310361267
21750924000185,544396.17,34,25,0.07413035253881796,0.08131487889273357,0.15415060690085308,0.4233148811462064,13.48975103654546,0.035552450561268704,0.04303633217993081,-0.007184526353915616,-0.0074838816186621054,0.7245640522280081,0.584283015853124
21786593000133,411205.44,6,6,0.4253649661815906,0.16666666666666669,0.6079686105320007,0.9591445093722495,2.350922336121811,0.31043795941790875,3.3306690738754695e-17,0.2586982995149239,0.3104379594179087,0.491647103710399,0.743562657274957
21832981000103,1008483.77,10,9,0.35657050772189197,0.12000000000000002,0.5759140774273442,0.776844846992431,2.8044944221240877,0.2761418211871285,0.010000000000000033,0.23657050772189195,0.2661418211871285,0.6556663106207168,0.765352131700445
21857115000177,1352709.0,18,18,0.11314069986309298,0.05555555555555555,0.22177718932896875,0.5803169787441349,8.83855236188268,0.060972505737392574,0.0,0.05758514430753743,0.060972505737392574,0.476831749892547,0.7248620255197592
21857271000138,438469.05,41,35,0.10252512377162598,0.033908387864366445,0.22345932968358884,0.5557071816129326,9.75370683021552,0.07612880388255616,0.005493928683906635,0.06861673590725953,0.07063487519864953,0.6142789016073228,0.5271333774728031
21897636000158,620000.0,1,1,1.0,1.0,1.0,1.0,1.0,,,0.0,,0.3965645695364238,0.9043667218543047
22040711000122,638302.13,37,31,0.09159024080263226,0.041636230825420034,0.18016546490296062,0.5270491734063303,10.918193807950557,0.06130991549605333,0.009690771852934037,0.04995400997721222,0.05161914364311929,0.7368753571242128,0.6887996650760684
22050561000138,494383.06000000006,22,20,0.11832235659322604,0.05371900826446281,0.21602681936553408,0.5978501366935995,8.451488195403725,0.07191827009813268,0.003914745541539799,0.06460334832876323,0.06800352455659288,0.5159787910237201,0.5841091323014971
22100219000103,47862.5,3,3,0.4939544667467099,0.3333333333333333,0.6580830504048054,1.0,2.024478099340238,0.24093170012006485,0.0,0.16062113341337658,0.24093170012006485,0.48915231053013,0.4151461701307035
22103298000106,450000.0,1,1,1.0,1.0,1.0,1.0,1.0,,,0.0,,0.3965645695364238,0.8802359271523179
22182519000170,27494.08,7,7,0.26894154571669737,0.14285714285714285,0.41899929002898073,0.8945227481697877,3.718280109289617,0.1470984700028136,0.0,0.12608440285955452,0.1470984700028136,0.5810135403971178,0.40781456709158687
22224976000180,553468.2999999999,27,25,0.26605555574140005,0.04252400548696844,0.44824952034289944,0.8338794109798158,3.7586134866207312,0.23547453723062506,0.0026291723822587923,0.2235315502544316,0.23284536484836627,0.5553204873825439,0.7291584254175408
22228688000102,6932102.670000001,18,18,0.27691365534798534,0.05555555555555555,0.4824276499066913,0.8063282767276152,3.6112339737935404,0.23437916448610213,0.0,0.2213580997924298,0.23437916448610213,0.7814302691726549,0.9413413593938704
22236244000100,1112211.1800000002,9,9,0.25147529317217837,0.1111111111111111,0.3389644042240252,0.8857327616505347,3.9765337874179427,0.15790970481870067,0.0,0.14036418206106727,0.15790970481870067,0.5618021465523688,0.8645686797790917
22239867000137,2138.4,1,1,1.0,1.0,1.0,1.0,1.0,,,0.0,,0.9447433774834437,0.389817880794702
22257307000105,2007437.13,27,18,0.5710912154545443,0.10562414266117968,0.7472214086226452,0.8984245000987903,1.7510337629761605,0.5458612869518704,0.05301379811183732,0.46546707279336463,0.4928474888400331,0.3993108485725278,0.8623066200518259
22310261000140,6908287.3500000015,47,44,0.0792349926917025,0.02399275690357627,0.17525110619493847,0.45340933885733636,12.620686467290103,0.05782185298685837,0.0012949140408687406,0.05524223578812623,0.05652693894598963,0.4649749798207286,0.8632986414144738
22347742000120,197000.0,2,2,0.5238217939137829,0.5,0.6091370558375635,1.0,1.9090461901716758,0.047643587827565836,0.0,0.023821793913782918,0.047643587827565836,0.3965645695364238,0.6828120272632535
22405608000139,5679874.4,21,19,0.17398436419643876,0.05668934240362811,0.31677778649471544,0.7335739748047949,5.7476429253777095,0.12809460665179645,0.004283194759385226,0.11729502179281065,0.12381141189241122,0.6637105065779003,0.9117050838977698
22431861000167,299890.56,5,4,0.6611812721440498,0.28,0.8007006289227644,1.0,1.512444532430938,0.5482416961920663,0.040000000000000036,0.38118127214404973,0.5082416961920663,0.9357602504166147,0.8736265299515038
22532629000115,129600.0,3,3,0.37928669410150895,0.3333333333333333,0.46296296296296297,0.9999999999999999,2.636528028933092,0.06893004115226344,0.0,0.04595336076817563,0.06893004115226344,0.3965645695364238,0.5483278912190336
22604896000150,2187409.74,747,149,0.054668752071807755,0.026897415633081182,0.14926787333405586,0.41323796062094886,18.291985130490882,0.04828137877499565,0.02032239817114254,0.027771336438726573,0.02795898060385311,0.49130126814106895,0.6173448574891501
22716084000105,161960.0,4,3,0.6893244224049417,0.375,0.8150160533465053,1.0,1.4506957355596966,0.5339866336074126,0.06250000000000001,0.31432442240494174,0.4714866336074126,0.4839454983570467,0.6991861901965819
22781167000170,500.0,1,1,1.0,1.0,1.0,1.0,1.0,,,0.0,,0.3965645695364238,0.03269867549668874
22794608000178,2358867.48,11,11,0.30440462130894785,0.09090909090909091,0.42732370874857284,0.922298102138404,3.2851012435355735,0.23484508343984264,0.0,0.21349553039985694,0.23484508343984264,0.406235480813128,0.8842973229930117
22859490000119,35772.2,11,7,0.2547946565279044,0.15702479338842976,0.37738802757448525,0.8850448113339409,3.924729088227495,0.13059376594922179,0.016528925619834725,0.09776986313947464,0.11406484032938706,0.3965645695364239,0.2510133423931144
22896496000166,25200.0,1,1,1.0,1.0,1.0,1.0,1.0,,,0.0,,0.8464610927152317,0.5631829470198676
22936439000163,1995923.99,38,32,0.12018524763841022,0.03601108033240997,0.2313697827741426,0.6199194238854757,8.32048874258348,0.09180412659448797,0.004914663568939322,0.08417416730600025,0.08688946302554865,0.6893481945364737,0.7700377909345456
22988000000184,1261987.44,9,9,0.46960101526622,0.1111111111111111,0.6272645629500084,0.9640152203099581,2.1294672871034854,0.40330114217449753,0.0,0.3584899041551089,0.40330114217449753,0.6865680638533767,0.8580636165421626
23037930000115,6960.0,1,1,1.0,1.0,1.0,1.0,1.0,,,0.0,,0.3965645695364238,0.22907698675496688
23043748000177,67253.09,2,2,0.5571992502996886,0.5,0.6691142369815276,1.0,1.794690139051967,0.11439850059937728,0.0,0.05719925029968864,0.11439850059937728,0.3965645695364239,0.49448743028975617
23090384000186,14624.27,5,5,0.3055534372104368,0.20000000000000004,0.4849404448905825,0.9050243191625974,3.272749961936422,0.131941796513046,3.469446951953614e-17,0.10555343721043678,0.13194179651304597,0.3965645695364238,0.16626295332103674
23096597000115,61190.0,1,1,1.0,1.0,1.0,1.0,1.0,,,0.0,,0.3965645695364238,0.6052566225165563
23108791000173,228547.76,6,6,0.3742023065653696,0.16666666666666669,0.5513070878489468,0.9483696536776384,2.67235124544939,0.24904276787844354,3.3306690738754695e-17,0.20753563989870294,0.2490427678784435,0.7420239125778032,0.7033505409365106
23109604000176,1095197.28,5,4,0.4939072225422291,0.28,0.6391542535606005,0.9999999999999999,2.0246717487807135,0.32520963005630543,0.040000000000000036,0.21390722254222905,0.2852096300563054,0.5562342337032666,0.9128003778853855
23278690000140,3489063.22,53,51,0.18668975102579904,0.020291918832324663,0.39037985674561665,0.6427398584081833,5.356480441509657,0.17042354604631504,0.0006977572089711567,0.16639783219347437,0.16972578883734388,0.8533084147540589,0.8761319174251379
23283347000194,8829663.88,13,12,0.11289438558197448,0.08875739644970415,0.198864466854428,0.5718449432075098,8.857836418037666,0.03224842063488126,0.005917159763313625,0.02413698913227033,0.026331260871567633,0.4116032007717477,0.9224951264904221
23318150000143,11996.7,4,3,0.39708296344771926,0.375,0.5378145656722265,1.0,2.51836540988156,0.0956244451715789,0.06250000000000001,0.02208296344771926,0.03312444517157889,0.9081693773389778,0.47348124797509156
23357740000185,231564.69,6,4,0.545373566000272,0.2777777777777778,0.6602906513942173,1.0,1.8336055546914816,0.393831421333696,0.037037037037037056,0.2675957882224942,0.35679438429665894,0.9694740328500293,0.8901496071637978
23441261000142,600250.8,9,8,0.5758831599416795,0.13580246913580246,0.7496866309882468,0.9354489823253879,1.736463348053573,0.515295039933348,0.01234567901234567,0.44008069080587703,0.5029493609210024,0.8598245622899162,0.8885640825313826
23535271000147,7423320.76,10,10,0.40319103842333126,0.10000000000000003,0.45301849518893755,0.9697716901566302,2.480213855720791,0.3368789315814792,3.0839528461809905e-17,0.3031910384233312,0.33687893158147914,0.9382298723437519,0.9769434027336327
23583291000193,11650.0,1,1,1.0,1.0,1.0,1.0,1.0,,,0.0,,0.9447433774834437,0.704387417218543
23595982000107,45727.62,1,1,1.0,1.0,1.0,1.0,1.0,,,0.0,,0.8464610927152317,0.6783940397350994
23616245000143,3261643.7,2,1,1.0,1.0,1.0,1.0,1.0,,,0.0,,0.3965645695364238,0.9744205298013245
23632883000158,17500.0,2,1,1.0,1.0,1.0,1.0,1.0,,,0.0,,0.9585264900662251,0.9455298013245033
23681516000144,32428.61,8,8,0.24023479571127188,0.125,0.41629906431388825,0.8176792036414757,4.162594336258675,0.13169690938431072,0.0,0.11523479571127188,0.13169690938431072,0.650155828209058,0.36618719813352774
23721029000168,1400.0,1,1,1.0,1.0,1.0,1.0,1.0,,,0.0,,0.9177773178807948,0.4776903973509934
23782816000110,7279171.8,8,8,0.7968070039161359,0.125,0.8902111638579543,0.9923931181291806,1.25500904872223,0.7677794330470125,0.0,0.6718070039161359,0.7677794330470125,0.9306702244150116,0.9808105602548545
23798621000168,6200.0,1,1,1.0,1.0,1.0,1.0,1.0,,,0.0,,0.3965645695364238,0.2163907284768212
23802507000164,1382059.05,7,7,0.8663267872420511,0.14285714285714285,0.9294188985629811,0.9906559708863382,1.154298833565446,0.8440479184490596,0.0,0.7234696443849082,0.8440479184490596,0.9165555955066436,0.9681286311102144
23848604000198,767884.12,201,37,0.4363823189189512,0.11853666988440882,0.6515700572112365,0.8137283135898161,2.2915685550168425,0.42072627222225534,0.09405157738119795,0.3178456490345424,0.3266746948410574,0.7975931522409563,0.7604581709340725
23848859000150,881493.47,83,42,0.3584475107630307,0.0474669763390913,0.5678432308749831,0.861435876547106,2.789808744581013,0.3427998890743241,0.024234463566874014,0.3109805344239394,0.3185654255074501,0.7521029018968785,0.814253963143406
23982047000101,4738269.640000001,18,14,0.3238871294457269,0.08024691358024691,0.487519743599902,0.9282200664291448,3.0874953312016924,0.27187844709539816,0.00949667616334283,0.24364021586548,0.26238177093205534,0.39998275297995556,0.9147078041928012
23984846000109,47002.42,2,2,0.7772053612626502,0.5,0.8722938095527847,1.0,1.2866612221709293,0.5544107225253003,0.0,0.27720536126265016,0.5544107225253003,0.8590123488914284,0.6234946164625549
23986229000142,20000.0,1,1,1.0,1.0,1.0,1.0,1.0,,,0.0,,0.9806084437086092,0.9382864238410596
24005595000136,23102.0,5,3,0.373899106514049,0.3600000000000001,0.4976192537442646,1.0,2.6745182927106717,0.06084865977107353,0.04000000000000017,0.013899106514048909,0.020848659771073363,0.9700263258076335,0.9780442735670947
24073730000180,918094.6,23,18,0.11022422313537528,0.06994328922495274,0.2424151062428643,0.5012827654143702,9.072415949548759,0.05788447155510324,0.015234070944067613,0.040280933910422534,0.04265040061103563,0.43174862379783646,0.645704027498224
24089583000137,325276.44,12,12,0.1321894460787738,0.08333333333333334,0.2374903020950426,0.6417816181214969,7.564900449042535,0.05329757754048053,1.5139404881252137e-17,0.048856112745440466,0.05329757754048051,0.7729220493958923,0.6271011135637928
24121284000132,861667.7,11,11,0.4543642008904992,0.09090909090909091,0.6580611063870678,0.8740956635603262,2.2008776176470772,0.3998006209795491,0.0,0.3634551099814083,0.3998006209795491,0.8553182462449664,0.8601512360922833
24122398000105,79844.0,3,3,0.8728414752738584,0.3333333333333333,0.9324182155202645,0.9999999999999999,1.1456834125420599,0.8092622129107874,0.0,0.539508141940525,0.8092622129107874,0.9387979770403279,0.9419738087781107
24238525000128,11785.0,3,3,0.5917845704280609,0.3333333333333333,0.7212558336868902,1.0000000000000002,1.6898041111086437,0.3876768556420913,0.0,0.25845123709472756,0.3876768556420913,0.7724923048717783,0.312466994537899
24336499000170,23676.0,2,2,0.516677260491433,0.5,0.5913161006926846,1.0,1.9354441862776364,0.033354520982866065,0.0,0.016677260491433032,0.033354520982866065,0.3965645695364238,0.306408619005582
24366622000104,6215.0,1,1,1.0,1.0,1.0,1.0,1.0,,,0.0,,0.3965645695364238,0.21668046357615894
24456732000159,8610.0,1,1,1.0,1.0,1.0,1.0,1.0,,,0.0,,0.3965645695364238,0.260533940397351
24513574000121,36813694.46,165,136,0.012981166409475248,0.009660238751147842,0.03966610174337824,0.14219289388865103,77.03467997067484,0.005669915790286175,0.002324388667823011,0.003320927658327406,0.0033455271224631642,0.4368340790711875,0.8529736281748291
24546907000119,60155.0,3,3,0.4898218253000185,0.3333333333333333,0.6483251600033247,1.0,2.0415586818482305,0.23473273795002775,0.0,0.15648849196668518,0.23473273795002775,0.8464610927152318,0.6223077620671984
24599430000130,122882.59,2,1,1.0,1.0,1.0,1.0,1.0,,,0.0,,0.9791183774834437,0.9978890728476821
24767074000116,62482.659999999996,23,17,0.8859824465118491,0.06994328922495274,0.9410610879882515,0.969189852032548,1.1286905332459383,0.8788563494188396,0.01181474480151229,0.8160391572868964,0.8670416046173273,0.9608207782127339,0.8558042203228864
24810277000148,4569460.16,64,59,0.13501782125144637,0.0185546875,0.3140414731179098,0.6160265680049173,7.406429690030919,0.12010433541095407,0.0016332165948275861,0.11646313375144637,0.11847111881612649,0.7911325521071758,0.8794386966797221
24811705000157,93000.0,2,2,0.5005202913631633,0.5,0.5161290322580645,1.0,1.997920997920998,0.0010405827263266776,0.0,0.0005202913631633388,0.0010405827263266776,0.9745860927152318,0.7775835825678274
24811911000167,145828.1,11,10,0.35535263671455863,0.10743801652892562,0.5101897370945654,0.9496043629451387,2.8141060363181216,0.28372515190506514,0.008264462809917352,0.247914620185633,0.2754606890951478,0.6375136745588386,0.6158663367920474
24811986000148,44904.0,4,4,0.8485848734560326,0.25,0.9198289684660609,1.0,1.1784325072014292,0.7981131646080435,0.0,0.5985848734560326,0.7981131646080435,0.8542196420797037,0.6639864160540278
24812000000154,39600.0,3,3,0.36685032139577595,0.3333333333333333,0.45454545454545453,1.0,2.725907384230288,0.05027548209366394,0.0,0.03351698806244263,0.05027548209366394,0.9421131848284165,0.6103282410194661
24836603000196,239701.52000000002,8,6,0.22707322601575655,0.1875,0.30252190307345567,0.9010337523099562,4.403865737700887,0.07248787121890787,0.02500000000000001,0.03957322601575655,0.047487871218907865,0.424342735244536,0.5605240617830052
24977548000154,90000.0,1,1,1.0,1.0,1.0,1.0,1.0,,,0.0,,0.9868584437086093,0.8940397350993378
24996845000147,6626590.970000001,25,21,0.3424413485659098,0.05599999999999999,0.43512821797117807,0.9328200198238583,2.9202081004173177,0.3095634159942053,0.00879999999999999,0.2864413485659098,0.3007634159942053,0.4114505568952962,0.9368769318004048
25005158000185,22200.0,2,2,0.9821443064686308,0.5,0.990990990990991,1.0,1.0181803156763904,0.9642886129372616,0.0,0.4821443064686308,0.9642886129372616,0.40126017988186863,0.4009143249209474
25044199000180,6886.0,1,1,1.0,1.0,1.0,1.0,1.0,,,0.0,,0.9663079470198676,0.8444536423841059
25107871000130,4408514.23,22,22,0.10469985351695314,0.045454545454545456,0.2340924733728261,0.561638681610879,9.551111739025295,0.06206651320823662,0.0,0.05924530806240769,0.06206651320823662,0.6311928830968622,0.8579380376300079
25118534000148,106558.0,2,2,0.7118317265312002,0.5,0.8254471743088271,1.0,1.4048263974873128,0.4236634530624004,0.0,0.2118317265312002,0.4236634530624004,0.47509527892591896,0.6236457434368051
25137807000100,8845.27,1,1,1.0,1.0,1.0,1.0,1.0,,,0.0,,0.9979304635761589,0.9662665562913907
25141524000123,8484235.430000002,55,45,0.07067572935605448,0.027438016528925614,0.1683254680734384,0.41570792431440107,14.149128832645493,0.04955472320505572,0.005334335086401196,0.04323771282712887,0.04422038811865452,0.9204942157450272,0.9144311793951608
25234161000170,322835.91000000003,8,8,0.3175136445038114,0.125,0.4336568382371093,0.9325663616541293,3.149470951280634,0.22001559371864163,0.0,0.19251364450381142,0.22001559371864163,0.4118521032536968,0.6493280094200259
25269069000146,7432143.880000001,25,22,0.783585966537165,0.049599999999999984,0.8818444725803667,0.980477659966938,1.276184161923184,0.773280536372268,0.004342857142857125,0.733985966537165,0.7689376792294109,0.9603221999169664,0.9836030232020877
25344040000181,29890.0,2,2,0.6466938381515093,0.5,0.7708263633322181,1.0,1.5463267793897197,0.29338767630301854,0.0,0.14669383815150927,0.29338767630301854,0.5160127905521127,0.4985996806170085
25433004000194,517393.98,3,3,0.35258456486679146,0.3333333333333333,0.44468623311001804,1.0,2.8361990275377083,0.028876847300187216,0.0,0.019251231533458146,0.028876847300187216,0.9414839248950101,0.891200297842303
25647918000158,54000.0,1,1,1.0,1.0,1.0,1.0,1.0,,,0.0,,0.3965645695364238,0.574648178807947
25769548000121,212112284.97000003,392,195,0.13358163103572793,0.009136817992503125,0.29845334195967765,0.5815709437454184,7.48605921522652,0.12911555696890176,0.004029275817206749,0.1244448130432248,0.125086281151695,0.6440961685624124,0.9782916179629774
25838855000117,10681332.450000001,25,22,0.26777014184674686,0.05919999999999999,0.40992939228288877,0.8127576583387777,3.7345463280679403,0.2329020533632586,0.014399999999999986,0.20857014184674688,0.2185020533632586,0.4028091205963917,0.9390977281830055
25947276000102,2039260.96,14,14,0.5805242036393404,0.07142857142857142,0.7412096978505389,0.9651127730116502,1.7225810633405827,0.5482568346885205,0.0,0.509095632210769,0.5482568346885205,0.5018254779871575,0.9038106726437023
26034744000110,56090.16,3,3,0.3771810591536039,0.3333333333333333,0.46129588505363506,0.9999999999999999,2.651246598235884,0.06577158873040585,0.0,0.04384772582027058,0.06577158873040585,0.3965645695364238,0.3906154543762593
26063838000118,2080776.27,75,54,0.0637625655916763,0.02257777777777778,0.17781825241596014,0.40803762145941813,15.68318323958003,0.04609770833868906,0.004135849056603777,0.04118478781389852,0.04196185928208528,0.5050435991314136,0.640905816681202
26104750000105,54050.0,2,2,0.7362088928177475,0.5,0.8436632747456059,1.0,1.3583101341965933,0.47241778563549497,0.0,0.23620889281774748,0.47241778563549497,0.9699205803431945,0.8497040237454895
26141515000103,285620.11,17,17,0.6506331271162801,0.058823529411764705,0.80176427353102,0.9329093109025133,1.5369644709487436,0.6287976975610475,0.0,0.5918095977045154,0.6287976975610475,0.7642054319451393,0.7287980472517885
26195928000162,186561.28,4,4,0.49691026384666415,0.25,0.6687415523735686,1.0,2.0124357912409283,0.32921368512888555,0.0,0.24691026384666415,0.32921368512888555,0.7621635122637374,0.7027733715610461
26643419000155,138080.36,21,13,0.1510509114083808,0.17913832199546487,0.28461687092936316,0.6724117752879556,6.620284450296383,0.08030515402574587,0.1107331821617536,-0.028087410587084055,-0.03042802813600773,0.5404027327392724,0.42148588327490283
26889272000188,390000.0,3,3,0.546508875739645,0.3333333333333333,0.7076923076923077,1.0,1.8297964486790816,0.3197633136094675,0.0,0.2131755424063117,0.3197633136094675,0.3965645695364238,0.7585341314314824
26938926000116,45086315.40999999,110,90,0.22001341371497396,0.013884297520661157,0.3393490876525809,0.8026733005548123,4.54517741947995,0.2112495194870523,0.002804345807410158,0.2061291161943128,0.20844517367964216,0.5095067540121577,0.9754787158905719
26981455000129,15750.26,7,7,0.5991141805938454,0.14285714285714285,0.7237975754051044,0.9992749326042871,1.6691309142587718,0.5322998773594863,0.0,0.4562570377367025,0.5322998773594863,0.9617032838606435,0.7316670879323568
26982329000199,114300.66,1,1,1.0,1.0,1.0,1.0,1.0,,,0.0,,0.8464610927152317,0.7270695364238411
27108141000189,11377678.99,67,60,0.23373008808169443,0.018489641345511253,0.4570042822064186,0.665165471503604,4.278439323783061,0.22074246245596046,0.0018538725547572064,0.21524044673618317,0.21888858990120325,0.8017377946994888,0.9252717530915677
27140348000130,15344.3,3,2,0.6854254700783478,0.5555555555555556,0.8044876599128015,1.0,1.4589478267939104,0.3708509401566955,0.11111111111111116,0.12986991452279217,0.25973982904558435,0.9906323772999297,0.9190547810255317
27142702000328,338507.21,4,4,0.9506480556612882,0.25,0.9748684525803748,0.9999999999999999,1.0519140012382202,0.9341974075483842,0.0,0.7006480556612882,0.9341974075483842,0.9317642320086761,0.9388170166497266
27142702000409,413080.0,2,2,0.9839119195359107,0.5,0.99189019076208,1.0,1.0163511389024311,0.9678238390718215,0.0,0.48391191953591073,0.9678238390718215,0.3965645695364238,0.8654133489688509
27142702000590,875270.0,3,3,0.5734938452250512,0.3333333333333333,0.7193208952666035,1.0,1.7436978763173625,0.3602407678375768,0.0,0.2401605118917179,0.3602407678375768,0.41861554905631015,0.868518113180894
27142702000670,11168.16,2,2,0.5709890293102107,0.5,0.6883998796578845,1.0,1.7513471339511735,0.14197805862042134,0.0,0.07098902931021067,0.14197805862042134,0.3965645695364238,0.2156872817767369
27142702000751,147964.0,2,2,0.8845619631979333,0.5,0.9384985537022519,1.0,1.1305030530418996,0.7691239263958667,0.0,0.38456196319793334,0.7691239263958667,0.3965645695364238,0.7038671277835435
27142702000832,50721.0,1,1,1.0,1.0,1.0,1.0,1.0,,,0.0,,0.3965645695364238,0.5640314569536424
27142702000913,15749600.0,3,2,0.529408083112691,0.5555555555555556,0.6212602224818408,1.0,1.8889020245411283,0.058816166225382105,0.11111111111111116,-0.026147472442864528,-0.052294944885729056,0.6760673836202966,0.9909545311273751
27142702001057,39076.55,2,1,1.0,1.0,1.0,1.0,1.0,,,0.0,,0.3965645695364238,0.5109685430463576
27142702001138,4697820.0,167,102,0.04469569464748288,0.014808705941410592,0.13410475497145485,0.3488852276162135,22.373519594830075,0.035237236178646075,0.0050543366933057466,0.029886988706072287,0.03018289948534033,0.5524639463249983,0.6905284359948722
27142702001480,247316.15,10,10,0.3714898853530471,0.10000000000000003,0.5256429877304818,0.9622525661991745,2.691863330409778,0.3016554281700523,3.0839528461809905e-17,0.2714898853530471,0.30165542817005225,0.5698531266465297,0.7504983172140903
27142702001642,69893.28,3,3,0.7529395993272789,0.3333333333333333,0.8601685312236026,1.0,1.3281277819541695,0.6294093989909184,0.0,0.4196062659939456,0.6294093989909184,0.4570676817135158,0.570218580417429
27142702002029,154157.0,2,2,0.9774648618910027,0.5,0.988602528590982,1.0,1.0230546784724321,0.9549297237820054,0.0,0.4774648618910027,0.9549297237820054,0.3965645695364238,0.7393224220388204
27165554003200,1651075.97,1,1,1.0,1.0,1.0,1.0,1.0,,,0.0,,0.3965645695364238,0.9545115894039735
27165554003382,1827313.6400000001,3,3,0.5546873559665318,0.3333333333333333,0.7081433486152929,0.9999999999999999,1.802817369538773,0.33203103394979777,0.0,0.22135402263319853,0.33203103394979777,0.39656456953642377,0.9117479474174707
27165554003463,171435.01,4,4,0.3198111277530584,0.25,0.4304547245046388,1.0,3.1268455448246573,0.09308150367074457,0.0,0.06981112775305842,0.09308150367074457,0.536357265140864,0.653780946108618
27165554003544,34440.0,1,1,1.0,1.0,1.0,1.0,1.0,,,0.0,,0.9177773178807948,0.7235720198675497
27174093002502,8232.0,1,1,1.0,1.0,1.0,1.0,1.0,,,0.0,,0.9713162251655629,0.7183360927152318
27174093002685,2071553.6400000001,4,4,0.7878646980196697,0.25,0.8810778368258907,0.9999999999999999,1.2692534676493832,0.717152930692893,0.0,0.5378646980196697,0.717152930692893,0.8821222282546803,0.9574311463623784
27174093002766,21249.0,1,1,1.0,1.0,1.0,1.0,1.0,,,0.0,,0.9713162251655629,0.7183360927152318
27174093002847,2146141.96,5,5,0.39017453360551346,0.20000000000000004,0.5419771952084661,0.9814481051383945,2.5629555849256205,0.2377181670068918,3.469446951953614e-17,0.19017453360551342,0.23771816700689177,0.48375270131769765,0.9126915113194455
27174093002928,1736232.7,4,4,0.7794628175262972,0.25,0.8763226265695837,1.0,1.2829348334710813,0.7059504233683963,0.0,0.5294628175262972,0.7059504233683963,0.4063486036314935,0.9271139173389261
27174093003061,5000000.0,1,1,1.0,1.0,1.0,1.0,1.0,,,0.0,,0.3965645695364238,0.984478476821192
27174093003142,311298.0,3,3,0.6769266418005285,0.3333333333333333,0.8005705144266908,1.0,1.4772649475578954,0.5153899627007927,0.0,0.3435933084671952,0.5153899627007927,0.4022641190385959,0.7717401719935826
27251155000157,45720.0,1,1,1.0,1.0,1.0,1.0,1.0,,,0.0,,0.3965645695364238,0.5412044701986755
27261826000160,1837296.8,3,3,0.933471034419706,0.3333333333333333,0.9657758071532047,1.0,1.0712705195203531,0.9002065516295589,0.0,0.6001377010863727,0.9002065516295589,0.3965645695364239,0.9416903820131708
27451574000132,33978.5,1,1,1.0,1.0,1.0,1.0,1.0,,,0.0,,0.3965645695364238,0.48331953642384107
27452374000102,135196.27999999997,13,13,0.16176484152921322,0.07692307692307694,0.21986965913559162,0.7669391495091433,6.181812998094578,0.09191191165664765,1.5034270125132327e-17,0.08484176460613628,0.09191191165664764,0.8684019088290331,0.7267516588499897
27562511000153,826269.0999999999,12,10,0.2746894298020611,0.11111111111111112,0.47926274866142277,0.7647525969445063,3.640474992869553,0.19409936644673456,0.012345679012345682,0.16357831869095002,0.18175368743438888,0.8763356881162249,0.897709819933541
27600799000103,294463.36,10,7,0.2600557162756273,0.18000000000000005,0.4222364371580899,0.867453118785305,3.845329817476968,0.13673166898823183,0.0433333333333334,0.08005571627562724,0.09339833565489844,0.427672235633811,0.6061390004582804
27611852000171,106844.314,210,73,0.039705324297350124,0.027845804988662133,0.09962813744117446,0.30868644072159046,25.18553916122374,0.026367898245924434,0.014343663391282442,0.01185951930868799,0.012024234854641993,0.9980335429018269,0.9127174549035124
27741750000170,78975.0,2,2,0.5549242475484958,0.5,0.6657169990503324,1.0,1.8020477649295876,0.10984849509699157,0.0,0.054924247548495786,0.10984849509699157,0.5707971311862041,0.6805563417042446
27744234000108,487607.07999999996,7,7,0.2284896366273495,0.14285714285714285,0.38195589776916283,0.7921222144682559,4.3765661093458235,0.09990457606524109,0.0,0.08563249377020665,0.09990457606524109,0.44531954005748003,0.6844785260105913
27751000000180,20900.0,1,1,1.0,1.0,1.0,1.0,1.0,,,0.0,,0.3965645695364238,0.395260761589404
27780220000131,5904914.869999999,33,30,0.1615998267657121,0.035812672176308534,0.29374089858809427,0.701167602099571,6.1881254455167385,0.13268947596452976,0.0025648332858364147,0.12578715458940357,0.13012464267869334,0.578880693802825,0.8954251131648002
27834977000160,7681304.79,27,26,0.3756981594306307,0.03978052126200274,0.44569417613228185,0.9168703290056532,2.6617112032582133,0.3507260858078559,0.0013717421124828455,0.33591763816862796,0.34935434369537305,0.6277182797610253,0.9381209541766933
27993108000189,8614494.11,22,22,0.09348997449707488,0.045454545454545456,0.19618087590752328,0.4826862665299333,10.696334076241383,0.05032283042550702,0.0,0.04803542904252943,0.05032283042550702,0.4737876725629555,0.9008005137221233
27998368000147,3237018.2399999998,13,13,0.24033859602910226,0.07692307692307694,0.31404434718291857,0.8706264935967738,4.160796545049766,0.17703347903152744,1.5034270125132327e-17,0.1634155191060253,0.1770334790315274,0.8429164231106716,0.9182241942869698
28052214000120,112351.51000000001,11,11,0.5143924290984165,0.09090909090909091,0.7037033147129041,0.9325564916751008,1.9440410539336965,0.46583167200825815,0.0,0.4234833381893256,0.46583167200825815,0.5360123275598778,0.6460416406486361
28161852000180,7000.0,1,1,1.0,1.0,1.0,1.0,1.0,,,0.0,,0.9177773178807948,0.7920943708609272
28164691000188,76009413.66999999,38,22,0.3104134502205985,0.07479224376731297,0.5309208249547072,0.7709655144087627,3.221509890403717,0.2775759954691984,0.030734731565756443,0.23562120645328555,0.24684126390344197,0.754584913383855,0.9855063034137177
28174884000110,153040.0,4,3,0.33717860627849894,0.375,0.38225300575013066,1.0,2.9657872159719156,0.005767909417748434,0.06250000000000001,-0.03782139372150106,-0.05673209058225158,0.5957997092263461,0.7026919497737681
28199862000104,765321.77,41,39,0.2504904783376955,0.026769779892920877,0.42617368639598485,0.780344690835072,3.992167712865568,0.23076654355710854,0.0011584583111556375,0.22372069844477463,0.22960808524595291,0.7590182244392006,0.8310111962597655
28204564000165,90200.0,3,2,0.9955752429929057,0.5555555555555556,0.9977827050997783,1.0,1.004444422496679,0.9911504859858113,0.11111111111111116,0.4400196874373501,0.8800393748747002,0.9585264900662251,0.8199004052803923
28455749000142,3724544.7,5,4,0.9117003680012725,0.28,0.9544656558961421,0.9999999999999999,1.096851591924118,0.88226715733503,0.040000000000000036,0.6317003680012725,0.84226715733503,0.3965645695364238,0.9607829916276888
28543098000142,730216.3,20,16,0.5745108809071743,0.07500000000000001,0.7504625684197955,0.9074585160588718,1.7406110714926102,0.5461449396343192,0.013333333333333345,0.49951088090717427,0.5328116063009859,0.46690734725967464,0.8081157417384047
28546334000184,1229321.3192,7,6,0.25738701118249474,0.18367346938775508,0.3267987252197326,0.9168253998339997,3.885199938434234,0.1088644134189937,0.02040816326530611,0.07371354179473966,0.08845625015368758,0.6965701624385604,0.8907911139206919
28550176000136,7588620.51,54,35,0.253832782077314,0.03772290809327847,0.4874322461013405,0.6651714410212352,3.939601464461015,0.23188668743252913,0.009420640684257247,0.21610987398403556,0.2224660467482719,0.4019182799290478,0.8630262717099296
28553049000190,35948797.470000006,14,14,0.26089397468720565,0.07142857142857142,0.44744264431719255,0.8577350687664046,3.832974683293981,0.20403966504775994,0.0,0.18946540325863423,0.20403966504775994,0.39971833076962426,0.978284548320679
28612996000105,44316.0,1,1,1.0,1.0,1.0,1.0,1.0,,,0.0,,0.3965645695364238,0.5350579470198675
28650418000163,318230.5,9,9,0.21578501772887984,0.1111111111111111,0.39230997657358424,0.7399802658764637,4.634242036471858,0.11775814494498983,0.0,0.10467390661776874,0.11775814494498983,0.4350374320359661,0.5828045516509957
28725566000108,2809843.4,30,26,0.11698338135798397,0.042222222222222223,0.23132961787123082,0.5772563695186714,8.54822273379048,0.08166271661230333,0.00391111111111111,0.07476115913576176,0.07775160550119221,0.4784691799670312,0.8156894141254037
28736680000125,828279.5499999999,26,19,0.5333016192759182,0.059171597633136105,0.724393110997368,0.850880526991159,1.8751115013634012,0.5073739314579137,0.0069033530571992255,0.4741300216427821,0.5004705784007144,0.4658285369937533,0.8034734135606074
28757019000104,59614.06,1,1,1.0,1.0,1.0,1.0,1.0,,,0.0,,0.3965645695364238,0.5950745033112583
28841729000100,3279620.1399999997,27,27,0.1618271617638914,0.03703703703703703,0.28966769303959694,0.7308773265430673,6.179432359192069,0.12958974490865643,0.0,0.12479012472685436,0.12958974490865643,0.5593179368781661,0.8511358734553566
28842189000189,2236157.12,14,13,0.27243579515782795,0.0816326530612245,0.4519684198219488,0.8407392679097611,3.670589613309361,0.2118054447543136,0.005102040816326534,0.19080314209660346,0.20670340393798706,0.4709660129113239,0.8741347166088695
28842205000133,1650529.548,11,9,0.22419689254077227,0.12396694214876033,0.31539703765424504,0.8311545525872647,4.460365122224612,0.12722150410836883,0.014462809917355383,0.10022995039201194,0.11275869419101345,0.4065885395478065,0.8231196012000802
28875494000177,57748345.41,37,33,0.41038786936124844,0.03287070854638423,0.6190286101913097,0.8823616946638333,2.436719198246425,0.39196249027878743,0.0026479181884587343,0.3775171608148642,0.3893145720903287,0.49014154879324634,0.9823172958592137
28983143000180,876482.4,13,11,0.2843101359779884,0.10059171597633138,0.5007342988290467,0.7479150750773776,3.517285785679555,0.21274114957578721,0.01065088757396451,0.183718420001657,0.2020902620018227,0.5085837250775984,0.7405599351505927
28997560000181,7413252.619999999,53,37,0.08856266690591358,0.03880384478462087,0.21067141510685494,0.4890995971482218,11.291439552767434,0.06324496320885561,0.012103951584193673,0.049758822121292706,0.05114101162466194,0.8193002029814981,0.886116297788165
29053402000136,3105229.71,7,6,0.6730928768048955,0.18367346938775508,0.8132751988901974,0.988034250773673,1.4856790711363637,0.6077114521658746,0.02040816326530611,0.4894194074171404,0.5873032889005685,0.4880268557801607,0.9497541975777788
29063294000182,14034716.170000002,20,20,0.1874632304531205,0.05000000000000002,0.2877151166499151,0.8015864741210509,5.334379427810368,0.1446981373190742,1.460819769243627e-17,0.13746323045312048,0.14469813731907416,0.6148763459842596,0.9495075819610908
29112760000172,13406683.63,100,64,0.17225297231312298,0.0278,0.35735899438092433,0.6520854971499017,5.805415062343256,0.15911413060380747,0.012368253968253966,0.14445297231312298,0.1467458766355535,0.5416045042767645,0.9209494318747748
29134183000110,921934.0,4,3,0.8638528927135574,0.375,0.9271227658379017,1.0,1.1576045046961339,0.795779339070336,0.06250000000000001,0.48885289271355736,0.733279339070336,0.4382462610955027,0.9240249192465646
29247491000151,1980450.0,1,1,1.0,1.0,1.0,1.0,1.0,,,0.0,,0.3965645695364238,0.9610513245033112
29258319000101,14895.1,1,1,1.0,1.0,1.0,1.0,1.0,,,0.0,,0.3965645695364238,0.33729304635761587
29315648000139,4100265.0,6,6,0.7740703428441945,0.16666666666666669,0.8735947554609276,0.9990159172638843,1.291872255854247,0.7288844114130334,3.3306690738754695e-17,0.6074036761775279,0.7288844114130334,0.9622630754006426,0.9759587206922007
29355454000167,11936357.42,59,52,0.13057560533887505,0.023269175524274634,0.21512230319926195,0.6751990239916927,7.658398346343177,0.11352806818865692,0.004117590730632959,0.10730642981460042,0.10941047745802396,0.5885801982935067,0.9142424830649403
29360329000145,58620.0,3,3,0.6289269367405287,0.3333333333333333,0.7761856021835551,1.0,1.5900098112868108,0.44339040511079303,0.0,0.29559360340719537,0.44339040511079303,0.8011224004758452,0.678265087351242
29403472000177,106000.0,2,2,0.829120683517266,0.5,0.9056603773584906,1.0,1.2060970373550879,0.658241367034532,0.0,0.329120683517266,0.658241367034532,0.9110493721104587,0.7843129139072847
29505936000156,1043649.73,12,11,0.15653752227875206,0.09722222222222224,0.2864514706481072,0.6862976527575013,6.388244718855736,0.07219127450662727,0.006944444444444459,0.059315300056529824,0.0652468300621828,0.4654362205532938,0.7285529382252163
29525069000110,146969.0,6,3,0.3417359273373838,0.5,0.4043029482407855,1.0,2.926236078809283,0.0126038910060757,0.25,-0.15826407266261622,-0.2373961089939243,0.5398271438532404,0.5996921429211611
29525079000156,789075.2,4,3,0.8837237992817442,0.375,0.9390739944684614,1.0,1.131575273646314,0.8255856989226162,0.06250000000000001,0.5087237992817442,0.7630856989226162,0.41434929666915504,0.889843216797645
29525118000115,87997.0,2,2,0.537201917197503,0.5,0.6363853313181131,1.0,1.861497451864731,0.07440383439500597,0.0,0.03720191719750299,0.07440383439500597,0.3965645695364238,0.5426235604284222
29525140000165,571278.0900000001,5,5,0.482198425906541,0.20000000000000004,0.6721770127749868,0.9498281301143547,2.073835056844044,0.3527480323831762,3.469446951953614e-17,0.282198425906541,0.35274803238317615,0.45773848008582035,0.7892586633714962
29551987000114,46368.0,1,1,1.0,1.0,1.0,1.0,1.0,,,0.0,,0.9447433774834437,0.802317880794702
29571063000180,50000.0,2,1,1.0,1.0,1.0,1.0,1.0,,,0.0,,0.3965645695364238,0.5608029801324503
29578957000100,1044928.2,4,4,0.6835421922207503,0.25,0.8189349277778128,1.0,1.462967482301443,0.5780562562943338,0.0,0.4335421922207503,0.5780562562943338,0.43841427945235883,0.8757956019963099
29578965000148,413186.56999999995,13,11,0.1748686696947215,0.10059171597633138,0.21781927713671817,0.7708382196449415,5.718577271421797,0.09235553666419366,0.01065088757396451,0.07427695371839013,0.08170464909022915,0.5317448836425986,0.6651719459455412
29582073000110,7200.0,2,2,0.7222222222222223,0.5,0.8333333333333334,1.0,1.3846153846153844,0.44444444444444464,0.0,0.22222222222222232,0.44444444444444464,0.8533802428256071,0.5695916114790287
29599447000100,24785.769999999997,8,8,0.20552679946289285,0.125,0.2824201144446995,0.8370726428914655,4.865545527947301,0.09203062795759183,0.0,0.08052679946289285,0.09203062795759183,0.5701532543282478,0.23366361077637884
29710485000199,8492664.91,1,1,1.0,1.0,1.0,1.0,1.0,,,0.0,,0.3965645695364238,0.9914321192052981
29727488000135,74718.4,2,2,0.7090932278099237,0.5,0.8233366881517806,1.0,1.4102517987494523,0.41818645561984735,0.0,0.20909322780992368,0.41818645561984735,0.48864373983645304,0.629136309270488
29742287000107,116391.91,1,1,1.0,1.0,1.0,1.0,1.0,,,0.0,,0.991328642384106,0.9663493377483444
29799949000185,259997.0,5,5,0.2474003599309895,0.20000000000000004,0.3230806509305877,0.9329607649319032,4.042031306174908,0.059250449913736854,3.469446951953614e-17,0.047400359930989455,0.05925044991373682,0.639745219169238,0.6962579517601158
29937718000190,1009062.66,92,66,0.07038395909687124,0.02173913043478261,0.19931695817581832,0.42151569655743676,14.207782750948613,0.05608217385220772,0.006688963210702344,0.048644828662088635,0.049393210641505376,0.6587213398496157,0.5404480115601438
29957183000110,9.0,9,9,0.1111111111111111,0.1111111111111111,0.1111111111111111,0.4444444444444444,9.0,0.0,0.0,0.0,0.0,0.4465530721118469,0.02302014348785872
29974835000124,143939.6,2,2,0.6113923567721538,0.5,0.736000377936301,1.0,1.6356108952350998,0.2227847135443075,0.0,0.11139235677215376,0.2227847135443075,0.3965645695364238,0.6421484149836284
30024283000172,3784360.37,10,10,0.24530857089397845,0.10000000000000003,0.3824530061866175,0.9175617542998422,4.076498413225833,0.16145396765997605,3.0839528461809905e-17,0.14530857089397842,0.16145396765997602,0.3965645695364238,0.907376208574935
30035300000177,157953.86,2,2,0.645099239314257,0.5,0.7693503659866243,1.0000000000000002,1.5501490918870158,0.2901984786285139,0.0,0.14509923931425694,0.2901984786285139,0.3965645695364239,0.6629856837099256
30056699000172,86013.31,1,1,1.0,1.0,1.0,1.0,1.0,,,0.0,,0.3965645695364238,0.6589403973509934
30078127000194,286770.0,7,6,0.2885969211566728,0.18367346938775508,0.43937650381839105,0.9345468493914983,3.46504043075748,0.14631630538800736,0.02040816326530611,0.10492345176891771,0.12590814212270124,0.3965645695364238,0.6161055305241503
30101686000178,479030.2,8,8,0.18263336352810008,0.125,0.3006073521043141,0.7518068798167632,5.475450819511077,0.06586670117497152,0.0,0.057633363528100084,0.06586670117497152,0.6673726422807819,0.702755311945782
30133864000142,44580.0,2,2,0.5508732014730576,0.5,0.6594885598923284,1.0,1.8152997773824517,0.10174640294611526,0.0,0.05087320147305763,0.10174640294611526,0.6932661797081814,0.5497458898950914
30245797000158,18365997.520000003,3,2,0.9848706576865662,0.5555555555555556,0.9923772221003762,0.9999999999999999,1.015361755572018,0.9697413153731325,0.11111111111111116,0.42931510213101065,0.8586302042620213,0.9586948158944307,0.9978865624696872
30294645000145,612990.0,1,1,1.0,1.0,1.0,1.0,1.0,,,0.0,,0.9447433774834437,0.9663907284768212
30301779000146,1303012.9,5,5,0.5521826339833731,0.20000000000000004,0.7305629437743862,0.9471378986347717,1.8109950195031148,0.4402282924792163,3.469446951953614e-17,0.352182633983373,0.44022829247921624,0.4624007601291179,0.8781956440407768
30319647000141,1235886.1,4,3,0.38600782049320914,0.375,0.5205868890345153,0.9999999999999999,2.590621088252259,0.07901173073981373,0.06250000000000001,0.011007820493209142,0.016511730739813713,0.6307748009255241,0.8855889940696066
30391653000100,27981094.040000003,14,13,0.17842420150429916,0.0816326530612245,0.3020968368111742,0.734825237019217,5.6046208505851425,0.10995955162965741,0.005102040816326534,0.09679154844307467,0.10485751081333088,0.7409400711938448,0.978045629068929
30419220000115,172781.73,3,2,0.7603322884632319,0.5555555555555556,0.8607854545732352,0.9999999999999999,1.3152144334435403,0.5206645769264637,0.11111111111111116,0.20477673290767628,0.40955346581535257,0.9040218224125244,0.9176118470961495
30452919000187,50960.0,1,1,1.0,1.0,1.0,1.0,1.0,,,0.0,,0.9177773178807948,0.6302980132450331
30465693000159,1803147.0,22,22,0.09913445948200963,0.045454545454545456,0.1941050840558202,0.5468217510829677,10.087309753088173,0.05623610040972438,0.0,0.05367991402746418,0.05623610040972438,0.5889166885351661,0.7399146692656695
30479352000132,837.6,1,1,1.0,1.0,1.0,1.0,1.0,,,0.0,,0.9879139072847682,0.7879139072847682
30482588000128,452285.0,4,4,0.679843636395859,0.25,0.8176371093447715,1.0,1.4709264696532667,0.573124848527812,0.0,0.429843636395859,0.573124848527812,0.8227274544463591,0.8290111201897765
30497215000120,3941821.4699999997,9,8,0.2751275435077593,0.13580246913580246,0.3621422255838492,0.9515700136465084,3.634677892480065,0.17157433543743922,0.01234567901234567,0.13932507437195685,0.15922865642509354,0.8699977781855708,0.9574142771662513
30497230000179,1027202.28,6,6,0.29179580434913865,0.16666666666666669,0.46857521577931077,0.9180589825014795,3.4270540737572874,0.1501549652189664,3.3306690738754695e-17,0.12512913768247197,0.15015496521896637,0.4965121115341776,0.8319557137646535
30499757000132,4869974.76,5,5,0.4578520192985255,0.20000000000000004,0.6398311928828149,0.999589320253479,2.184111804360061,0.3223150241231568,3.469446951953614e-17,0.2578520192985254,0.32231502412315677,0.4704341738603231,0.9557297691064026
30499841000156,6818103.299999999,18,16,0.20098240093838202,0.06790123456790123,0.38169688628800913,0.7335022043447186,4.975560025808349,0.14771456100094082,0.0057613168724279795,0.13308116637048079,0.14195324412851285,0.3965645695364238,0.9034603430120033
30543746000102,1187296.82,7,7,0.4818974973341072,0.14285714285714285,0.6802886071909129,0.8757850627444618,2.07513009619696,0.395547080223125,0.0,0.33904035447696435,0.395547080223125,0.7904919728191824,0.8681640050028191
30597659000138,122258.25,7,7,0.2629542928380013,0.14285714285714285,0.34469371187629466,0.9545797522866555,3.8029422878297394,0.14011334164433487,0.0,0.12009714998085846,0.14011334164433487,0.6801498957098507,0.5199994122574617
30613786000183,3461278.9399999995,14,14,0.5541117567490502,0.07142857142857142,0.7365774455612063,0.8994332800002532,1.804690096934519,0.5198126611143618,0.0,0.4826831853204788,0.5198126611143618,0.7814066881089495,0.9142282580432671
30629684000156,740299.5,7,7,0.424116885374814,0.14285714285714285,0.6316457055556569,0.8631871289930629,2.357840572926608,0.3281363662706163,0.0,0.28125974251767116,0.3281363662706163,0.3965645695364239,0.7625001977005468
30638611000120,5426057.73,48,24,0.2599082895684482,0.059895833333333336,0.34259495429290243,0.8766533175090269,3.84751098805044,0.22773038911490245,0.019021739130434787,0.20001245623511485,0.20870864998446767,0.74345753105455,0.9411136357908582
30642270000167,1800.0,1,1,1.0,1.0,1.0,1.0,1.0,,,0.0,,0.3965645695364238,0.0962748344370861
30649011000168,124005.42000000001,16,14,0.5851165237124135,0.078125,0.7499052863979655,0.9591300122204335,1.7090612886049736,0.5532024101518299,0.007211538461538465,0.5069915237124135,0.5459908716902915,0.953525149083929,0.9225839756167311
30667266000153,1052753.0,3,2,0.7179505011730236,0.5555555555555556,0.830113996350521,1.0,1.3928536833196017,0.43590100234604723,0.11111111111111116,0.16239494561746803,0.32478989123493607,0.3965645695364238,0.898769176329815
30679219000120,147451.5,4,4,0.34574553027955424,0.25,0.40691345967996256,1.0,2.8923005864788625,0.12766070703940566,0.0,0.09574553027955424,0.12766070703940566,0.6290621369821613,0.5760049229791644
30695182000123,359660.86,19,10,0.29009962031567577,0.1412742382271468,0.43036375990426096,0.939691074530601,3.447091722877254,0.21122180035075083,0.045860264696829765,0.14882538208852897,0.16536153565392106,0.5410662306253605,0.6888223516199703
30704185000186,7309110.989999999,19,19,0.4998316926365236,0.05263157894736842,0.6847618002856459,0.9152481237666907,2.0006734561491633,0.4720445644496638,0.0,0.4472001136891552,0.4720445644496638,0.43949425835000633,0.9457616444751522
30714308000160,11816140.43,7,7,0.47130017559419,0.14285714285714285,0.5106603155020222,0.984701787265404,2.12179000090389,0.38318353819322165,0.0,0.32844303273704717,0.38318353819322165,0.3965645695364239,0.9758324738456278
30726320000194,721192.5,2,2,0.8850640630099669,0.5,0.938784721138947,1.0,1.1298617148674568,0.7701281260199337,0.0,0.3850640630099669,0.7701281260199337,0.43096522521094854,0.9134144390854028
30731795000179,66283.9,4,4,0.5691819068583167,0.25,0.7241562430695841,1.0,1.756907568477795,0.42557587581108897,0.0,0.3191819068583167,0.42557587581108897,0.5135549656739935,0.5747550560508391
30736475000101,6036.58,2,2,0.6728243677793122,0.5,0.7939594936205601,1.0,1.4862719721352335,0.3456487355586244,0.0,0.1728243677793122,0.3456487355586244,0.8103863792805011,0.3485851598869225
30746224000108,965705.871,5,5,0.33757465436751694,0.20000000000000004,0.43914196209748424,0.9710191261744954,2.96230770604982,0.17196831795939616,3.469446951953614e-17,0.1375746543675169,0.17196831795939613,0.48722685805909116,0.8381568394349057
30746268000138,847492.03,11,10,0.19437829798836845,0.10743801652892562,0.30653975589599347,0.7320304829297333,5.144607244476643,0.1048647755426316,0.008264462809917352,0.08694028145944283,0.09660031273271424,0.6213253204585626,0.7440052799730159
30747548000160,6391323.02,172,94,0.17313759973332304,0.016563007030827484,0.3670186020421167,0.6426626517149495,5.775752936047746,0.16424660618206846,0.005988415708578317,0.15657459270249557,0.15825819047349016,0.6443331364347673,0.9324194962693958
30753960000193,2358693.87,116,72,0.14001629944701327,0.022592152199762183,0.2968343365389761,0.6199498538570416,7.142025635225652,0.12790385296035148,0.008825844484265877,0.11742414724725109,0.1190780084760856,0.7172782553647108,0.8532880930817278
30753994000188,20298524.55,29,25,0.12125973607612558,0.04637336504161711,0.20212019597256883,0.606096296787246,8.246760485873155,0.08464555841263081,0.006638921918351158,0.07488637103450847,0.07800663649427966,0.689131754886303,0.9556890747658262
30754400000153,430602.0,3,3,0.5914010824741136,0.3333333333333333,0.7481154290969387,1.0,1.6908998472179348,0.3871016237111704,0.0,0.2580677491407803,0.3871016237111704,0.3965645695364238,0.7789775165299921
30755320000112,1518797.1,16,15,0.19783754971067694,0.0703125,0.3538973046498442,0.7588085334110789,5.054652170239812,0.14054023183286812,0.003906250000000001,0.12752504971067694,0.13663398183286812,0.3965645695364237,0.7772137775369373
30773502000116,5790805.53,54,51,0.13799577170691452,0.022633744855967076,0.25630420712815755,0.693465850164718,7.24659884596952,0.12075568714105281,0.003086419753086418,0.11536202685094744,0.11766926738796639,0.6785986999600289,0.8854379938879551
30780129000120,861815.6900000001,4,4,0.784825334814786,0.25,0.8816418740299332,0.9999999999999999,1.2741688572477008,0.7131004464197147,0.0,0.534825334814786,0.7131004464197147,0.3965645695364238,0.8761511315278102
30784957000137,5736165.7299999995,23,21,0.23851829411094536,0.05103969754253306,0.4212000339118514,0.8194800187546185,4.1925505283668345,0.20044420881649264,0.003591682419659718,0.1874785965684123,0.19685252639683293,0.8769002874195655,0.9381778201923039
30799633000172,2395582.2900000005,37,37,0.03099526910802148,0.027027027027027025,0.04960570567584218,0.19250191985682114,32.2629881519952,0.004078471027688741,0.0,0.0039682420809944545,0.004078471027688741,0.4153147254288889,0.6244073434615972
30823266000103,14700.0,1,1,1.0,1.0,1.0,1.0,1.0,,,0.0,,0.3965645695364238,0.3355546357615894
30899445000116,17253015.74,21,18,0.23692585447855205,0.06122448979591835,0.32834682848321567,0.8630557262796539,4.220729739271769,0.19203914003611394,0.006002400960384141,0.1757013646826337,0.1860367390757298,0.4730252387697788,0.9616486837922448
30899549000120,1761301.52,3,3,0.9844233631721698,0.3333333333333333,0.9921640219784742,1.0,1.0158231076288524,0.9766350447582546,0.0,0.6510900298388365,0.9766350447582546,0.40104556122198565,0.955731261666149
30920416000199,146730.0,4,4,0.3038864943586817,0.25,0.39869147413616846,1.0,3.290702346316468,0.07184865914490894,0.0,0.0538864943586817,0.07184865914490894,0.6351763843623215,0.6113888339758162
30920620000100,1813661.3,9,8,0.4631079124692763,0.13580246913580246,0.49623377860022705,0.9844574066833758,2.1593239352530875,0.38640904282203004,0.01234567901234567,0.32730544333347383,0.37406336380968436,0.6755140734457004,0.9351826927633633
30935256000151,550998.3,9,8,0.1632532877902897,0.13580246913580246,0.2173472404542809,0.7369542700948442,6.125450908434813,0.0437180431889025,0.01234567901234567,0.02745081865448723,0.03137236417655683,0.5436431011803833,0.6783809491939959
30941262000111,438182.57999999996,3,3,0.33512899726832696,0.3333333333333333,0.35777323690047197,1.0,2.9839256171537203,0.002693495902490461,0.0,0.001795663934993641,0.002693495902490461,0.3965645695364238,0.7407635881470637
30957190000109,1031968.44,12,12,0.40130351462992875,0.08333333333333334,0.6192485886486994,0.8005745698967306,2.4918794965505673,0.34687656141446777,1.5139404881252137e-17,0.3179701812965954,0.34687656141446777,0.548816250210487,0.8222806304244706
30984161000128,9552064.35,3,1,1.0,1.0,1.0,1.0,1.0,,,0.0,,0.9791183774834437,0.9978890728476821
30984673000194,129243.4,4,3,0.42956999118167305,0.375,0.5845203700923993,1.0,2.3279093524414316,0.14435498677250957,0.06250000000000001,0.05456999118167305,0.08185498677250956,0.3965645695364238,0.5573845432480203
30985841000166,2660731.72,18,17,0.4245300705796275,0.06172839506172839,0.6382066960136816,0.8490509520441242,2.3555457417531365,0.3885631999908542,0.003086419753086417,0.3628016755178991,0.38547678023776777,0.4029619926380839,0.8504722139964965
31010615000122,7741728.29,54,43,0.05522495608858362,0.030178326474622767,0.17089207350623772,0.33411101024316625,18.10775545744119,0.03273031218593085,0.007087334247828071,0.02504662961396085,0.02564297793810278,0.47308920235469976,0.816418031613074
31014248000135,2595818.91,5,2,0.5003357427287057,0.52,0.5129565182187535,1.0,1.9986579302654865,0.0006714854574114693,0.040000000000000036,-0.019664257271294283,-0.039328514542588566,0.3965645695364238,0.9445473689807493
31015782000166,7540541.6,8,8,0.398065350640561,0.125,0.5197067011738256,0.9785256804365353,2.512150325042897,0.3120746864463554,0.0,0.273065350640561,0.3120746864463554,0.3965645695364239,0.9565468023736778
31030781000190,2181557.44,13,12,0.1539211767765381,0.08875739644970415,0.1999640220337265,0.7383564468511084,6.4968318261482265,0.07700492011985975,0.005917159763313625,0.06516378032683395,0.07108776035654613,0.40767383182702854,0.8293142051454677
31030892000105,540582.7440000001,285,67,0.05666372294153554,0.046549707602339174,0.13009756745028472,0.36276605603230283,17.647975602164006,0.042370749046710315,0.03210349105085947,0.010114015339196362,0.010267257995850848,0.9842783320765791,0.9079378717639365
31045140000100,1748999.0,1,1,1.0,1.0,1.0,1.0,1.0,,,0.0,,0.3965645695364238,0.9567466887417219
31049535000180,252123.99,22,20,0.2966420498425509,0.05371900826446281,0.47516303387075537,0.8665731491874294,3.3710662413867873,0.2596232103605799,0.003914745541539799,0.24292304157808808,0.2557084648190401,0.7083635192253676,0.8092054051401848
31054454000179,230200.0,3,3,0.8756643450601259,0.3333333333333333,0.9339704604691572,1.0,1.141990085175087,0.8134965175901887,0.0,0.5423310117267925,0.8134965175901887,0.9464544579720485,0.8685635259578482
31178434000100,4511182.52,19,18,0.1464668708512404,0.05817174515235456,0.2982665285730891,0.6287832530438161,6.827482516613968,0.09625903972484279,0.0027700831024930705,0.08829512569888584,0.09348895662234971,0.546382687574889,0.8700632063757312
31294097000116,1576150.81,17,14,0.1638476146264833,0.07958477508650517,0.3058126652233234,0.7165576243303773,6.103231971241443,0.09952820036698203,0.008783603939313269,0.08426283953997814,0.09074459642766876,0.724945201974291,0.8022702294803594
31340154000156,155000.0,2,2,0.729448491155047,0.5,0.8387096774193549,1.0,1.3708987161198285,0.4588969823100939,0.0,0.22944849115504695,0.4588969823100939,0.3965645695364239,0.6748858417004913
31384511000188,2330.0,2,2,0.5278601558326733,0.5,0.6180257510729614,1.0,1.8944411487594652,0.055720311665346633,0.0,0.027860155832673317,0.055720311665346633,0.6183025182616605,0.24414152431572067
31417180000135,25852.46,18,7,0.22654829494094136,0.3456790123456791,0.2950210540892434,0.8789678042244335,4.414069857646419,0.09763967743109826,0.23662551440329227,-0.11913071740473774,-0.13898583697219402,0.44149390491157126,0.21242763795959974
31442430000197,3624336.2199999997,11,9,0.28022161310545135,0.12396694214876033,0.36700353368430044,0.9204012203922959,3.568604109147305,0.1902493147436328,0.014462809917355383,0.15625467095669102,0.17578650482627742,0.7361017830360779,0.9426341611356023
31506306000148,1687746.55,2,2,0.9377941359502096,0.5,0.9678643692087535,1.0,1.0663321102842693,0.8755882719004191,0.0,0.43779413595020955,0.8755882719004191,0.8320033841520921,0.9531213121055307
31724255000120,717514.21,33,28,0.06468336118665545,0.03948576675849402,0.09619851291865009,0.3588501473719942,15.459926349750448,0.030042004193568617,0.003911165527327137,0.025197594428161427,0.02613083866624148,0.6329767671964682,0.6465608737509988
31748757000191,50000.0,1,1,1.0,1.0,1.0,1.0,1.0,,,0.0,,0.8464610927152317,0.6778145695364238
31790223000123,65911.62,5,5,0.231280534022336,0.20000000000000004,0.29281635013674373,0.9453814061921102,4.323753420179429,0.03910066752791999,3.469446951953614e-17,0.031280534022335965,0.039100667527919956,0.5151106272263068,0.43442683729439013
31799301000150,90000.0,1,1,1.0,1.0,1.0,1.0,1.0,,,0.0,,0.3965645695364238,0.6661009933774834
31846900000188,210000.0,1,1,1.0,1.0,1.0,1.0,1.0,,,0.0,,0.3965645695364238,0.792694536423841
32001836000105,8574772.48,148,60,0.07292290060536119,0.031957633308984656,0.18863963023774594,0.45379466324918744,13.713113325150445,0.05720972942918088,0.015550135568458974,0.040965267296376534,0.041659593860721905,0.5811278313710265,0.8441672572392229
32084685000198,19800.0,1,1,1.0,1.0,1.0,1.0,1.0,,,0.0,,0.3965645695364238,0.38416804635761587
32192146000172,21504.96,1,1,1.0,1.0,1.0,1.0,1.0,,,0.0,,0.3965645695364238,0.39958609271523177
32257384000119,3624475.02,7,7,0.6219840095384966,0.14285714285714285,0.7809439944767504,0.9491172103594743,1.6077583742739399,0.5589813444615794,0.0,0.4791268666813538,0.5589813444615794,0.4771388571950921,0.951692583584635
32286364000176,7800.0,1,1,1.0,1.0,1.0,1.0,1.0,,,0.0,,0.9885761589403973,0.8127897350993377
32356680000177,183653.7,2,2,0.5648673860408178,0.5,0.6800935674043049,1.0,1.7703270266832847,0.12973477208163553,0.0,0.06486738604081776,0.12973477208163553,0.39656456953642377,0.6769107838773383
32368984000154,467220.0,2,2,0.9446074251671439,0.5,0.9714909464492102,1.0,1.0586408420652151,0.8892148503342878,0.0,0.4446074251671439,0.8892148503342878,0.9177773178807948,0.9426165308201732
32370759000152,28201767.290000003,77,72,0.14332490997387418,0.015348288075560806,0.2978536739780325,0.6722677981504612,6.977154216823048,0.131259063635478,0.0014799541047940572,0.12797662189831338,0.12977910953068394,0.7035822331292417,0.9454450098726314
32402447000183,218734.6,13,12,0.15178656915063013,0.08875739644970415,0.22630164592158716,0.7215346817558813,6.588198189048063,0.07467625725523287,0.005917159763313625,0.06302917270092598,0.06875909749191925,0.5474505317378695,0.5173363253401233
32434374000101,61110.0,2,2,0.9643319261314189,0.5,0.9818360333824251,1.0,1.0369873410825146,0.9286638522628379,0.0,0.46433192613141894,0.9286638522628379,0.8482462888548605,0.7522755960102344
32467800000103,9926.5,11,7,0.3199360075398688,0.2066115702479339,0.49675716516395513,0.9375409258046643,3.1256250513640143,0.20659200879651357,0.07438016528925621,0.11332443729193489,0.13221184350725734,0.9840648195945498,0.8486921874119147
32504706000187,14192316.749999998,216,164,0.08621488795411857,0.008316186556927296,0.15712727099329996,0.5580683456772482,11.598924776567307,0.08060884432193524,0.002232236781202923,0.07789870139719127,0.07837660754073232,0.7003935050998831,0.8795642664463384
32531313000162,38811936.309999995,37,27,0.21626623131062592,0.07231555880204531,0.36172231031881746,0.7672015606788467,4.6239303932923645,0.18612262482257305,0.036635387986739355,0.14395067250858062,0.1494872368358337,0.6165025515883866,0.9739379938921242
32538167000105,91925.5,9,7,0.33215067121121233,0.16049382716049382,0.4090268750237964,0.9548112330093391,3.0106818581863015,0.22084244974641437,0.020576131687242795,0.17165684405071852,0.20026631805917158,0.6230214760812104,0.517442018444896
32556060000181,7729540.380000001,17,17,0.577064729014703,0.058823529411764705,0.7540478364122344,0.8833258983505045,1.732907851962169,0.5506312745781219,0.0,0.5182411996029382,0.5506312745781219,0.8223690983224434,0.9462181541977527
32557811000184,179288.39,11,10,0.15960459500384158,0.10743801652892562,0.26772508805506035,0.6886792836948337,6.2654837724185235,0.0662273277820462,0.008264462809917352,0.05216657847491596,0.05796286497212884,0.4027991382410068,0.4364999458936203
32579624000100,15707.53,38,30,0.10518172144922242,0.04155124653739612,0.18361002652867767,0.584668627085226,9.507355329630734,0.07432591874057493,0.008501289521444263,0.0636304749118263,0.06582462921913067,0.9958031808919225,0.8595692274175769
32689718000123,43440.0,1,1,1.0,1.0,1.0,1.0,1.0,,,0.0,,0.9713162251655629,0.8834023178807947
32805400000160,1399990.88,1,1,1.0,1.0,1.0,1.0,1.0,,,0.0,,0.8464610927152317,0.9620860927152318
32890890000140,61087.4,3,2,0.9366638603599367,0.5555555555555556,0.9672600241621022,1.0,1.0676188570099467,0.8733277207198733,0.11111111111111116,0.38110830480438107,0.7622166096087621,0.958781254778871,0.9449147414440633
32930376000191,458470.0,1,1,1.0,1.0,1.0,1.0,1.0,,,0.0,,0.3965645695364238,0.8814983443708609
32946188000151,174982.29,4,4,0.33868187262765764,0.25,0.38837101743267854,1.0000000000000002,2.95262333422665,0.11824249683687686,0.0,0.08868187262765764,0.11824249683687686,0.3965653833936207,0.5929950815800232
32951498000164,90854.2,5,5,0.5148050574546568,0.20000000000000004,0.6868146987150842,0.9960574194698759,1.9424828593259857,0.3935063218183209,3.469446951953614e-17,0.3148050574546567,0.39350632181832085,0.3965645695364238,0.5150995021373376
32974503000154,196943.0,4,4,0.7507550451338731,0.25,0.8616452476097145,1.0,1.3319923808459815,0.6676733935118309,0.0,0.5007550451338731,0.6676733935118309,0.43936593240764554,0.7224957441799226
32988237000119,183687.6,9,8,0.2735383951840955,0.13580246913580246,0.45729815186218337,0.8367467373954474,3.655793912686315,0.16975816592468057,0.01234567901234567,0.13773592604829304,0.1574124869123349,0.4871393132482822,0.5430897336110637
33002067000114,52338.8,15,13,0.1162559158678833,0.09333333333333335,0.20252661505422362,0.5655460193966999,8.601712803470836,0.04261057552354023,0.01777777777777779,0.022922582534549943,0.024832797745762438,0.7370784473544931,0.40100544053980036
33023214000132,127000.0,2,2,0.5089590179180359,0.5,0.5669291338582677,1.0,1.96479473748325,0.017918035836071766,0.0,0.008959017918035883,0.017918035836071766,0.591401646503624,0.6439768342285028
33088052000110,60000.0,1,1,1.0,1.0,1.0,1.0,1.0,,,0.0,,0.3965645695364238,0.5993170529801325
33098125000155,315527.20999999996,15,13,0.11350895228304693,0.09333333333333335,0.19015792647486723,0.5558925013154967,8.809877810398524,0.039634698306634165,0.01777777777777779,0.020175618949713578,0.021856920528856374,0.6084717845836307,0.5171193187780616
33103241000115,43000.0,12,12,0.09437533802055165,0.08333333333333334,0.1511627906976744,0.4418604651162791,10.595988538681949,0.012045823295147256,1.5139404881252137e-17,0.011042004687218304,0.01204582329514724,0.45934082858462955,0.1712685776990605
33318128000157,123766.48000000001,9,8,0.6146561134262223,0.13580246913580246,0.7772702269629063,0.930481338727578,1.6269259804897895,0.5596069867728255,0.01234567901234567,0.4788536442904198,0.5472613077604799,0.8229508073683793,0.6594969646059812
33598591000108,32000.0,1,1,1.0,1.0,1.0,1.0,1.0,,,0.0,,0.3965645695364238,0.47295115894039735
33703761000169,312000.0,1,1,1.0,1.0,1.0,1.0,1.0,,,0.0,,0.3965645695364238,0.8442052980132451
33840043000134,7604600.680000002,66,60,0.8631907715376059,0.018365472910927463,0.9289011083222322,0.951299772915887,1.1584924595737918,0.8608719710551924,0.0017275995704347082,0.8448252986266784,0.8591443714847578,0.9220688687949176,0.9653326865691325
33889587000190,2651845.5,1,1,1.0,1.0,1.0,1.0,1.0,,,0.0,,0.3965645695364238,0.96966059602649
34141539000182,341344.63,4,4,0.39989257920599536,0.25,0.44700650483354604,1.0,2.5006715603113836,0.19985677227466048,0.0,0.14989257920599536,0.19985677227466048,0.72409510827311,0.843321299676242
34481804000171,659498.5700000001,5,5,0.4909269321785254,0.20000000000000004,0.5194709823252536,0.9999999848369648,2.036963007025148,0.3636586652231567,3.469446951953614e-17,0.2909269321785254,0.36365866522315665,0.7033629992244392,0.8891011428747424
34550730000188,357368.69999999995,39,32,0.076271306423964,0.03484549638395791,0.2014725967886947,0.42543289325562084,13.11109048586856,0.046473606631188644,0.0037114801382791334,0.04142581004000609,0.04276212649290951,0.6354219052066725,0.5327047302258672
34640221000146,23760.0,1,1,1.0,1.0,1.0,1.0,1.0,,,0.0,,0.9177773178807948,0.5833816225165563
34745453000169,96000.0,1,1,1.0,1.0,1.0,1.0,1.0,,,0.0,,0.9177773178807948,0.8075951986754967
34833539000143,3820230.3,34,26,0.33298884812642987,0.04671280276816609,0.55996624077873,0.755502297858849,3.0031035742684034,0.306308402051487,0.008581314878892733,0.2862760453582638,0.2977270871725943,0.48724366926355406,0.8672899432284548
34906284000100,11559922.76,11,11,0.7139655389309136,0.09090909090909091,0.8391830465829168,0.9867017943638925,1.4006278251151898,0.685362092824005,0.0,0.6230564480218227,0.685362092824005,0.44310322767119237,0.9801060608339662
35001011000170,70352.54999999999,11,9,0.2185692999647847,0.12396694214876033,0.3411390205472296,0.8638435991303797,4.575207955376704,0.12089046246038279,0.014462809917355383,0.09460235781602436,0.10642765254302741,0.6427198386415727,0.4851979191239866
35182004000112,155798.85,10,10,0.25429344007316224,0.10000000000000003,0.33902689268887415,0.9417271051743963,3.932464792297796,0.17143715563684692,3.0839528461809905e-17,0.1542934400731622,0.1714371556368469,0.42022779956185946,0.4979988651821804
35250517000113,230220.4,8,4,0.37871628170415533,0.34375,0.5390985334053803,1.0,2.640499097372258,0.17162170893887377,0.125,0.03496628170415533,0.04662170893887377,0.4237050767510422,0.6314589590630233
35306813000199,103291.56,8,7,0.3331481342490215,0.15625,0.5030281273707164,0.9468204372167484,3.001667718338534,0.22200615662385842,0.015625000000000007,0.1768981342490215,0.20638115662385842,0.4718450700464839,0.47200416792161753
35364914000116,1800.0,1,1,1.0,1.0,1.0,1.0,1.0,,,0.0,,0.9447433774834437,0.3580298013245033
35575880000109,76600.0,2,2,0.8871080994484932,0.5,0.9399477806788512,1.0,1.1272583359589328,0.7742161988969865,0.0,0.3871080994484932,0.7742161988969865,0.3965645695364238,0.6053697175488043
35607532000176,33090676.650000006,40,40,0.34446985107436245,0.025000000000000005,0.5776853765243268,0.7036194105749722,2.9030116768742262,0.3276613857172948,3.5584071302088355e-18,0.31946985107436243,0.3276613857172948,0.46523866819223814,0.9564730667365335
35645468000118,60319.6,1,1,1.0,1.0,1.0,1.0,1.0,,,0.0,,0.3965645695364238,0.6026903973509934
35713138000112,13300.0,2,1,1.0,1.0,1.0,1.0,1.0,,,0.0,,0.9791183774834437,0.9223509933774835
35765033000107,122930.97,3,3,0.42084151879318993,0.3333333333333333,0.48185579272660095,1.0,2.376191405419341,0.1312622781897849,0.0,0.08750818545985661,0.1312622781897849,0.3965645695364238,0.5555035844453009
35830716000109,4200.0,1,1,1.0,1.0,1.0,1.0,1.0,,,0.0,,0.8464610927152317,0.40840231788079473
35980881000139,36000.0,1,1,1.0,1.0,1.0,1.0,1.0,,,0.0,,0.8464610927152317,0.6323882450331125
36043246000198,6367869.2,3,3,0.9547165230046524,0.3333333333333333,0.976874085290571,0.9999999999999999,1.0474313326565596,0.9320747845069786,0.0,0.6213831896713191,0.9320747845069786,0.3965645695364238,0.9808610332993574
36139908000128,11832.0,1,1,1.0,1.0,1.0,1.0,1.0,,,0.0,,0.9447433774834437,0.5330298013245033
36237794000159,28682.0,3,3,0.36897579215517745,0.3333333333333333,0.4867164075029635,1.0,2.710204900324294,0.0534636882327662,0.0,0.035642458821844136,0.0534636882327662,0.6700806566501546,0.4471161260310017
36282655000147,213294.72999999998,2,2,0.5019520554338578,0.5,0.5312414422991136,1.0,1.9922221438771854,0.0039041108677155822,0.0,0.0019520554338577911,0.0039041108677155822,0.6355682473952904,0.7108438948033944
36327906000162,18864.0,3,3,0.482325071706518,0.3333333333333333,0.6361323155216285,1.0,2.0732905226383784,0.223487607559777,0.0,0.1489917383731847,0.223487607559777,0.8175532365864551,0.7730747123712991
36330231000100,83348.89,11,9,0.23345490928164583,0.12396694214876033,0.37659661694354896,0.8895008679779658,4.283482420982525,0.1376367729418516,0.014462809917355383,0.1094879671328855,0.12317396302449621,0.6116139114398468,0.4649923624145262
36348332000109,2922.0,1,1,1.0,1.0,1.0,1.0,1.0,,,0.0,,0.3965645695364238,0.13522350993377483
36400331000166,33300.0,1,1,1.0,1.0,1.0,1.0,1.0,,,0.0,,0.9838990066225165,0.9524420529801324
36886434000188,66000.0,2,2,0.6033057851239669,0.5,0.7272727272727273,1.0,1.6575342465753424,0.20661157024793386,0.0,0.10330578512396693,0.20661157024793386,0.3965645695364238,0.5018343618302227
36975571000199,11910502.329999998,50,47,0.09848625974682798,0.02240000000000001,0.23800003740060557,0.5230945452491255,10.153700653985977,0.07888813495871555,0.0011478260869565327,0.07608625974682798,0.07774030887175902,0.5690572247856094,0.8972759675605649
37216593000138,13000.0,1,1,1.0,1.0,1.0,1.0,1.0,,,0.0,,0.9966887417218543,0.9962748344370861
37344611000167,8932.6,2,2,0.6618773532719029,0.5,0.7844972348476368,1.0,1.5108539294427172,0.3237547065438058,0.0,0.1618773532719029,0.3237547065438058,0.80545452937992,0.26449318047829273
37382116000142,2347967.73,18,16,0.3857350949260563,0.06790123456790123,0.607404063428078,0.7911129298186736,2.5924527302647835,0.34478410125446,0.0057613168724279795,0.3178338603581551,0.33902278438203204,0.849192357808697,0.8887400621163425
37426889000183,1502174.7,2,2,0.9971087894312587,0.5,0.9985522988770881,1.0,1.0028995939052854,0.9942175788625174,0.0,0.4971087894312587,0.9942175788625174,0.3974049672288428,0.9503408631675732
37541703000137,127399.64,3,3,0.48776037433552105,0.3333333333333333,0.5839890913349519,1.0,2.050187043919478,0.23164056150328158,0.0,0.15442704100218774,0.23164056150328158,0.41210136963443356,0.5965638803950917
37622644000121,202898.51,16,15,0.16137963009793482,0.0703125,0.30000220307187075,0.6915723530941651,6.19656891884769,0.10147817510493017,0.003906250000000001,0.09106713009793482,0.09757192510493017,0.6245878755304252,0.58218609425701
37622656000156,40800.0,1,1,1.0,1.0,1.0,1.0,1.0,,,0.0,,0.8464610927152317,0.7306084437086092
37915196000154,100166.4,4,4,0.28545777342316075,0.25,0.39534215066129963,1.0,3.5031450992143993,0.047277031230881006,0.0,0.035457773423160754,0.047277031230881006,0.9068228762041949,0.7030524422592594
39157029000117,22846359.310000002,8,7,0.32076986585993345,0.15625,0.3873560719202398,0.9805534271797287,3.1174998228688273,0.20756484350325569,0.015625000000000007,0.16451986585993345,0.19193984350325569,0.47550174844739845,0.9853956866818162
39215827000158,7325438.78,13,10,0.3589877387905509,0.1124260355029586,0.504782232307455,0.9439427162887298,2.785610459479909,0.28776415421172324,0.013806706114398437,0.2465617032875923,0.2739574480973248,0.39805420592509927,0.9434910929151196
39223581000166,49736518.83,29,25,0.3081735397337255,0.04637336504161711,0.4905839526766896,0.9358963310058425,3.244924924002368,0.2793474372226308,0.006638921918351158,0.2618001746921084,0.27270851530427964,0.6232427219592646,0.9852336353210672
39244595000166,5420966.800000001,2,2,0.6209555908988955,0.5,0.7459223362150087,1.0,1.6104211229540581,0.24191118179779103,0.0,0.12095559089889552,0.24191118179779103,0.3965645695364238,0.9721002903423166
39248745000100,310258.0,2,2,0.9957673645588585,0.5,0.9978791844207079,1.0,1.00425062679476,0.991534729117717,0.0,0.4957673645588585,0.991534729117717,0.8455069451598047,0.8610095564985671
39250220000109,334986.83,6,6,0.4345241331886729,0.16666666666666669,0.6191498334427058,0.9717968315351383,2.301368148787709,0.3214289598264075,3.3306690738754695e-17,0.2678574665220062,0.32142895982640746,0.7889761972530234,0.8261179219158896
39563911000162,36684053.46,55,42,0.13392296690159028,0.02876033057851239,0.3247971387074737,0.5584930030248626,7.466979138349163,0.11279913682601932,0.005071558153598061,0.10516263632307789,0.10772757867242126,0.438075120177878,0.95034162039808
39616875000158,17950.0,2,2,0.5549382763945035,0.5,0.6657381615598886,1.0,1.8020022091413708,0.1098765527890071,0.0,0.05493827639450355,0.1098765527890071,0.9780908151782916,0.6938184849379254
39691605000101,1435.63,1,1,1.0,1.0,1.0,1.0,1.0,,,0.0,,0.9979304635761589,0.9662665562913907
39750948000108,222216.91999999998,9,8,0.39899155194209185,0.13580246913580246,0.596208785541623,0.9002306845041324,2.5063187306410346,0.31313320221953356,0.01234567901234567,0.2631890828062894,0.3007875232071879,0.7205569598375717,0.7385030780534755
39754247000139,502868.61,16,16,0.19826913513926903,0.0625,0.36827770975802204,0.7145330665996432,5.043649377385824,0.1448204108152203,0.0,0.13576913513926903,0.1448204108152203,0.7189569505113409,0.717937211889238
39758701000120,6300804.79,55,13,0.17960297212850138,0.20528925619834718,0.32001386603821447,0.7253286258373353,5.567836590613464,0.11123655313920981,0.13906336088154275,-0.0256862840698458,-0.02782680774233294,0.5567461819556384,0.9139136154847136
39831953000137,30520.420000000002,4,3,0.5576265725127934,0.375,0.7195182766161148,1.0,1.7933148262532943,0.33643985876919,0.06250000000000001,0.18262657251279335,0.27393985876919,0.9697064837441958,0.7236637335296406
39844436000100,53090.5,5,5,0.36552448562565854,0.20000000000000004,0.5196409903843437,0.9988698543053842,2.7357948354357893,0.20690560703207314,3.469446951953614e-17,0.1655244856256585,0.2069056070320731,0.8725939312376824,0.5679850135321226
39966763000127,112042.18,7,7,0.23223384713257764,0.14285714285714285,0.30496550495536595,0.8796549656566839,4.306004539592887,0.10427282165467391,0.0,0.08937670427543479,0.10427282165467391,0.6371075223442428,0.5426270530725882
40475427000160,3669504.95,5,4,0.9416621527335458,0.28,0.9701916194444703,1.0,1.0619519931825927,0.9222162036447278,0.040000000000000036,0.6616621527335458,0.8822162036447277,0.3965645695364238,0.9656956187220723
40637159000136,20972444.04,99,85,0.04952839388456087,0.013365983062952768,0.1420912104624693,0.35345563902145954,20.19043868716532,0.03821325571651993,0.001620340004178396,0.03616241082160811,0.03659291571234153,0.5953558930821724,0.8943617480548666
40933406000141,427208.6,10,5,0.4118420366029358,0.28,0.6082742716321722,0.9336516165638987,2.4281154207775,0.2648025457536697,0.10000000000000002,0.13184203660293575,0.16480254575366965,0.750463632186442,0.7956070473867763
41090291000133,10439186.48,13,13,0.19050379692808414,0.07692307692307694,0.32425897999668646,0.740237371446975,5.249239207434294,0.12304578000542447,1.5034270125132327e-17,0.1135807200050072,0.12304578000542446,0.4418667250565472,0.9384262744290672
41102337000197,88356.52,9,9,0.5788357470921118,0.1111111111111111,0.7062297157017954,0.9931148261611028,1.7276058104975107,0.5261902154786259,0.0,0.4677246359810007,0.5261902154786259,0.40307998694123737,0.5608364992297925
41134826000120,67200.0,2,2,0.6632653061224489,0.5,0.7857142857142857,1.0,1.5076923076923079,0.3265306122448979,0.0,0.16326530612244894,0.3265306122448979,0.3965645695364238,0.5195733798486282
41163517000189,317549.0,4,4,0.6590570608683001,0.25,0.800493782061981,1.0,1.5173193026450722,0.5454094144910667,0.0,0.40905706086830007,0.5454094144910667,0.913519299201235,0.9008173447873163
41210170000188,60000.0,1,1,1.0,1.0,1.0,1.0,1.0,,,0.0,,0.3965645695364238,0.5993170529801325
41216755000105,91724.8,2,2,0.9975217430397976,0.5,0.9987593322634664,1.0,1.0024844139764315,0.9950434860795951,0.0,0.49752174303979757,0.9950434860795951,0.9790757295300003,0.9376952021244834
41256744000159,253468.26,12,11,0.2020605158033131,0.09722222222222224,0.342606999393139,0.8114941097555962,4.94901240860637,0.12226656738364441,0.006944444444444459,0.10483829358109087,0.11532212293919995,0.5657674334570065,0.5810474269725864
41464724000173,11213.09,9,9,0.21239087809641793,0.1111111111111111,0.2851247961088335,0.8699074028657579,4.708300134933457,0.11393973785847018,0.0,0.10127976698530683,0.11393973785847018,0.9773195938838842,0.8133543494937524
41593983000102,8462399.05,31,31,0.4331906201072473,0.03225806451612903,0.648979192253998,0.8011330912124736,2.3084525693387006,0.4142969741108222,0.0,0.4009325555911183,0.4142969741108222,0.439347276963008,0.9228468505042295
41683884000103,2571611.43,28,24,0.11927856087025389,0.04591836734693877,0.22999508911033265,0.6271118494756418,8.383736295139888,0.08098632438635188,0.004436557231588285,0.07336019352331512,0.0765497671547636,0.8258723739741963,0.8586948707067965
41714199000105,230537.96,18,17,0.20112919204009208,0.06172839506172839,0.3804145746756847,0.7517547218687977,4.971928688505172,0.15119976654259784,0.003086419753086417,0.1394007969783637,0.14811334678951144,0.6353914558878054,0.6542131610759575
41761645000124,74604.0,5,5,0.5060076642054999,0.20000000000000004,0.6876306900434294,0.9941826175540187,1.9762546513403794,0.38250958025687487,3.469446951953614e-17,0.30600766420549985,0.3825095802568748,0.9648431821563107,0.8448731238022854
41779117000100,2711962.2600000002,33,33,0.3815292296138355,0.030303030303030307,0.6051891002347504,0.7869327798094065,2.6210311619168714,0.3622020180392679,3.577867169202165e-18,0.3512261993108052,0.3622020180392679,0.9054814277273474,0.8775527759543225
41814509000155,143569.7,2,2,0.9304708673269149,0.5,0.9639347299604304,1.0,1.0747246744788803,0.8609417346538297,0.0,0.43047086732691486,0.8609417346538297,0.3965645695364238,0.7126028933972293
41851556000179,293737.44,15,15,0.4772288262880179,0.06666666666666667,0.674071374762441,0.8973108773604074,2.0954308392856356,0.43988802816573347,0.0,0.41056215962135123,0.43988802816573347,0.9190908451133315,0.8166460311471739
41863890000142,294148.30000000005,21,18,0.15616431915734483,0.06122448979591835,0.3263659861369248,0.6216252142201739,6.403511412824338,0.10652692616660041,0.006002400960384141,0.09493982936142648,0.10052452520621627,0.6482565761184284,0.5642915574822235
41877077000121,68989.92,3,3,0.7658065136081172,0.3333333333333333,0.8696922680878598,1.0,1.3058128681727634,0.6487097704121758,0.0,0.43247318027478393,0.6487097704121758,0.4461147105555852,0.594385526472995
41878851000119,17400.0,1,1,1.0,1.0,1.0,1.0,1.0,,,0.0,,0.3965645695364238,0.36434188741721857
41923828000107,4774266.5,30,27,0.1115968553409181,0.04,0.2487061625068479,0.550540276710569,8.960825974397686,0.07742750362326109,0.0030769230769230795,0.07159685534091809,0.07435058054633802,0.6814220682152385,0.8778833882959329
42026149000190,15360982.38,3,3,0.9018249559006641,0.3333333333333333,0.9486214891420245,1.0,1.1088626384277502,0.8527374338509962,0.0,0.5684916225673309,0.8527374338509962,0.39656456953642377,0.9893612081785095
42399307000157,14688.11,8,8,0.2608181954008862,0.125,0.4501518575228535,0.823568859438008,3.8340883329208184,0.15522079474386993,0.0,0.1358181954008862,0.15522079474386993,0.9826559029459341,0.8208493083591183
42408173000193,517575.0,2,2,0.5000194125622186,0.5,0.5031154905086219,1.0,1.9999223527657892,3.8825124437202874e-05,0.0,1.9412562218601437e-05,3.8825124437202874e-05,0.6229144794736534,0.8336134039984606
42743658000133,18800.0,1,1,1.0,1.0,1.0,1.0,1.0,,,0.0,,0.3965645695364238,0.37744205298013245
43008975000179,10874788.43,20,18,0.6288963715422617,0.06500000000000002,0.7781092068565421,0.9920886837887659,1.5900870878737454,0.6070667463388654,0.010000000000000021,0.5638963715422617,0.5970667463388654,0.4370883648284006,0.9782657125945109
43046241000184,11918.0,1,1,1.0,1.0,1.0,1.0,1.0,,,0.0,,0.9854718543046358,0.9420115894039736
43077787000100,2461.2799999999997,5,5,0.23959673739693219,0.20000000000000004,0.32077211857245014,0.9516430475199897,4.173679536976884,0.04949592174616522,3.469446951953614e-17,0.03959673739693215,0.049495921746165183,0.9815719459848438,0.7123833766851191
43174872000189,905520.0,1,1,1.0,1.0,1.0,1.0,1.0,,,0.0,,0.9177773178807948,0.9317880794701987
43182629000102,53000.0,2,2,0.5087219651121395,0.5,0.5660377358490566,1.0,1.965710286913926,0.017443930224279036,0.0,0.008721965112139518,0.017443930224279036,0.7068544608271897,0.5827912189179058
43355376000121,5232332.04,34,30,0.16523935919385935,0.03633217993079585,0.27981817453618635,0.6698786875918523,6.051826906607625,0.136454509510889,0.003102255100823293,0.1289071792630635,0.1333522544100657,0.8321458597374519,0.8913072718905369
43467992000174,973088.78,10,10,0.2347387984657929,0.10000000000000003,0.3308886163500929,0.8664281793486509,4.260054181651288,0.1497097760731032,3.0839528461809905e-17,0.13473879846579287,0.14970977607310318,0.7686976081491912,0.8355213704747357
43592124000116,59000.0,2,2,0.5242746337259409,0.5,0.6101694915254238,1.0,1.9073972602739724,0.048549267451881706,0.0,0.024274633725940853,0.048549267451881706,0.5997492002469413,0.5291439836120777
43939047000128,1127409.15,23,18,0.5500998367432062,0.10018903591682421,0.737265614706072,0.8414868728003495,1.8178518392595218,0.5236351212575124,0.04725897920604917,0.44991080082638196,0.4763761420514633,0.4769980311853195,0.8443308065275532
43975361000166,2999.0,1,1,1.0,1.0,1.0,1.0,1.0,,,0.0,,0.3965645695364238,0.13716887417218543
44065383000151,1861380.0,2,2,0.9756134735558604,0.5,0.9876543209876543,1.0,1.0249960943602563,0.9512269471117207,0.0,0.47561347355586037,0.9512269471117207,0.403332209140708,0.957979212656365
44209474000113,377178.62,2,2,0.9738388225376378,0.5,0.9867436812828893,1.0,1.0268639705636209,0.9476776450752755,0.0,0.47383882253763776,0.9476776450752755,0.4044788551811095,0.8652364909121679
44239770000167,24951310.030000005,72,61,0.12184577769068368,0.02121913580246914,0.20958093317395246,0.6328155011105843,8.20709604348038,0.1072098739855284,0.004906121399176958,0.10062664188821455,0.10230375258635145,0.6523130791725966,0.9534995916779199
44318534000136,1363293.4899999998,67,45,0.1930018347775224,0.030519046558253504,0.3443858592767138,0.7506770313998932,5.18129789363258,0.17466096738610246,0.008485388525486538,0.1624827882192689,0.16617557886061593,0.8494970305053935,0.809266197609666
44392215000170,5410464.619999999,102,83,0.26012358074215325,0.017493271818531345,0.4428487770057722,0.7521672990812386,3.844326597177082,0.2511006975804722,0.005511482450464653,0.24263030892362192,0.24558921513000756,0.43822387829249465,0.8450288371457896
44405967000129,10476386.66,12,12,0.49013665044228255,0.08333333333333334,0.6844943684046881,0.9116386679832605,2.040247345505859,0.4437854368461265,1.5139404881252137e-17,0.40680331710894924,0.4437854368461265,0.4664478295018029,0.9587844464937398
44447258000106,236049.1,3,3,0.4992706189082892,0.3333333333333333,0.6481702323796193,1.0,2.002921786558583,0.24890592836243383,0.0,0.1659372855749559,0.24890592836243383,0.3965645695364238,0.6815508792338162
44483469000102,906425.8300000001,11,10,0.18547088513837273,0.10743801652892562,0.3481207943952789,0.7138374245138182,5.391681822480861,0.09496765015374747,0.008264462809917352,0.07803286860944711,0.08670318734383012,0.4001866191238689,0.7179637493064381
44490662000162,2668495.05,13,12,0.3975506361683896,0.08875739644970415,0.5657610906941724,0.9503224186231861,2.515402841856936,0.34278251218369776,0.005917159763313625,0.30879323971868544,0.3368653524203841,0.8408606352273967,0.9421461902986584
44497659000170,624388.4500000001,97,71,0.042817952045482235,0.01923690083962164,0.10618389882131869,0.2881539528798138,23.35469008274325,0.029143922788989123,0.005225999423044807,0.023581051205860595,0.023917923365944317,0.46620765855848806,0.444964828840691
44506100000160,2483800.0,4,4,0.9302379491575008,0.25,0.9642483291730413,1.0,1.074993770040968,0.9069839322100011,0.0,0.6802379491575008,0.9069839322100011,0.8404790259424114,0.9544910873453355
44534082000120,5955065.5200000005,8,7,0.34062650950251,0.15625,0.5288734455435513,0.9430072769375677,2.935766806466457,0.23073092775292833,0.015625000000000007,0.18437650950251,0.21510592775292833,0.770092440117011,0.9641260385434969
44544005000150,2243604.33,16,9,0.35793711113352056,0.1875,0.45677988596144314,0.9459240658534475,2.793786866170946,0.27767925002521066,0.08593750000000001,0.17043711113352056,0.19174175002521066,0.4088156540668539,0.8864228284642086
44552129000188,126813.39,6,6,0.2525581149044554,0.16666666666666669,0.3339552708117021,0.9192534006069863,3.9594847323686566,0.10306973788534649,3.3306690738754695e-17,0.08589144823778871,0.10306973788534646,0.7343281621446398,0.6035378354809064
44553016000105,32268.8,3,3,0.4793543416307578,0.3333333333333333,0.5578143593811979,1.0,2.0861394445662302,0.2190315124461367,0.0,0.14602100829742448,0.2190315124461367,0.6356756256037859,0.4004636105862247
44612579000119,390200.0,3,3,0.42601948664893685,0.3333333333333333,0.49974372116863147,1.0,2.347310466631434,0.13902922997340528,0.0,0.09268615331560354,0.13902922997340528,0.3965645695364238,0.7448612487737651
44616474000138,801334.2,93,67,0.03954289876902462,0.022083477858711988,0.12136758920310653,0.29029176590740796,25.288990719702525,0.024990518447343176,0.007266560856571261,0.017459420910312634,0.017723957590771916,0.5870368184636088,0.4582569721974489
44621400000190,402166.76,8,5,0.49374518573235704,0.25,0.6730689527896339,0.9992540407864638,2.025336203565673,0.36718148216544627,0.062499999999999986,0.24374518573235704,0.30468148216544627,0.9843604352410416,0.8786463998036586
44699908000100,2078912.7099999997,152,90,0.09855553333663186,0.019130886426592796,0.20900210860705162,0.560244253834015,10.14656373056542,0.0884269438235603,0.008109885150487096,0.07942464691003906,0.0803170586730732,0.5801911666976947,0.7271274211888816
44707469000130,246515.45,7,7,0.16911397791444344,0.14285714285714285,0.22716628917173345,0.7659497609581873,5.9131717693135375,0.030632974233517348,0.0,0.026256835057300587,0.030632974233517348,0.7102780559521208,0.6214905641521261
44761693000100,658074.63,10,9,0.18537773914882752,0.12000000000000002,0.28528679186432093,0.7813825006443418,5.394390958653164,0.08354995654243097,0.010000000000000033,0.0653777391488275,0.07354995654243093,0.45026920757968447,0.7003043149986384
44785294000180,70000.0,1,1,1.0,1.0,1.0,1.0,1.0,,,0.0,,0.3965645695364238,0.6275041390728476
44798711000129,769655.67,11,8,0.57804533780216,0.15702479338842973,0.7496108487058896,0.9491156480403764,1.7299681090798051,0.5177661003453258,0.03659976387249112,0.4210205444137303,0.48116633647283463,0.44694964312871677,0.8214194854978729
44804594000169,9480.0,1,1,1.0,1.0,1.0,1.0,1.0,,,0.0,,0.3965645695364238,0.2727649006622517
44827925000186,14400.0,1,1,1.0,1.0,1.0,1.0,1.0,,,0.0,,0.3965645695364238,0.33151903973509933
44848243000150,4579895.069999999,22,18,0.15262262275035085,0.06611570247933884,0.2032060223598092,0.710785465659151,6.552108606046748,0.10277689467684208,0.011181332036947015,0.086506920271012,0.09159556263989506,0.5535724820404965,0.8890073638128566
44952817000135,1631760.0,1,1,1.0,1.0,1.0,1.0,1.0,,,0.0,,0.3965645695364238,0.9538079470198676
44956238000160,8474574.879999999,148,69,0.23282505209281576,0.027848794740686626,0.45194007419048254,0.7058961758799163,4.2950704445729055,0.2215430675647689,0.013552453486873194,0.20497625735212913,0.2079906140778957,0.6139520371585804,0.8906504663729148
44963013000131,2493.99,5,5,0.2655703193230668,0.20000000000000004,0.3163605307158409,0.9538931591546077,3.7654810317244003,0.08196289915383348,3.469446951953614e-17,0.06557031932306676,0.08196289915383345,0.9961909618637111,0.8032643675727575
44967063000197,514012.34,2,2,0.6999051107944649,0.5,0.8161527406131923,1.0,1.4287651062654712,0.39981022158892987,0.0,0.19990511079446494,0.39981022158892987,0.7637488499211545,0.8664152039615127
44978239000106,205107.66999999998,5,5,0.33235538051454233,0.20000000000000004,0.499981302503217,0.9398965918729416,3.0088274739281515,0.1654442256431779,3.469446951953614e-17,0.1323553805145423,0.16544422564317787,0.621504419187033,0.5907441762782445
44984638000180,166164.0,5,5,0.26425276506406675,0.20000000000000004,0.4149153848005585,0.909727738860403,3.784255577259731,0.08031595633008343,3.469446951953614e-17,0.06425276506406671,0.0803159563300834,0.6271618223741613,0.6024912244601242
44988742000142,2578410.58,12,12,0.1852494610169727,0.08333333333333334,0.30940634753368096,0.7743208337285057,5.398126367063379,0.11118123020033387,1.5139404881252137e-17,0.10191612768363936,0.11118123020033385,0.6796968081474194,0.8799430290293179
45000431000196,68381081.5,3,2,0.6210419969155838,0.5555555555555556,0.7460101592572793,1.0,1.6101970639127754,0.24208399383116763,0.11111111111111116,0.06548644136002824,0.13097288272005647,0.7853945749357322,0.9985276002855894
45018125000187,2544200.0,10,9,0.2007539235210713,0.12000000000000002,0.26727458533134185,0.8352330791604433,4.981222695231852,0.10084816396120522,0.010000000000000033,0.08075392352107127,0.09084816396120518,0.631751416414741,0.8945956531568231
45084018000157,6901.46,13,11,0.1429138831641835,0.10059171597633138,0.24270226879529838,0.6709449884517189,6.997220828792202,0.05720527148060184,0.01065088757396451,0.04232216718785212,0.046554383906637326,0.9953925670994407,0.8291715763478053
45098362000103,58800.0,2,2,0.553311120366514,0.5,0.6632653061224489,1.0,1.8073014678208505,0.10662224073302795,0.0,0.053311120366513975,0.10662224073302795,0.3965645695364238,0.46794098020002695
45102052000107,941180.49,17,15,0.13366799002317925,0.07266435986159168,0.3008501058070169,0.5351197303293016,7.481222690837132,0.07178713216769206,0.0064260998517053775,0.061003630161587566,0.06536103231598668,0.8701263809871497,0.7718053637736293
45123212000102,3870787.4400000004,6,3,0.46301913505191566,0.3888888888888889,0.5120494862409701,1.0,2.159737955296115,0.1945287025778735,0.08333333333333336,0.07413024616302677,0.11119536924454014,0.3965645695364238,0.9503631731666559
45138345000144,16832.690000000002,6,6,0.624955142507179,0.16666666666666669,0.7699304151624011,0.9858911439585709,1.6001148434241628,0.5499461710086148,3.3306690738754695e-17,0.4582884758405123,0.5499461710086148,0.39656456953642377,0.2692065754373194
45165070000138,48000.0,1,1,1.0,1.0,1.0,1.0,1.0,,,0.0,,0.3965645695364238,0.5510968543046357
45193699000191,4953417.880000001,138,44,0.3199930082720896,0.14398235664776302,0.5011038418587854,0.7998875980154536,3.125068280084737,0.304178892185394,0.12407496959305982,0.17601065162432658,0.1801039225923342,0.6377185513512427,0.9090140923689011
45228400000197,18056.0,3,3,0.5876683753925412,0.3333333333333333,0.742135578201152,1.0,1.7016399756615048,0.38150256308881186,0.0,0.2543350420592079,0.38150256308881186,0.4930467335618106,0.34182150748077356
45253346000130,568396.38,7,6,0.2218721407976755,0.18367346938775508,0.3087634020470011,0.9026767904468357,4.507100334475507,0.06624656895721061,0.02040816326530611,0.03819867140992042,0.0458384056919045,0.411855259843445,0.6986063020230111
45253962000190,159676.4,3,3,0.38217755381409935,0.3333333333333333,0.5127301216710798,1.0,2.6165848570123633,0.07326633072114903,0.0,0.04884422048076603,0.07326633072114903,0.6505358420056676,0.7558179296611254
45271342000184,807030.65,16,13,0.15044555873266757,0.0859375,0.26764782725414454,0.6645083430226596,6.646922703626885,0.07964935529372319,0.009765624999999995,0.06450805873266757,0.06988373029372319,0.6058644550360559,0.699659461595869
45289329000152,1192820.48,6,6,0.30567452054566363,0.16666666666666669,0.3751029492719642,0.9774567921570226,3.2714535651021444,0.16680942465479637,3.3306690738754695e-17,0.13900785387899695,0.16680942465479634,0.5975764840126561,0.8645373597018416
45291787000126,4341820.0,2,2,0.9809217361791172,0.5,0.9903680944857226,1.0,1.0194493231388637,0.9618434723582343,0.0,0.48092173617911715,0.9618434723582343,0.3965645695364238,0.976964067102693
45310125000156,17617.91,12,10,0.40221458904922197,0.11111111111111112,0.6131175604824863,0.8678799017590623,2.486235027833917,0.33579398783246883,0.012345679012345682,0.29110347793811087,0.32344830882012315,0.5035899968210781,0.2826904891684934
45316509000186,68074247.27360001,176,93,0.13971445593953818,0.02666580578512396,0.27837620938262114,0.6342892511034086,7.157455492170064,0.13036352611279403,0.01608608628278835,0.11304865015441423,0.11427743983000568,0.47480450863250023,0.9635889664531023
45359973000150,9540914.13,30,26,0.17673065815584077,0.04444444444444445,0.36024114494362397,0.670974576730626,5.6583278217534945,0.1437998844820744,0.006222222222222229,0.13228621371139632,0.13757766225985216,0.5171305988158165,0.9203150534583315
45361904000180,130679.82,1,1,1.0,1.0,1.0,1.0,1.0,,,0.0,,0.3965645695364238,0.7237996688741721
45372963000154,1440000.0,1,1,1.0,1.0,1.0,1.0,1.0,,,0.0,,0.3965645695364238,0.948841059602649
45374865000156,9795672.04,5,5,0.8369978843646795,0.20000000000000004,0.9136679957692826,0.9909245634564956,1.1947461501160743,0.7962473554558493,3.469446951953614e-17,0.6369978843646794,0.7962473554558493,0.4455956405048656,0.9870813937754356
45378925000109,203700.0,4,3,0.6399712823805259,0.375,0.7658321060382917,1.0,1.5625701145217976,0.4599569235707889,0.06250000000000001,0.2649712823805259,0.3974569235707889,0.5188284229339992,0.7517896765793093
45395704000149,52049.54,4,4,0.6173080158122631,0.25,0.749286160838309,1.0,1.6199368457644034,0.4897440210830175,0.0,0.36730801581226313,0.4897440210830175,0.8747865328705299,0.753653392323941
45400604000163,848094.7899999999,23,22,0.06291441102587719,0.04725897920604913,0.0833715768964929,0.3168989754081616,15.894609576630895,0.018291287741395153,0.001890359168241943,0.015655431819828064,0.01640092857315321,0.6260215333275685,0.6519639913475593
45479391000107,435879.92,3,3,0.546256637303308,0.3333333333333333,0.6879876457717988,1.0,1.8306413720420422,0.31938495595496197,0.0,0.21292330396997466,0.31938495595496197,0.8048009474248555,0.8674797307837194
45509650000103,525142.13,28,26,0.30402574468399773,0.04081632653061225,0.43778403381956804,0.8345466207405604,3.289195133916679,0.2761867744713576,0.0024489795918367363,0.2632094181533855,0.2737377948795209,0.4907111492684015,0.7356082801279339
45519461000103,814950.76,18,14,0.2562948388289542,0.11728395061728396,0.4687301598442586,0.7485214934948954,3.901756291968794,0.19908674950810454,0.04938271604938273,0.13901088821167024,0.1497040334587218,0.5438955837264348,0.7323853504056007
45557047000199,3047162.5900000003,10,10,0.6880739221553556,0.10000000000000003,0.8251331314749437,0.9555199711217247,1.4533322188225828,0.6534154690615062,3.0839528461809905e-17,0.5880739221553555,0.6534154690615062,0.42157188336875145,0.9252787632197592
45561894000127,463217.2,9,9,0.6584826821679132,0.1111111111111111,0.7967968374231353,0.9860993935458355,1.518642823996091,0.6157930174389025,0.0,0.5473715710568021,0.6157930174389025,0.5087464284058514,0.8730587400646568
45564561000151,19324.8,1,1,1.0,1.0,1.0,1.0,1.0,,,0.0,,0.3965645695364238,0.38091887417218545
45579061000193,1110303.8499999999,110,19,0.15770996904888168,0.14925619834710743,0.333522548804996,0.620424904407924,6.340753257582932,0.11091607844048622,0.10199265381083562,0.00845377070177425,0.008923424629650595,0.5357419651058367,0.72630710327859
45664616000103,141800.0,1,1,1.0,1.0,1.0,1.0,1.0,,,0.0,,0.3965645695364238,0.7358029801324504
45676307000145,83148.89,1,1,1.0,1.0,1.0,1.0,1.0,,,0.0,,0.9447433774834437,0.803228476821192
45704567000187,921565.52,29,18,0.07608529213589853,0.06539833531510106,0.15251058872081064,0.41339222413616344,13.14314464632489,0.02173736814389256,0.010421766804224653,0.010686956820797469,0.011315601339667908,0.6671197504224454,0.6594418673583882
45742707000101,6421454.53,102,90,0.029306982227880817,0.01249519415609381,0.07082138445041672,0.23320133982168054,34.12156162051591,0.01840031910684577,0.0013996345398701437,0.016811788071787008,0.017000684566975628,0.6729770084570905,0.7791438256400735
45743580000145,23806140.8,10,10,0.11100166610061629,0.10000000000000003,0.1110562531832123,0.4442250127328492,9.008873786575064,0.012224073445129206,3.0839528461809905e-17,0.011001666100616259,0.012224073445129175,0.8066283956142747,0.9803912661556657
45754108000108,70815.0,2,2,0.6045700433702843,0.5,0.7286591823766151,1.0,1.654068062031854,0.2091400867405686,0.0,0.1045700433702843,0.2091400867405686,0.39656456953642377,0.516201625188849
45764732000196,395068.22,1,1,1.0,1.0,1.0,1.0,1.0,,,0.0,,0.3965645695364238,0.8681705298013245
45767829000152,12856774.8,162,133,0.07840955923967828,0.009449778997104096,0.25434061425731747,0.37195728511943754,12.753547012593858,0.07142781347634251,0.001945610656173067,0.06895978024257418,0.06948220282016945,0.6592714977240459,0.8565969366816637
45788709000131,640768.29,58,24,0.10492913282536438,0.07015457788347206,0.16351642494668392,0.5839767913608833,9.530241726712063,0.0660130081655976,0.029726516052318668,0.03477455494189233,0.03628649211327893,0.6709520786692814,0.6375873404572611
45806848000140,1558598.8,13,11,0.659872863196049,0.1124260355029586,0.8073393871469681,0.9471341823181179,1.5154434373260457,0.6258601495156538,0.023668639053254458,0.5474468276930904,0.6021915104623994,0.8741702861240978,0.915665891540398
45812676000118,104844.0,10,9,0.3030164581369652,0.12000000000000002,0.45385525161191864,0.9067662431803442,3.300150777777206,0.21589351540408588,0.010000000000000033,0.18301645813696518,0.20589351540408585,0.7760047583151606,0.5765562399109013
45845902000167,918571.12,16,13,0.2184408269051956,0.109375,0.4126777684889549,0.7348194008102497,4.57789880292847,0.15331089581396187,0.03515624999999999,0.10906582690519559,0.11815464581396187,0.5893515472833012,0.775001986968832
45875880000188,174764.0,5,5,0.24666623309489372,0.20000000000000004,0.31471012336636833,0.9406971687532901,4.054061179972271,0.05833279136861713,3.469446951953614e-17,0.04666623309489368,0.0583327913686171,0.5381515598481267,0.5428147060497555
45877587000150,25792.0,1,1,1.0,1.0,1.0,1.0,1.0,,,0.0,,0.3965645695364238,0.43071192052980134
45889879000102,70087.1,2,2,0.7439218318156765,0.5,0.8492290307346144,0.9999999999999999,1.3442272524242476,0.487843663631353,0.0,0.2439218318156765,0.487843663631353,0.7786297578464358,0.6258781952944813
45916929000101,3503296.64,73,11,0.32643611932281374,0.34584349784199675,0.5352202176062374,0.8385459588143813,3.063386496796014,0.25907973125509515,0.2804278476261964,-0.019407378519183005,-0.021348116371101233,0.40410930114216825,0.8965735245734362
45959954000164,493730.81,15,14,0.2241330797469537,0.07555555555555556,0.4287761584090732,0.7145381913678832,4.461635030085699,0.16445100895825784,0.00444444444444445,0.14857752419139814,0.1600065645138134,0.4811523192121902,0.6347324842439067
45960936000100,2138379.9,12,11,0.30171274739653303,0.09722222222222224,0.4473601252985964,0.8992927309127813,3.31441083821933,0.23188402213618634,0.006944444444444459,0.2044905251743108,0.2249395776917419,0.7433439206738749,0.87228827966756
45965982000194,6885999.75,38,32,0.3481618084076503,0.037396121883656507,0.5740713321983493,0.7778995678877276,2.8722277281749853,0.32713476996918744,0.006344383879903491,0.31076568652399383,0.32079038608928395,0.48520665887276454,0.8997252272733306
46008811000130,164558.6,19,13,0.1701101594405299,0.10249307479224376,0.3088261567611781,0.7493926175842527,5.878543664228341,0.10095267272724072,0.027700831024930733,0.06761708464828614,0.07325184170230999,0.5419071594510309,0.4732064494469061
46077256000106,965028.54,7,6,0.8699402017522231,0.18367346938775508,0.931630395096916,0.9976684523755122,1.1495042969457119,0.8439282421026677,0.02040816326530611,0.686266732364468,0.8235200788373616,0.4020095608960432,0.8997151598812227
46139952000191,15241067.39,193,134,0.08184547429726789,0.01162447314021853,0.17715294676615168,0.4956243750326992,12.218146557107572,0.0749420568107812,0.0041930782014231805,0.07022100115704936,0.07074897860935801,0.6446804374487956,0.9013653182324775
46190305000104,6467515.42,1497,41,0.18887424186711235,0.16665037936036844,0.38394796127134706,0.676128527885288,5.2945282009580605,0.16859609791379018,0.14581663884437768,0.022223862506743908,0.022779459069412505,0.5509344048532594,0.9154327057415752
46251021000180,20742267.569999997,49,41,0.2260078198227034,0.0295710120783007,0.42304680384566073,0.7653623185808706,4.424625664653865,0.206658015318271,0.005310287380258217,0.1964368077444027,0.20134772793801278,0.5894241590311247,0.9573964273962885
46253491000183,27900.0,1,1,1.0,1.0,1.0,1.0,1.0,,,0.0,,0.9177773178807948,0.6295943708609272
46335839000181,333955.95999999996,28,25,0.1961971955663295,0.04591836734693877,0.3922074036348985,0.6857640749995897,5.096912813220739,0.1627054120482599,0.0061649659863945525,0.15027882821939073,0.15654044606186535,0.6688789995342093,0.6524403970979562
46378766000105,1235793.57,10,10,0.40677131426804947,0.10000000000000003,0.6107816210760831,0.8811860058472386,2.45838377713388,0.3408570158533883,3.0839528461809905e-17,0.30677131426804943,0.34085701585338823,0.8928754204072873,0.909329565013076
46392072000122,206531.93000000002,13,12,0.279095621297256,0.08875739644970415,0.47876519625803143,0.8007493078673115,3.583001393400333,0.2135588595970066,0.005917159763313625,0.19033822484755186,0.207641699833693,0.8130003219591808,0.7322394920901225
46392114000125,1331369723.8500004,424,190,0.8998340369863058,0.007876468494126022,0.9484625167143049,0.9737140886839465,1.111316041510462,0.8993040583460217,0.0026271376395975887,0.8919575684921798,0.8966769207064241,0.3989677425304898,0.9962356374626944
46392122000171,11457071.97,16,14,0.2356277765848438,0.0859375,0.34639216812042073,0.9069115239222854,4.243981819520011,0.17682991324521638,0.015625000000000003,0.1496902765848438,0.16120491324521638,0.5586962519198944,0.9637274876552535
46392130000118,498682.97,20,16,0.15606218589299292,0.07,0.27592680776726747,0.7004872253808868,6.407702123855099,0.09979966495252578,0.008000000000000007,0.08606218589299292,0.09179966495252577,0.6759132675236388,0.7376304359245615
46392155000111,335785.2,4,4,0.8322563440411147,0.25,0.9093611034673357,0.9999999999999999,1.2015528714919577,0.7763417920548196,0.0,0.5822563440411147,0.7763417920548196,0.3965645695364238,0.7989460192337718
46392163000168,136531.8,3,3,0.5964742352338357,0.3333333333333333,0.7502428005783268,1.0,1.676518348873812,0.39471135285075354,0.0,0.2631409019005024,0.39471135285075354,0.4504650282986253,0.664254398611394
46392171000104,361617354.42,11,8,0.9055558296938112,0.19008264462809918,0.951124740989415,0.9996631961145909,1.1042941442253456,0.8920638053643557,0.0743801652892562,0.715473185065712,0.8176836400750995,0.828562910021986,0.9992983194588394
46395000000139,17809411.86,15,14,0.37120609828478257,0.07555555555555556,0.5755383771555946,0.8915979087251004,2.6939212599702986,0.32283733661438124,0.00444444444444445,0.29565054272922703,0.31839289216993677,0.40769275891836243,0.9687395903174142
46414316000120,29087.28,3,3,0.4950528426675173,0.3333333333333333,0.5131892703614777,1.0000000000000002,2.019986380871285,0.24257926400127597,0.0,0.161719509334184,0.24257926400127597,0.6640453595623721,0.5467263871569469
46439865000150,8448473.129999999,13,12,0.41996013160459833,0.08875739644970415,0.6154146459361468,0.8976787714539373,2.381178413720286,0.3672292344777437,0.005917159763313625,0.3312027351548942,0.36131207471443005,0.4732689232564452,0.9646787879595571
46497148000184,2128012.0,7,7,0.34073780817474725,0.14285714285714285,0.45817410804074415,0.969549043896369,2.9348078669542605,0.23086077620387177,0.0,0.1978806653176044,0.23086077620387177,0.6577909179883379,0.9067460334570513
46561593000166,402123.18000000005,38,29,0.07342708929068303,0.04016620498614958,0.14323969088277877,0.46684699946916763,13.61895193804022,0.04033519962249314,0.005886426592797782,0.03326088430453345,0.03444877302969536,0.4670381836008188,0.4708152317469814
46584982000107,10350.0,1,1,1.0,1.0,1.0,1.0,1.0,,,0.0,,0.9177773178807948,0.5837334437086092
46622085000140,324239.95999999996,7,7,0.34919028813011727,0.14285714285714285,0.5551444060133737,0.8718542896440034,2.8637680771561844,0.24072200281847014,0.0,0.20633314527297442,0.24072200281847014,0.4029945326827847,0.6292790774686895
46634242000138,5661448.24,30,28,0.21161198259226413,0.03777777777777778,0.391154331210489,0.7399072096789143,4.725630315211445,0.1824124263919776,0.0021399176954732535,0.17383420481448636,0.18027250869650435,0.4604504830630645,0.8832745884649716
46675997000180,5661146.84,313,180,0.05128649593732198,0.012238565260439524,0.12956738638491136,0.40516525446635476,19.498310066301187,0.045986420495631036,0.0067203449546319235,0.039047930676882454,0.03926607554099911,0.5681160812254092,0.7191374681514898
46709309000156,3736141.8899999997,383,160,0.2275575411243983,0.011923184424189952,0.4585697707535406,0.6431313105188303,4.394492905217905,0.2226994124522247,0.005708864829373536,0.21563435670020834,0.21699054762285114,0.7134175198771285,0.8113235967180771
46711362000191,235551.81000000003,32,32,0.05531504990687079,0.03125,0.11717167446091796,0.373803113633472,18.07826263708727,0.024841341839350495,0.0,0.024065049906870792,0.024841341839350495,0.6955752642789532,0.46690011211868115
46712907000184,353640.54,127,46,0.07219989333540804,0.04953809907619814,0.16504108946332904,0.4641866568804583,13.85043597439199,0.05158211318730599,0.028416723500113653,0.022661794259209896,0.023165389687192336,0.4872306197949604,0.40425671624087456
46737098000165,2940.0,1,1,1.0,1.0,1.0,1.0,1.0,,,0.0,,0.9585264900662251,0.46668046357615894
46755690000190,5874922.4,12,12,0.3150947584840569,0.08333333333333334,0.4448514928469523,0.8938015794046914,3.1736484758142933,0.2528306456189712,1.5139404881252137e-17,0.23176142515072354,0.2528306456189712,0.9250955631545958,0.9561765155321272
46854998000192,25480006.68,62,58,0.3516728272144182,0.018210197710718003,0.5337518223915945,0.8745876086245987,2.8435520819761564,0.3402986662883554,0.00098581521441481,0.3334626295037002,0.3393128510739406,0.4321509224258171,0.9595408126762838
46895261000118,108251.5,4,4,0.2535663217376159,0.25,0.29515988231109963,1.0,3.9437413973089654,0.004755095650154528,0.0,0.003566321737615896,0.004755095650154528,0.6634247222091626,0.5958795267217594
46925216000169,20606.0,2,2,0.5078018877662274,0.5,0.5624575366398137,1.0,1.9692719229518931,0.015603775532454733,0.0,0.007801887766227367,0.015603775532454733,0.3965645695364238,0.2862646416237025
46965083000154,8033007.120000001,43,42,0.1669028183606794,0.0243374797187669,0.35154302465002674,0.6603626189740013,5.991510567778343,0.14658337490606185,0.0005408328826392636,0.1425653386419125,0.1460425420234226,0.7117397007852287,0.9169398444679435
46969952000119,1212406.15,78,6,0.4293196554958125,0.8086785009861933,0.5689239369166843,0.9559578116623708,2.3292667531029307,0.3151835865949751,0.770414201183432,-0.3793588454903808,-0.45523061458845687,0.5405099463388574,0.8505199371142123
47018676000176,66814557.230000004,21,21,0.22376295789730188,0.0476190476190476,0.4196412997766714,0.7597291342553135,4.469014931680334,0.184951105792167,0.0,0.17614391027825427,0.184951105792167,0.47549712366189434,0.9851682176716825
47221115000170,7430.0,3,3,0.3404933257736179,0.3333333333333333,0.3876177658142665,1.0,2.936915129622438,0.010739988660426884,0.0,0.0071599924402845905,0.010739988660426884,0.7498343535247296,0.3676164065494283
47222706000161,12624.66,1,1,1.0,1.0,1.0,1.0,1.0,,,0.0,,0.3965645695364238,0.31390728476821195
47223323000108,9.0,9,9,0.1111111111111111,0.1111111111111111,0.1111111111111111,0.4444444444444444,9.0,0.0,0.0,0.0,0.0,0.4465530721118469,0.08202262693156731
47317398000158,50160.0,1,1,1.0,1.0,1.0,1.0,1.0,,,0.0,,0.3965645695364238,0.5626655629139072
47579479000126,61880.0,1,1,1.0,1.0,1.0,1.0,1.0,,,0.0,,0.8464610927152317,0.7161837748344371
47580335000190,38003.9,3,2,0.8909758223161517,0.5555555555555556,0.9421401487742047,1.0,1.1223649115420804,0.7819516446323034,0.11111111111111116,0.3354202667605961,0.6708405335211922,0.9193375700775499,0.7759815086030992
47954093000157,1200.0,1,1,1.0,1.0,1.0,1.0,1.0,,,0.0,,0.9447433774834437,0.2482201986754967
47987136000109,40345.82,30,23,0.15538592455372427,0.05777777777777778,0.3296500108313575,0.6430995825589862,6.43558934229112,0.11699437566980264,0.014949494949494956,0.09760814677594648,0.10204488072030768,0.41587728440702987,0.2114817116725791
48128296000157,6572549.297,6,3,0.44897898920291984,0.3888888888888889,0.6085917526743809,1.0,2.2272757167887014,0.17346848380437976,0.08333333333333336,0.06009010031403095,0.09013515047104641,0.3965645695364238,0.9663995311990144
48197395000190,7767984.120000001,75,46,0.09894903450821242,0.029688888888888886,0.21627714269838133,0.5513997523465586,10.10621280915079,0.07892567971950604,0.008126419753086417,0.06926014561932353,0.07079925996641961,0.786867813497815,0.9019298886908713
48211262000121,3650498.64,39,37,0.23452742613906116,0.028270874424720566,0.45747174966760157,0.6820339481074289,4.263893636930369,0.2132642990873684,0.0012783987142961353,0.2062565517143406,0.21198590037307227,0.7108591757769898,0.8643608563088435
48235889000112,32032.8,1,1,1.0,1.0,1.0,1.0,1.0,,,0.0,,0.9806084437086092,0.9382864238410596
48344022000103,210511.48,15,14,0.11265381343847201,0.07555555555555556,0.17196211817046747,0.5655432663339786,8.876752321803723,0.044396414472200635,0.00444444444444445,0.03709825788291646,0.03995197002775618,0.7344924878322959,0.6263902727577033
48591629000180,86400.0,3,3,0.3484760802469136,0.3333333333333333,0.4166666666666667,1.0,2.8696374204262383,0.022714120370370457,0.0,0.015142746913580307,0.022714120370370457,0.583097636129507,0.5454388279525386
48626721000138,1663275.17,9,9,0.23646546243628083,0.1111111111111111,0.370327731159481,0.8412770149150967,4.228947389175132,0.14102364524081595,0.0,0.12535435132516973,0.14102364524081595,0.4849557717370325,0.8417135415053278
48962625000160,9462366.08,145,114,0.27748636674333343,0.01231866825208085,0.4730316077561861,0.7912184095079948,3.603780653213028,0.27109244078530986,0.003578125493249708,0.2651676984912526,0.26751431529206016,0.534214749316655,0.8964630161395333
48971139000109,163007.26,14,14,0.5527260855878809,0.07142857142857142,0.7364702651894155,0.8892119283521484,1.8092144121195173,0.5183203998638718,0.0,0.48129751415930955,0.5183203998638718,0.41362952422999094,0.5943495944648589
49032506000171,1621122.22,7,6,0.5613553613075921,0.18367346938775508,0.7343579560583655,0.9794093131361805,1.7814027778600916,0.47362643356911055,0.02040816326530611,0.37768189191983703,0.45321827030380446,0.5165200891812949,0.903870897640478
49095809000133,1130310.0,11,11,0.2246894362035719,0.09090909090909091,0.39812086949597897,0.787394608558714,4.450587517136255,0.1471583798239291,0.0,0.133780345294481,0.1471583798239291,0.7549688688668367,0.8186265724602539
49123521000125,2585948.53,22,20,0.15288646315536455,0.05785123966942149,0.28138628111055247,0.7117068567486144,6.540801450706537,0.10830154016354164,0.008264462809917354,0.09503522348594307,0.10003707735362428,0.4258816880461541,0.8095628966262124
49139093000129,6313127.220000001,130,60,0.5126511073220948,0.03479289940828402,0.7112164611186149,0.8316532420520427,1.9506443772717874,0.5043909565987406,0.018433457025373582,0.47785820791381084,0.485957499573367,0.4875762132184295,0.9019684746243762
49269236000117,69962603.33,20,17,0.34219572451837293,0.07,0.4276421770481879,0.9341255895201406,2.922304191285443,0.3010829573007712,0.011875000000000009,0.27219572451837293,0.2892079573007712,0.6071335706988503,0.9905311535797608
49269244000163,48643625.04,1011,669,0.008745243753831115,0.00438793450090547,0.05735592274847451,0.1100904793916239,114.347870470954,0.007261329448073377,0.0028974972771044303,0.004357309252925645,0.004363832170968947,0.4708431498813,0.7666151128769819
49269251000165,49660312.46,24,24,0.8273029620663012,0.041666666666666664,0.9090710634646698,0.9412187071446387,1.2087470320453884,0.8197943951996186,0.0,0.7856362953996345,0.8197943951996186,0.8958577677317184,0.9877758627708089
49286753000102,788890.28,25,22,0.12895064056402106,0.052799999999999986,0.2386643678763541,0.6389125240584786,7.7549052538713275,0.08747209963849825,0.007695238095238079,0.07615064056402107,0.07977686154326018,0.7577122837994573,0.8263636010008022
49381616000149,586762.29,12,10,0.6502452681541164,0.11111111111111112,0.8001519661394736,0.9572360214218948,1.537881241087305,0.6113836312823516,0.012345679012345682,0.5391341570430053,0.5990379522700059,0.922556445076141,0.9133482973175655
49413800000123,2120387.0,8,8,0.4291839571152983,0.125,0.571593770382482,0.9456245487262467,2.330003215221194,0.34763880813176945,0.0,0.3041839571152983,0.34763880813176945,0.39966612654414946,0.8894789784243029
49428855000107,5223.0,1,1,1.0,1.0,1.0,1.0,1.0,,,0.0,,0.3965645695364238,0.1964817880794702
49462577000104,42307.15,1,1,1.0,1.0,1.0,1.0,1.0,,,0.0,,0.8464610927152317,0.6739238410596027
49576082000106,6517288.16,10,9,0.5960089455842723,0.12000000000000002,0.7503120745853288,0.9947401604534853,1.6778271658652573,0.5455100637823064,0.010000000000000033,0.4760089455842723,0.5355100637823064,0.4446848677836554,0.9706797702447759
49868348000194,100709.92,4,3,0.9023869164127271,0.375,0.9490624160956538,1.0,1.108172095374915,0.8535803746190904,0.06250000000000001,0.5273869164127271,0.7910803746190904,0.3965645695364238,0.6470514013997919
49962743000131,796125.13,10,10,0.5803704403685759,0.10000000000000003,0.753650371518859,0.9368333342272464,1.7230374437487375,0.5337449337428621,3.0839528461809905e-17,0.48037044036857585,0.5337449337428621,0.4668325476538539,0.833003881376546
50062751000100,2429687.32,248,135,0.04188440591672347,0.014828303850156089,0.12421351402533558,0.31252936694751327,23.875234185922242,0.03473428954296767,0.007476276266948298,0.02705610206656738,0.027258013276019375,0.4737493618034748,0.6140052701146248
50136060000104,64800.0,2,2,0.9315319692120103,0.5,0.9645061728395061,1.0,1.073500462733348,0.8630639384240206,0.0,0.4315319692120103,0.8630639384240206,0.8992774826772136,0.7098730301079225
50457753000107,3271843.21,66,58,0.20281845450530578,0.018824609733700648,0.3979408292000643,0.7263489866313001,4.930517799472926,0.18883281335627605,0.0016110063956953965,0.18399384477160513,0.18722180696058066,0.41056626606289315,0.7827603769113842
50525166000108,10654110.11,40,35,0.08067511302352467,0.03250000000000001,0.23306057233906324,0.42591572202176164,12.395396331312265,0.0536361457595107,0.004044117647058833,0.04817511302352467,0.04959202811245187,0.5295780661222708,0.8798583053358232
50563382000130,5432615.1899999995,37,11,0.19309473462925952,0.2856099342585829,0.3515802119604941,0.7542049909115687,5.1788051182234085,0.11240420809218547,0.21417092768444118,-0.09251519962932336,-0.10176671959225571,0.40449983964343755,0.9074898634932006
50634611000160,48152777.230000004,15,15,0.4407285263122406,0.06666666666666667,0.5681826692844316,0.991159715919048,2.26897044393159,0.40078056390597205,0.0,0.3740618596455739,0.40078056390597205,0.545900293556317,0.9910446368239214
50727113000161,2435016.12,11,9,0.40956594797421514,0.12396694214876033,0.5406164415864319,0.930414785098014,2.4416092327650163,0.33576169147099205,0.014462809917355383,0.28559900582545483,0.3212988815536367,0.5823160364405384,0.9074240844751961
50765274000140,167741796.0,9,7,0.99108645251678,0.16049382716049382,0.9955300585907642,0.99964352354973,1.0089937133744336,0.9896008612695766,0.020576131687242795,0.8305926253562861,0.9690247295823338,0.396581359342556,0.9988149125091097
50797752000101,4871544.08,14,13,0.7263408098897155,0.0816326530612245,0.8498332216671639,0.9446111118838526,1.376764166881709,0.7035358773805251,0.005102040816326534,0.644708156828491,0.6984338365641987,0.8045794900901225,0.9370360650259528
50818947000182,72792.14,9,7,0.3078446059106693,0.16049382716049382,0.42861770515333114,0.9181348425805314,3.2483921459068252,0.19248537356244752,0.020576131687242795,0.1473507787501755,0.17190924187520473,0.684779008038305,0.5550080419087603
50819448000100,57000.0,1,1,1.0,1.0,1.0,1.0,1.0,,,0.0,,0.3965645695364238,0.5850993377483443
50833728000172,17200.0,1,1,1.0,1.0,1.0,1.0,1.0,,,0.0,,0.3965645695364238,0.3624793046357616
50849291000165,360540.0,4,4,0.3323378221069129,0.25,0.3328340822100183,1.0,3.0089864393415344,0.10978376280921716,0.0,0.08233782210691287,0.10978376280921716,0.5472021341607897,0.74734867208018
50891535000178,423000.0,1,1,1.0,1.0,1.0,1.0,1.0,,,0.0,,0.3965645695364238,0.8745033112582782
51139746000111,156000.0,15,15,0.10244082840236685,0.06666666666666667,0.1794871794871795,0.5384615384615384,9.761732851985562,0.038329459002535905,0.0,0.03577416173570018,0.038329459002535905,0.3965645695364238,0.330971607552216
51310969000108,88000.0,1,1,1.0,1.0,1.0,1.0,1.0,,,0.0,,0.3965645695364238,0.6619619205298013
51311711000118,10778.0,1,1,1.0,1.0,1.0,1.0,1.0,,,0.0,,0.3965645695364238,0.2911837748344371
51337970000118,1535006.38,21,21,0.140354037991682,0.0476190476190476,0.32237651025268055,0.572075798147497,7.124839543692105,0.09737173989126612,0.0,0.0927349903726344,0.09737173989126612,0.7015364428010192,0.7756135367649156
51391197000178,5324180.4,2,2,0.828597046974868,0.5,0.9053375426572698,1.0,1.2068592371296862,0.657194093949736,0.0,0.328597046974868,0.657194093949736,0.3965645695364238,0.9748630066545514
51426849000162,17763920.419999998,17,15,0.518352430747705,0.07958477508650517,0.657593040489426,0.971806562506544,1.9291893713270245,0.4839490329439696,0.013840830449826973,0.4387676556611998,0.47010820249414265,0.5630363627376107,0.9794304480678084
51482339000102,79129.41,23,9,0.255087969773706,0.18336483931947067,0.3801367911121794,0.8738669983764569,3.92021623319642,0.16197396599541927,0.08128544423440452,0.07172313045423534,0.08068852176101475,0.8431020322170868,0.5121671796452006
51501559000136,942337.87,25,25,0.09636434443900929,0.04,0.18071225345108968,0.5378912767243451,10.37728223879443,0.05871285879063468,0.0,0.05636434443900929,0.05871285879063468,0.7415103011913764,0.7067695190550058
51805968000126,20500000.0,1,1,1.0,1.0,1.0,1.0,1.0,,,0.0,,0.3965645695364238,0.996523178807947
51843795000130,32000.0,1,1,1.0,1.0,1.0,1.0,1.0,,,0.0,,0.3965645695364238,0.47295115894039735
52149854000138,6000.0,1,1,1.0,1.0,1.0,1.0,1.0,,,0.0,,0.9770695364238411,0.6335264900662252
52156114000129,2415954.16,267,127,0.3394851440957557,0.013255902032571647,0.5754465556581587,0.6983731305564176,2.9456369958796738,0.3342429626996903,0.0054245996677507865,0.32622924206318404,0.3288183630319395,0.4998585701888465,0.7915690640979923
52193342000179,699297.87,15,15,0.07637086272805206,0.06666666666666667,0.08951836218234155,0.3542300078791889,13.093998997508853,0.010397352922912923,0.0,0.009704196061385395,0.010397352922912923,0.9088165592195904,0.7153190120997663
52244039000158,76150.0,2,2,0.683642670559411,0.5,0.8030203545633617,1.0,1.4627524627474178,0.36728534111882194,0.0,0.18364267055941097,0.36728534111882194,0.39656456953642377,0.5529483352393542
52350980000156,204642.29,24,22,0.3224892290491755,0.04861111111111112,0.5325773084341463,0.8310727953640472,3.10087875786857,0.29022681138485046,0.0033068783068783136,0.2738781179380644,0.28691993307797214,0.5257956043188097,0.611877955967388
52561214000130,9550380.59,18,18,0.22710535802111728,0.05555555555555555,0.36019506946162444,0.8664052874148338,4.403242656683668,0.18164096731647714,0.0,0.17154980246556173,0.18164096731647714,0.5933252986973258,0.9578925759178126
52655783000145,315177.3,3,3,0.3497094721707164,0.3333333333333333,0.41001207891558183,1.0,2.859516483190463,0.024564208256074634,0.0,0.016376138837383092,0.024564208256074634,0.3965645695364239,0.6936509700018043
52742236000105,1541282.0,16,16,0.28133342035397985,0.0625,0.5053247880660385,0.7219820902339741,3.5545012702073513,0.23342231504424518,0.0,0.21883342035397985,0.23342231504424518,0.477932525064217,0.7998083872088129
53256074000150,135088.3,4,4,0.35749245907949007,0.25,0.5277133548945393,1.0,2.7972618011996877,0.1433232787726534,0.0,0.10749245907949007,0.1433232787726534,0.8231789415210458,0.6660218381665526
53855592000190,56551.28,14,12,0.2079549479402149,0.10204081632653063,0.28292905129645163,0.833768218862597,4.808733862333925,0.13595085229841627,0.020408163265306145,0.10591413161368428,0.11554268903311013,0.5586659087138691,0.2945734728060119
53970845000176,2187956.55,2,2,0.5036898401102684,0.5,0.542952532581143,1.0,1.9853487610174523,0.007379680220536811,0.0,0.0036898401102684053,0.007379680220536811,0.3965645695364238,0.9373150022463786
54010863000179,11887279.95,29,29,0.18719266115675404,0.03448275862068965,0.3217725178584694,0.7240208370797223,5.342089769014,0.15816382762663808,0.0,0.1527099025360644,0.15816382762663808,0.7997776754194846,0.9326578103888359
54136866000153,30568.05,19,10,0.21852294651840662,0.11357340720221606,0.3016221185191728,0.8527841978798124,4.576178456003786,0.13169216279822957,0.015081563558017843,0.10494953931619055,0.11661059924021172,0.3965645695364239,0.21408008231411946
54157748000121,17670.0,2,2,0.6913098050821047,0.5,0.8092812676853424,1.0,1.4465294613913846,0.3826196101642094,0.0,0.1913098050821047,0.3826196101642094,0.3965645695364238,0.29569279927815695
54436220000191,23810.0,4,3,0.37045569882386475,0.375,0.49055018899622005,1.0,2.6993780988518568,0.05568354823579715,0.06250000000000001,-0.004544301176135246,-0.006816451764202862,0.8176197254200611,0.622994183742153
54675103000180,5526877.94,72,62,0.18785232954856845,0.021604938271604944,0.4078999978783682,0.5840465295312819,5.323330311650216,0.17453843331165975,0.005565674964582074,0.1662473912769635,0.16897275834707767,0.5030332893927718,0.8379349115720525
54736674000188,1253745.0,3,2,0.9318806135880825,0.5555555555555556,0.9646937774427814,1.0,1.073098834141031,0.863761227176165,0.11111111111111116,0.3763250580325269,0.7526501160650538,0.9913847709117787,0.9830262328765007
54758896000100,567980.71,57,18,0.19483086473206523,0.15050784856879038,0.2737945096762177,0.804558661860189,5.132656991361288,0.14746797442218673,0.10053772201401334,0.04432301616327486,0.04693025240817339,0.4081399842351131,0.6504667777893641
54782228000100,2850.26,5,5,0.23538569786195074,0.20000000000000004,0.2823321381207328,0.9593370429364337,4.24834647594639,0.04423212232743841,3.469446951953614e-17,0.0353856978619507,0.044232122327438374,0.9831741686003037,0.865129916055526
55262249000167,1925711.0699999998,45,43,0.08426553834418206,0.024197530864197535,0.15812964091233062,0.5160920116640343,11.867247508886804,0.062462336876186395,0.0009641387419165241,0.060068007479984524,0.06149819813426987,0.5851063834726997,0.740316952170114
55356976000193,4713.2,1,1,1.0,1.0,1.0,1.0,1.0,,,0.0,,0.3965645695364238,0.18460264900662252
55555957000196,740328.3500000001,124,87,0.02965636408733773,0.015608740894901139,0.062134592036087774,0.22168722837643595,33.71957523366684,0.01837329855346956,0.004162330905306966,0.01404762319243659,0.014210967648162594,0.40071791392405287,0.3665582699494485
55905225000189,131539.65,5,4,0.6532065472964426,0.28,0.7960690939956128,1.0,1.5309093335621042,0.5376087297285901,0.040000000000000036,0.37320654729644254,0.49760872972859005,0.8904127255942618,0.7244722244854921
56024573000100,144216.2,5,5,0.31387782221890304,0.20000000000000004,0.44897840880566814,0.9400899482859763,3.1859530339884454,0.14234727777362877,3.469446951953614e-17,0.113877822218903,0.14234727777362874,0.5059191173914558,0.592734059848022
56401177000154,1720971.15,7,6,0.23280714172547998,0.18367346938775508,0.3576548043818166,0.8568879263315948,4.295400873823594,0.07936857007057598,0.02040816326530611,0.04913367233772489,0.058960406805269865,0.8653716536483135,0.9226888180823183
57268617000100,51440.0,3,3,0.3952821266951909,0.3333333333333333,0.536547433903577,1.0,2.5298386455280277,0.09292319004278639,0.0,0.0619487933618576,0.09292319004278639,0.6630906064288877,0.6046867436375434
57500902000104,93041756.67999999,47,31,0.34737390032341536,0.0565866908103214,0.5188303077297401,0.9200657421422195,2.878742470487767,0.3256196970008625,0.025139580503998782,0.29078720951309395,0.30048011649686374,0.5390390249569915,0.9887174711183225
57522468000163,2853440.9199999995,180,128,0.559333856174544,0.010493827160493832,0.7461167270286431,0.8192740153176188,1.7878409986466886,0.555864044018438,0.0027024399727811855,0.5488400290140502,0.5531616040456568,0.4249434548073577,0.8240065323383111
57538696000121,949767.8599999999,40,39,0.06885005084258011,0.02625000000000001,0.19824090488806392,0.3855687851976798,14.524317524273387,0.044346104812121694,0.0006250000000000106,0.0426000508425801,0.043721104812121686,0.5219178156806312,0.571017550061431
57602096000185,858905.2400000001,13,13,0.768627123448337,0.07692307692307694,0.8732045923948489,0.9701768730622716,1.3010209625619784,0.7493460504023649,1.5034270125132327e-17,0.69170404652526,0.7493460504023649,0.40672290714283355,0.8647144328644379
57604530000166,2916765.5,10,10,0.276079571541209,0.10000000000000003,0.3962942855707804,0.9675876754576258,3.622144131916458,0.1956439683791211,3.0839528461809905e-17,0.17607957154120896,0.19564396837912107,0.5758270260979099,0.9048220325744039
57614976000171,2478543.84,70,61,0.2708362017615741,0.02204081632653061,0.3864739588386703,0.8860633266022842,3.692268587049277,0.25868347179093365,0.005741496598639452,0.24879538543504348,0.2529419751922942,0.4244995717322251,0.8518989047101219
58587787000110,90326.86,1,1,1.0,1.0,1.0,1.0,1.0,,,0.0,,0.9177773178807948,0.8081125827814569
58728309000182,87420.0,1,1,1.0,1.0,1.0,1.0,1.0,,,0.0,,0.8464610927152317,0.7745240066225165
58801112000121,98922.31,3,3,0.9550540687232326,0.3333333333333333,0.9771304370065762,1.0,1.0470611379488215,0.9325811030848488,0.0,0.6217207353898992,0.9325811030848488,0.8484565576139953,0.7716486474444052
58854069000162,272740.98,11,9,0.18049114894654364,0.14049586776859505,0.2566537672483248,0.8052819931936888,5.540437887600636,0.0780525425648616,0.033057851239669436,0.039995281177948594,0.04499469132519217,0.6505260627441373,0.701590274047992
59006460000170,1780578.36,18,17,0.18642457397074258,0.06172839506172839,0.26789048475238125,0.8036714542571438,5.364099692977921,0.13557610984391397,0.003086419753086417,0.12469617890901419,0.13248969009082756,0.45193682986857897,0.8215108467779794
59045351000161,7205158.46,6,6,0.36274043441941695,0.16666666666666669,0.4430017768131084,0.991214627637766,2.7567921993602584,0.23528852130330033,3.3306690738754695e-17,0.19607376775275026,0.2352885213033003,0.6312091966867376,0.9619639703389186
59097984000113,157623.1,16,15,0.14736079685848413,0.0703125,0.26818404155228515,0.6935657908009676,6.786065366899012,0.08645799663409014,0.003906250000000001,0.07704829685848413,0.08255174663409014,0.7176750724909611,0.5331152255361594
59108100000189,688948.73,13,11,0.2299872232839621,0.10059171597633138,0.34723861091956726,0.8892157911373173,4.348067626197277,0.15298594561235832,0.01065088757396451,0.12939550730763072,0.1423350580383938,0.7011573952289542,0.7969077705534303
59118862000166,375918.29000000004,13,11,0.1059338983299736,0.10059171597633138,0.16058213076038413,0.529297896093324,9.439848960198736,0.01652728816297096,0.01065088757396451,0.0053421823536422275,0.00587640058900645,0.7764788806772953,0.654216564412907
59172827000125,0.0024,2,2,0.5,0.5,0.5,1.0,2.0,0.0,0.0,0.0,0.0,0.6932533112582782,0.4816639072847682
59305096000149,286977.5,2,2,0.9185904604524802,0.5,0.9574879563728864,1.0,1.0886244121318427,0.8371809209049603,0.0,0.41859046045248016,0.8371809209049603,0.3965645695364239,0.804335606242292
59314518000142,136783.0,7,7,0.227211409682927,0.14285714285714285,0.3062880621129819,0.893685618826901,4.401187428903759,0.09841331129674816,0.0,0.08435426682578415,0.09841331129674816,0.5996549442189405,0.5004510671916502
59426431000167,690094.97,16,15,0.3553406562612475,0.0703125,0.5796303659480376,0.7738065385406302,2.8142009150362943,0.30929356027990806,0.003906250000000001,0.2850281562612475,0.30538731027990806,0.4721889385833997,0.7185655087916608
59593430000107,8222235.68,45,39,0.22266932732740521,0.028148148148148158,0.3927836814329798,0.7830048566547536,4.490964301201822,0.2022132569939159,0.0025730994152046898,0.19452117917925704,0.1996401575787112,0.8129806683629575,0.9246039249423933
59754648000104,7397199.73,66,57,0.23725032967035845,0.01974288337924702,0.4421961876646529,0.7415316417311338,4.214957262185579,0.22362979984304343,0.0022382920110192877,0.21750744629111143,0.22139150783202413,0.4802573887547234,0.868661073409723
59815458000141,2248646.0,2,2,0.9615029157615913,0.5,0.9803659624502923,1.0,1.0400384477335836,0.9230058315231826,0.0,0.4615029157615913,0.9230058315231826,0.40539785476599943,0.9643562087838431
59870569000150,15000.0,1,1,1.0,1.0,1.0,1.0,1.0,,,0.0,,0.3965645695364238,0.3402110927152318
59989830000136,157657.43000000002,29,16,0.33345917770959593,0.10582639714625447,0.5042546995723576,0.8742370721126178,2.998867828046057,0.2890231228902357,0.04621482362267144,0.22763278056334146,0.24280829926756425,0.5945841559564488,0.5761233555417091
60269453000140,16740739.2,18,15,0.10454835243849037,0.07407407407407407,0.16800333404632456,0.49772569182608145,9.564952260613927,0.04058752046981111,0.007936507936507933,0.030474278364416296,0.03265101253330317,0.40353831236950954,0.9498713668866954
60344157000166,119726.5,3,3,0.34376696746191376,0.3333333333333333,0.4092661190296217,1.0,2.908947323773308,0.01565045119287067,0.0,0.010433634128580449,0.01565045119287067,0.3965645695364238,0.5182719092823121
63761126000107,35716.46,7,3,0.718396942932755,0.5510204081632654,0.839948863913165,1.0,1.3919881060707746,0.5775954143991325,0.32653061224489804,0.16737653476948966,0.2510648021542345,0.9203858845927766,0.818051789401101
63761902000160,17217519.42,13,12,0.3121458908956322,0.08875739644970415,0.41073940777933504,0.9824087714024485,3.2036301907762605,0.24961369915887155,0.005917159763313625,0.22338849444592807,0.24369653939555794,0.6293704538924688,0.9789705572428554
63788426000171,14227.9,3,2,0.9914759973907774,0.5555555555555556,0.9957196775349841,1.0,1.0085972858966377,0.9829519947815548,0.11111111111111116,0.43592044183522183,0.8718408836704437,0.3965645695364239,0.3275038756516497
64037930000100,114047.1,4,4,0.37780863552634303,0.25,0.5050544906446547,1.0,2.6468426234007407,0.17041151403512403,0.0,0.12780863552634303,0.17041151403512403,0.5029975913620003,0.6164104071928664
65700239000110,19690019.36,10,9,0.439529175255354,0.12000000000000002,0.6363254037958447,0.927069473434992,2.2751618238289377,0.36947032216227327,0.010000000000000033,0.31952917525535396,0.35947032216227326,0.4061354195125303,0.9785590941237312
66228909000100,169161.97999999998,7,6,0.190788016750035,0.18367346938775508,0.24237124677779254,0.7882385864719721,5.241419335629298,0.02894562010004202,0.02040816326530611,0.007114547362279927,0.008537456834735911,0.6951648958850208,0.6027431086978027
66489741000196,51914.32,12,12,0.19416071010386401,0.08333333333333334,0.3363210767279626,0.7721476463526827,5.150372593224765,0.12090259284057893,1.5139404881252137e-17,0.11082737677053067,0.12090259284057892,0.6586581015661578,0.37932974249527335
66493396000164,27806.25,10,9,0.21525597506279326,0.12000000000000002,0.3279838165879973,0.8879298718813216,4.6456317865661365,0.11716297194564243,0.010000000000000033,0.09525597506279324,0.1071629719456424,0.8074816146645053,0.4458312758578087
66998014000154,91050.0,3,3,0.47340467744518233,0.3333333333333333,0.628995057660626,1.0,2.112357667010577,0.2101070161677735,0.0,0.14007134411184902,0.2101070161677735,0.5634784031770623,0.5903121010942972
67165936000143,147571.29,30,21,0.44704570597723037,0.060000000000000005,0.658994036035058,0.8210648561790034,2.2369077403708104,0.4193979912760919,0.013000000000000008,0.38704570597723037,0.4063979912760919,0.8267216466785295,0.6947281894851549
67652750000119,226034.78999999998,14,13,0.11978129235858484,0.0816326530612245,0.19001499724887486,0.6069862519835996,8.348549095682962,0.046429733388466905,0.005102040816326534,0.03814863929736034,0.04132769257214037,0.5057402654098745,0.45138977861718016
68004118000121,94662.26,25,13,0.1348189760057674,0.12000000000000002,0.23240518449485573,0.6339379600698314,7.417353473721839,0.06272055733958133,0.04666666666666668,0.01481897600576737,0.01605389067291465,0.7785798019572513,0.5278015383968842
71203822000118,39134.119999999995,7,6,0.27130365078033347,0.18367346938775508,0.383297235251489,0.9337427288514473,3.685906905873782,0.12556438093640018,0.02040816326530611,0.08763018139257839,0.10515621767109407,0.6301069156277597,0.37994945589662876
71480560000139,25915292.04,101,79,0.16765430774208,0.017939417704146646,0.308698045449462,0.7410463679266337,5.964654374037341,0.1569832091233887,0.005348897418302373,0.14971489003793337,0.15163431170508632,0.6501511999596403,0.946913591215938
72096043000123,234000.0,1,1,1.0,1.0,1.0,1.0,1.0,,,0.0,,0.8464610927152317,0.8216473509933775
72254576000196,112004.0,4,4,0.3819982254048203,0.25,0.5356951537445092,1.0,2.61781320826885,0.17599763387309375,0.0,0.1319982254048203,0.17599763387309375,0.4259302426166899,0.5218017328969566
72311392000110,188552.8099,17,11,0.4337572112998097,0.10726643598615918,0.6364264741726344,0.9046934919212783,2.3054371753344927,0.3771329324297907,0.01799307958477509,0.32649077531365056,0.3591398528450156,0.9377245676313386,0.7732991833441893
72519622000131,187026.78,7,7,0.2015711256172522,0.14285714285714285,0.2940755329263542,0.8353242246912448,4.961028009035493,0.06849964655346091,0.0,0.05871398276010936,0.06849964655346091,0.44875621594765996,0.5128331003431843
72962806000171,6923734.7700000005,217,96,0.07543563459688268,0.07502813820637509,0.15858493088983536,0.47536734715214984,13.25633442793791,0.06570337811895513,0.06529159229275798,0.0004074963905075918,0.0004117858261971502,0.6227533934933438,0.8474366597632892
73230450000144,11240.0,2,1,1.0,1.0,1.0,1.0,1.0,,,0.0,,0.9663079470198676,0.5859685430463576
73802134000108,3910163.03,6,5,0.8014155434291155,0.22222222222222227,0.8927973087608063,0.9913686463349329,1.2477921200793993,0.7517694292863943,0.027777777777777818,0.5791933212068932,0.7239916515086166,0.40771946706564155,0.9508134758555219
73960056000161,61638.0,2,2,0.5375966476336859,0.5,0.6371069794607223,1.0,1.8601306470225465,0.07519329526737173,0.0,0.037596647633685865,0.07519329526737173,0.8464610927152316,0.5663369624322228
74047341000159,491125.31,65,38,0.28331326522202216,0.059408284023668635,0.46160999114462253,0.8735796165748411,3.529661765806613,0.263943353471266,0.0339868862945786,0.22390498119835353,0.2299564671766874,0.9800316727985301,0.9240714042781567
74077025000120,7373918.64,9,8,0.27409491847058814,0.13580246913580246,0.39420368218220536,0.9457536732463868,3.648371175868061,0.17039419253781501,0.01234567901234567,0.13829244933478568,0.15804851352546934,0.4541279766632893,0.9463056346765997
74097114000138,490967.94000000006,41,35,0.13136350017700882,0.03152885187388459,0.1866109628258008,0.6358887710672106,7.61246463935969,0.1058153678292738,0.0030444063407635527,0.09983464830312422,0.10277096148851024,0.5048587792127223,0.6312141847306637
74125063000100,573769.82,5,5,0.6258500456717896,0.20000000000000004,0.7803129136349487,0.9902094885367099,1.5978268387383379,0.5323125570897369,3.469446951953614e-17,0.4258500456717895,0.5323125570897369,0.9669568249552023,0.9580745026370836
74130709000148,37707.770000000004,20,13,0.25120010919112246,0.11500000000000002,0.42431573121401767,0.8508869657367698,3.9808899893397838,0.18880011829038265,0.041250000000000016,0.13620010919112244,0.14755011829038264,0.7453775299285419,0.5466724388256361
75123125000108,9133837.5,317,114,0.07453117157222343,0.024729074824110103,0.20197425233369873,0.4626262510144285,13.417204894343616,0.06634118194011922,0.01609835867211108,0.049802096748113325,0.050242823268008135,0.4215613706758664,0.8115333471029966
75658435000127,485124.36,12,12,0.1485246052356011,0.08333333333333334,0.23573336948076573,0.6763935746289879,6.732891149003382,0.0711177511661103,1.5139404881252137e-17,0.06519127190226776,0.07111775116611029,0.8125719726868433,0.8009245619170271
75967745000123,798632.24,7,7,0.8794077673078169,0.14285714285714285,0.9368526369533992,0.9917853053365339,1.137128914680114,0.8593090618591197,0.0,0.7365506244506741,0.8593090618591197,0.41774594565408774,0.8898315939534586
76568930000108,2998220.74,18,5,0.8956888314612391,0.3271604938271605,0.9459058841678214,0.9928757747169742,1.116459159559449,0.8696110393265488,0.1589506172839506,0.5685283376340786,0.7106604220425983,0.3965645695364238,0.948038215723967
76582337000116,4114608.9,11,10,0.7522125597412351,0.10743801652892562,0.8619314705706295,0.979226944266805,1.3294114636214065,0.7246806219347057,0.008264462809917352,0.6447745432123095,0.7164161591247884,0.4424861988562814,0.948391079336896
76878669000142,31396149.14,51,51,0.46954509167574493,0.019607843137254905,0.5727454000748832,0.9671105569222684,2.129720910149717,0.45893599350925984,3.5388358909926865e-18,0.44993724853849004,0.45893599350925984,0.6627791406143204,0.9803497861558885
76933969000187,812650.0,4,4,0.4044208736379927,0.25,0.5509382883160032,1.0,2.4726715785079016,0.20589449818399022,0.0,0.15442087363799267,0.20589449818399022,0.9699598454162105,0.9554660135591881
77651602000133,2780422.9099999997,8,8,0.6398843288041247,0.125,0.7864954615842954,0.9829714681785585,1.5627824514297652,0.5884392329189997,0.0,0.5148843288041247,0.5884392329189997,0.973242322243531,0.9705405511162684
78009149000129,592920.77,25,25,0.2671954535760467,0.04,0.4486265508965051,0.8223217580993156,3.742578650259067,0.23666193080838197,0.0,0.22719545357604667,0.23666193080838197,0.7927594836465975,0.805491229521988
78074804000122,6829471.1,6,6,0.5922222528266655,0.16666666666666669,0.7416327012497351,0.9983670770639912,1.6885552598319618,0.5106667033919986,3.3306690738754695e-17,0.42555558615999883,0.5106667033919986,0.9445454457053235,0.9782672476875903
78079639000100,2933989.789999999,58,55,0.2511724259831461,0.019024970273483943,0.48832587450824083,0.6314408919602954,3.9813287469186642,0.23730524868653768,0.0008587660192892016,0.23214745570966216,0.2364464826672485,0.5782781148527736,0.8207827473220889
78361177000100,113696.0,4,3,0.36501144632733273,0.375,0.42566141289051507,1.0,2.7396401128287526,0.04751716949099912,0.06250000000000001,-0.009988553672667266,-0.014982830509000893,0.6963081760784655,0.6744285068070449
78499936000104,62240.520000000004,35,28,0.2151620819444159,0.0416326530612245,0.39803266425151973,0.7281873609025117,4.647659062242835,0.18609401090532018,0.0061375661375661535,0.1735294288831914,0.17995644476775402,0.9616758577163546,0.8444254832711819
78501053000183,172174.57000000004,36,29,0.35894402776777723,0.041666666666666685,0.5796103338605695,0.8189190773062478,2.78594968195699,0.3360491716166264,0.00744047619047621,0.31727736110111054,0.3286086954261502,0.6204259349691262,0.6903156658988452
78502598000104,26154.85,1,1,1.0,1.0,1.0,1.0,1.0,,,0.0,,0.991328642384106,0.9663493377483444
78508785000103,77600.0,2,2,0.5119566372621958,0.5,0.5773195876288659,1.0,1.9532904297280465,0.023913274524391515,0.0,0.011956637262195757,0.023913274524391515,0.3965645695364238,0.5119081552536355
78634771000128,689894.2299999999,5,5,0.4616717215143601,0.20000000000000004,0.6489690455883361,0.9565150733323282,2.1660412656851356,0.3270896518929501,3.469446951953614e-17,0.26167172151436,0.32708965189295003,0.9658587207988938,0.952379690870025
79262341000195,2598.0,2,2,0.5740784200080479,0.5,0.6924557351809084,1.0,1.7419222969328498,0.14815684001609575,0.0,0.07407842000804787,0.14815684001609575,0.9982600679203055,0.8700220878006006
79356713000142,173557.33,18,17,0.1535375465897117,0.06172839506172839,0.2731086033646634,0.6677908677207698,6.513064864011631,0.10063364325156868,0.003086419753086417,0.0918091515279833,0.09754722349848226,0.566547124222851,0.4929058917085703
79367470000148,169500.0,4,3,0.3466120204314268,0.375,0.4247787610619469,1.0,2.8850701679511963,0.01991803064714023,0.06250000000000001,-0.028387979568573196,-0.04258196935285978,0.7278247035495907,0.798749243001426
79369757000107,442531.4,23,23,0.07875699478122264,0.043478260869565195,0.14462250588319833,0.4483297682379148,12.69728489231818,0.036882312725823665,0.0,0.035278733911657444,0.036882312725823665,0.4342388894523074,0.4816980812357186
79373940000186,115849.63999999998,21,19,0.2457694989968759,0.05668934240362811,0.40138234352735147,0.8957213850642953,4.068853149319035,0.20386780449670233,0.004283194759385226,0.18908015659324778,0.1995846097373171,0.5422313074579125,0.5510992693727206
79376760000158,130110.8476,219,76,0.041832523757003345,0.043264318925793854,0.10409069074422048,0.32068051026976785,23.904845086775,0.029056957407096726,0.030507843178137775,-0.001431795168790509,-0.0014508857710410494,0.9933899519232168,0.8760430523877136
79612362000193,107380.42,4,4,0.4560820109135785,0.25,0.55720884682701,1.0,2.192588122467051,0.27477601455143796,0.0,0.20608201091357847,0.27477601455143796,0.5940208153086886,0.659331135963531
80489222000159,3804.0,2,1,1.0,1.0,1.0,1.0,1.0,,,0.0,,0.9977649006622517,0.9242549668874173
80490758000194,39091.6,1,1,1.0,1.0,1.0,1.0,1.0,,,0.0,,0.991328642384106,0.9663493377483444
80617319000108,23530.0,1,1,1.0,1.0,1.0,1.0,1.0,,,0.0,,0.3965645695364238,0.4140728476821192
80636475000108,26109747.166699998,1113,233,0.05560321927551975,0.014397357376556888,0.13395947948744794,0.39289549586613465,17.98457019268787,0.051532543496534924,0.010149070123869633,0.04120586189896286,0.04138347337266529,0.6941892090788655,0.9524649661797937
80670904000163,56550.0,2,2,0.5114297574738442,0.5,0.5755968169761273,1.0,1.9553027280606416,0.022859514947688453,0.0,0.011429757473844226,0.022859514947688453,0.6177689189663956,0.5385669366030179
80889108000116,1074881.2000000002,31,31,0.11109339141811894,0.03225806451612903,0.26423595463387023,0.5433189639934162,9.001435524065776,0.08146317113205624,0.0,0.07883532690198991,0.08146317113205624,0.6123477656670954,0.6339195919476422
80900699000185,50000.01,2,2,0.9999996000001599,0.5,0.99999980000004,1.0,1.0000004000000002,0.9999992000003197,0.0,0.49999960000015986,0.9999992000003197,0.9447433774834437,0.7475577976159239
80902372000142,103300.0,4,4,0.8054988852851075,0.25,0.8954501452081317,1.0,1.2414666466559399,0.7406651803801433,0.0,0.5554988852851075,0.7406651803801433,0.3965645695364238,0.6161991811607676
80909245000175,89541.32999999999,10,9,0.27340054573018824,0.12000000000000002,0.361844078036366,0.8782640374003825,3.6576371759947897,0.1825756139464618,0.010000000000000033,0.15340054573018821,0.17257561394646176,0.6418490835618287,0.5655790139265247
80909658000150,31189.91,3,3,0.863897450190398,0.3333333333333333,0.9265817054297367,1.0,1.1575447986096101,0.795846175285597,0.0,0.5305641168570647,0.795846175285597,0.3967455946458538,0.4256443707695196
80910201000165,660216.0,6,5,0.4129977139554079,0.22222222222222227,0.5452760914609764,0.9991275582536624,2.421320908589755,0.26624714244425984,0.027777777777777818,0.19077549173318564,0.23846936466648203,0.46994280574400815,0.8380922249046008
80922081000116,61462.0,3,3,0.4631554137371644,0.3333333333333333,0.6257850379096027,1.0,2.1591024747634475,0.1947331206057466,0.0,0.12982208040383109,0.1947331206057466,0.8464610927152318,0.5873701938483069
80991094000147,3682857.59,17,17,0.2982867687536523,0.058823529411764705,0.4615980711868905,0.8719533355619107,3.352478570130194,0.25442969180075553,0.0,0.23946323934188757,0.25442969180075553,0.621133217347667,0.9153813680124464
81269169000143,69852.0,3,3,0.5596384740533161,0.3333333333333333,0.7151692149115272,0.9999999999999999,1.786867855523334,0.3394577110799742,0.0,0.2263051407199828,0.3394577110799742,0.7183167128096376,0.5418880287290478
81285751000101,154957.22,5,4,0.48447966699738554,0.28,0.6453394039980841,1.0,2.064070110924586,0.31263955599651405,0.040000000000000036,0.2044796669973855,0.272639555996514,0.9852086440651466,0.9414194552689064
81286254000110,215874.7878,174,76,0.056928503571248845,0.035869996036464534,0.16149885012185755,0.3575525460226996,17.565892958146183,0.044354216952198836,0.02301492931695073,0.02105850753478431,0.021339287635248106,0.9961464812320997,0.9172746488520155
81650525000174,8435988.0,17,17,0.3698498532415131,0.058823529411764705,0.5334289237964777,0.8949751943696459,2.703799910248976,0.3304654690691077,0.0,0.3110263238297484,0.3304654690691077,0.39816384835676905,0.9327249225352083
82559154000182,273148.98,39,25,0.677840111547107,0.06377383300460222,0.8214821084083856,0.8993003744696391,1.4752741582636546,0.6644167828615698,0.024764409379793982,0.6140662785425047,0.6396523734817758,0.9853912074012049,0.9311139639919054
82568221000125,2454171.6899999995,40,33,0.15150784790190275,0.035,0.21337944779242402,0.6997757357391732,6.600318160729688,0.1249924681488372,0.004843750000000003,0.11650784790190274,0.1201487181488372,0.4927578958674563,0.8661191843599929
82636028000184,2968258.27,153,86,0.16284839738202475,0.02071852706224101,0.30624019789221374,0.7207143197818834,6.1406806334980875,0.15299955499828388,0.009197568557090906,0.14212987031978375,0.14380198644119296,0.8769985718967229,0.9214212986716477
82662958000102,3488692.5699999994,116,79,0.1143716832898357,0.024673008323424485,0.28234072800516213,0.5368421844060625,8.743422945571623,0.10301747410124384,0.012168816122442748,0.08969867496641121,0.0908486579788011,0.716722235658777,0.7935494882650027
82702879000188,23549.670000000002,44,33,0.09948035140982692,0.03615702479338843,0.21320468609538898,0.5388712453295523,10.052236304235828,0.071339112391384,0.0060369318181818146,0.0633233266164385,0.0653021805732022,0.9886726785417307,0.6569554769593837
82780008000182,276287.28,28,22,0.7571910264344929,0.058673469387755105,0.868661054537147,0.9375639732672457,1.3206706961502974,0.7456286943599449,0.013848396501457727,0.6985175570467378,0.7317802978584872,0.9962814168741271,0.9725545658034537
82782079000114,830324.0,10,10,0.31763894739418663,0.10000000000000003,0.506877038360929,0.8904977695453823,3.1482285412531934,0.24182105266020737,3.0839528461809905e-17,0.2176389473941866,0.24182105266020734,0.9027073579325722,0.9294838699205937
82828336000101,4215.51,1,1,1.0,1.0,1.0,1.0,1.0,,,0.0,,0.999192880794702,0.9629966887417218
82985003000196,18611505.439999998,93,88,0.08354788472583101,0.011908891201294949,0.228890672693482,0.4569368365936979,11.969183939025854,0.0730139523663578,0.0005515221346431666,0.07163899352453607,0.07246243023171463,0.6414340175917334,0.9130750356900161
83108035000176,12413107.929999998,99,78,0.24185493255817828,0.01520253035404551,0.4510629434283828,0.7508360865432353,4.134709966105197,0.23200889272127148,0.002412952826175972,0.22665240220413277,0.2295959398950955,0.5069031146235268,0.9428218318486097
83145375000177,170011.1823,344,93,0.04359005152751954,0.03550905895078421,0.10045950959779897,0.33117066323701455,22.94101440482753,0.033194291218036055,0.025025461765466647,0.008080992576735328,0.008168829452569408,0.9971417025220543,0.9226610470261861
83156455000128,9837040.2332,706,148,0.19826748416319395,0.027156946929997032,0.30131524215956074,0.7538826480521139,5.04369137592375,0.19281352147042657,0.020538966977139868,0.1711105372331969,0.1722745544932867,0.6407970294734708,0.9441594284215146
83158105000109,1448490.5699999998,121,88,0.12625051804457404,0.01550440543678711,0.282293864018735,0.6085082763086266,7.920759577770126,0.11620742055083351,0.0041883641199685715,0.11074611260778694,0.11201905643086493,0.7758890964080153,0.8555378679235943
83222034000158,21690.82,15,12,0.2382340896714216,0.10222222222222224,0.43927431051477084,0.7412098758829774,4.197552085762474,0.16898264327791446,0.020606060606060635,0.13601186744919935,0.14837658267185383,0.9937536958386022,0.8726942725827109
83244954000177,6733.0,4,4,0.29419813329670386,0.25,0.3323926927075598,1.0,3.3990698336331144,0.05893084439560514,0.0,0.044198133296703856,0.05893084439560514,0.9951911110690352,0.9045307940134732
83684324000113,152240.095,217,87,0.06430677696109774,0.028095733610822057,0.18326315416447947,0.3970471773549537,15.550460577505666,0.053426623204831436,0.016794521210947894,0.03621104335027568,0.036632101993883545,0.8871334018166507,0.8239794356694442
83779462000186,57240017.099999994,24,24,0.29816356731596133,0.041666666666666664,0.45479510592249633,0.8525114455285515,3.353863817105155,0.2676489398079596,0.0,0.25649690064929465,0.2676489398079596,0.5831927177167744,0.9846573852406668
83788281000116,258431.25000000003,81,47,0.32796923195826905,0.032159731748209124,0.5603037558344821,0.7222527074415344,3.0490665055045176,0.3133598674356228,0.011119725916648454,0.2958095002100599,0.3022401415189743,0.8349829973033613,0.7243401028653047
83820076000190,207106.64,50,41,0.07380534670116196,0.029600000000000008,0.17415472531445636,0.4364816598830438,13.549153885137924,0.050650480368691006,0.005340000000000008,0.04420534670116195,0.045310480368690995,0.7502559842708014,0.610106019578571
83820894000193,75210.26999999999,40,27,0.16109021479755228,0.0575,0.30647410253945373,0.7268555211941136,6.20770169843485,0.12882445382822735,0.021250000000000005,0.10359021479755229,0.10757445382822735,0.9941249118139052,0.862632134723689
83871277000117,233125.05999999997,22,20,0.28824611599935424,0.05371900826446281,0.4524259639868833,0.899525173312556,3.4692575007749293,0.2507853852624782,0.003914745541539799,0.23452710773489144,0.24687063972093837,0.9688554434719652,0.8977044821702649
84438381000185,61052851.93,146,101,0.3842279121145197,0.015950459748545684,0.5028489695321593,0.9533307755505535,2.6026219555385883,0.3780701912356649,0.006109964346031141,0.368277452365974,0.37196022688963376,0.41442135646665795,0.9855815861756497
84591890000143,7127378.829999999,166,103,0.22650174716369184,0.016838438089708224,0.3549692054182561,0.7304711639692653,4.414976981512219,0.21891843095941432,0.007199599247450462,0.20966330907398362,0.21171883171196387,0.6923902404186251,0.9218354764487834
84703248000109,43938617.4482,1494,382,0.05017331849256153,0.009993566412011276,0.18877735535895426,0.3371821777839513,19.93091208723329,0.0476803350765315,0.0073951243291031695,0.04017975208055025,0.04028521074742833,0.7253918122580363,0.9145366740316457
85448116000140,69020.77,8,7,0.24352800592698576,0.15625,0.3734528026853366,0.9159818124312435,4.106303897958326,0.11744934024815006,0.015625000000000007,0.08727800592698576,0.10182434024815004,0.7277735153872154,0.604104659983255
85461804000140,27180.660000000003,36,19,0.13214800745917565,0.07253086419753088,0.23170886946821748,0.6410808273235455,7.567272630341619,0.0839340078735743,0.02100480109739371,0.05961714326164477,0.0629292067761806,0.9956119449411496,0.8511566413946559
85908309000137,218067.74000000002,79,52,0.1735959861143937,0.03188591571863484,0.37435064902309717,0.6307480418699254,5.760501854812674,0.15739198584212694,0.01290328661507866,0.14171007039575886,0.14448869922704827,0.983710008515288,0.7884272303140288
86050978000183,6214703.4,81,66,0.21634507509778333,0.01874714220393232,0.426408121101966,0.6833793548377546,4.622245269729489,0.20428884548390308,0.0036509443916851246,0.19759793289385102,0.20063790109221796,0.8572725637055874,0.9255418880964664
86132156000141,3480.0,1,1,1.0,1.0,1.0,1.0,1.0,,,0.0,,0.3965645695364238,0.15122102649006622
86446630000100,408415.19999999995,61,43,0.36139023130589454,0.03628056973931738,0.5223875115323818,0.861793733435974,2.767091950400734,0.34618523681317775,0.013334869018824934,0.32510966156657717,0.33285036779435284,0.964410314607172,0.8952840493133439
86532520000160,415043.0,7,5,0.7978112661330161,0.26530612244897955,0.8890645065691989,0.9994265654402075,1.2534292788907215,0.7472640826662702,0.08163265306122443,0.5325051436840366,0.6656314296050457,0.46179375371071824,0.8724154949922767
86754348000190,83231.21,6,6,0.262882439551937,0.16666666666666669,0.3604415939645717,0.9458003794490072,3.8039817406762637,0.11545892746232443,3.3306690738754695e-17,0.09621577288527033,0.1154589274623244,0.4694719236566451,0.4673464201379705
86813953000194,202491.92,11,11,0.27636869561344446,0.09090909090909091,0.4390511976971723,0.8377090799474863,3.6183548132336054,0.2040055651747889,0.0,0.18545960470435355,0.2040055651747889,0.679747666974361,0.6729803067104116
86843596000107,13118.01,1,1,1.0,1.0,1.0,1.0,1.0,,,0.0,,0.9979304635761589,0.9662665562913907
86879319000154,10200.0,1,1,1.0,1.0,1.0,1.0,1.0,,,0.0,,0.3965645695364238,0.2852235099337748
86926136000142,8000000.0,1,1,1.0,1.0,1.0,1.0,1.0,,,0.0,,0.9177773178807948,0.9910596026490066
87620415000146,65207.0,5,5,0.30665000090644234,0.20000000000000004,0.4048645084116736,0.9539926694986735,3.2610467863820287,0.1333125011330529,3.469446951953614e-17,0.1066500009064423,0.13331250113305287,0.3965645695364238,0.3704561121551063
88017272000145,635616.0,2,2,0.7443977425701351,0.5,0.8495695514272769,1.0,1.3433678567419658,0.48879548514027027,0.0,0.24439774257013513,0.48879548514027027,0.8464610927152317,0.9018010780718785
88368386000130,25195884.740000002,41,21,0.37076806624932207,0.23140987507436056,0.5343729795137966,0.9043669652856176,2.697103906806128,0.33930646956178817,0.1929803688280786,0.1393581911749615,0.14632610073370958,0.5679649098989403,0.9749213156796892
88659313000105,85084493.47,176,129,0.16441823566952507,0.01136363636363636,0.3262987045905017,0.689410389928246,6.082050424199693,0.15789025313569321,0.0036399147727272695,0.15305459930588872,0.15425033836296595,0.49501308692532664,0.9701349846062907
88892393000136,1777547.4900000002,49,38,0.2860615539716831,0.034568929612661385,0.3885772975888256,0.8599489513498173,3.495751128091085,0.2667659202952421,0.008476197980571153,0.2514926243590217,0.25828972231467096,0.5052117987368304,0.8537113513545386
89421259000110,6711366.8415,67,62,0.045402658477240385,0.017598574292715528,0.08627225476928208,0.31035123681817295,22.0251419969446,0.029753521730965637,0.0014936328876780777,0.027804084184524857,0.028259888843287558,0.6988422603825436,0.8629694144014108
89525901000100,3298535.6499999994,7,7,0.313215074196167,0.14285714285714285,0.41184337055747755,0.9424207617704541,3.1926943572763635,0.19875091989552818,0.0,0.17035793133902416,0.19875091989552818,0.6011698228935697,0.9243567464840384
89985378000103,188275.03,53,33,0.10836257521876981,0.04378782484870061,0.22140163780613925,0.5758471529655314,9.228278286863627,0.08049890569435636,0.013906194375222506,0.0645747503700692,0.06659271131913386,0.5162220615533608,0.39531793636711304
90896275000148,434375.89,63,50,0.060544976089745836,0.024439405391786337,0.1712802245999427,0.3896378779218156,16.51664703802508,0.0413724245813733,0.004530005501822793,0.0361055706979595,0.036842419079550506,0.5249056898835479,0.4597772554600545
91103093000135,14800.0,2,2,0.5934989043097152,0.5,0.7162162162162162,1.0,1.6849230769230767,0.18699780861943038,0.0,0.09349890430971519,0.18699780861943038,0.3965645695364238,0.25633194245570073
91567420000100,49850.68,3,3,0.5137393424616418,0.3333333333333333,0.6778378950898964,1.0,1.9465123990862443,0.27060901369246265,0.0,0.18040600912830845,0.27060901369246265,0.8805532197314325,0.8056703194712078
92032226000192,6371227.98,80,63,0.17182817315085777,0.020000000000000007,0.34902490335936776,0.6923854622449094,5.819767397061499,0.15847056304038773,0.004193548387096783,0.15182817315085775,0.15427701465329094,0.6710831049256301,0.9025949562945418
92220862000148,15787172.0,2,2,0.7551301191512567,0.5,0.8571625114365005,1.0,1.3242750813912303,0.5102602383025134,0.0,0.2551301191512567,0.5102602383025134,0.7821990032309205,0.990646293290804
92911684000100,7250.0,1,1,1.0,1.0,1.0,1.0,1.0,,,0.0,,0.3965645695364238,0.2359271523178808
92913581000170,28861.260000000002,4,4,0.3375678090493921,0.25,0.4365110878735024,0.9999999999999999,2.9623677767618015,0.11675707873252279,0.0,0.0875678090493921,0.11675707873252279,0.9198190996339037,0.648523272882126
92924901000198,299621.3,1,1,1.0,1.0,1.0,1.0,1.0,,,0.0,,0.3965645695364238,0.8385761589403974
93592368000177,747922.56,5,5,0.29461879930351015,0.20000000000000004,0.3708512282341102,0.9332551220276067,3.3942165346000914,0.11827349912938767,3.469446951953614e-17,0.09461879930351011,0.11827349912938764,0.3965645695364238,0.7709159700687798
93856862000100,2724470.53,21,21,0.1658836507704764,0.0476190476190476,0.2907768908772157,0.7531559058559537,6.02832162998174,0.12417783330900023,0.0,0.1182646031514288,0.12417783330900023,0.39970337735607514,0.8159050411036433
94707684000100,13009790.0,17,16,0.17684423963825732,0.06574394463667821,0.32283380438884873,0.7440396808864709,5.654693656098407,0.12196718894747448,0.003460207612456756,0.11110029500157911,0.11850698133501772,0.3992947696783913,0.9429328758960223
94707817000148,225920.0,6,5,0.7514446281719217,0.22222222222222227,0.8631373937677054,0.9840651558073654,1.3307700428077474,0.689305785214902,0.027777777777777818,0.5292224059496995,0.6615280074371243,0.8854955543074499,0.7383612613267546
94728698000100,36000.0,1,1,1.0,1.0,1.0,1.0,1.0,,,0.0,,0.9868584437086093,0.8940397350993378
95289500000100,713865.16,9,9,0.2911650198814172,0.1111111111111111,0.4947152764816257,0.8155398703026773,3.434478497476346,0.20256064736659435,0.0,0.18005390877030608,0.20256064736659435,0.45895696279273845,0.713870363439588
95778502000154,37382.84,26,24,0.27964036072626486,0.044378698224852076,0.5075858335000766,0.7099166355472192,3.5760217066050877,0.2483203764100155,0.00282994597375869,0.23526166250141278,0.24549043043625682,0.9794858911577421,0.8643097450090091
95785267000148,301176.77999999997,32,24,0.15532742966546007,0.052734375,0.25878489038896024,0.7090859062906509,6.438012926330993,0.11860253530308877,0.011548913043478264,0.10259305466546007,0.10705362225961051,0.8012348137437258,0.779613498180338
95951950000108,38800.0,3,3,0.3724658571580402,0.3333333333333333,0.4948453608247423,1.0,2.6848098443978774,0.058698785737060326,0.0,0.03913252382470689,0.058698785737060326,0.5448987260616508,0.4831451993155595
95994059000159,210416.87,11,11,0.35025900854990394,0.09090909090909091,0.47524706550382584,0.9414181952236055,2.855030065151123,0.28528490940489437,0.0,0.25934991764081305,0.28528490940489437,0.7539575352108341,0.788858036999921
96041330000102,1253152.8900000001,7,7,0.3554399249199433,0.14285714285714285,0.4820800437207625,0.9461685796375572,2.813414953948217,0.24801324573993386,0.0,0.21258278206280046,0.24801324573993386,0.39656456953642377,0.8366559767700534
96484134000102,237071.83,50,34,0.10408729673334148,0.0432,0.1874387184677319,0.581919918532708,9.607320310776,0.07693842693738213,0.01420606060606061,0.06088729673334148,0.06273236633132152,0.7547781365624474,0.5706591858835576
97526125000191,1661980.41,2,2,0.8240542436292932,0.5,0.9025259268850226,1.0,1.2135123479199716,0.6481084872585865,0.0,0.32405424362929325,0.6481084872585865,0.8026078461207266,0.9320009346983603
97536097000193,703889.24,14,14,0.31234678181690834,0.07142857142857142,0.4262034180263929,0.9594947068660974,3.2015697238276037,0.25945038041820895,0.0,0.2409182103883369,0.25945038041820895,0.6484225948743966,0.8313357903225425
97550791000165,93600.0,1,1,1.0,1.0,1.0,1.0,1.0,,,0.0,,0.3965645695364238,0.6708816225165563
97552692000112,10417.31,6,6,0.24200876144045344,0.16666666666666669,0.3829193908984181,0.8803913870279372,4.132081805831858,0.09041051372854414,3.3306690738754695e-17,0.07534209477378676,0.09041051372854411,0.9631624241549094,0.7254691135705923
